time_s,x_m,y_m,nearest_index,error_m
0.00017289099923800677,0.2441529717920293,0.6247674531305852,0,0.06317385053610823
0.0006820769995101728,0.2441529717920293,0.6247674531305852,0,0.06317385053610823
0.0017293569981120527,0.2441529717920293,0.6247674531305852,0,0.06317385053610823
0.0030828090020804666,0.2441529717920293,0.6247674531305852,0,0.06317385053610823
0.003567466999811586,0.2441529717920293,0.6247674531305852,0,0.06317385053610823
0.004748856998048723,0.2441529717920293,0.6247674531305852,0,0.06317385053610823
0.005185820999031421,0.2441529717920293,0.6247674531305852,0,0.06317385053610823
0.006232334002561402,0.2441529717920293,0.6247674531305852,0,0.06317385053610823
0.007615283000632189,0.2441529717920293,0.6247674531305852,0,0.06317385053610823
0.008823983996990137,0.2441529717920293,0.6247674531305852,0,0.06317385053610823
0.00996515600127168,0.24415297179202933,0.6247674531305852,0,0.0631738505361082
0.011060855002142489,0.24415297179202933,0.6247674531305852,0,0.0631738505361082
0.011497954998048954,0.24415297179202933,0.6247674531305852,0,0.0631738505361082
0.012507997998909559,0.24415297179202933,0.6247674531305852,0,0.0631738505361082
0.013528584000596311,0.24415297179202933,0.6247674531305852,0,0.0631738505361082
0.014574793000065256,0.24415297179202933,0.6247674531305852,0,0.0631738505361082
0.01559040299616754,0.24415297179202933,0.6247674531305852,0,0.0631738505361082
0.016593742002442013,0.2441529717920293,0.6247674531305852,0,0.06317385053610823
0.017593586999282707,0.2441529717920293,0.6247674531305852,0,0.06317385053610823
0.018582573997264262,0.2441529717920293,0.6247674531305852,0,0.06317385053610823
0.019587620998208877,0.2441529717920293,0.6247674531305852,0,0.06317385053610823
0.020657893997849897,0.2441529717920293,0.6247674531305852,0,0.06317385053610823
0.021671540001989342,0.2441529717920293,0.6247674531305852,0,0.06317385053610823
0.02209712399780983,0.2441529717920293,0.6247674531305852,0,0.06317385053610823
0.023109027002647053,0.2441529717920293,0.6247674531305852,0,0.06317385053610823
0.024141449997841846,0.2441529717920293,0.6247674531305852,0,0.06317385053610823
0.02518845599843189,0.2441529717920293,0.6247674531305852,0,0.06317385053610823
0.02621560599800432,0.2441529717920293,0.6247674531305852,0,0.06317385053610823
0.026646248996257782,0.2441529717920293,0.6247674531305852,0,0.06317385053610823
0.027693056996213272,0.2441529717920293,0.6247674531305852,0,0.06317385053610823
0.02869389799889177,0.2441529717920293,0.6247674531305852,0,0.06317385053610823
0.029748685999948066,0.2441529717920293,0.6247674531305852,0,0.06317385053610823
0.03019884500099579,0.2441529717920293,0.6247674531305852,0,0.06317385053610823
0.03129191500192974,0.2441529717920293,0.6247674531305852,0,0.06317385053610823
0.03235069099901011,0.2441529717920293,0.6247674531305852,0,0.06317385053610823
0.03337874299904797,0.2441529717920293,0.6247674531305852,0,0.06317385053610823
0.03380459800246172,0.2441529717920293,0.6247674531305852,0,0.06317385053610823
0.03494766900257673,0.2441529717920293,0.6247674531305852,0,0.06317385053610823
0.036013042998092715,0.2441529717920293,0.6247674531305852,0,0.06317385053610823
0.037022721000539605,0.2441529717920293,0.6247674531305852,0,0.06317385053610823
0.03808267100248486,0.2441529717920293,0.6247674531305852,0,0.06317385053610823
0.039118173997849226,0.2441529717920293,0.6247674531305852,0,0.06317385053610823
0.04012245099875145,0.2441529717920293,0.6247674531305852,0,0.06317385053610823
0.041131546000542585,0.2441529717920293,0.6247674531305852,0,0.06317385053610823
0.042146056999627035,0.2441529717920293,0.6247674531305852,0,0.06317385053610823
0.04315647100156639,0.2441529717920293,0.6247674531305852,0,0.06317385053610823
0.04416679299902171,0.2441529717920293,0.6247674531305852,0,0.06317385053610823
0.045162533002439886,0.2441529717920293,0.6247674531305852,0,0.06317385053610823
0.0461739669990493,0.2441529717920293,0.6247674531305852,0,0.06317385053610823
0.04720209100196371,0.2441529717920293,0.6247674531305852,0,0.06317385053610823
0.04762436400051229,0.2441529717920293,0.6247674531305852,0,0.06317385053610823
0.04861421800160315,0.2441529717920293,0.6247674531305852,0,0.06317385053610823
0.04901607600186253,0.2441529717920293,0.6247674531305852,0,0.06317385053610823
0.050059036002494395,0.2441529717920293,0.6247674531305852,0,0.06317385053610823
0.05047248600021703,0.2441529717920293,0.6247674531305852,0,0.06317385053610823
0.05154046000097878,0.2441529717920293,0.6247674531305852,0,0.06317385053610823
0.052518570999382064,0.2441529717920293,0.6247674531305852,0,0.06317385053610823
0.05353090100106783,0.2441529717920293,0.6247674531305852,0,0.06317385053610823
0.054594285000348464,0.2441529717920293,0.6247674531305852,0,0.06317385053610823
0.05568167599994922,0.2441529717920293,0.6247674531305852,0,0.06317385053610823
0.0567700129977311,0.2441529717920293,0.6247674531305852,0,0.06317385053610823
0.058334834000561386,0.2441529717920293,0.6247674531305852,0,0.06317385053610823
0.05967469699680805,0.2441529717920293,0.6247674531305852,0,0.06317385053610823
0.06015376799769001,0.2441529717920293,0.6247674531305852,0,0.06317385053610823
0.06131305899907602,0.2441529717920293,0.6247674531305852,0,0.06317385053610823
0.06177396499697352,0.2441529717920293,0.6247674531305852,0,0.06317385053610823
0.06286048000038136,0.2441529717920293,0.6247674531305852,0,0.06317385053610823
0.063288625999121,0.2441529717920293,0.6247674531305852,0,0.06317385053610823
0.06445842600078322,0.2441529717920293,0.6247674531305852,0,0.06317385053610823
0.06620274099987,0.2441529717920293,0.6247674531305852,0,0.06317385053610823
0.06746587400266435,0.2441529717920293,0.6247674531305852,0,0.06317385053610823
0.06893654500163393,0.2441529717920293,0.6247674531305852,0,0.06317385053610823
0.07015764300012961,0.2441529717920293,0.6247674531305852,0,0.06317385053610823
0.07131719699827954,0.2441529717920293,0.6247674531305852,0,0.06317385053610823
0.07180476900248323,0.2441529717920293,0.6247674531305852,0,0.06317385053610823
0.07298070399701828,0.2441529717920293,0.6247674531305852,0,0.06317385053610823
0.07348770200042054,0.2441529717920293,0.6247674531305852,0,0.06317385053610823
0.0746153250001953,0.2441529717920293,0.6247674531305852,0,0.06317385053610823
0.07567564599594334,0.2441529717920293,0.6247674531305852,0,0.06317385053610823
0.07679281099990476,0.2441529717920293,0.6247674531305852,0,0.06317385053610823
0.0778835769961006,0.2441529717920293,0.6247674531305852,0,0.06317385053610823
0.078923114000645,0.2441529717920293,0.6247674531305852,0,0.06317385053610823
0.07996060499863233,0.2441529717920293,0.6247674531305852,0,0.06317385053610823
0.08042406199820107,0.2441529717920293,0.6247674531305852,0,0.06317385053610823
0.0814859689999139,0.2441529717920293,0.6247674531305852,0,0.06317385053610823
0.08261141699767904,0.2441529717920293,0.6247674531305852,0,0.06317385053610823
0.08368102899839869,0.2441529717920293,0.6247674531305852,0,0.06317385053610823
0.08472551299928455,0.2441529717920293,0.6247674531305852,0,0.06317385053610823
0.08587401599652367,0.2441529717920293,0.6247674531305852,0,0.06317385053610823
0.08697679799661273,0.2441529717920293,0.6247674531305852,0,0.06317385053610823
0.08807198100112146,0.2441529717920293,0.6247674531305852,0,0.06317385053610823
0.0885020749992691,0.2441529717920293,0.6247674531305852,0,0.06317385053610823
0.08962611100287177,0.2441529717920293,0.6247674531305852,0,0.06317385053610823
0.09008657500089612,0.2441529717920293,0.6247674531305852,0,0.06317385053610823
0.09135368499846663,0.2441529717920293,0.6247674531305852,0,0.06317385053610823
0.09259436499996809,0.2441529717920293,0.6247674531305852,0,0.06317385053610823
0.09379397299926495,0.2441529717920293,0.6247674531305852,0,0.06317385053610823
0.09491284700197866,0.2441529717920293,0.6247674531305852,0,0.06317385053610823
0.09596982999937609,0.2441529717920293,0.6247674531305852,0,0.06317385053610823
0.09642338699632091,0.2441529717920293,0.6247674531305852,0,0.06317385053610823
0.09745824200217612,0.2441529717920293,0.6247674531305852,0,0.06317385053610823
0.09918937199836364,0.2441529717920293,0.6247674531305852,0,0.06317385053610823
0.10040714299975662,0.2441529717920293,0.6247674531305852,0,0.06317385053610823
0.10164531700138468,0.2441529717920293,0.6247674531305852,0,0.06317385053610823
0.1032122039978276,0.2441529717920293,0.6247674531305852,0,0.06317385053610823
0.10366809999686666,0.2441529717920293,0.6247674531305852,0,0.06317385053610823
0.10515801300061867,0.2441529717920293,0.6247674531305852,0,0.06317385053610823
0.10632100999646354,0.2441529717920293,0.6247674531305852,0,0.06317385053610823
0.1067584429983981,0.2441529717920293,0.6247674531305852,0,0.06317385053610823
0.10783776999596739,0.2441529717920293,0.6247674531305852,0,0.06317385053610823
0.10910576100286562,0.2441529717920293,0.6247674531305852,0,0.06317385053610823
0.11026675700122723,0.2441529717920293,0.6247674531305852,0,0.06317385053610823
0.11139554400142515,0.2441529717920293,0.6247674531305852,0,0.06317385053610823
0.11184040299849585,0.2441529717920293,0.6247674531305852,0,0.06317385053610823
0.11292664099892136,0.2441529717920293,0.6247674531305852,0,0.06317385053610823
0.11409041300066747,0.2441529717920293,0.6247674531305852,0,0.06317385053610823
0.11455767999723321,0.2441529717920293,0.6247674531305852,0,0.06317385053610823
0.11568250799609814,0.24415297179202927,0.6247674531305852,0,0.06317385053610826
0.1167933449978591,0.24415297179202927,0.6247674531305852,0,0.06317385053610826
0.11790966399712488,0.24415297179202927,0.6247674531305852,0,0.06317385053610826
0.11907982899720082,0.24415297179202927,0.6247674531305852,0,0.06317385053610826
0.11956598699907772,0.24415297179202927,0.6247674531305852,0,0.06317385053610826
0.12067999900318682,0.24415297179202927,0.6247674531305852,0,0.06317385053610826
0.12180263699701754,0.2441529717920293,0.6247674531305852,0,0.06317385053610823
0.1229061330013792,0.2441529717920293,0.6247674531305852,0,0.06317385053610823
0.12334943500172812,0.2441529717920293,0.6247674531305852,0,0.06317385053610823
0.12441828999726567,0.2441529717920293,0.6247674531305852,0,0.06317385053610823
0.12550974499754375,0.2441529717920293,0.6247674531305852,0,0.06317385053610823
0.12656500499724643,0.2441529717920293,0.6247674531305852,0,0.06317385053610823
0.12764251900080126,0.2441529717920293,0.6247674531305852,0,0.06317385053610823
0.12871404099860229,0.2441529717920293,0.6247674531305852,0,0.06317385053610823
0.12980532700021286,0.2441529717920293,0.6247674531305852,0,0.06317385053610823
0.13089365499763517,0.2441529717920293,0.6247674531305852,0,0.06317385053610823
0.13195752799947513,0.2441529717920293,0.6247674531305852,0,0.06317385053610823
0.13301440700161038,0.2441529717920293,0.6247674531305852,0,0.06317385053610823
0.13409859399689594,0.2441529717920293,0.6247674531305852,0,0.06317385053610823
0.13520585499645676,0.2441529717920293,0.6247674531305852,0,0.06317385053610823
0.13622117500199238,0.2441529717920293,0.6247674531305852,0,0.06317385053610823
0.13722765300190076,0.2441529717920293,0.6247674531305852,0,0.06317385053610823
0.137636138999369,0.2441529717920293,0.6247674531305852,0,0.06317385053610823
0.13864914899750147,0.2441529717920293,0.6247674531305852,0,0.06317385053610823
0.1390789049983141,0.2441529717920293,0.6247674531305852,0,0.06317385053610823
0.14038787000026787,0.2441529717920293,0.6247674531305852,0,0.06317385053610823
0.1407988450009725,0.2441529717920293,0.6247674531305852,0,0.06317385053610823
0.14194752399635036,0.2441529717920293,0.6247674531305852,0,0.06317385053610823
0.1423673460012651,0.2441529717920293,0.6247674531305852,0,0.06317385053610823
0.14343501500115963,0.2441529717920293,0.6247674531305852,0,0.06317385053610823
0.14431761099694995,0.2441529717920293,0.6247674531305852,0,0.06317385053610823
0.14587896000011824,0.2441529717920293,0.6247674531305852,0,0.06317385053610823
0.1469023149984423,0.2441529717920293,0.6247674531305852,0,0.06317385053610823
0.14794170499953907,0.2441529717920293,0.6247674531305852,0,0.06317385053610823
0.1489728689994081,0.2441529717920293,0.6247674531305852,0,0.06317385053610823
0.15000323700223817,0.2441529717920293,0.6247674531305852,0,0.06317385053610823
0.15042682200146373,0.2441529717920293,0.6247674531305852,0,0.06317385053610823
0.1514533739973558,0.2441529717920293,0.6247674531305852,0,0.06317385053610823
0.15250943799765082,0.2441529717920293,0.6247674531305852,0,0.06317385053610823
0.15292967399727786,0.2441529717920293,0.6247674531305852,0,0.06317385053610823
0.15395599100156687,0.2441529717920293,0.6247674531305852,0,0.06317385053610823
0.15501374100131216,0.2441529717920293,0.6247674531305852,0,0.06317385053610823
0.15606363299593795,0.2441529717920293,0.6247674531305852,0,0.06317385053610823
0.1570805660012411,0.2441529717920293,0.6247674531305852,0,0.06317385053610823
0.1575101039998117,0.2441529717920293,0.6247674531305852,0,0.06317385053610823
0.15916956000000937,0.2441529717920293,0.6247674531305852,0,0.06317385053610823
0.16028155499952845,0.2441529717920293,0.6247674531305852,0,0.06317385053610823
0.1613262820028467,0.2441529717920293,0.6247674531305852,0,0.06317385053610823
0.16237370899762027,0.2441529717920293,0.6247674531305852,0,0.06317385053610823
0.16280725399701623,0.2441529717920293,0.6247674531305852,0,0.06317385053610823
0.1638342329970328,0.2441529717920293,0.6247674531305852,0,0.06317385053610823
0.16497315999731654,0.2441791214050211,0.624743204177047,0,0.0631389990645612
0.16545418900204822,0.2441791214050211,0.624743204177047,0,0.0631389990645612
0.16656279299786547,0.2441791214050211,0.624743204177047,0,0.0631389990645612
0.16760272400279064,0.2441791214050211,0.624743204177047,0,0.0631389990645612
0.1687615620030556,0.2441791214050211,0.624743204177047,0,0.0631389990645612
0.1698265450031613,0.2441791214050211,0.624743204177047,0,0.0631389990645612
0.17082330399716739,0.2441791214050211,0.624743204177047,0,0.0631389990645612
0.1718103239982156,0.2441791214050211,0.624743204177047,0,0.0631389990645612
0.17297197700099787,0.2441791214050211,0.624743204177047,0,0.0631389990645612
0.17404605200135848,0.2441791214050211,0.624743204177047,0,0.0631389990645612
0.17446272099914495,0.2441791214050211,0.624743204177047,0,0.0631389990645612
0.17545931399945403,0.24425632682989865,0.6246716103541726,0,0.06303610713087611
0.17590897100308212,0.24425632682989865,0.6246716103541726,0,0.06303610713087611
0.177396000995941,0.24425632682989865,0.6246716103541726,0,0.06303610713087611
0.17850626799918246,0.24425632682989865,0.6246716103541726,0,0.06303610713087611
0.1795627390019945,0.24425632682989865,0.6246716103541726,0,0.06303610713087611
0.1799687129969243,0.24425632682989865,0.6246716103541726,0,0.06303610713087611
0.18116651000309503,0.24425632682989865,0.6246716103541726,0,0.06303610713087611
0.1824755119960173,0.24425632682989865,0.6246716103541726,0,0.06303610713087611
0.1836050849960884,0.24425632682989865,0.6246716103541726,0,0.06303610713087611
0.18416885699843988,0.24425632682989865,0.6246716103541726,0,0.06303610713087611
0.18575576700095553,0.24425632682989865,0.6246716103541726,0,0.06303610713087611
0.1869958140014205,0.24425632682989865,0.6246716103541726,0,0.06303610713087611
0.1882322439996642,0.24425632682989865,0.6246716103541726,0,0.06303610713087611
0.18928827499621548,0.24425632682989865,0.6246716103541726,0,0.06303610713087611
0.18987248899793485,0.24425632682989865,0.6246716103541726,0,0.06303610713087611
0.19119042300008005,0.24438216071675886,0.624554923292197,0,0.06286842527158058
0.19226375000289408,0.24438216071675886,0.624554923292197,0,0.06286842527158058
0.1932888559967978,0.24438216071675886,0.624554923292197,0,0.06286842527158058
0.19429873699846212,0.24438216071675886,0.624554923292197,0,0.06286842527158058
0.19534138499875553,0.24438216071675886,0.624554923292197,0,0.06286842527158058
0.1964178339985665,0.24438216071675886,0.624554923292197,0,0.06286842527158058
0.1968470299980254,0.24438216071675886,0.624554923292197,0,0.06286842527158058
0.19793667100020684,0.24438216071675886,0.624554923292197,0,0.06286842527158058
0.19901283599756425,0.24438216071675886,0.624554923292197,0,0.06286842527158058
0.2001551119974465,0.24438216071675886,0.624554923292197,0,0.06286842527158058
0.20079121500020847,0.24438216071675886,0.624554923292197,0,0.06286842527158058
0.2019286729992018,0.24438216071675886,0.624554923292197,0,0.06286842527158058
0.2031072640020284,0.24438216071675886,0.624554923292197,0,0.06286842527158058
0.20415337700251257,0.24438216071675886,0.624554923292197,0,0.06286842527158058
0.2052203040002496,0.24438216071675886,0.624554923292197,0,0.06286842527158058
0.20565723999607144,0.24438216071675886,0.624554923292197,0,0.06286842527158058
0.20673262199852616,0.24438216071675886,0.624554923292197,0,0.06286842527158058
0.20778455500112614,0.24455431396501834,0.6243952906070094,0,0.06263905776113181
0.20879933999822242,0.24455431396501834,0.6243952906070094,0,0.06263905776113181
0.20922261800296837,0.24455431396501834,0.6243952906070094,0,0.06263905776113181
0.2102038029988762,0.24455431396501834,0.6243952906070094,0,0.06263905776113181
0.2112085289991228,0.24455431396501834,0.6243952906070094,0,0.06263905776113181
0.21219349299644819,0.24455431396501834,0.6243952906070094,0,0.06263905776113181
0.21322024500113912,0.24455431396501834,0.6243952906070094,0,0.06263905776113181
0.21424863999709487,0.24455431396501834,0.6243952906070094,0,0.06263905776113181
0.21526159399945755,0.24455431396501834,0.6243952906070094,0,0.06263905776113181
0.2162700409971876,0.24455431396501834,0.6243952906070094,0,0.06263905776113181
0.21728932300175074,0.24455431396501834,0.6243952906070094,0,0.06263905776113181
0.21838781500264304,0.24455431396501834,0.6243952906070094,0,0.06263905776113181
0.2188263400021242,0.24455431396501834,0.6243952906070094,0,0.06263905776113181
0.2198690479999641,0.24477059233285073,0.624194763254116,0,0.062350968197818026
0.22090125199611066,0.24477059233285073,0.624194763254116,0,0.062350968197818026
0.22190099799627205,0.24477059233285073,0.624194763254116,0,0.062350968197818026
0.2229259270025068,0.24477059233285073,0.624194763254116,0,0.062350968197818026
0.22387583000090672,0.24477059233285073,0.624194763254116,0,0.062350968197818026
0.2248169379963656,0.24477059233285073,0.624194763254116,0,0.062350968197818026
0.22579069600033108,0.24477059233285073,0.624194763254116,0,0.062350968197818026
0.2268578660005005,0.24477059233285073,0.624194763254116,0,0.062350968197818026
0.22729090500070015,0.24477059233285073,0.624194763254116,0,0.062350968197818026
0.22832263499731198,0.24477059233285073,0.624194763254116,0,0.062350968197818026
0.2293094109991216,0.24477059233285073,0.624194763254116,0,0.062350968197818026
0.23030562100029783,0.24477059233285073,0.624194763254116,0,0.062350968197818026
0.2313010249999934,0.24477059233285073,0.624194763254116,0,0.062350968197818026
0.2323005930011277,0.24477059233285073,0.624194763254116,0,0.062350968197818026
0.23271471799671417,0.24477059233285073,0.624194763254116,0,0.062350968197818026
0.23370172899740282,0.24477059233285073,0.624194763254116,0,0.062350968197818026
0.23471612299908884,0.24502891256933948,0.6239553018467185,0,0.06200698517490711
0.23572097699798178,0.24502891256933948,0.6239553018467185,0,0.06200698517490711
0.2367497649975121,0.24502891256933948,0.6239553018467185,0,0.06200698517490711
0.2371815360020264,0.24502891256933948,0.6239553018467185,0,0.06200698517490711
0.23828272199898493,0.24502891256933948,0.6239553018467185,0,0.06200698517490711
0.23937286799628055,0.24502891256933948,0.6239553018467185,0,0.06200698517490711
0.24048768899956485,0.24502891256933948,0.6239553018467185,0,0.06200698517490711
0.2415499019989511,0.24502891256933948,0.6239553018467185,0,0.06200698517490711
0.2419804529999965,0.24502891256933948,0.6239553018467185,0,0.06200698517490711
0.24300839799980167,0.24502891256933948,0.6239553018467185,0,0.06200698517490711
0.2440225019963691,0.24502891256933948,0.6239553018467185,0,0.06200698517490711
0.24445061299775261,0.24502891256933948,0.6239553018467185,0,0.06200698517490711
0.24544595099723665,0.24502891256933948,0.6239553018467185,0,0.06200698517490711
0.24652083899854915,0.24502891256933948,0.6239553018467185,0,0.06200698517490711
0.2469540349993622,0.24502891256933948,0.6239553018467185,0,0.06200698517490711
0.2480267040009494,0.24532729476257162,0.6236787783958223,0,0.06160980906631425
0.2491215789996204,0.24532729476257162,0.6236787783958223,0,0.06160980906631425
0.25015254999743775,0.24532729476257162,0.6236787783958223,0,0.06160980906631425
0.25119989099766826,0.24532729476257162,0.6236787783958223,0,0.06160980906631425
0.2516237879972323,0.24532729476257162,0.6236787783958223,0,0.06160980906631425
0.25269675200252095,0.24532729476257162,0.6236787783958223,0,0.06160980906631425
0.25382405600248603,0.24532729476257162,0.6236787783958223,0,0.06160980906631425
0.2549307239969494,0.24532729476257162,0.6236787783958223,0,0.06160980906631425
0.255994366001687,0.24532729476257162,0.6236787783958223,0,0.06160980906631425
0.25704992200189736,0.24532729476257162,0.6236787783958223,0,0.06160980906631425
0.2580927789967973,0.24532729476257162,0.6236787783958223,0,0.06160980906631425
0.2591340239960118,0.24566384682733836,0.6233669690903184,0,0.06116202127490225
0.2601505249986076,0.24566384682733836,0.6233669690903184,0,0.06116202127490225
0.26055091399757657,0.24566384682733836,0.6233669690903184,0,0.06116202127490225
0.26155694499902893,0.24566384682733836,0.6233669690903184,0,0.06116202127490225
0.26198802499857266,0.24566384682733836,0.6233669690903184,0,0.06116202127490225
0.2630205679961364,0.24566384682733836,0.6233669690903184,0,0.06116202127490225
0.2640705629964941,0.24566384682733836,0.6233669690903184,0,0.06116202127490225
0.26511515700258315,0.24566384682733836,0.6233669690903184,0,0.06116202127490225
0.26617019600234926,0.24566384682733836,0.6233669690903184,0,0.06116202127490225
0.2671366249996936,0.24566384682733836,0.6233669690903184,0,0.06116202127490225
0.2681755610028631,0.24566384682733836,0.6233669690903184,0,0.06116202127490225
0.2686254500003997,0.24566384682733836,0.6233669690903184,0,0.06116202127490225
0.2696647260017926,0.24566384682733836,0.6233669690903184,0,0.06116202127490225
0.2700715899991337,0.24566384682733836,0.6233669690903184,0,0.06116202127490225
0.27102680599637097,0.24603677645980834,0.6230215762621201,0,0.06066608464121296
0.27198887299891794,0.24603677645980834,0.6230215762621201,0,0.06066608464121296
0.27296937399660237,0.24603677645980834,0.6230215762621201,0,0.06066608464121296
0.2739954229982686,0.24603677645980834,0.6230215762621201,0,0.06066608464121296
0.27501590800238773,0.24603677645980834,0.6230215762621201,0,0.06066608464121296
0.2754212709987769,0.24603677645980834,0.6230215762621201,0,0.06066608464121296
0.2764395920021343,0.24603677645980834,0.6230215762621201,0,0.06066608464121296
0.2774758070008829,0.24603677645980834,0.6230215762621201,0,0.06066608464121296
0.2784786720003467,0.24603677645980834,0.6230215762621201,0,0.06066608464121296
0.2794552499981364,0.24603677645980834,0.6230215762621201,0,0.06066608464121296
0.2804404170019552,0.24603677645980834,0.6230215762621201,0,0.06066608464121296
0.28144819400040433,0.24603677645980834,0.6230215762621201,0,0.06066608464121296
0.2824598630031687,0.24603677645980834,0.6230215762621201,0,0.06066608464121296
0.2834874719992513,0.24603677645980834,0.6230215762621201,0,0.06066608464121296
0.28390460799710127,0.24603677645980834,0.6230215762621201,0,0.06066608464121296
0.2849111899995478,0.24603677645980834,0.6230215762621201,0,0.06066608464121296
0.28595159399992554,0.24603677645980834,0.6230215762621201,0,0.06066608464121296
0.2870102110027801,0.24645099883414187,0.6226380735980734,0,0.060115544334867994
0.28815573299652897,0.24645099883414187,0.6226380735980734,0,0.060115544334867994
0.28860723900288576,0.24645099883414187,0.6226380735980734,0,0.060115544334867994
0.2896700929995859,0.24645099883414187,0.6226380735980734,0,0.060115544334867994
0.2906860930015682,0.24645099883414187,0.6226380735980734,0,0.060115544334867994
0.29165875099715777,0.24645099883414187,0.6226380735980734,0,0.060115544334867994
0.2927027870027814,0.24691121436459076,0.622212170501365,0,0.0595042719031692
0.29319125400070334,0.24691121436459076,0.622212170501365,0,0.0595042719031692
0.2942625470022904,0.24691121436459076,0.622212170501365,0,0.0595042719031692
0.29529678900144063,0.24691121436459076,0.622212170501365,0,0.0595042719031692
0.2963237459989614,0.24691121436459076,0.622212170501365,0,0.0595042719031692
0.29738838400226086,0.24691121436459076,0.622212170501365,0,0.0595042719031692
0.298435630997119,0.24691121436459076,0.622212170501365,0,0.0595042719031692
0.29945844799658516,0.24691121436459076,0.622212170501365,0,0.0595042719031692
0.3004700719975517,0.24691121436459076,0.622212170501365,0,0.0595042719031692
0.3014667829993414,0.24691121436459076,0.622212170501365,0,0.0595042719031692
0.30253415199695155,0.24691121436459076,0.622212170501365,0,0.0595042719031692
0.303673811002227,0.24741525771368653,0.6217459065338705,0,0.05883526571764675
0.30411613800242776,0.24741525771368653,0.6217459065338705,0,0.05883526571764675
0.30515021400060505,0.24741525771368653,0.6217459065338705,0,0.05883526571764675
0.3055563079979038,0.24741525771368653,0.6217459065338705,0,0.05883526571764675
0.3065782049961854,0.24741525771368653,0.6217459065338705,0,0.05883526571764675
0.30766143900109455,0.24741525771368653,0.6217459065338705,0,0.05883526571764675
0.3087863600012497,0.24741525771368653,0.6217459065338705,0,0.05883526571764675
0.30980251399887493,0.24741525771368653,0.6217459065338705,0,0.05883526571764675
0.3108364040017477,0.24741525771368653,0.6217459065338705,0,0.05883526571764675
0.31194055100058904,0.24741525771368653,0.6217459065338705,0,0.05883526571764675
0.31300316999841016,0.24741525771368653,0.6217459065338705,0,0.05883526571764675
0.3137696900012088,0.24741525771368653,0.6217459065338705,0,0.05883526571764675
0.31501363000279525,0.24741525771368653,0.6217459065338705,0,0.05883526571764675
0.3161458570029936,0.24796109986850287,0.6212412603761558,0,0.05811138433998491
0.31657073099631816,0.24796109986850287,0.6212412603761558,0,0.05811138433998491
0.3180561889967066,0.24796109986850287,0.6212412603761558,0,0.05811138433998491
0.3191237930004718,0.24796109986850287,0.6212412603761558,0,0.05811138433998491
0.32013695599744096,0.24796109986850287,0.6212412603761558,0,0.05811138433998491
0.3213458530008211,0.24796109986850287,0.6212412603761558,0,0.05811138433998491
0.32249253599729855,0.248546833453218,0.6207001439257044,0,0.05733535607869702
0.3235395770025207,0.248546833453218,0.6207001439257044,0,0.05733535607869702
0.3240073089982616,0.248546833453218,0.6207001439257044,0,0.05733535607869702
0.3251052179984981,0.248546833453218,0.6207001439257044,0,0.05733535607869702
0.3261818190003396,0.248546833453218,0.6207001439257044,0,0.05733535607869702
0.3266243929974735,0.248546833453218,0.6207001439257044,0,0.05733535607869702
0.3276656660018489,0.248546833453218,0.6207001439257044,0,0.05733535607869702
0.3287364010029705,0.248546833453218,0.6207001439257044,0,0.05733535607869702
0.3297398249997059,0.248546833453218,0.6207001439257044,0,0.05733535607869702
0.3301476429987815,0.248546833453218,0.6207001439257044,0,0.05733535607869702
0.3311578639986692,0.248546833453218,0.6207001439257044,0,0.05733535607869702
0.3321884030010551,0.248546833453218,0.6207001439257044,0,0.05733535607869702
0.3332788889965741,0.248546833453218,0.6207001439257044,0,0.05733535607869702
0.33439284499763744,0.2491706598963395,0.6201243979379484,0,0.056509787975303497
0.3348792559991125,0.2491706598963395,0.6201243979379484,0,0.056509787975303497
0.3360234060019138,0.2491706598963395,0.6201243979379484,0,0.056509787975303497
0.33710605899977963,0.2491706598963395,0.6201243979379484,0,0.056509787975303497
0.3381195760011906,0.2491706598963395,0.6201243979379484,0,0.056509787975303497
0.338526860003185,0.2491706598963395,0.6201243979379484,0,0.056509787975303497
0.3395390489968122,0.2491706598963395,0.6201243979379484,0,0.056509787975303497
0.34061863100214396,0.2491706598963395,0.6201243979379484,0,0.056509787975303497
0.3410254780028481,0.2491706598963395,0.6201243979379484,0,0.056509787975303497
0.34212526599731063,0.2491706598963395,0.6201243979379484,0,0.056509787975303497
0.34314930199616356,0.2491706598963395,0.6201243979379484,0,0.056509787975303497
0.34413551099714823,0.2491706598963395,0.6201243979379484,0,0.056509787975303497
0.3451390859991079,0.2491706598963395,0.6201243979379484,0,0.056509787975303497
0.3461682179986383,0.24983088517610516,0.6195157965130157,0,0.0556371718844871
0.3474868589983089,0.24983088517610516,0.6195157965130157,0,0.0556371718844871
0.34865305299899774,0.24983088517610516,0.6195157965130157,0,0.0556371718844871
0.3496666900027776,0.24983088517610516,0.6195157965130157,0,0.0556371718844871
0.35063325599912787,0.24983088517610516,0.6195157965130157,0,0.0556371718844871
0.351958999002818,0.24983088517610516,0.6195157965130157,0,0.0556371718844871
0.352601913997205,0.24983088517610516,0.6195157965130157,0,0.0556371718844871
0.35375707899947884,0.24983088517610516,0.6195157965130157,0,0.0556371718844871
0.35482334699918283,0.24983088517610516,0.6195157965130157,0,0.0556371718844871
0.3559909800023888,0.24983088517610516,0.6195157965130157,0,0.0556371718844871
0.3570732919979491,0.24983088517610516,0.6195157965130157,0,0.0556371718844871
0.35814836099598324,0.2505258945630984,0.6188760283576321,0,0.054719897934104325
0.3585792469966691,0.2505258945630984,0.6188760283576321,0,0.054719897934104325
0.3595895600010408,0.2505258945630984,0.6188760283576321,0,0.054719897934104325
0.3606002680025995,0.2505258945630984,0.6188760283576321,0,0.054719897934104325
0.361573012000008,0.2505258945630984,0.6188760283576321,0,0.054719897934104325
0.36257920900243334,0.2505258945630984,0.6188760283576321,0,0.054719897934104325
0.36358790200029034,0.2505258945630984,0.6188760283576321,0,0.054719897934104325
0.3646556960011367,0.2505258945630984,0.6188760283576321,0,0.054719897934104325
0.3656658969994169,0.2505258945630984,0.6188760283576321,0,0.054719897934104325
0.3660999889980303,0.2505258945630984,0.6188760283576321,0,0.054719897934104325
0.36713232599868206,0.2505258945630984,0.6188760283576321,0,0.054719897934104325
0.36758357399958186,0.2505258945630984,0.6188760283576321,0,0.054719897934104325
0.36876536199997645,0.2505258945630984,0.6188760283576321,0,0.054719897934104325
0.37010190000000875,0.2505258945630984,0.6188760283576321,0,0.054719897934104325
0.37056179199862527,0.2505258945630984,0.6188760283576321,0,0.054719897934104325
0.3718078960009734,0.2505258945630984,0.6188760283576321,0,0.054719897934104325
0.3731782070026384,0.2505258945630984,0.6188760283576321,0,0.054719897934104325
0.3742384220022359,0.2512540980523742,0.6182066456203336,0,0.05376027923175044
0.37463360199762974,0.2512540980523742,0.6182066456203336,0,0.05376027923175044
0.3756573139980901,0.2512540980523742,0.6182066456203336,0,0.05376027923175044
0.3766855369976838,0.2512540980523742,0.6182066456203336,0,0.05376027923175044
0.3777531980013009,0.25201402541208395,0.617509174898568,0,0.05276052355230939
0.3781959719999577,0.25201402541208395,0.617509174898568,0,0.05276052355230939
0.3792337429986219,0.25201402541208395,0.617509174898568,0,0.05276052355230939
0.3803060669961269,0.25201402541208395,0.617509174898568,0,0.05276052355230939
0.38073770300252363,0.25201402541208395,0.617509174898568,0,0.05276052355230939
0.38176986599864904,0.25201402541208395,0.617509174898568,0,0.05276052355230939
0.3828940379971755,0.25201402541208395,0.617509174898568,0,0.05276052355230939
0.38395491799747106,0.25201402541208395,0.617509174898568,0,0.05276052355230939
0.38500888500129804,0.25201402541208395,0.617509174898568,0,0.05276052355230939
0.38622196100186557,0.2528137297025813,0.6167763245560687,0,0.05171031067055928
0.38774278100027004,0.2528137297025813,0.6167763245560687,0,0.05171031067055928
0.3887759490025928,0.2528137297025813,0.6167763245560687,0,0.05171031067055928
0.38978565899742534,0.2528137297025813,0.6167763245560687,0,0.05171031067055928
0.39079048600251554,0.2528137297025813,0.6167763245560687,0,0.05171031067055928
0.3912135170030524,0.2528137297025813,0.6167763245560687,0,0.05171031067055928
0.392238398999325,0.25366096194534726,0.6160012382099002,0,0.050599879162040555
0.39265837499988265,0.25366096194534726,0.6160012382099002,0,0.050599879162040555
0.3936836700013373,0.25366096194534726,0.6160012382099002,0,0.050599879162040555
0.3941065070030163,0.25366096194534726,0.6160012382099002,0,0.050599879162040555
0.39511274699907517,0.25366096194534726,0.6160012382099002,0,0.050599879162040555
0.39611237200006144,0.25366096194534726,0.6160012382099002,0,0.050599879162040555
0.3972086069989018,0.25366096194534726,0.6160012382099002,0,0.050599879162040555
0.39827990400226554,0.254553567454221,0.6151860404507078,0,0.04943248856548471
0.3987079989965423,0.254553567454221,0.6151860404507078,0,0.04943248856548471
0.4001242500016815,0.254553567454221,0.6151860404507078,0,0.04943248856548471
0.4011809229996288,0.254553567454221,0.6151860404507078,0,0.04943248856548471
0.40261554100288777,0.254553567454221,0.6151860404507078,0,0.04943248856548471
0.4042572760008625,0.254553567454221,0.6151860404507078,0,0.04943248856548471
0.4054000640026061,0.254553567454221,0.6151860404507078,0,0.04943248856548471
0.40583746600168524,0.254553567454221,0.6151860404507078,0,0.04943248856548471
0.4068497819971526,0.254553567454221,0.6151860404507078,0,0.04943248856548471
0.4078652109965333,0.254553567454221,0.6151860404507078,0,0.04943248856548471
0.4093372189963702,0.254553567454221,0.6151860404507078,0,0.04943248856548471
0.41037975800281856,0.25548959795979853,0.6143328691916954,0,0.04821125878794497
0.4107897150024655,0.25548959795979853,0.6143328691916954,0,0.04821125878794497
0.41178154299996095,0.25548959795979853,0.6143328691916954,0,0.04821125878794497
0.41278156600310467,0.25548959795979853,0.6143328691916954,0,0.04821125878794497
0.4132133379971492,0.25548959795979853,0.6143328691916954,0,0.04821125878794497
0.4142387449974194,0.25548959795979853,0.6143328691916954,0,0.04821125878794497
0.4153094319990487,0.25548959795979853,0.6143328691916954,0,0.04821125878794497
0.41635534499800997,0.25548959795979853,0.6143328691916954,0,0.04821125878794497
0.4174387230013963,0.25548959795979853,0.6143328691916954,0,0.04821125878794497
0.4184998420023476,0.25646726017229804,0.6134438301780356,0,0.04693919772835015
0.418934358000115,0.25646726017229804,0.6134438301780356,0,0.04693919772835015
0.4200947869976517,0.25646726017229804,0.6134438301780356,0,0.04693919772835015
0.42120018300192896,0.25646726017229804,0.6134438301780356,0,0.04693919772835015
0.4223278310018941,0.25646726017229804,0.6134438301780356,0,0.04693919772835015
0.42277040400222177,0.25646726017229804,0.6134438301780356,0,0.04693919772835015
0.4238009319960838,0.25646726017229804,0.6134438301780356,0,0.04693919772835015
0.42483646999608027,0.2574848810110846,0.6125209690793829,0,0.04561922504065414
0.42528179199871374,0.2574848810110846,0.6125209690793829,0,0.04561922504065414
0.426307588997588,0.2574848810110846,0.6125209690793829,0,0.04561922504065414
0.42733450699597597,0.2574848810110846,0.6125209690793829,0,0.04561922504065414
0.4283518099982757,0.2574848810110846,0.6125209690793829,0,0.04561922504065414
0.4295105519995559,0.2574848810110846,0.6125209690793829,0,0.04561922504065414
0.4306340800030739,0.2574848810110846,0.6125209690793829,0,0.04561922504065414
0.4310669069964206,0.2574848810110846,0.6125209690793829,0,0.04561922504065414
0.43207610699755605,0.2574848810110846,0.6125209690793829,0,0.04561922504065414
0.4335347529995488,0.2574848810110846,0.6125209690793829,0,0.04561922504065414
0.43469436899613356,0.2574848810110846,0.6125209690793829,0,0.04561922504065414
0.43588576200272655,0.2574848810110846,0.6125209690793829,0,0.04561922504065414
0.436941048996232,0.25854085263168225,0.6115662204145339,0,0.044254207592059155
0.43802000700088684,0.25854085263168225,0.6115662204145339,0,0.044254207592059155
0.4399648429971421,0.25854085263168225,0.6115662204145339,0,0.044254207592059155
0.44099375099904137,0.25854085263168225,0.6115662204145339,0,0.044254207592059155
0.4420142939998186,0.25854085263168225,0.6115662204145339,0,0.044254207592059155
0.44309681199956685,0.25854085263168225,0.6115662204145339,0,0.044254207592059155
0.4440953660014202,0.25854085263168225,0.6115662204145339,0,0.044254207592059155
0.44460516900289804,0.25854085263168225,0.6115662204145339,0,0.044254207592059155
0.445607415997074,0.25854085263168225,0.6115662204145339,0,0.044254207592059155
0.44661903400265146,0.25854085263168225,0.6115662204145339,0,0.044254207592059155
0.4478551319989492,0.25854085263168225,0.6115662204145339,0,0.044254207592059155
0.44917398400139064,0.25963351309361293,0.6105812839083832,0,0.042847029062869475
0.44959109999763314,0.25963351309361293,0.6105812839083832,0,0.042847029062869475
0.4506041519998689,0.25963351309361293,0.6105812839083832,0,0.042847029062869475
0.4517890069982968,0.25963351309361293,0.6105812839083832,0,0.042847029062869475
0.4531542990007438,0.25963351309361293,0.6105812839083832,0,0.042847029062869475
0.4542802540017874,0.25963351309361293,0.6105812839083832,0,0.042847029062869475
0.455323201000283,0.25963351309361293,0.6105812839083832,0,0.042847029062869475
0.45644129799620714,0.25963351309361293,0.6105812839083832,0,0.042847029062869475
0.47188972299773013,0.25963351309361293,0.6105812839083832,0,0.042847029062869475
0.47325877399998717,0.26076138069224,0.6095678918075385,0,0.04140051115068661
0.4737043659988558,0.26076138069224,0.6095678918075385,0,0.04140051115068661
0.4747325999996974,0.26076138069224,0.6095678918075385,0,0.04140051115068661
0.4751798009965569,0.26076138069224,0.6095678918075385,0,0.04140051115068661
0.47619644399674144,0.261922939794086,0.6085275792333916,0,0.039917530846481024
0.476599889996578,0.261922939794086,0.6085275792333916,0,0.039917530846481024
0.4776338340016082,0.261922939794086,0.6085275792333916,0,0.039917530846481024
0.4780181669993908,0.261922939794086,0.6085275792333916,0,0.039917530846481024
0.4789790709983208,0.261922939794086,0.6085275792333916,0,0.039917530846481024
0.47936825700162444,0.261922939794086,0.6085275792333916,0,0.039917530846481024
0.48036239099747036,0.261922939794086,0.6085275792333916,0,0.039917530846481024
0.4814483570007724,0.261922939794086,0.6085275792333916,0,0.039917530846481024
0.48245757399854483,0.261922939794086,0.6085275792333916,0,0.039917530846481024
0.4828651860007085,0.261922939794086,0.6085275792333916,0,0.039917530846481024
0.48387759299657773,0.261922939794086,0.6085275792333916,0,0.039917530846481024
0.4848765729984734,0.261922939794086,0.6085275792333916,0,0.039917530846481024
0.48585931900015566,0.261922939794086,0.6085275792333916,0,0.039917530846481024
0.4868326049981988,0.261922939794086,0.6085275792333916,0,0.039917530846481024
0.4878268870015745,0.261922939794086,0.6085275792333916,0,0.039917530846481024
0.48879232299805153,0.261922939794086,0.6085275792333916,0,0.039917530846481024
0.48976474099617917,0.261922939794086,0.6085275792333916,0,0.039917530846481024
0.4907370040018577,0.261922939794086,0.6085275792333916,0,0.039917530846481024
0.49169369300216204,0.2631261961430753,0.6074536163167642,0,0.03838912355527095
0.49263879699719837,0.2631261961430753,0.6074536163167642,0,0.03838912355527095
0.4936152160007623,0.2631261961430753,0.6074536163167642,0,0.03838912355527095
0.49460891199851176,0.2631261961430753,0.6074536163167642,0,0.03838912355527095
0.49501948399847606,0.2631261961430753,0.6074536163167642,0,0.03838912355527095
0.4960243730020011,0.2631261961430753,0.6074536163167642,0,0.03838912355527095
0.4970143190003,0.2631261961430753,0.6074536163167642,0,0.03838912355527095
0.4980459720027284,0.2631261961430753,0.6074536163167642,0,0.03838912355527095
0.49924751900107367,0.2631261961430753,0.6074536163167642,0,0.03838912355527095
0.49969788399903337,0.2631261961430753,0.6074536163167642,0,0.03838912355527095
0.5008328780022566,0.2631261961430753,0.6074536163167642,0,0.03838912355527095
0.5019455950023257,0.2631261961430753,0.6074536163167642,0,0.03838912355527095
0.5024076199988485,0.2631261961430753,0.6074536163167642,0,0.03838912355527095
0.503441553999437,0.2631261961430753,0.6074536163167642,0,0.03838912355527095
0.5045185920025688,0.26437871401443724,0.6063395268209504,0,0.03680723049340103
0.5056080110007315,0.26437871401443724,0.6063395268209504,0,0.03680723049340103
0.5066405899997335,0.26437871401443724,0.6063395268209504,0,0.03680723049340103
0.5070654849987477,0.26437871401443724,0.6063395268209504,0,0.03680723049340103
0.5080196790004265,0.26437871401443724,0.6063395268209504,0,0.03680723049340103
0.5090142469998682,0.26437871401443724,0.6063395268209504,0,0.03680723049340103
0.5100133739979356,0.26437871401443724,0.6063395268209504,0,0.03680723049340103
0.5110285749979084,0.26437871401443724,0.6063395268209504,0,0.03680723049340103
0.5120701729974826,0.26437871401443724,0.6063395268209504,0,0.03680723049340103
0.513072446003207,0.26437871401443724,0.6063395268209504,0,0.03680723049340103
0.5140757039989694,0.26437871401443724,0.6063395268209504,0,0.03680723049340103
0.515087877996848,0.26567859485010414,0.6051877259173656,0,0.03517634743582039
0.516107456998725,0.26567859485010414,0.6051877259173656,0,0.03517634743582039
0.5171243700024206,0.26567859485010414,0.6051877259173656,0,0.03517634743582039
0.5181751929994789,0.26567859485010414,0.6051877259173656,0,0.03517634743582039
0.5192499089971534,0.26567859485010414,0.6051877259173656,0,0.03517634743582039
0.5202535599964904,0.26567859485010414,0.6051877259173656,0,0.03517634743582039
0.5212756239998271,0.26567859485010414,0.6051877259173656,0,0.03517634743582039
0.5225961809992441,0.26567859485010414,0.6051877259173656,0,0.03517634743582039
0.5239401979997638,0.26567859485010414,0.6051877259173656,0,0.03517634743582039
0.5243873150029685,0.26567859485010414,0.6051877259173656,0,0.03517634743582039
0.5254123569975491,0.26567859485010414,0.6051877259173656,0,0.03517634743582039
0.5258172629983164,0.26567859485010414,0.6051877259173656,0,0.03517634743582039
0.5268522609985666,0.26702414248627815,0.6040006449104321,0,0.0335011445947176
0.5274288939981489,0.26702414248627815,0.6040006449104321,0,0.0335011445947176
0.5286687650004751,0.26702414248627815,0.6040006449104321,0,0.0335011445947176
0.5297421849973034,0.26702414248627815,0.6040006449104321,0,0.0335011445947176
0.5301593850017525,0.26702414248627815,0.6040006449104321,0,0.0335011445947176
0.5312143679984729,0.26702414248627815,0.6040006449104321,0,0.0335011445947176
0.5322217639986775,0.26702414248627815,0.6040006449104321,0,0.0335011445947176
0.5336271179985488,0.26702414248627815,0.6040006449104321,0,0.0335011445947176
0.5347077789992909,0.26702414248627815,0.6040006449104321,0,0.0335011445947176
0.5361528829962481,0.26702414248627815,0.6040006449104321,0,0.0335011445947176
0.5373154720000457,0.26702414248627815,0.6040006449104321,0,0.0335011445947176
0.538356796001608,0.26702414248627815,0.6040006449104321,0,0.0335011445947176
0.5393975859988132,0.26702414248627815,0.6040006449104321,0,0.0335011445947176
0.5398195439993287,0.26702414248627815,0.6040006449104321,0,0.0335011445947176
0.5408248390012886,0.26702414248627815,0.6040006449104321,0,0.0335011445947176
0.5418085929995868,0.26702414248627815,0.6040006449104321,0,0.0335011445947176
0.5427848399995128,0.26702414248627815,0.6040006449104321,0,0.0335011445947176
0.5438201159995515,0.26702414248627815,0.6040006449104321,0,0.0335011445947176
0.544266881996009,0.26702414248627815,0.6040006449104321,0,0.0335011445947176
0.5453471209984855,0.2684137085393842,0.6027805678634548,0,0.03178665966602274
0.5463829950022046,0.2684137085393842,0.6027805678634548,0,0.03178665966602274
0.546795602000202,0.2684137085393842,0.6027805678634548,0,0.03178665966602274
0.5478550440020626,0.2684137085393842,0.6027805678634548,0,0.03178665966602274
0.5489165330000105,0.2684137085393842,0.6027805678634548,0,0.03178665966602274
0.5499650260026101,0.2684137085393842,0.6027805678634548,0,0.03178665966602274
0.5509829349975917,0.2684137085393842,0.6027805678634548,0,0.03178665966602274
0.552073571998335,0.2684137085393842,0.6027805678634548,0,0.03178665966602274
0.5531487120024394,0.2684137085393842,0.6027805678634548,0,0.03178665966602274
0.5535753309959546,0.2684137085393842,0.6027805678634548,0,0.03178665966602274
0.5546125789987855,0.2684137085393842,0.6027805678634548,0,0.03178665966602274
0.5550523499987321,0.2684137085393842,0.6027805678634548,0,0.03178665966602274
0.5562174540027627,0.2698454905403277,0.601529410044899,0,0.030038586214742438
0.5572997549970751,0.2698454905403277,0.601529410044899,0,0.030038586214742438
0.558344158998807,0.2698454905403277,0.601529410044899,0,0.030038586214742438
0.5593371459981427,0.2713179452440512,0.6002491972533778,0,0.028263269436081997
0.5597501730007934,0.2713179452440512,0.6002491972533778,0,0.028263269436081997
0.56075508199865,0.2713179452440512,0.6002491972533778,0,0.028263269436081997
0.5620169199974043,0.2713179452440512,0.6002491972533778,0,0.028263269436081997
0.5630766440008301,0.2728294218731535,0.5989416548978682,0,0.026468248028685356
0.5636121990028187,0.2728294218731535,0.5989416548978682,0,0.026468248028685356
0.5646485809993464,0.2728294218731535,0.5989416548978682,0,0.026468248028685356
0.5656846319980104,0.2728294218731535,0.5989416548978682,0,0.026468248028685356
0.5667231959960191,0.2728294218731535,0.5989416548978682,0,0.026468248028685356
0.5679679820023011,0.2728294218731535,0.5989416548978682,0,0.026468248028685356
0.5695328250003513,0.2728294218731535,0.5989416548978682,0,0.026468248028685356
0.571044445001462,0.2728294218731535,0.5989416548978682,0,0.026468248028685356
0.5722232690022793,0.27437853822744385,0.597608649199669,0,0.02466247424209049
0.5726224839963834,0.27437853822744385,0.597608649199669,0,0.02466247424209049
0.5743952129996615,0.27437853822744385,0.597608649199669,0,0.02466247424209049
0.5755820260019391,0.27437853822744385,0.597608649199669,0,0.02466247424209049
0.5759881069971016,0.27437853822744385,0.597608649199669,0,0.02466247424209049
0.5770068490019185,0.27437853822744385,0.597608649199669,0,0.02466247424209049
0.5781309279991547,0.27437853822744385,0.597608649199669,0,0.02466247424209049
0.5791418480002903,0.27437853822744385,0.597608649199669,0,0.02466247424209049
0.5801664749960764,0.27596377883010204,0.5962517306314825,0,0.022857253520233812
0.5805795549968025,0.27596377883010204,0.5962517306314825,0,0.022857253520233812
0.5816206649978994,0.27596377883010204,0.5962517306314825,0,0.022857253520233812
0.5827011500005028,0.27596377883010204,0.5962517306314825,0,0.022857253520233812
0.5831333699970855,0.27596377883010204,0.5962517306314825,0,0.022857253520233812
0.5842185899964534,0.27596377883010204,0.5962517306314825,0,0.022857253520233812
0.5852951220003888,0.27596377883010204,0.5962517306314825,0,0.022857253520233812
0.5864083880005637,0.27596377883010204,0.5962517306314825,0,0.022857253520233812
0.586875515000429,0.27596377883010204,0.5962517306314825,0,0.022857253520233812
0.5879815809967113,0.2775916643887718,0.5948660335505871,0,0.021058503195899164
0.5890708520018961,0.2775916643887718,0.5948660335505871,0,0.021058503195899164
0.5900864560026093,0.2775916643887718,0.5948660335505871,0,0.021058503195899164
0.5910892079991754,0.2775916643887718,0.5948660335505871,0,0.021058503195899164
0.5921238899973105,0.2775916643887718,0.5948660335505871,0,0.021058503195899164
0.5933520530015812,0.2775916643887718,0.5948660335505871,0,0.021058503195899164
0.5939288689987734,0.2775916643887718,0.5948660335505871,0,0.021058503195899164
0.5949763679964235,0.2775916643887718,0.5948660335505871,0,0.021058503195899164
0.5960041389989783,0.2775916643887718,0.5948660335505871,0,0.021058503195899164
0.5969977560016559,0.2775916643887718,0.5948660335505871,0,0.021058503195899164
0.5980633329963894,0.2775916643887718,0.5948660335505871,0,0.021058503195899164
0.5985948009983986,0.2775916643887718,0.5948660335505871,0,0.021058503195899164
0.5997159990001819,0.2775916643887718,0.5948660335505871,0,0.021058503195899164
0.6010068739997223,0.2775916643887718,0.5948660335505871,0,0.021058503195899164
0.6021701080026105,0.2792682611543085,0.5934467589675356,0,0.019278775956601577
0.6046846239987644,0.2792682611543085,0.5934467589675356,0,0.019278775956601577
0.6058898720002617,0.2792682611543085,0.5934467589675356,0,0.019278775956601577
0.6070070549976663,0.2792682611543085,0.5934467589675356,0,0.019278775956601577
0.6084262849981315,0.2792682611543085,0.5934467589675356,0,0.019278775956601577
0.6096318569980212,0.2792682611543085,0.5934467589675356,0,0.019278775956601577
0.610741202995996,0.2792682611543085,0.5934467589675356,0,0.019278775956601577
0.6111879210002371,0.2792682611543085,0.5934467589675356,0,0.019278775956601577
0.6123440739975194,0.2792682611543085,0.5934467589675356,0,0.019278775956601577
0.6133964789987658,0.2792682611543085,0.5934467589675356,0,0.019278775956601577
0.6145087269978831,0.2792682611543085,0.5934467589675356,0,0.019278775956601577
0.6149620049982332,0.2792682611543085,0.5934467589675356,0,0.019278775956601577
0.6166851699963445,0.28099185135915616,0.5919962367946373,0,0.017547629794977836
0.6179373859995394,0.28099185135915616,0.5919962367946373,0,0.017547629794977836
0.6190439560014056,0.28099185135915616,0.5919962367946373,0,0.017547629794977836
0.620270706996962,0.28099185135915616,0.5919962367946373,0,0.017547629794977836
0.6207108949965914,0.28099185135915616,0.5919962367946373,0,0.017547629794977836
0.6217654909996781,0.28099185135915616,0.5919962367946373,0,0.017547629794977836
0.622785710998869,0.28099185135915616,0.5919962367946373,0,0.017547629794977836
0.6231979459989816,0.28099185135915616,0.5919962367946373,0,0.017547629794977836
0.6242265019973274,0.28099185135915616,0.5919962367946373,0,0.017547629794977836
0.625307217000227,0.28276043251649485,0.5905162558816348,0,0.015906554627161475
0.6257524550019298,0.28276043251649485,0.5905162558816348,0,0.015906554627161475
0.6268143560009776,0.28276043251649485,0.5905162558816348,0,0.015906554627161475
0.6278155640029581,0.28276043251649485,0.5905162558816348,0,0.015906554627161475
0.6288221849972615,0.28457206591887085,0.5890084831055676,0,0.014413529333864456
0.6292412179973326,0.28457206591887085,0.5890084831055676,0,0.014413529333864456
0.6302658759959741,0.28457206591887085,0.5890084831055676,0,0.014413529333864456
0.6313071269978536,0.28457206591887085,0.5890084831055676,0,0.014413529333864456
0.6323404139984632,0.28457206591887085,0.5890084831055676,0,0.014413529333864456
0.6334052340025664,0.28457206591887085,0.5890084831055676,0,0.014413529333864456
0.6344086289973347,0.28457206591887085,0.5890084831055676,0,0.014413529333864456
0.635512610002479,0.28457206591887085,0.5890084831055676,0,0.014413529333864456
0.636502722001751,0.28457206591887085,0.5890084831055676,0,0.014413529333864456
0.6375057149998611,0.28457206591887085,0.5890084831055676,0,0.014413529333864456
0.638549654999224,0.28457206591887085,0.5890084831055676,0,0.014413529333864456
0.6397581479977816,0.28642527298215825,0.5874749504274815,0,0.01314715447483656
0.6408654460028629,0.28642527298215825,0.5874749504274815,0,0.01314715447483656
0.6414117739986978,0.28642527298215825,0.5874749504274815,0,0.01314715447483656
0.6424159759990289,0.28642527298215825,0.5874749504274815,0,0.01314715447483656
0.643948441997054,0.28642527298215825,0.5874749504274815,0,0.01314715447483656
0.6451763180011767,0.28642527298215825,0.5874749504274815,0,0.01314715447483656
0.6463673850012128,0.28642527298215825,0.5874749504274815,0,0.01314715447483656
0.6475135529981344,0.28642527298215825,0.5874749504274815,0,0.01314715447483656
0.6485410289969877,0.28642527298215825,0.5874749504274815,0,0.01314715447483656
0.649808303998725,0.28642527298215825,0.5874749504274815,0,0.01314715447483656
0.6509239910010365,0.28642527298215825,0.5874749504274815,0,0.01314715447483656
0.651950086998113,0.2883183815976049,0.5859172800036897,0,0.012207527626714253
0.6529454429983161,0.2883183815976049,0.5859172800036897,0,0.012207527626714253
0.6545254640004714,0.2883183815976049,0.5859172800036897,0,0.012207527626714253
0.6549646630010102,0.2883183815976049,0.5859172800036897,0,0.012207527626714253
0.6559820219990797,0.2883183815976049,0.5859172800036897,0,0.012207527626714253
0.6575478349986952,0.2883183815976049,0.5859172800036897,0,0.012207527626714253
0.6585939340002369,0.2883183815976049,0.5859172800036897,0,0.012207527626714253
0.6596762909975951,0.2883183815976049,0.5859172800036897,0,0.012207527626714253
0.660725130001083,0.2883183815976049,0.5859172800036897,0,0.012207527626714253
0.661158515002171,0.2883183815976049,0.5859172800036897,0,0.012207527626714253
0.662233725997794,0.2883183815976049,0.5859172800036897,0,0.012207527626714253
0.6626488589972723,0.2883183815976049,0.5859172800036897,0,0.012207527626714253
0.6636602209982811,0.2883183815976049,0.5859172800036897,0,0.012207527626714253
0.664732108998578,0.2883183815976049,0.5859172800036897,0,0.012207527626714253
0.6651946459969622,0.2883183815976049,0.5859172800036897,0,0.012207527626714253
0.6663763269971241,0.2883183815976049,0.5859172800036897,0,0.012207527626714253
0.6674829699986731,0.2883183815976049,0.5859172800036897,0,0.012207527626714253
0.668484116999025,0.2883183815976049,0.5859172800036897,0,0.012207527626714253
0.6695138169961865,0.2883183815976049,0.5859172800036897,0,0.012207527626714253
0.6705011949961772,0.29025006948325516,0.5843373494045481,0,0.011702463711603996
0.6708962479970069,0.29025006948325516,0.5843373494045481,0,0.011702463711603996
0.671947843999078,0.29025006948325516,0.5843373494045481,0,0.011702463711603996
0.6729589469978237,0.29025006948325516,0.5843373494045481,0,0.011702463711603996
0.6739664690030622,0.29025006948325516,0.5843373494045481,0,0.011702463711603996
0.674364134996722,0.29025006948325516,0.5843373494045481,0,0.011702463711603996
0.6753298870025901,0.29025006948325516,0.5843373494045481,0,0.011702463711603996
0.6763118660019245,0.29025006948325516,0.5843373494045481,0,0.011702463711603996
0.6774412610029685,0.29025006948325516,0.5843373494045481,0,0.011702463711603996
0.6784792409962392,0.29025006948325516,0.5843373494045481,0,0.011702463711603996
0.6795443349983543,0.29025006948325516,0.5843373494045481,0,0.011702463711603996
0.6799679929972626,0.29025006948325516,0.5843373494045481,0,0.011702463711603996
0.6810906050013728,0.29025006948325516,0.5843373494045481,0,0.011702463711603996
0.6823031439998886,0.29221879388080874,0.5827366063743695,0,0.01171616347663646
0.683579008000379,0.29221879388080874,0.5827366063743695,0,0.01171616347663646
0.6848021760015399,0.29221879388080874,0.5827366063743695,0,0.01171616347663646
0.6852333759961766,0.29221879388080874,0.5827366063743695,0,0.01171616347663646
0.6862264640003559,0.29221879388080874,0.5827366063743695,0,0.01171616347663646
0.6875885460030986,0.29221879388080874,0.5827366063743695,0,0.01171616347663646
0.6886660910022329,0.29221879388080874,0.5827366063743695,0,0.01171616347663646
0.6897090529964771,0.29221879388080874,0.5827366063743695,0,0.01171616347663646
0.6907169300029636,0.29221879388080874,0.5827366063743695,0,0.01171616347663646
0.6917181949975202,0.29221879388080874,0.5827366063743695,0,0.01171616347663646
0.6926898539968533,0.29221879388080874,0.5827366063743695,0,0.01171616347663646
0.6936910130025353,0.29221879388080874,0.5827366063743695,0,0.01171616347663646
0.6946832399989944,0.29221879388080874,0.5827366063743695,0,0.01171616347663646
0.6956659400020726,0.29221879388080874,0.5827366063743695,0,0.01171616347663646
0.6966463349963306,0.29221879388080874,0.5827366063743695,0,0.01171616347663646
0.6976307579971035,0.29221879388080874,0.5827366063743695,0,0.01171616347663646
0.6987438590003876,0.29423307337396476,0.5811089734155057,0,0.012275588744243704
0.6991990789974807,0.29423307337396476,0.5811089734155057,0,0.012275588744243704
0.7002678819990251,0.29423307337396476,0.5811089734155057,0,0.012275588744243704
0.700810326001374,0.29423307337396476,0.5811089734155057,0,0.012275588744243704
0.7018611449966556,0.29423307337396476,0.5811089734155057,0,0.012275588744243704
0.702900607000629,0.29423307337396476,0.5811089734155057,0,0.012275588744243704
0.703952310999739,0.29423307337396476,0.5811089734155057,0,0.012275588744243704
0.7043921840013354,0.29423307337396476,0.5811089734155057,0,0.012275588744243704
0.7054359659960028,0.29423307337396476,0.5811089734155057,0,0.012275588744243704
0.706460107001476,0.29423307337396476,0.5811089734155057,0,0.012275588744243704
0.7068734510030481,0.29423307337396476,0.5811089734155057,0,0.012275588744243704
0.7079468189986073,0.29423307337396476,0.5811089734155057,0,0.012275588744243704
0.7090651530015748,0.29423307337396476,0.5811089734155057,0,0.012275588744243704
0.710630936002417,0.29423307337396476,0.5811089734155057,0,0.012275588744243704
0.7117051940003876,0.29630081333013947,0.5794484112310351,0,0.01334725548569293
0.7122397599960095,0.29630081333013947,0.5794484112310351,0,0.01334725548569293
0.7132949630031362,0.29842020152260207,0.5777574341569347,0,0.014851362903827594
0.7156769900029758,0.29842020152260207,0.5777574341569347,0,0.014851362903827594
0.716765249002492,0.29842020152260207,0.5777574341569347,0,0.014851362903827594
0.7178094900009455,0.29842020152260207,0.5777574341569347,0,0.014851362903827594
0.7188317569962237,0.29842020152260207,0.5777574341569347,0,0.014851362903827594
0.7192804450023687,0.29842020152260207,0.5777574341569347,0,0.014851362903827594
0.7203282210030011,0.29842020152260207,0.5777574341569347,0,0.014851362903827594
0.7216028019975056,0.30058918445623894,0.5760380352445625,0,0.016697969105126415
0.7227418719994603,0.30058918445623894,0.5760380352445625,0,0.016697969105126415
0.7238271759997588,0.30058918445623894,0.5760380352445625,0,0.016697969105126415
0.7242694270025822,0.30058918445623894,0.5760380352445625,0,0.016697969105126415
0.7252877860009903,0.30058918445623894,0.5760380352445625,0,0.016697969105126415
0.7263342259975616,0.30058918445623894,0.5760380352445625,0,0.016697969105126415
0.7273429880006006,0.30058918445623894,0.5760380352445625,0,0.016697969105126415
0.7283237750016269,0.30058918445623894,0.5760380352445625,0,0.016697969105126415
0.7293358440001612,0.30058918445623894,0.5760380352445625,0,0.016697969105126415
0.7304051149985753,0.30058918445623894,0.5760380352445625,0,0.016697969105126415
0.731419764997554,0.30058918445623894,0.5760380352445625,0,0.016697969105126415
0.7324052170006325,0.30058918445623894,0.5760380352445625,0,0.016697969105126415
0.7334385829963139,0.30058918445623894,0.5760380352445625,0,0.016697969105126415
0.7344680030000745,0.30058918445623894,0.5760380352445625,0,0.016697969105126415
0.735445289996278,0.30058918445623894,0.5760380352445625,0,0.016697969105126415
0.7364661850006087,0.30058918445623894,0.5760380352445625,0,0.016697969105126415
0.7374893710002652,0.3028061426021215,0.5742925433722513,0,0.01880867522565505
0.7385225149992038,0.3028061426021215,0.5742925433722513,0,0.01880867522565505
0.7394991569963167,0.3028061426021215,0.5742925433722513,0,0.01880867522565505
0.7399026689963648,0.3028061426021215,0.5742925433722513,0,0.01880867522565505
0.7408770050024032,0.3028061426021215,0.5742925433722513,0,0.01880867522565505
0.7418790399970021,0.3028061426021215,0.5742925433722513,0,0.01880867522565505
0.7429405869988841,0.3050691796656697,0.5725227364535218,0,0.021123693954264496
0.7439705310025602,0.3050691796656697,0.5725227364535218,0,0.021123693954264496
0.7450221359977149,0.3050691796656697,0.5725227364535218,0,0.021123693954264496
0.7460643259983044,0.3050691796656697,0.5725227364535218,0,0.021123693954264496
0.7464996970011271,0.3050691796656697,0.5725227364535218,0,0.021123693954264496
0.7475185139992391,0.3064530637943107,0.5705916669265082,0,0.023399369476787463
0.7485878770021372,0.3064530637943107,0.5705916669265082,0,0.023399369476787463
0.7496051869966323,0.3064530637943107,0.5705916669265082,0,0.023399369476787463
0.7506438290001824,0.3064530637943107,0.5705916669265082,0,0.023399369476787463
0.7510597779983073,0.3064530637943107,0.5705916669265082,0,0.023399369476787463
0.752057962003164,0.3064530637943107,0.5705916669265082,0,0.023399369476787463
0.7530624089995399,0.3064530637943107,0.5705916669265082,0,0.023399369476787463
0.7534645720006665,0.3064530637943107,0.5705916669265082,0,0.023399369476787463
0.7544830690021627,0.30639042842512554,0.5684052294898555,0,0.02544795992290683
0.7554883120028535,0.30639042842512554,0.5684052294898555,0,0.02544795992290683
0.7564651540014893,0.30639042842512554,0.5684052294898555,0,0.02544795992290683
0.7574543049995555,0.30639042842512554,0.5684052294898555,0,0.02544795992290683
0.758429460998741,0.30639042842512554,0.5684052294898555,0,0.02544795992290683
0.7593781169998692,0.3052312539887798,0.5682252510871026,0,0.02528756295850274
0.7603328559998772,0.3052312539887798,0.5682252510871026,0,0.02528756295850274
0.7613327630024287,0.3052312539887798,0.5682252510871026,0,0.02528756295850274
0.7623177029963699,0.3052312539887798,0.5682252510871026,0,0.02528756295850274
0.7632690519967582,0.3052312539887798,0.5682252510871026,0,0.02528756295850274
0.7642826160008553,0.30523125398877976,0.5682252510871026,0,0.025287562958502725
0.7652224060002482,0.30523125398877976,0.5682252510871026,0,0.025287562958502725
0.7661879279985442,0.30523125398877976,0.5682252510871026,0,0.025287562958502725
0.7671627079980681,0.30523125398877976,0.5682252510871026,0,0.025287562958502725
0.7681142000001273,0.30523125398877976,0.5682252510871026,0,0.025287562958502725
0.7690081719993032,0.30761413559763284,0.5663821207706978,0,0.027755378670357628
0.7699311079995823,0.30761413559763284,0.5663821207706978,0,0.027755378670357628
0.7703346240014071,0.30761413559763284,0.5663821207706978,0,0.027755378670357628
0.7712658059972455,0.30761413559763284,0.5663821207706978,0,0.027755378670357628
0.7722546489967499,0.30761413559763284,0.5663821207706978,0,0.027755378670357628
0.773186917998828,0.30761413559763284,0.5663821207706978,0,0.027755378670357628
0.7740682619987638,0.30761413559763284,0.5663821207706978,0,0.027755378670357628
0.7744608630018774,0.30761413559763284,0.5663821207706978,0,0.027755378670357628
0.7753927649973775,0.30761413559763284,0.5663821207706978,0,0.027755378670357628
0.7763418449976598,0.30761413559763284,0.5663821207706978,0,0.027755378670357628
0.7772869120017276,0.30761413559763284,0.5663821207706978,0,0.027755378670357628
0.7782925110004726,0.30761413559763284,0.5663821207706978,0,0.027755378670357628
0.7793065239966381,0.31003688611495994,0.5645216158758377,0,0.030352981541631636
0.7797190470009809,0.31003688611495994,0.5645216158758377,0,0.030352981541631636
0.78068072500173,0.31003688611495994,0.5645216158758377,0,0.030352981541631636
0.7810811750023277,0.31003688611495994,0.5645216158758377,0,0.030352981541631636
0.7820970149987261,0.31003688611495994,0.5645216158758377,0,0.030352981541631636
0.7830530400024145,0.31003688611495994,0.5645216158758377,0,0.030352981541631636
0.7839776429973426,0.31003688611495994,0.5645216158758377,0,0.030352981541631636
0.7850470940029481,0.31003688611495994,0.5645216158758377,0,0.030352981541631636
0.7854684510020888,0.31003688611495994,0.5645216158758377,0,0.030352981541631636
0.7864903020017664,0.31003688611495994,0.5645216158758377,0,0.030352981541631636
0.7874761860002764,0.31003688611495994,0.5645216158758377,0,0.030352981541631636
0.788405141000112,0.31003688611495994,0.5645216158758377,0,0.030352981541631636
0.7893709350028075,0.31003688611495994,0.5645216158758377,0,0.030352981541631636
0.7897768949987949,0.31003688611495994,0.5645216158758377,0,0.030352981541631636
0.7907603279963951,0.3125016724048928,0.562643093043643,0,0.033062982083171405
0.7917680350001319,0.3125016724048928,0.562643093043643,0,0.033062982083171405
0.7927483250023215,0.3125016724048928,0.562643093043643,0,0.033062982083171405
0.7937094250009977,0.3125016724048928,0.562643093043643,0,0.033062982083171405
0.7946797979966504,0.3125016724048928,0.562643093043643,0,0.033062982083171405
0.7956457399995998,0.3125016724048928,0.562643093043643,0,0.033062982083171405
0.796569111997087,0.3125016724048928,0.562643093043643,0,0.033062982083171405
0.7969640239971341,0.3125016724048928,0.562643093043643,0,0.033062982083171405
0.7982272250010283,0.3125016724048928,0.562643093043643,0,0.033062982083171405
0.7994212080011494,0.3125016724048928,0.562643093043643,0,0.033062982083171405
0.800418061997334,0.3125016724048928,0.562643093043643,0,0.033062982083171405
0.800814909998735,0.3125016724048928,0.562643093043643,0,0.033062982083171405
0.8022442889996455,0.3150101728104774,0.5607454441202042,0,0.03587315998230096
0.8032908500026679,0.3150101728104774,0.5607454441202042,0,0.03587315998230096
0.8036866359980195,0.3150101728104774,0.5607454441202042,0,0.03587315998230096
0.8047599490018911,0.3150101728104774,0.5607454441202042,0,0.03587315998230096
0.8058314579975558,0.3150101728104774,0.5607454441202042,0,0.03587315998230096
0.8069854119967204,0.3150101728104774,0.5607454441202042,0,0.03587315998230096
0.8074167619997752,0.3150101728104774,0.5607454441202042,0,0.03587315998230096
0.8085904010004015,0.3150101728104774,0.5607454441202042,0,0.03587315998230096
0.8095789899962256,0.3150101728104774,0.5607454441202042,0,0.03587315998230096
0.8106021450003027,0.3150101728104774,0.5607454441202042,0,0.03587315998230096
0.8115854049974587,0.3150101728104774,0.5607454441202042,0,0.03587315998230096
0.8125328769965563,0.3150101728104774,0.5607454441202042,0,0.03587315998230096
0.8135401059989817,0.3175611170084894,0.5588307158373456,0,0.038770620811429804
0.8145356789973448,0.3175611170084894,0.5588307158373456,0,0.038770620811429804
0.8154785689985147,0.3175611170084894,0.5588307158373456,0,0.038770620811429804
0.8165074249991449,0.3175611170084894,0.5588307158373456,0,0.038770620811429804
0.8168923499979428,0.3175611170084894,0.5588307158373456,0,0.038770620811429804
0.8178540149965556,0.3175611170084894,0.5588307158373456,0,0.038770620811429804
0.8182537160028005,0.3175611170084894,0.5588307158373456,0,0.038770620811429804
0.8192623409995576,0.3175611170084894,0.5588307158373456,0,0.038770620811429804
0.820280776002619,0.3175611170084894,0.5588307158373456,0,0.038770620811429804
0.8206921840028372,0.3175611170084894,0.5588307158373456,0,0.038770620811429804
0.821719090003171,0.3175611170084894,0.5588307158373456,0,0.038770620811429804
0.8232958989974577,0.3175611170084894,0.5588307158373456,0,0.038770620811429804
0.8236920889976318,0.3175611170084894,0.5588307158373456,0,0.038770620811429804
0.8248985269965488,0.3201526230928745,0.5568999708930423,0,0.041745438486600644
0.8260098660030053,0.3201526230928745,0.5568999708930423,0,0.041745438486600644
0.8264432759970077,0.3201526230928745,0.5568999708930423,0,0.041745438486600644
0.8274334039961104,0.3201526230928745,0.5568999708930423,0,0.041745438486600644
0.8283741499981261,0.3201526230928745,0.5568999708930423,0,0.041745438486600644
0.8293221350031672,0.3201526230928745,0.5568999708930423,0,0.041745438486600644
0.8302614310014178,0.3201526230928745,0.5568999708930423,0,0.041745438486600644
0.8311923829969601,0.32278262980724404,0.5549538545557703,0,0.044789653413822295
0.8321455050026998,0.32278262980724404,0.5549538545557703,0,0.044789653413822295
0.833142499999667,0.32278262980724404,0.5549538545557703,0,0.044789653413822295
0.8341160630006925,0.32278262980724404,0.5549538545557703,0,0.044789653413822295
0.8350777020023088,0.32278262980724404,0.5549538545557703,0,0.044789653413822295
0.8360261830021045,0.3254493478189413,0.5529932078814435,0,0.04789654832513564
0.8364271469981759,0.3254493478189413,0.5529932078814435,0,0.04789654832513564
0.837362682003004,0.3254493478189413,0.5529932078814435,0,0.04789654832513564
0.8383359770014067,0.3254493478189413,0.5529932078814435,0,0.04789654832513564
0.8393041710005491,0.3254493478189413,0.5529932078814435,0,0.04789654832513564
0.8402234649984166,0.3254493478189413,0.5529932078814435,0,0.04789654832513564
0.8412755829995149,0.3281517269365657,0.5510197217322279,0,0.051060121037355286
0.8422598409961211,0.3281517269365657,0.5510197217322279,0,0.051060121037355286
0.8426602839972475,0.3281517269365657,0.5510197217322279,0,0.051060121037355286
0.8436204890022054,0.3281517269365657,0.5510197217322279,0,0.051060121037355286
0.8448996290026116,0.3281517269365657,0.5510197217322279,0,0.051060121037355286
0.8459080660031759,0.3281517269365657,0.5510197217322279,0,0.051060121037355286
0.8463931610021973,0.3281517269365657,0.5510197217322279,0,0.051060121037355286
0.8473559330013813,0.3281517269365657,0.5510197217322279,0,0.051060121037355286
0.8483179109971388,0.3281517269365657,0.5510197217322279,0,0.051060121037355286
0.8493545800010907,0.3281517269365657,0.5510197217322279,0,0.051060121037355286
0.8507885599974543,0.3281517269365657,0.5510197217322279,0,0.051060121037355286
0.8519925290020183,0.3281517269365657,0.5510197217322279,0,0.051060121037355286
0.8529446690008626,0.3308883091559942,0.5490343880308248,0,0.05427552258529344
0.8539980540008401,0.3308883091559942,0.5490343880308248,0,0.05427552258529344
0.8553153489992837,0.3308883091559942,0.5490343880308248,0,0.05427552258529344
0.8565417759964475,0.3308883091559942,0.5490343880308248,0,0.05427552258529344
0.8569715560006443,0.3308883091559942,0.5490343880308248,0,0.05427552258529344
0.8580638639978133,0.3308883091559942,0.5490343880308248,0,0.05427552258529344
0.8592696709965821,0.33365816295698014,0.5470387860162245,0,0.05753835121372148
0.8602332180016674,0.33365816295698014,0.5470387860162245,0,0.05753835121372148
0.860613311000634,0.33365816295698014,0.5470387860162245,0,0.05753835121372148
0.8616762870005914,0.33365816295698014,0.5470387860162245,0,0.05753835121372148
0.8627373369963607,0.33365816295698014,0.5470387860162245,0,0.05753835121372148
0.8631487120001111,0.33365816295698014,0.5470387860162245,0,0.05753835121372148
0.8641277099959552,0.33365816295698014,0.5470387860162245,0,0.05753835121372148
0.8651306960018701,0.3364599282822065,0.545033772015458,0,0.06084501393400101
0.8655191180005204,0.3364599282822065,0.545033772015458,0,0.06084501393400101
0.8665077010009554,0.3364599282822065,0.545033772015458,0,0.06084501393400101
0.8674743500014301,0.3364599282822065,0.545033772015458,0,0.06084501393400101
0.8684385640008259,0.3364599282822065,0.545033772015458,0,0.06084501393400101
0.8693545080022886,0.3364599282822065,0.545033772015458,0,0.06084501393400101
0.8702806520013837,0.3364599282822065,0.545033772015458,0,0.06084501393400101
0.8711724460008554,0.3364599282822065,0.545033772015458,0,0.06084501393400101
0.8720946320026997,0.3364599282822065,0.545033772015458,0,0.06084501393400101
0.8729981229989789,0.3364599282822065,0.545033772015458,0,0.06084501393400101
0.8733794439976919,0.3364599282822065,0.545033772015458,0,0.06084501393400101
0.8743328209966421,0.3364599282822065,0.545033772015458,0,0.06084501393400101
0.8752762649965007,0.3364599282822065,0.545033772015458,0,0.06084501393400101
0.8756689529982395,0.3364599282822065,0.545033772015458,0,0.06084501393400101
0.8770747160015162,0.3364599282822065,0.545033772015458,0,0.06084501393400101
0.8782742269977462,0.3364599282822065,0.545033772015458,0,0.06084501393400101
0.8792657869998948,0.3364599282822065,0.545033772015458,0,0.06084501393400101
0.88020073199732,0.3364599282822065,0.545033772015458,0,0.06084501393400101
0.8811409749978338,0.3392953967652439,0.5430189717597376,0,0.0641952241604945
0.8820639409968862,0.3392953967652439,0.5430189717597376,0,0.0641952241604945
0.8832514679961605,0.3392953967652439,0.5430189717597376,0,0.0641952241604945
0.8848270449962001,0.3392953967652439,0.5430189717597376,0,0.0641952241604945
0.8859267829975579,0.3392953967652439,0.5430189717597376,0,0.0641952241604945
0.8869113249966176,0.3392953967652439,0.5430189717597376,0,0.0641952241604945
0.8878664820003905,0.3392953967652439,0.5430189717597376,0,0.0641952241604945
0.8896279379987391,0.3392953967652439,0.5430189717597376,0,0.0641952241604945
0.890638062999642,0.34216581262612233,0.5409933871473855,0,0.06758918865253467
0.8915996579962666,0.34216581262612233,0.5409933871473855,0,0.06758918865253467
0.8934655170014594,0.34216581262612233,0.5409933871473855,0,0.06758918865253467
0.8937830729992129,0.34216581262612233,0.5409933871473855,0,0.06758918865253467
0.8946139480030979,0.34216581262612233,0.5409933871473855,0,0.06758918865253467
0.8956233819990302,0.34216581262612233,0.5409933871473855,0,0.06758918865253467
0.8966525569994701,0.34216581262612233,0.5409933871473855,0,0.06758918865253467
0.8973799649975263,0.34216581262612233,0.5409933871473855,0,0.06758918865253467
0.8982014369976241,0.34216581262612233,0.5409933871473855,0,0.06758918865253467
0.898546147000161,0.34216581262612233,0.5409933871473855,0,0.06758918865253467
0.8991792520027957,0.34216581262612233,0.5409933871473855,0,0.06758918865253467
0.8997525759987184,0.34216581262612233,0.5409933871473855,0,0.06758918865253467
0.9004844520022743,0.34216581262612233,0.5409933871473855,0,0.06758918865253467
0.901408147001348,0.34216581262612233,0.5409933871473855,0,0.06758918865253467
0.9020654979976825,0.34216581262612233,0.5409933871473855,0,0.06758918865253467
0.9028204959977302,0.34216581262612233,0.5409933871473855,0,0.06758918865253467
0.9031812499961234,0.34216581262612233,0.5409933871473855,0,0.06758918865253467
0.904268165002577,0.34216581262612233,0.5409933871473855,0,0.06758918865253467
0.9052227889987989,0.34216581262612233,0.5409933871473855,0,0.06758918865253467
0.9054853280031239,0.34216581262612233,0.5409933871473855,0,0.06758918865253467
0.9060605420017964,0.34216581262612233,0.5409933871473855,0,0.06758918865253467
0.9066383660028805,0.34507024202765657,0.5389586289019274,0,0.07102396613037963
0.9071664599978249,0.34507024202765657,0.5389586289019274,0,0.07102396613037963
0.9077121000009356,0.34507024202765657,0.5389586289019274,0,0.07102396613037963
0.9084437040000921,0.34507024202765657,0.5389586289019274,0,0.07102396613037963
0.9092157589984708,0.34507024202765657,0.5389586289019274,0,0.07102396613037963
0.9101615789986681,0.34507024202765657,0.5389586289019274,0,0.07102396613037963
0.9105440139974235,0.34507024202765657,0.5389586289019274,0,0.07102396613037963
0.9114366229987354,0.34507024202765657,0.5389586289019274,0,0.07102396613037963
0.9123326530025224,0.34507024202765657,0.5389586289019274,0,0.07102396613037963
0.9132078990005539,0.34507024202765657,0.5389586289019274,0,0.07102396613037963
0.9140925820029224,0.34507024202765657,0.5389586289019274,0,0.07102396613037963
0.914968115001102,0.3480070371587516,0.5369151549855888,0,0.07449720459569543
0.9158335960019031,0.3480070371587516,0.5369151549855888,0,0.07449720459569543
0.9166884750011377,0.3480070371587516,0.5369151549855888,0,0.07449720459569543
0.917574038998282,0.3480070371587516,0.5369151549855888,0,0.07449720459569543
0.9184497800015379,0.3480070371587516,0.5369151549855888,0,0.07449720459569543
0.9193149560014717,0.3480070371587516,0.5369151549855888,0,0.07449720459569543
0.920185073002358,0.3480070371587516,0.5369151549855888,0,0.07449720459569543
0.9210588339992682,0.3480070371587516,0.5369151549855888,0,0.07449720459569543
0.9219154329985031,0.3480070371587516,0.5369151549855888,0,0.07449720459569543
0.9227552520023892,0.3480070371587516,0.5369151549855888,0,0.07449720459569543
0.9236130869976478,0.34800703715875153,0.5369151549855888,0,0.07449720459569541
0.9245421570012695,0.34800703715875153,0.5369151549855888,0,0.07449720459569541
0.9249198899997282,0.34800703715875153,0.5369151549855888,0,0.07449720459569541
0.9257849499990698,0.34800703715875153,0.5369151549855888,0,0.07449720459569541
0.92668991300161,0.34800703715875153,0.5369151549855888,0,0.07449720459569541
0.9274957050001831,0.34800703715875153,0.5369151549855888,0,0.07449720459569541
0.9282138569978997,0.3516923364331717,0.5353107477304847,0,0.07816253937583831
0.9291326320017106,0.3516923364331717,0.5353107477304847,0,0.07816253937583831
0.9300183099985588,0.3516923364331717,0.5353107477304847,0,0.07816253937583831
0.9309120649995748,0.3516923364331717,0.5353107477304847,0,0.07816253937583831
0.931280507997144,0.3516923364331717,0.5353107477304847,0,0.07816253937583831
0.9321371179976268,0.3543742533251222,0.5369808029159904,0,0.07882350039442122
0.9329870020010276,0.3543742533251222,0.5369808029159904,0,0.07882350039442122
0.9338451079966035,0.3543742533251222,0.5369808029159904,0,0.07882350039442122
0.9347081890009576,0.3543742533251222,0.5369808029159904,0,0.07882350039442122
0.9355798789983965,0.3543742533251222,0.5369808029159904,0,0.07882350039442122
0.9362629919996834,0.3543742533251222,0.5369808029159904,0,0.07882350039442122
0.9364946959976805,0.3543742533251222,0.5369808029159904,0,0.07882350039442122
0.9372588879996329,0.36204749625266874,0.5378432478936026,0,0.083868031209011
0.9376658059991314,0.36204749625266874,0.5378432478936026,0,0.083868031209011
0.938781912002014,0.36204749625266874,0.5378432478936026,0,0.083868031209011
0.9398640540021006,0.36204749625266874,0.5378432478936026,0,0.083868031209011
0.9408707710026647,0.36204749625266874,0.5378432478936026,0,0.083868031209011
0.9423618689979776,0.36204749625266874,0.5378432478936026,0,0.083868031209011
0.9428042029976496,0.36204749625266874,0.5378432478936026,0,0.083868031209011
0.9438979069964262,0.36509273968869166,0.5358063762753237,0,0.08750558819926005
0.9455192660025205,0.36509273968869166,0.5358063762753237,0,0.08750558819926005
0.9467093970015412,0.36509273968869166,0.5358063762753237,0,0.08750558819926005
0.9471425079973415,0.36509273968869166,0.5358063762753237,0,0.08750558819926005
0.9481747050012928,0.36509273968869166,0.5358063762753237,0,0.08750558819926005
0.949228530000255,0.36509273968869166,0.5358063762753237,0,0.08750558819926005
0.9503619759998401,0.3681660353010976,0.533764811964734,0,0.09116969010172479
0.9508695960030309,0.3681660353010976,0.533764811964734,0,0.09116969010172479
0.9520119149965467,0.3681660353010976,0.533764811964734,0,0.09116969010172479
0.9644861830020091,0.3681660353010976,0.533764811964734,0,0.09116969010172479
0.965813363000052,0.3681660353010976,0.533764811964734,0,0.09116969010172479
0.9662677509986679,0.3681660353010976,0.533764811964734,0,0.09116969010172479
0.9672616530006053,0.3681660353010976,0.533764811964734,0,0.09116969010172479
0.9682252470011008,0.3681660353010976,0.533764811964734,0,0.09116969010172479
0.9692265299963765,0.3681660353010976,0.5337648119647339,0,0.09116969010172488
0.9702320489959675,0.3681660353010976,0.5337648119647339,0,0.09116969010172488
0.971672056002717,0.3681660353010976,0.5337648119647339,0,0.09116969010172488
0.9727433799998835,0.3681660353010976,0.5337648119647339,0,0.09116969010172488
0.9732263069963665,0.3681660353010976,0.5337648119647339,0,0.09116969010172488
0.9742345659979037,0.3681660353010976,0.5337648119647339,0,0.09116969010172488
0.9746030390015221,0.3681660353010976,0.5337648119647339,0,0.09116969010172488
0.9755672850005794,0.3681660353010976,0.5337648119647339,0,0.09116969010172488
0.9759383700002218,0.3681660353010976,0.5337648119647339,0,0.09116969010172488
0.9769988199986983,0.3681660353010976,0.5337648119647339,0,0.09116969010172488
0.9774326370024937,0.3681660353010976,0.5337648119647339,0,0.09116969010172488
0.9784967189989402,0.3681660353010976,0.5337648119647339,0,0.09116969010172488
0.9796497700008331,0.3681660353010976,0.5337648119647339,0,0.09116969010172488
0.9807340810002643,0.3712661944281092,0.5317190598793438,0,0.09485905485782208
0.9811364999986836,0.3712661944281092,0.5317190598793438,0,0.09485905485782208
0.9823973320017103,0.3712661944281092,0.5317190598793438,0,0.09485905485782208
0.983816031999595,0.3712661944281092,0.5317190598793438,0,0.09485905485782208
0.9848305440027616,0.3712661944281092,0.5317190598793438,0,0.09485905485782208
0.9857734960023663,0.3712661944281092,0.5317190598793438,0,0.09485905485782208
0.9867033350019483,0.3712661944281092,0.5317190598793438,0,0.09485905485782208
0.9876346110031591,0.3712661944281092,0.5317190598793438,0,0.09485905485782208
0.9885657940030796,0.3712661944281092,0.5317190598793438,0,0.09485905485782208
0.9894995279973955,0.3712661944281092,0.5317190598793438,0,0.09485905485782208
0.9904177599964896,0.3712661944281092,0.5317190598793438,0,0.09485905485782208
0.9913184510005522,0.3743925954077904,0.5296703777429159,0,0.09857235971259032
0.9922080089963856,0.3743925954077904,0.5296703777429159,0,0.09857235971259032
0.9931807460015989,0.3743925954077904,0.5296703777429159,0,0.09857235971259032
0.9935742980014766,0.3743925954077904,0.5296703777429159,0,0.09857235971259032
0.994519476997084,0.3743925954077904,0.5296703777429159,0,0.09857235971259032
0.9948457369973767,0.3743925954077904,0.5296703777429159,0,0.09857235971259032
0.9957213039961061,0.3743925954077904,0.5296703777429159,0,0.09857235971259032
0.996727944999293,0.3775454974111382,0.5276182835370777,1,0.09982727714031164
0.9971931640029652,0.3775454974111382,0.5276182835370777,1,0.09982727714031164
0.9983019249993959,0.3775454974111382,0.5276182835370777,1,0.09982727714031164
0.999404907997814,0.3775454974111382,0.5276182835370777,1,0.09982727714031164
1.0004494629974943,0.3775454974111382,0.5276182835370777,1,0.09982727714031164
1.0013765069961664,0.3775454974111382,0.5276182835370777,1,0.09982727714031164
1.0024151350007742,0.3807256774637141,0.5255631359686157,1,0.09604183957377797
1.0034251629986102,0.3807256774637141,0.5255631359686157,1,0.09604183957377797
1.0038376450029318,0.3807256774637141,0.5255631359686157,1,0.09604183957377797
1.0052968919990235,0.3807256774637141,0.5255631359686157,1,0.09604183957377797
1.0064797329978319,0.3807256774637141,0.5255631359686157,1,0.09604183957377797
1.0069245179984136,0.3807256774637141,0.5255631359686157,1,0.09604183957377797
1.0079124600015348,0.3807256774637141,0.5255631359686157,1,0.09604183957377797
1.0086374140009866,0.3807256774637141,0.5255631359686157,1,0.09604183957377797
1.0094270929985214,0.3807256774637141,0.5255631359686157,1,0.09604183957377797
1.0103552500004298,0.3839317058159405,0.5235049409816831,1,0.09223284782975585
1.0113347610022174,0.3839317058159405,0.5235049409816831,1,0.09223284782975585
1.0123212999969837,0.3839317058159405,0.5235049409816831,1,0.09223284782975585
1.0127351069968427,0.3839317058159405,0.5235049409816831,1,0.09223284782975585
1.01381476700044,0.3839317058159405,0.5235049409816831,1,0.09223284782975585
1.0148796259964001,0.3839317058159405,0.5235049409816831,1,0.09223284782975585
1.0160220329998992,0.3839317058159405,0.5235049409816831,1,0.09223284782975585
1.016983244997391,0.3839317058159405,0.5235049409816831,1,0.09223284782975585
1.017900056001963,0.3839317058159405,0.5235049409816831,1,0.09223284782975585
1.018841512996005,0.3839317058159405,0.5235049409816831,1,0.09223284782975585
1.0197518889981438,0.3839317058159405,0.5235049409816831,1,0.09223284782975585
1.0206591079986538,0.38716218885330617,0.5214436452560541,1,0.088401443741067
1.0215690120021463,0.38716218885330617,0.5214436452560541,1,0.088401443741067
1.022505822002131,0.38716218885330617,0.5214436452560541,1,0.088401443741067
1.023435420000169,0.38716218885330617,0.5214436452560541,1,0.088401443741067
1.0243123030013521,0.38716218885330617,0.5214436452560541,1,0.088401443741067
1.025202425000316,0.38716218885330617,0.5214436452560541,1,0.088401443741067
1.0260891279976931,0.38716218885330617,0.5214436452560541,1,0.088401443741067
1.0264516259994707,0.38716218885330617,0.5214436452560541,1,0.088401443741067
1.027403701998992,0.38716218885330617,0.5214436452560541,1,0.088401443741067
1.0283772580005461,0.38716218885330617,0.5214436452560541,1,0.088401443741067
1.0294069119991036,0.38716218885330617,0.5214436452560541,1,0.088401443741067
1.030401896998228,0.38716218885330617,0.5214436452560541,1,0.088401443741067
1.0313481589982985,0.38716218885330617,0.5214436452560541,1,0.088401443741067
1.0320906409979216,0.38716218885330617,0.5214436452560541,1,0.088401443741067
1.0323484350010403,0.38716218885330617,0.5214436452560541,1,0.088401443741067
1.033221728001081,0.38716218885330617,0.5214436452560541,1,0.088401443741067
1.0342198810030823,0.38716218885330617,0.5214436452560541,1,0.088401443741067
1.0351486380022834,0.3904165779255658,0.5193804149926222,1,0.08454868604187978
1.0360651840019273,0.3904165779255658,0.5193804149926222,1,0.08454868604187978
1.036972608002543,0.3904165779255658,0.5193804149926222,1,0.08454868604187978
1.0378740239975741,0.3904165779255658,0.5193804149926222,1,0.08454868604187978
1.0387917900006869,0.3904165779255658,0.5193804149926222,1,0.08454868604187978
1.039746918999299,0.3904165779255658,0.5193804149926222,1,0.08454868604187978
1.0406776550007635,0.3904165779255658,0.5193804149926222,1,0.08454868604187978
1.0410805700012133,0.3904165779255658,0.5193804149926222,1,0.08454868604187978
1.0420817569975043,0.3904165779255658,0.5193804149926222,1,0.08454868604187978
1.0424719069997082,0.3904165779255658,0.5193804149926222,1,0.08454868604187978
1.043191962999117,0.3904165779255658,0.5193804149926222,1,0.08454868604187978
1.0441500009983429,0.3904165779255658,0.5193804149926222,1,0.08454868604187978
1.044541379000293,0.3904165779255658,0.5193804149926222,1,0.08454868604187978
1.0455692609975813,0.39369381750062793,0.5173155275052649,1,0.08067560263497228
1.0466677520016674,0.39369381750062793,0.5173155275052649,1,0.08067560263497228
1.0477906559972325,0.39369381750062793,0.5173155275052649,1,0.08067560263497228
1.048710957998992,0.39369381750062793,0.5173155275052649,1,0.08067560263497228
1.0490085010023904,0.39369381750062793,0.5173155275052649,1,0.08067560263497228
1.0496296609999263,0.39369381750062793,0.5173155275052649,1,0.08067560263497228
1.0502242250004201,0.3936938175006279,0.5173155275052649,1,0.08067560263497232
1.050892783998279,0.3936938175006279,0.5173155275052649,1,0.08067560263497232
1.0517970720029552,0.3936938175006279,0.5173155275052649,1,0.08067560263497232
1.0525420650010346,0.3936938175006279,0.5173155275052649,1,0.08067560263497232
1.0532122919976246,0.3936938175006279,0.5173155275052649,1,0.08067560263497232
1.053614636999555,0.3936938175006279,0.5173155275052649,1,0.08067560263497232
1.054734090997954,0.3969934322215494,0.5152500902147829,1,0.07678315894456907
1.055829534001532,0.3969934322215494,0.5152500902147829,1,0.07678315894456907
1.0570933380004135,0.3969934322215494,0.5152500902147829,1,0.07678315894456907
1.0581210009986535,0.3969934322215494,0.5152500902147829,1,0.07678315894456907
1.0590746960006072,0.3969934322215494,0.5152500902147829,1,0.07678315894456907
1.0593824199968367,0.3969934322215494,0.5152500902147829,1,0.07678315894456907
1.0600580190002802,0.3969934322215494,0.5152500902147829,1,0.07678315894456907
1.0609799209996709,0.3969934322215494,0.5152500902147829,1,0.07678315894456907
1.06195779099653,0.3969934322215494,0.5152500902147829,1,0.07678315894456907
1.0629350129966042,0.3969934322215494,0.5152500902147829,1,0.07678315894456907
1.0633524989971193,0.3969934322215494,0.5152500902147829,1,0.07678315894456907
1.064304389001336,0.3969934322215494,0.5152500902147829,1,0.07678315894456907
1.0654889889992774,0.4003144301014361,0.5131843037756944,1,0.07287229073239158
1.0663650290007354,0.4003144301014361,0.5131843037756944,1,0.07287229073239158
1.0671220619988162,0.4003144301014361,0.5131843037756944,1,0.07287229073239158
1.0678583059998346,0.4003144301014361,0.5131843037756944,1,0.07287229073239158
1.0684873680002056,0.4003144301014361,0.5131843037756944,1,0.07287229073239158
1.068751915001485,0.4003144301014361,0.5131843037756944,1,0.07287229073239158
1.0694422800006578,0.4003144301014361,0.5131843037756944,1,0.07287229073239158
1.0701539180008695,0.4003144301014361,0.5131843037756944,1,0.07287229073239158
1.0708513470017351,0.4003144301014361,0.5131843037756944,1,0.07287229073239158
1.0714673889960977,0.4003144301014361,0.5131843037756944,1,0.07287229073239158
1.072274648999155,0.4003144301014361,0.5131843037756944,1,0.07287229073239158
1.0731301979976706,0.40365640208219367,0.5111192226270035,1,0.06894388080286659
1.0739185479978914,0.40365640208219367,0.5111192226270035,1,0.06894388080286659
1.07467497199832,0.40365640208219367,0.5111192226270035,1,0.06894388080286659
1.076007686999219,0.40365640208219367,0.5111192226270035,1,0.06894388080286659
1.0769933720002882,0.40365640208219367,0.5111192226270035,1,0.06894388080286659
1.077421210000466,0.40365640208219367,0.5111192226270035,1,0.06894388080286659
1.0784821139968699,0.40365640208219367,0.5111192226270035,1,0.06894388080286659
1.0795233190001454,0.40365640208219367,0.5111192226270035,1,0.06894388080286659
1.0805224970026757,0.40365640208219367,0.5111192226270035,1,0.06894388080286659
1.0815974729994196,0.40365640208219367,0.5111192226270035,1,0.06894388080286659
1.0825775260018418,0.40365640208219367,0.5111192226270035,1,0.06894388080286659
1.083539990002464,0.4153887309101371,0.5057898335511124,1,0.05617004289406458
1.084463393999613,0.4153887309101371,0.5057898335511124,1,0.05617004289406458
1.0854051689966582,0.4153887309101371,0.5057898335511124,1,0.05617004289406458
1.0863255779986503,0.4153887309101371,0.5057898335511124,1,0.05617004289406458
1.087088551998022,0.4153887309101371,0.5057898335511124,1,0.05617004289406458
1.0873439880015212,0.4153887309101371,0.5057898335511124,1,0.05617004289406458
1.0879189780025627,0.4153887309101371,0.5057898335511124,1,0.05617004289406458
1.0886802559980424,0.4153887309101371,0.5057898335511124,1,0.05617004289406458
1.0896116880030604,0.4153887309101371,0.5057898335511124,1,0.05617004289406458
1.0905532570031937,0.4153887309101371,0.5057898335511124,1,0.05617004289406458
1.09145170100237,0.4153887309101371,0.5057898335511124,1,0.05617004289406458
1.0956661149975844,0.4187763450477719,0.5037411876009261,1,0.052212918631991144
1.0961275419977028,0.4187763450477719,0.5037411876009261,1,0.052212918631991144
1.0968825689997175,0.4187763450477719,0.5037411876009261,1,0.052212918631991144
1.0972476719980477,0.4187763450477719,0.5037411876009261,1,0.052212918631991144
1.0984332070001983,0.4187763450477719,0.5037411876009261,1,0.052212918631991144
1.0994811119962833,0.4187763450477719,0.5037411876009261,1,0.052212918631991144
1.0997596279994468,0.4187763450477719,0.5037411876009261,1,0.052212918631991144
1.1005554310031584,0.4187763450477719,0.5037411876009261,1,0.052212918631991144
1.1016412129974924,0.4187763450477719,0.5037411876009261,1,0.052212918631991144
1.1027284969968605,0.4187763450477719,0.5037411876009261,1,0.052212918631991144
1.1035150850002537,0.4187763450477719,0.5037411876009261,1,0.052212918631991144
1.1038234279985772,0.4187763450477719,0.5037411876009261,1,0.052212918631991144
1.1044550709993928,0.4187763450477719,0.5037411876009261,1,0.052212918631991144
1.1052034359963727,0.4187763450477719,0.5037411876009261,1,0.052212918631991144
1.1059536269967793,0.42217925794980987,0.5016966069966824,1,0.048245488608455886
1.1066515740021714,0.42217925794980987,0.5016966069966824,1,0.048245488608455886
1.1075277100026142,0.42217925794980987,0.5016966069966824,1,0.048245488608455886
1.1085732490028022,0.42217925794980987,0.5016966069966824,1,0.048245488608455886
1.1090939799978514,0.42217925794980987,0.5016966069966824,1,0.048245488608455886
1.1099975730030565,0.42217925794980987,0.5016966069966824,1,0.048245488608455886
1.1102771869991557,0.42217925794980987,0.5016966069966824,1,0.048245488608455886
1.1111512799980119,0.42217925794980987,0.5016966069966824,1,0.048245488608455886
1.1121503839967772,0.42217925794980987,0.5016966069966824,1,0.048245488608455886
1.1131653650008957,0.42217925794980987,0.5016966069966824,1,0.048245488608455886
1.1135635300015565,0.42217925794980987,0.5016966069966824,1,0.048245488608455886
1.1145175519995973,0.42217925794980987,0.5016966069966824,1,0.048245488608455886
1.115225747002114,0.42559731838469467,0.49965692274866946,1,0.04426852943194294
1.1161978759992053,0.42559731838469467,0.49965692274866946,1,0.04426852943194294
1.1171553050007788,0.42559731838469467,0.49965692274866946,1,0.04426852943194294
1.1181111019977834,0.42559731838469467,0.49965692274866946,1,0.04426852943194294
1.1190503449979587,0.42559731838469467,0.49965692274866946,1,0.04426852943194294
1.119970731997455,0.42559731838469467,0.49965692274866946,1,0.04426852943194294
1.1208889100016677,0.42559731838469467,0.49965692274866946,1,0.04426852943194294
1.12184151999827,0.42559731838469467,0.49965692274866946,1,0.04426852943194294
1.1222359480016166,0.42559731838469467,0.49965692274866946,1,0.04426852943194294
1.123198560999299,0.42559731838469467,0.49965692274866946,1,0.04426852943194294
1.1241283339986694,0.42559731838469467,0.49965692274866946,1,0.04426852943194294
1.125090130000899,0.42902956124532715,0.49762155397548824,1,0.04028281384030001
1.1260641639964888,0.42902956124532715,0.49762155397548824,1,0.04028281384030001
1.1264324989970191,0.42902956124532715,0.49762155397548824,1,0.04028281384030001
1.127338405996852,0.42902956124532715,0.49762155397548824,1,0.04028281384030001
1.1276926599966828,0.42902956124532715,0.49762155397548824,1,0.04028281384030001
1.1286020569968969,0.42902956124532715,0.49762155397548824,1,0.04028281384030001
1.129661416001909,0.42902956124532715,0.49762155397548824,1,0.04028281384030001
1.1313683499975014,0.42902956124532715,0.49762155397548824,1,0.04028281384030001
1.132396218003123,0.42902956124532715,0.49762155397548824,1,0.04028281384030001
1.1333352479996393,0.42902956124532715,0.49762155397548824,1,0.04028281384030001
1.133704077998118,0.42902956124532715,0.49762155397548824,1,0.04028281384030001
1.1347755149981822,0.42902956124532715,0.49762155397548824,1,0.04028281384030001
1.1356211000020267,0.42902956124532715,0.49762155397548824,1,0.04028281384030001
1.1363646309982869,0.42902956124532715,0.49762155397548824,1,0.04028281384030001
1.1366121230021236,0.42902956124532715,0.49762155397548824,1,0.04028281384030001
1.1372698319974006,0.4324747715140042,0.49558943365747765,1,0.03628916788032688
1.1381923099979758,0.4324747715140042,0.49558943365747765,1,0.03628916788032688
1.139106032998825,0.4324747715140042,0.49558943365747765,1,0.03628916788032688
1.1400239819995477,0.4324747715140042,0.49558943365747765,1,0.03628916788032688
1.1410097170009976,0.4324747715140042,0.49558943365747765,1,0.03628916788032688
1.141409294999903,0.4324747715140042,0.49558943365747765,1,0.03628916788032688
1.1423540440009674,0.4324747715140042,0.49558943365747765,1,0.03628916788032688
1.1432615290032118,0.4324747715140042,0.49558943365747765,1,0.03628916788032688
1.144182793002983,0.4324747715140042,0.49558943365747765,1,0.03628916788032688
1.1451143660015077,0.4324747715140042,0.49558943365747765,1,0.03628916788032688
1.1460276110010454,0.4324747715140042,0.49558943365747765,1,0.03628916788032688
1.1470451089990092,0.4359320310094493,0.4935599345572018,1,0.032288590870620394
1.1480094700018526,0.4359320310094493,0.4935599345572018,1,0.032288590870620394
1.148934767996252,0.4359320310094493,0.4935599345572018,1,0.032288590870620394
1.149802081999951,0.4359320310094493,0.4935599345572018,1,0.032288590870620394
1.1506185199978063,0.4359320310094493,0.4935599345572018,1,0.032288590870620394
1.1510005029995227,0.4359320310094493,0.4935599345572018,1,0.032288590870620394
1.1516998419974698,0.4359320310094493,0.4935599345572018,1,0.032288590870620394
1.152350219002983,0.4359320310094493,0.4935599345572018,1,0.032288590870620394
1.152609618002316,0.4359320310094493,0.4935599345572018,1,0.032288590870620394
1.1534403059995384,0.4359320310094493,0.4935599345572018,1,0.032288590870620394
1.154210642001999,0.4359320310094493,0.4935599345572018,1,0.032288590870620394
1.1552470859969617,0.4359320310094493,0.4935599345572018,1,0.032288590870620394
1.1556849139960832,0.4359320310094493,0.4935599345572018,1,0.032288590870620394
1.156769715998962,0.4359320310094493,0.4935599345572018,1,0.032288590870620394
1.1578138990007574,0.4359320310094493,0.4935599345572018,1,0.032288590870620394
1.1587701230018865,0.4359320310094493,0.4935599345572018,1,0.032288590870620394
1.1597655880032107,0.4359320310094493,0.4935599345572018,1,0.032288590870620394
1.1601713089985424,0.4359320310094493,0.4935599345572018,1,0.032288590870620394
1.1620680970008834,0.43940125240087263,0.4915337954179486,1,0.02828249044914048
1.1629768830025569,0.43940125240087263,0.4915337954179486,1,0.02828249044914048
1.1638361049990635,0.43940125240087263,0.4915337954179486,1,0.02828249044914048
1.1642018229977111,0.43940125240087263,0.4915337954179486,1,0.02828249044914048
1.1649485360030667,0.43940125240087263,0.4915337954179486,1,0.02828249044914048
1.165713982001762,0.4428818215770302,0.4895108152590606,1,0.024272800916226148
1.1659918829973321,0.4428818215770302,0.4895108152590606,1,0.024272800916226148
1.1668807859969093,0.4428818215770302,0.4895108152590606,1,0.024272800916226148
1.1679242579994025,0.4428818215770302,0.4895108152590606,1,0.024272800916226148
1.1688890919976984,0.4428818215770302,0.4895108152590606,1,0.024272800916226148
1.1698258190008346,0.4428818215770302,0.4895108152590606,1,0.024272800916226148
1.1707732369977748,0.4463726204972844,0.4874923242624176,1,0.02026398556857398
1.1711682160021155,0.4463726204972844,0.4874923242624176,1,0.02026398556857398
1.1721193420016789,0.4463726204972844,0.4874923242624176,1,0.02026398556857398
1.1730817319985363,0.4463726204972844,0.4874923242624176,1,0.02026398556857398
1.1740103129995987,0.4463726204972844,0.4874923242624176,1,0.02026398556857398
1.1749478319979971,0.4463726204972844,0.4874923242624176,1,0.02026398556857398
1.175903647999803,0.4463726204972844,0.4874923242624176,1,0.02026398556857398
1.176294513999892,0.4463726204972844,0.4874923242624176,1,0.02026398556857398
1.1772584909995203,0.4463726204972844,0.4874923242624176,1,0.02026398556857398
1.1782427669968456,0.4463726204972844,0.4874923242624176,1,0.02026398556857398
1.1792256959961378,0.4463726204972844,0.4874923242624176,1,0.02026398556857398
1.180236469997908,0.4498720479456652,0.4854786662954905,1,0.016263074887324393
1.1812308290027431,0.4498720479456652,0.4854786662954905,1,0.016263074887324393
1.182152078996296,0.4498720479456652,0.4854786662954905,1,0.016263074887324393
1.1831272589988657,0.4498720479456652,0.4854786662954905,1,0.016263074887324393
1.1840910329992766,0.4498720479456652,0.4854786662954905,1,0.016263074887324393
1.1850626610030304,0.4498720479456652,0.4854786662954905,1,0.016263074887324393
1.1855044510011794,0.4498720479456652,0.4854786662954905,1,0.016263074887324393
1.1864743659971282,0.4498720479456652,0.4854786662954905,1,0.016263074887324393
1.187428479999653,0.4498720479456652,0.4854786662954905,1,0.016263074887324393
1.1884392840001965,0.4498720479456652,0.4854786662954905,1,0.016263074887324393
1.1891478649995406,0.4498720479456652,0.4854786662954905,1,0.016263074887324393
1.190021827002056,0.4498720479456652,0.4854786662954905,1,0.016263074887324393
1.1904216100010672,0.4498720479456652,0.4854786662954905,1,0.016263074887324393
1.1914227399975061,0.45338016586271085,0.4834704696764722,1,0.012283166845574135
1.1921459840013995,0.45338016586271085,0.4834704696764722,1,0.012283166845574135
1.1928721649965155,0.45338016586271085,0.4834704696764722,1,0.012283166845574135
1.1937859259996912,0.45338016586271085,0.4834704696764722,1,0.012283166845574135
1.1946974020029302,0.45338016586271085,0.4834704696764722,1,0.012283166845574135
1.1956150559999514,0.45338016586271085,0.4834704696764722,1,0.012283166845574135
1.1965122300025541,0.45338016586271085,0.4834704696764722,1,0.012283166845574135
1.1974502770026447,0.45338016586271085,0.4834704696764722,1,0.012283166845574135
1.1978411189993494,0.45338016586271085,0.4834704696764722,1,0.012283166845574135
1.1988261660007993,0.45338016586271085,0.4834704696764722,1,0.012283166845574135
1.1997578549999162,0.45338016586271085,0.4834704696764722,1,0.012283166845574135
1.2007745419978164,0.45338016586271085,0.4834704696764722,1,0.012283166845574135
1.2015961029974278,0.45338016586271085,0.4834704696764722,1,0.012283166845574135
1.2026069429994095,0.45338016586271085,0.4834704696764722,1,0.012283166845574135
1.203049675001239,0.45338016586271085,0.4834704696764722,1,0.012283166845574135
1.2040911099975347,0.45338016586271085,0.4834704696764722,1,0.012283166845574135
1.2050705529982224,0.45338016586271085,0.4834704696764722,1,0.012283166845574135
1.2054594279979938,0.45338016586271085,0.4834704696764722,1,0.012283166845574135
1.2064307059990824,0.4568962349029139,0.48146693988419575,1,0.008361260620861347
1.2070658290031133,0.4568962349029139,0.48146693988419575,1,0.008361260620861347
1.207753358001355,0.4568962349029139,0.48146693988419575,1,0.008361260620861347
1.208499929998652,0.4568962349029139,0.48146693988419575,1,0.008361260620861347
1.2093528519981191,0.4568962349029139,0.48146693988419575,1,0.008361260620861347
1.2101464389998,0.4568962349029139,0.48146693988419575,1,0.008361260620861347
1.2104024820000632,0.4568962349029139,0.48146693988419575,1,0.008361260620861347
1.2110762340016663,0.4568962349029139,0.48146693988419575,1,0.008361260620861347
1.2121490880017518,0.4568962349029139,0.48146693988419575,1,0.008361260620861347
1.2128573579975637,0.4568962349029139,0.48146693988419575,1,0.008361260620861347
1.2132562229962787,0.4568962349029139,0.48146693988419575,1,0.008361260620861347
1.214311365998583,0.4568962349029139,0.48146693988419575,1,0.008361260620861347
1.2153097659975174,0.4568962349029139,0.48146693988419575,1,0.008361260620861347
1.2162921310009551,0.4568962349029139,0.48146693988419575,1,0.008361260620861347
1.2172769059980055,0.4604195295133597,0.4794672729061955,1,0.0046582452436881696
1.2182607209979324,0.4604195295133597,0.4794672729061955,1,0.0046582452436881696
1.2192163549989345,0.4604195295133597,0.4794672729061955,1,0.0046582452436881696
1.2201405000014347,0.4604195295133597,0.4794672729061955,1,0.0046582452436881696
1.220523277996108,0.4604195295133597,0.4794672729061955,1,0.0046582452436881696
1.2219871650013374,0.4604195295133597,0.4794672729061955,1,0.0046582452436881696
1.2229430579973268,0.4604195295133597,0.4794672729061955,1,0.0046582452436881696
1.223849408001115,0.4604195295133597,0.4794672729061955,1,0.0046582452436881696
1.2248167299985653,0.4604195295133597,0.4794672729061955,1,0.0046582452436881696
1.225796190003166,0.4639501362065926,0.47747206830530275,1,0.0025201346847465445
1.226181115001964,0.4639501362065926,0.47747206830530275,1,0.0025201346847465445
1.2271150730011868,0.4639501362065926,0.47747206830530275,1,0.0025201346847465445
1.227979575000063,0.4639501362065926,0.47747206830530275,1,0.0025201346847465445
1.2288912349977181,0.4639501362065926,0.47747206830530275,1,0.0025201346847465445
1.229904264997458,0.4639501362065926,0.47747206830530275,1,0.0025201346847465445
1.2309349720017053,0.4639501362065926,0.47747206830530275,1,0.0025201346847465445
1.2318501429981552,0.4639501362065926,0.47747206830530275,1,0.0025201346847465445
1.2327808190020733,0.4639501362065926,0.47747206830530275,1,0.0025201346847465445
1.2336883190000663,0.4639501362065926,0.47747206830530275,1,0.0025201346847465445
1.2346042069984833,0.4639501362065926,0.47747206830530275,1,0.0025201346847465445
1.2355785420004395,0.4639501362065926,0.47747206830530275,1,0.0025201346847465445
1.2359651079968899,0.4639501362065926,0.47747206830530275,1,0.0025201346847465445
1.2368552330008242,0.4639501362065926,0.47747206830530275,1,0.0025201346847465445
1.2377782850016956,0.4639501362065926,0.47747206830530275,1,0.0025201346847465445
1.238127431999601,0.4639501362065926,0.47747206830530275,1,0.0025201346847465445
1.2390701370022725,0.4639501362065926,0.47747206830530275,1,0.0025201346847465445
1.240002414000628,0.4639501362065926,0.47747206830530275,1,0.0025201346847465445
1.240932246997545,0.46748761520413434,0.4754809764505574,1,0.004895227096574389
1.2418245689987089,0.46748761520413434,0.4754809764505574,1,0.004895227096574389
1.24279439500242,0.46748761520413434,0.4754809764505574,1,0.004895227096574389
1.2437181269997382,0.46748761520413434,0.4754809764505574,1,0.004895227096574389
1.2446492960007163,0.46748761520413434,0.4754809764505574,1,0.004895227096574389
1.2455687280016718,0.46748761520413434,0.4754809764505574,1,0.004895227096574389
1.2464379419980105,0.46748761520413434,0.4754809764505574,1,0.004895227096574389
1.2468338260005112,0.46748761520413434,0.4754809764505574,1,0.004895227096574389
1.247819359996356,0.46748761520413434,0.4754809764505574,1,0.004895227096574389
1.2482203640029184,0.46748761520413434,0.4754809764505574,1,0.004895227096574389
1.2491880449961172,0.46748761520413434,0.4754809764505574,1,0.004895227096574389
1.25022117899789,0.46748761520413434,0.4754809764505574,1,0.004895227096574389
1.2512923559988849,0.47068428915693794,0.47358196450693196,1,0.008280562635218905
1.2516983730020002,0.47068428915693794,0.47358196450693196,1,0.008280562635218905
1.2527113730029669,0.47068428915693794,0.47358196450693196,1,0.008280562635218905
1.2537217159988359,0.47068428915693794,0.47358196450693196,1,0.008280562635218905
1.2547241790016415,0.47068428915693794,0.47358196450693196,1,0.008280562635218905
1.2556994629994733,0.47068428915693794,0.47358196450693196,1,0.008280562635218905
1.2561159489996498,0.47068428915693794,0.47358196450693196,1,0.008280562635218905
1.2570833779973327,0.47002596974503874,0.4737467730152738,1,0.007602268671199044
1.2580117219986278,0.47002596974503874,0.4737467730152738,1,0.007602268671199044
1.2587621880011284,0.47002596974503874,0.4737467730152738,1,0.007602268671199044
1.2595452559980913,0.47002596974503874,0.4737467730152738,1,0.007602268671199044
1.2603897090011742,0.47002596974503874,0.4737467730152738,1,0.007602268671199044
1.2609420509979827,0.47002596974503874,0.4737467730152738,1,0.007602268671199044
1.261613650000072,0.47002596974503874,0.4737467730152738,1,0.007602268671199044
1.2625555470003746,0.47002596974503874,0.4737467730152738,1,0.007602268671199044
1.2634619669988751,0.47002596974503874,0.4737467730152738,1,0.007602268671199044
1.2643600270021125,0.47002596974503874,0.4737467730152738,1,0.007602268671199044
1.265244772999722,0.47357368451254855,0.47175884716835437,1,0.011551175809807001
1.266116056998726,0.47357368451254855,0.47175884716835437,1,0.011551175809807001
1.2669749159977073,0.47357368451254855,0.47175884716835437,1,0.011551175809807001
1.2679207920009503,0.47357368451254855,0.47175884716835437,1,0.011551175809807001
1.2688071439988562,0.47357368451254855,0.47175884716835437,1,0.011551175809807001
1.269655721996969,0.47357368451254855,0.47175884716835437,1,0.011551175809807001
1.2704946259982535,0.47357368451254855,0.47175884716835437,1,0.011551175809807001
1.271498308997252,0.47357368451254855,0.47175884716835437,1,0.011551175809807001
1.2757096920031472,0.47357368451254855,0.47175884716835437,1,0.011551175809807001
1.276196669001365,0.47357368451254855,0.47175884716835437,1,0.011551175809807001
1.2772372600011295,0.47357368451254855,0.47175884716835437,1,0.011551175809807001
1.2782366199971875,0.4771280706958507,0.46977583234280185,1,0.015565353223636471
1.2785810819987091,0.4771280706958507,0.46977583234280185,1,0.015565353223636471
1.2794469259970356,0.4771280706958507,0.46977583234280185,1,0.015565353223636471
1.2804320490031387,0.4771280706958507,0.46977583234280185,1,0.015565353223636471
1.2813217980001355,0.4771280706958507,0.46977583234280185,1,0.015565353223636471
1.2817642849986441,0.4771280706958507,0.46977583234280185,1,0.015565353223636471
1.2825661649985705,0.4771280706958507,0.46977583234280185,1,0.015565353223636471
1.2833356310002273,0.4807075090774384,0.4677869330705099,1,0.019628007399129177
1.284092772002623,0.4807075090774384,0.4677869330705099,1,0.019628007399129177
1.2850683229989954,0.4807075090774384,0.4677869330705099,1,0.019628007399129177
1.28610920200299,0.4807075090774384,0.4677869330705099,1,0.019628007399129177
1.2870115059995442,0.4807075090774384,0.4677869330705099,1,0.019628007399129177
1.288823107999633,0.4807075090774384,0.4677869330705099,1,0.019628007399129177
1.2899290939967614,0.4807075090774384,0.4677869330705099,1,0.019628007399129177
1.2908364239992807,0.4807075090774384,0.4677869330705099,1,0.019628007399129177
1.2919308330019703,0.4807075090774384,0.4677869330705099,1,0.019628007399129177
1.2922527760019875,0.4807075090774384,0.4677869330705099,1,0.019628007399129177
1.292902717999823,0.4807075090774384,0.4677869330705099,1,0.019628007399129177
1.2934678699966753,0.48433010277025645,0.46578294059408576,1,0.0237473367915846
1.2940075689984951,0.48433010277025645,0.46578294059408576,1,0.0237473367915846
1.2946937739980058,0.48433010277025645,0.46578294059408576,1,0.0237473367915846
1.2953912969969679,0.48433010277025645,0.46578294059408576,1,0.0237473367915846
1.296198957003071,0.48433010277025645,0.46578294059408576,1,0.0237473367915846
1.296826969999529,0.48433010277025645,0.46578294059408576,1,0.0237473367915846
1.2971271150017856,0.48433010277025645,0.46578294059408576,1,0.0237473367915846
1.297701921997941,0.48433010277025645,0.46578294059408576,1,0.0237473367915846
1.2983245529976557,0.48433010277025645,0.46578294059408576,1,0.0237473367915846
1.2988557790013147,0.48433010277025645,0.46578294059408576,1,0.0237473367915846
1.2994697699978133,0.48433010277025645,0.46578294059408576,1,0.0237473367915846
1.3001308599996264,0.487993807422337,0.4637646140386451,1,0.027916128926199008
1.3007844559979276,0.487993807422337,0.4637646140386451,1,0.027916128926199008
1.3016978119994747,0.487993807422337,0.4637646140386451,1,0.027916128926199008
1.3019914149990655,0.487993807422337,0.4637646140386451,1,0.027916128926199008
1.3026373440006864,0.487993807422337,0.4637646140386451,1,0.027916128926199008
1.3033965560025536,0.487993807422337,0.4637646140386451,1,0.027916128926199008
1.304071215003205,0.487993807422337,0.4637646140386451,1,0.027916128926199008
1.3046669190007378,0.487993807422337,0.4637646140386451,1,0.027916128926199008
1.305808306002291,0.487993807422337,0.4637646140386451,1,0.027916128926199008
1.3062146329975803,0.487993807422337,0.4637646140386451,1,0.027916128926199008
1.307149701002345,0.487993807422337,0.4637646140386451,1,0.027916128926199008
1.3081211489989073,0.487993807422337,0.4637646140386451,1,0.027916128926199008
1.3090723790010088,0.4916972129808873,0.4617336525655412,1,0.032129898458178714
1.309957053999824,0.4916972129808873,0.4617336525655412,1,0.032129898458178714
1.31084133299737,0.4916972129808873,0.4617336525655412,1,0.032129898458178714
1.311214793997351,0.4916972129808873,0.4617336525655412,1,0.032129898458178714
1.3120932660021936,0.4916972129808873,0.4617336525655412,1,0.032129898458178714
1.3129340329978731,0.4916972129808873,0.4617336525655412,1,0.032129898458178714
1.3137827500031563,0.4916972129808873,0.4617336525655412,1,0.032129898458178714
1.3146744449986727,0.4916972129808873,0.4617336525655412,1,0.032129898458178714
1.3156250649990398,0.4916972129808873,0.4617336525655412,1,0.032129898458178714
1.3165181349977502,0.4916972129808873,0.4617336525655412,1,0.032129898458178714
1.3174528189992998,0.4916972129808873,0.4617336525655412,1,0.032129898458178714
1.3183469060022617,0.4954384262814532,0.45969067660454466,1,0.03638528154416032
1.3187088659979054,0.4954384262814532,0.45969067660454466,1,0.03638528154416032
1.3195673739974154,0.4954384262814532,0.45969067660454466,1,0.03638528154416032
1.3204643439967185,0.4954384262814532,0.45969067660454466,1,0.03638528154416032
1.3214256080027553,0.4954384262814532,0.45969067660454466,1,0.03638528154416032
1.3224254919987288,0.4954384262814532,0.45969067660454466,1,0.03638528154416032
1.323426142000244,0.4954384262814532,0.45969067660454466,1,0.03638528154416032
1.3243110870025703,0.4954384262814532,0.45969067660454466,1,0.03638528154416032
1.3251637579960516,0.4954384262814532,0.45969067660454466,1,0.03638528154416032
1.326013325000531,0.4954384262814532,0.45969067660454466,1,0.03638528154416032
1.3263829939969582,0.4954384262814532,0.45969067660454466,1,0.03638528154416032
1.3272588990002987,0.4954384262814532,0.45969067660454466,1,0.03638528154416032
1.3281626509997295,0.49921619884562984,0.4576372938844028,1,0.04067963650673294
1.3290756040005363,0.49921619884562984,0.4576372938844028,1,0.04067963650673294
1.330064276997291,0.49921619884562984,0.4576372938844028,1,0.04067963650673294
1.3310473050005385,0.49921619884562984,0.4576372938844028,1,0.04067963650673294
1.3314759510030854,0.49921619884562984,0.4576372938844028,1,0.04067963650673294
1.3323675770006957,0.49921619884562984,0.4576372938844028,1,0.04067963650673294
1.3333376099981251,0.49921619884562984,0.4576372938844028,1,0.04067963650673294
1.3342634099972202,0.49921619884562984,0.4576372938844028,1,0.04067963650673294
1.335185862997605,0.49921619884562984,0.4576372938844028,1,0.04067963650673294
1.3389011309991474,0.49921619884562984,0.4576372938844028,1,0.04067963650673294
1.3393383660004474,0.49921619884562984,0.4576372938844028,1,0.04067963650673294
1.340252344001783,0.49921619884562984,0.4576372938844028,1,0.04067963650673294
1.3406617669970728,0.49921619884562984,0.4576372938844028,1,0.04067963650673294
1.3416054830013309,0.5030287747219888,0.45557399824089695,1,0.04501064395180769
1.3426384109989158,0.5030287747219888,0.45557399824089695,1,0.04501064395180769
1.3430708029991365,0.5030287747219888,0.45557399824089695,1,0.04501064395180769
1.3440983710024739,0.5030287747219888,0.45557399824089695,1,0.04501064395180769
1.345094826996501,0.5030287747219888,0.45557399824089695,1,0.04501064395180769
1.3454838909965474,0.5030287747219888,0.45557399824089695,1,0.04501064395180769
1.346408113000507,0.5030287747219888,0.45557399824089695,1,0.04501064395180769
1.3473821469960967,0.5030287747219888,0.45557399824089695,1,0.04501064395180769
1.3483496059998288,0.5030287747219888,0.45557399824089695,1,0.04501064395180769
1.349370784999337,0.5030287747219888,0.45557399824089695,1,0.04501064395180769
1.3503771550022066,0.5030287747219888,0.45557399824089695,1,0.04501064395180769
1.3507956539979205,0.5030287747219888,0.45557399824089695,1,0.04501064395180769
1.3518868609971832,0.5030287747219888,0.45557399824089695,1,0.04501064395180769
1.3529289369980688,0.5068750517593429,0.45350231477414216,1,0.04937630056298337
1.3539351970030111,0.5068750517593429,0.45350231477414216,1,0.04937630056298337
1.3543304449995048,0.5068750517593429,0.45350231477414216,1,0.04937630056298337
1.3553339569989475,0.5068750517593429,0.45350231477414216,1,0.04937630056298337
1.3563154700023006,0.5068750517593429,0.45350231477414216,1,0.04937630056298337
1.3572981920005986,0.510753398636619,0.45142262186116244,1,0.053774739072323066
1.358253988000797,0.510753398636619,0.45142262186116244,1,0.053774739072323066
1.358645638996677,0.510753398636619,0.45142262186116244,1,0.053774739072323066
1.3596101709990762,0.510753398636619,0.45142262186116244,1,0.053774739072323066
1.3606331620030687,0.510753398636619,0.45142262186116244,1,0.053774739072323066
1.3616011269987212,0.5146628457172647,0.4493363699840148,1,0.058204281271282125
1.3625240010005655,0.5146628457172647,0.4493363699840148,1,0.058204281271282125
1.362907463000738,0.5146628457172647,0.4493363699840148,1,0.058204281271282125
1.3638426620018436,0.5146628457172647,0.4493363699840148,1,0.058204281271282125
1.3647705629991833,0.5146628457172647,0.4493363699840148,1,0.058204281271282125
1.3656922840018524,0.5146628457172647,0.4493363699840148,1,0.058204281271282125
1.3660771880022367,0.5146628457172647,0.4493363699840148,1,0.058204281271282125
1.3669644490000792,0.5146628457172647,0.4493363699840148,1,0.058204281271282125
1.367914483002096,0.5146628457172647,0.4493363699840148,1,0.058204281271282125
1.368874081003014,0.5146628457172647,0.4493363699840148,1,0.058204281271282125
1.3698559409967856,0.5146628457172647,0.4493363699840148,1,0.058204281271282125
1.3707852809966425,0.5146628457172647,0.4493363699840148,1,0.058204281271282125
1.3716904019966023,0.5146628457172647,0.4493363699840148,1,0.058204281271282125
1.3720886209994205,0.5146628457172647,0.4493363699840148,1,0.058204281271282125
1.373047825996764,0.5146628457172647,0.4493363699840148,1,0.058204281271282125
1.373981160002586,0.5185987924674715,0.4472454659450755,1,0.06265984006348992
1.3749460309991264,0.5185987924674715,0.4472454659450755,1,0.06265984006348992
1.3758451620014966,0.5185987924674715,0.4472454659450755,1,0.06265984006348992
1.3768157169979531,0.5185987924674715,0.4472454659450755,1,0.06265984006348992
1.3772049140025047,0.5185987924674715,0.4472454659450755,1,0.06265984006348992
1.3781267040030798,0.5185987924674715,0.4472454659450755,1,0.06265984006348992
1.3790739460018813,0.5225574400345994,0.44515282373899256,1,0.06713662746109444
1.379999933000363,0.5225574400345994,0.44515282373899256,1,0.06713662746109444
1.3809679909973056,0.5225574400345994,0.44515282373899256,1,0.06713662746109444
1.3819305169963627,0.5225574400345994,0.44515282373899256,1,0.06713662746109444
1.3828456210030708,0.5225574400345994,0.44515282373899256,1,0.06713662746109444
1.3832433630013838,0.5225574400345994,0.44515282373899256,1,0.06713662746109444
1.3842613539964077,0.5225574400345994,0.44515282373899256,1,0.06713662746109444
1.3852181900001597,0.5225574400345994,0.44515282373899256,1,0.06713662746109444
1.3861815240015858,0.5225574400345994,0.44515282373899256,1,0.06713662746109444
1.3865314060021774,0.5225574400345994,0.44515282373899256,1,0.06713662746109444
1.38746673699643,0.5225574400345994,0.44515282373899256,1,0.06713662746109444
1.3884384769989992,0.5225574400345994,0.44515282373899256,1,0.06713662746109444
1.3894709079977474,0.526537333315881,0.44305784826122296,1,0.07163354857568542
1.390453225998499,0.526537333315881,0.44305784826122296,1,0.07163354857568542
1.3912830310000572,0.526537333315881,0.44305784826122296,1,0.07163354857568542
1.3920574500007206,0.526537333315881,0.44305784826122296,1,0.07163354857568542
1.3928172949963482,0.526537333315881,0.44305784826122296,1,0.07163354857568542
1.3931517079981859,0.526537333315881,0.44305784826122296,1,0.07163354857568542
1.3938954550030758,0.526537333315881,0.44305784826122296,1,0.07163354857568542
1.3946264240003075,0.526537333315881,0.44305784826122296,1,0.07163354857568542
1.3953543239986175,0.526537333315881,0.44305784826122296,1,0.07163354857568542
1.3961705129986512,0.526537333315881,0.44305784826122296,1,0.07163354857568542
1.3964223570001195,0.526537333315881,0.44305784826122296,1,0.07163354857568542
1.3969959230016684,0.526537333315881,0.44305784826122296,1,0.07163354857568542
1.3979414019995602,0.5329841109247949,0.44159408283812174,1,0.07806441559535712
1.398730187000183,0.5329841109247949,0.44159408283812174,1,0.07806441559535712
1.399578691998613,0.5329841109247949,0.44159408283812174,1,0.07806441559535712
1.4005842659971677,0.5329841109247949,0.44159408283812174,1,0.07806441559535712
1.401575566000247,0.5329841109247949,0.44159408283812174,1,0.07806441559535712
1.402578030996665,0.5370261900471842,0.43953885100152845,1,0.08259783272434734
1.4035458470025333,0.5370261900471842,0.43953885100152845,1,0.08259783272434734
1.4039467679976951,0.5370261900471842,0.43953885100152845,1,0.08259783272434734
1.4049150080027175,0.5370261900471842,0.43953885100152845,1,0.08259783272434734
1.405317422002554,0.5370261900471842,0.43953885100152845,1,0.08259783272434734
1.406316581000283,0.5370261900471842,0.43953885100152845,1,0.08259783272434734
1.406710025999928,0.5370261900471842,0.43953885100152845,1,0.08259783272434734
1.4076656219986035,0.5370261900471842,0.43953885100152845,1,0.08259783272434734
1.4086147339985473,0.5370261900471842,0.43953885100152845,1,0.08259783272434734
1.4095608650022768,0.5370261900471842,0.43953885100152845,1,0.08259783272434734
1.4104938079981366,0.5370261900471842,0.43953885100152845,1,0.08259783272434734
1.4114687620021868,0.5370261900471842,0.43953885100152845,1,0.08259783272434734
1.4118648639996536,0.5370261900471842,0.43953885100152845,1,0.08259783272434734
1.4128040860014153,0.5370261900471842,0.43953885100152845,1,0.08259783272434734
1.4137443880026694,0.5410866153080206,0.43748181398331043,1,0.08714867846331874
1.414751377000357,0.5410866153080206,0.43748181398331043,1,0.08714867846331874
1.4160734670003876,0.5410866153080206,0.43748181398331043,1,0.08714867846331874
1.4172127769998042,0.5410866153080206,0.43748181398331043,1,0.08714867846331874
1.4182812479994027,0.5410866153080206,0.43748181398331043,1,0.08714867846331874
1.4195954679962597,0.5410866153080206,0.43748181398331043,1,0.08714867846331874
1.420813115000783,0.5410866153080206,0.43748181398331043,1,0.08714867846331874
1.4212306050030747,0.5410866153080206,0.43748181398331043,1,0.08714867846331874
1.422279272999731,0.5410866153080206,0.43748181398331043,1,0.08714867846331874
1.4232204720028676,0.5410866153080206,0.43748181398331043,1,0.08714867846331874
1.4241824659984559,0.5410866153080206,0.43748181398331043,1,0.08714867846331874
1.4251339219990768,0.5410866153080206,0.43748181398331043,1,0.08714867846331874
1.4262169930007076,0.5410866153080206,0.43748181398331043,1,0.08714867846331874
1.427184252999723,0.5410866153080206,0.43748181398331043,1,0.08714867846331874
1.4281341599998996,0.5410866153080206,0.43748181398331043,1,0.08714867846331874
1.428516430001764,0.5410866153080206,0.43748181398331043,1,0.08714867846331874
1.4295086089987308,0.5410866153080206,0.43748181398331043,1,0.08714867846331874
1.4299057940006605,0.5410866153080206,0.43748181398331043,1,0.08714867846331874
1.4308738089966937,0.5410866153080206,0.43748181398331043,1,0.08714867846331874
1.4318512850004481,0.54516498986699,0.43542402001890734,1,0.0917161029876287
1.432927900001232,0.54516498986699,0.43542402001890734,1,0.0917161029876287
1.4339530840006773,0.54516498986699,0.43542402001890734,1,0.0917161029876287
1.4343798940026318,0.54516498986699,0.43542402001890734,1,0.0917161029876287
1.435425010000472,0.54516498986699,0.43542402001890734,1,0.0917161029876287
1.4364579359971685,0.54516498986699,0.43542402001890734,1,0.0917161029876287
1.4374443589986186,0.54516498986699,0.4354240200189073,1,0.09171610298762872
1.4384026120023918,0.54516498986699,0.4354240200189073,1,0.09171610298762872
1.4393879389972426,0.54516498986699,0.4354240200189073,1,0.09171610298762872
1.4397797799974796,0.54516498986699,0.4354240200189073,1,0.09171610298762872
1.4407314999989467,0.54516498986699,0.4354240200189073,1,0.09171610298762872
1.4416842060018098,0.54516498986699,0.4354240200189073,1,0.09171610298762872
1.442613747996802,0.5492603353948192,0.43336528163529175,1,0.09629927763236959
1.4435574399976758,0.5492603353948192,0.43336528163529175,1,0.09629927763236959
1.443934529001126,0.5492603353948192,0.43336528163529175,1,0.09629927763236959
1.4448707310002646,0.5492603353948192,0.43336528163529175,1,0.09629927763236959
1.4458104860023013,0.5492603353948192,0.43336528163529175,1,0.09629927763236959
1.4467370939964894,0.5492603353948192,0.43336528163529175,1,0.09629927763236959
1.4476702449974255,0.5492603353948192,0.43336528163529175,1,0.09629927763236959
1.4480598969967104,0.5492603353948192,0.43336528163529175,1,0.09629927763236959
1.4489970229988103,0.5492603353948192,0.43336528163529175,1,0.09629927763236959
1.4499731120013166,0.5492603353948192,0.43336528163529175,1,0.09629927763236959
1.4509079830022529,0.5492603353948192,0.43336528163529175,1,0.09629927763236959
1.4518402969988529,0.5492603353948192,0.43336528163529175,1,0.09629927763236959
1.4527610869990895,0.5492603353948192,0.43336528163529175,1,0.09629927763236959
1.4537113580008736,0.5492603353948192,0.43336528163529175,1,0.09629927763236959
1.4546635820006486,0.5492603353948192,0.43336528163529175,1,0.09629927763236959
1.4556481960025849,0.5492603353948192,0.43336528163529175,1,0.09629927763236959
1.4560796480000135,0.5492603353948192,0.43336528163529175,1,0.09629927763236959
1.457173591996252,0.5492603353948192,0.43336528163529175,1,0.09629927763236959
1.4583024750027107,0.553372320592348,0.4313066143830553,2,0.09845749075944123
1.4592989759985358,0.553372320592348,0.4313066143830553,2,0.09845749075944123
1.459695384000952,0.553372320592348,0.4313066143830553,2,0.09845749075944123
1.4606278430001112,0.553372320592348,0.4313066143830553,2,0.09845749075944123
1.461551326996414,0.553372320592348,0.4313066143830553,2,0.09845749075944123
1.4624789919980685,0.553372320592348,0.4313066143830553,2,0.09845749075944123
1.4634349519983516,0.553372320592348,0.4313066143830553,2,0.09845749075944123
1.4780209210002795,0.553372320592348,0.4313066143830553,2,0.09845749075944123
1.4792874330014456,0.561640642209381,0.42719102590188507,2,0.08932610945095264
1.4796956299978774,0.561640642209381,0.42719102590188507,2,0.08932610945095264
1.4806667119992198,0.561640642209381,0.42719102590188507,2,0.08932610945095264
1.48105072099861,0.561640642209381,0.42719102590188507,2,0.08932610945095264
1.4820116280025104,0.561640642209381,0.42719102590188507,2,0.08932610945095264
1.4823901600029785,0.561640642209381,0.42719102590188507,2,0.08932610945095264
1.4833071289976942,0.561640642209381,0.42719102590188507,2,0.08932610945095264
1.4836611669961712,0.561640642209381,0.42719102590188507,2,0.08932610945095264
1.4845608469986473,0.561640642209381,0.42719102590188507,2,0.08932610945095264
1.4849114030002966,0.561640642209381,0.42719102590188507,2,0.08932610945095264
1.4857958599968697,0.561640642209381,0.42719102590188507,2,0.08932610945095264
1.486699941000552,0.5657908828156679,0.4251372479538159,2,0.08475827462515291
1.4875977440024144,0.5657908828156679,0.4251372479538159,2,0.08475827462515291
1.4885099000021,0.5657908828156679,0.4251372479538159,2,0.08475827462515291
1.489410563997808,0.5657908828156679,0.4251372479538159,2,0.08475827462515291
1.4903002310020383,0.5657908828156679,0.4251372479538159,2,0.08475827462515291
1.4912035539964563,0.5657908828156679,0.4251372479538159,2,0.08475827462515291
1.4920861549981055,0.5657908828156679,0.4251372479538159,2,0.08475827462515291
1.4930139939970104,0.5657908828156679,0.4251372479538159,2,0.08475827462515291
1.4939522950007813,0.5657908828156679,0.4251372479538159,2,0.08475827462515291
1.4948525220024749,0.5657908828156679,0.4251372479538159,2,0.08475827462515291
1.495796317998611,0.5657908828156679,0.4251372479538159,2,0.08475827462515291
1.496719069997198,0.5657908828156679,0.4251372479538159,2,0.08475827462515291
1.497631863996503,0.5657908828156679,0.4251372479538159,2,0.08475827462515291
1.498566085996572,0.5657908828156679,0.4251372479538159,2,0.08475827462515291
1.4995245179961785,0.5657908828156679,0.4251372479538159,2,0.08475827462515291
1.4999126710026758,0.5657908828156679,0.4251372479538159,2,0.08475827462515291
1.5008438669974566,0.5699507515790453,0.42308726569518096,2,0.08019217116392378
1.501807809996535,0.5699507515790453,0.42308726569518096,2,0.08019217116392378
1.5028272080016905,0.5699507515790453,0.42308726569518096,2,0.08019217116392378
1.5039113699967857,0.5699507515790453,0.42308726569518096,2,0.08019217116392378
1.5043383209995227,0.5699507515790453,0.42308726569518096,2,0.08019217116392378
1.5054344879972632,0.5699507515790453,0.42308726569518096,2,0.08019217116392378
1.5064673340020818,0.5699507515790453,0.42308726569518096,2,0.08019217116392378
1.5068614639967564,0.5699507515790453,0.42308726569518096,2,0.08019217116392378
1.5078397749966825,0.5699507515790453,0.42308726569518096,2,0.08019217116392378
1.5087953010006458,0.5699507515790453,0.42308726569518096,2,0.08019217116392378
1.5097262589988532,0.5699507515790453,0.42308726569518096,2,0.08019217116392378
1.5106663210026454,0.5699507515790453,0.42308726569518096,2,0.08019217116392378
1.511051294997742,0.5699507515790453,0.42308726569518096,2,0.08019217116392378
1.511992059997283,0.5741193349177466,0.4210399965355046,2,0.07562946522773897
1.5130177559985896,0.5741193349177466,0.4210399965355046,2,0.07562946522773897
1.5134449909965042,0.5741193349177466,0.4210399965355046,2,0.07562946522773897
1.5144252969985246,0.5741193349177466,0.4210399965355046,2,0.07562946522773897
1.5154073360026814,0.5741193349177466,0.4210399965355046,2,0.07562946522773897
1.5163661850019707,0.5741193349177466,0.4210399965355046,2,0.07562946522773897
1.5173400549974758,0.5741193349177466,0.4210399965355046,2,0.07562946522773897
1.5183582480021869,0.5741193349177466,0.4210399965355046,2,0.07562946522773897
1.5187516270016204,0.5741193349177466,0.4210399965355046,2,0.07562946522773897
1.519699832999322,0.5741193349177466,0.4210399965355046,2,0.07562946522773897
1.5206399399976362,0.5741193349177466,0.4210399965355046,2,0.07562946522773897
1.5215848770021694,0.5741193349177466,0.4210399965355046,2,0.07562946522773897
1.522526269996888,0.5782957353683509,0.41899434336229757,2,0.071072143081096
1.5234314530025586,0.5782957353683509,0.41899434336229757,2,0.071072143081096
1.5243227969986037,0.5782957353683509,0.41899434336229757,2,0.071072143081096
1.5252091369984555,0.5782957353683509,0.41899434336229757,2,0.071072143081096
1.526067079998029,0.5782957353683509,0.41899434336229757,2,0.071072143081096
1.5269577799990657,0.5782957353683509,0.41899434336229757,2,0.071072143081096
1.527344477995939,0.5782957353683509,0.41899434336229757,2,0.071072143081096
1.5282288829985191,0.5782957353683509,0.41899434336229757,2,0.071072143081096
1.5290951700008009,0.5782957353683509,0.41899434336229757,2,0.071072143081096
1.5299452039980679,0.5782957353683509,0.41899434336229757,2,0.071072143081096
1.5307989880020614,0.5782957353683509,0.41899434336229757,2,0.071072143081096
1.5321498810008052,0.5824799967439861,0.41695109091999816,2,0.0665230918522411
1.5331382320000557,0.5824799967439861,0.41695109091999816,2,0.0665230918522411
1.5340664260002086,0.5824799967439861,0.41695109091999816,2,0.0665230918522411
1.535018078997382,0.5824799967439861,0.41695109091999816,2,0.0665230918522411
1.5359710100019583,0.5824799967439861,0.41695109091999816,2,0.0665230918522411
1.5369539480016101,0.5824799967439861,0.41695109091999816,2,0.0665230918522411
1.537878336996073,0.5824799967439861,0.41695109091999816,2,0.0665230918522411
1.5387922590016387,0.5824799967439861,0.41695109091999816,2,0.0665230918522411
1.5397017799987225,0.5824799967439861,0.41695109091999816,2,0.0665230918522411
1.5406293310006731,0.5824799967439861,0.41695109091999816,2,0.0665230918522411
1.5415612310025608,0.5824799967439861,0.41695109091999816,2,0.0665230918522411
1.5419591329991817,0.5824799967439861,0.41695109091999816,2,0.0665230918522411
1.542890336997516,0.5824799967439861,0.41695109091999816,2,0.0665230918522411
1.543824203996337,0.5824799967439861,0.41695109091999816,2,0.0665230918522411
1.5447619710030267,0.5824799967439861,0.41695109091999816,2,0.0665230918522411
1.5451770599975134,0.5824799967439861,0.41695109091999816,2,0.0665230918522411
1.5461328820019844,0.5824799967439861,0.41695109091999816,2,0.0665230918522411
1.5470735670023714,0.5866715563968928,0.41490975155270093,2,0.061985608060070724
1.5480581750016427,0.5866715563968928,0.41490975155270093,2,0.061985608060070724
1.5490169909971883,0.5866715563968928,0.41490975155270093,2,0.061985608060070724
1.5494294419986545,0.5866715563968928,0.41490975155270093,2,0.061985608060070724
1.5504117820019019,0.5866715563968928,0.41490975155270093,2,0.061985608060070724
1.551503798997146,0.5866715563968928,0.41490975155270093,2,0.061985608060070724
1.5525359230014146,0.588108854426241,0.4175239630322677,2,0.0626200151134652
1.5535469699971145,0.588108854426241,0.4175239630322677,2,0.0626200151134652
1.55395455800317,0.588108854426241,0.4175239630322677,2,0.0626200151134652
1.5549370349981473,0.588108854426241,0.4175239630322677,2,0.0626200151134652
1.5559108599991305,0.588108854426241,0.4175239630322677,2,0.0626200151134652
1.556867182996939,0.588108854426241,0.4175239630322677,2,0.0626200151134652
1.5577980410016607,0.5955089556421236,0.42135016728357705,2,0.060246908477664805
1.5587311369963572,0.5955089556421236,0.42135016728357705,2,0.060246908477664805
1.559230163002212,0.5955089556421236,0.42135016728357705,2,0.060246908477664805
1.5602318919991376,0.5955089556421236,0.42135016728357705,2,0.060246908477664805
1.5614963569969404,0.5955089556421236,0.42135016728357705,2,0.060246908477664805
1.5624919510009931,0.5955089556421236,0.42135016728357705,2,0.060246908477664805
1.5628896569978679,0.5955089556421236,0.42135016728357705,2,0.060246908477664805
1.5641488659966853,0.599738425873585,0.41936342638373225,2,0.056035993031836616
1.5652622440029518,0.599738425873585,0.41936342638373225,2,0.056035993031836616
1.56667633500183,0.599738425873585,0.41936342638373225,2,0.056035993031836616
1.5677447720008786,0.599738425873585,0.41936342638373225,2,0.056035993031836616
1.5681475829987903,0.599738425873585,0.41936342638373225,2,0.056035993031836616
1.5690543390010134,0.599738425873585,0.41936342638373225,2,0.056035993031836616
1.5707579290028661,0.599738425873585,0.41936342638373225,2,0.056035993031836616
1.5719574839968118,0.599738425873585,0.41936342638373225,2,0.056035993031836616
1.5729351979971398,0.599738425873585,0.41936342638373225,2,0.056035993031836616
1.573853212998074,0.599738425873585,0.41936342638373225,2,0.056035993031836616
1.574781780000194,0.599738425873585,0.41936342638373225,2,0.056035993031836616
1.5757147039985284,0.6039747762768101,0.41737971358371306,2,0.0519026321860983
1.576114860996313,0.6039747762768101,0.41737971358371306,2,0.0519026321860983
1.5770446289971005,0.6039747762768101,0.41737971358371306,2,0.0519026321860983
1.5774298420001287,0.6039747762768101,0.41737971358371306,2,0.0519026321860983
1.578353707001952,0.6039747762768101,0.41737971358371306,2,0.0519026321860983
1.5792939820021274,0.6039747762768101,0.41737971358371306,2,0.0519026321860983
1.5801480559966876,0.6039747762768101,0.41737971358371306,2,0.0519026321860983
1.581025512998167,0.6039747762768101,0.41737971358371306,2,0.0519026321860983
1.5818255310005043,0.6039747762768101,0.41737971358371306,2,0.0519026321860983
1.582079291001719,0.6039747762768101,0.41737971358371306,2,0.0519026321860983
1.5829061530021136,0.6039747762768101,0.41737971358371306,2,0.0519026321860983
1.5837278010003502,0.6039747762768101,0.41737971358371306,2,0.0519026321860983
1.5844565130028059,0.6039747762768101,0.41737971358371306,2,0.0519026321860983
1.585298676000093,0.6082160696780344,0.4153991657310856,2,0.04786954293583116
1.5856887530026142,0.6082160696780344,0.4153991657310856,2,0.04786954293583116
1.5866689100002986,0.6082160696780344,0.4153991657310856,2,0.04786954293583116
1.5877759240029263,0.6082160696780344,0.4153991657310856,2,0.04786954293583116
1.5889829750012723,0.6082160696780344,0.4153991657310856,2,0.04786954293583116
1.5900952049996704,0.6082160696780344,0.4153991657310856,2,0.04786954293583116
1.5905233090015827,0.6082160696780344,0.4153991657310856,2,0.04786954293583116
1.591451189997315,0.6124610463777732,0.41342316575594523,2,0.04396715854441514
1.5923945719987387,0.6124610463777732,0.41342316575594523,2,0.04396715854441514
1.593316614998912,0.6124610463777732,0.41342316575594523,2,0.04396715854441514
1.5942322869959753,0.6124610463777732,0.41342316575594523,2,0.04396715854441514
1.5949166790014715,0.6124610463777732,0.41342316575594523,2,0.04396715854441514
1.5952702340000542,0.6124610463777732,0.41342316575594523,2,0.04396715854441514
1.59615730799851,0.6124610463777732,0.41342316575594523,2,0.04396715854441514
1.5970287840027595,0.6124610463777732,0.41342316575594523,2,0.04396715854441514
1.597908848998486,0.6124610463777732,0.41342316575594523,2,0.04396715854441514
1.5989641359992675,0.6124610463777732,0.41342316575594523,2,0.04396715854441514
1.5999250699969707,0.6124610463777732,0.41342316575594523,2,0.04396715854441514
1.6008391930008656,0.6167093409611265,0.41145110266461227,2,0.04023363616639636
1.6012117459977162,0.6167093409611265,0.41145110266461227,2,0.04023363616639636
1.602112134998606,0.6167093409611265,0.41145110266461227,2,0.04023363616639636
1.6030519209962222,0.6167093409611265,0.41145110266461227,2,0.04023363616639636
1.6041719229979208,0.6167093409611265,0.41145110266461227,2,0.04023363616639636
1.6051367319960264,0.6167093409611265,0.41145110266461227,2,0.04023363616639636
1.6056639879971044,0.6167093409611265,0.41145110266461227,2,0.04023363616639636
1.6070716419999371,0.6167093409611265,0.41145110266461227,2,0.04023363616639636
1.6087448830003268,0.6167093409611265,0.41145110266461227,2,0.04023363616639636
1.6097885799972573,0.6167093409611265,0.41145110266461227,2,0.04023363616639636
1.6102234509962727,0.6167093409611265,0.41145110266461227,2,0.04023363616639636
1.6113061419964652,0.6167093409611265,0.41145110266461227,2,0.04023363616639636
1.6122979970023152,0.6167093409611265,0.41145110266461227,2,0.04023363616639636
1.6131301860004896,0.6209611919261696,0.40948365705978146,2,0.03672158283635448
1.6135175050003454,0.6209611919261696,0.40948365705978146,2,0.03672158283635448
1.6144341390026966,0.6209611919261696,0.40948365705978146,2,0.03672158283635448
1.6153236839963938,0.6209611919261696,0.40948365705978146,2,0.03672158283635448
1.6162976019986672,0.6209611919261696,0.40948365705978146,2,0.03672158283635448
1.6172639810029068,0.6209611919261696,0.40948365705978146,2,0.03672158283635448
1.6181746739966911,0.6209611919261696,0.40948365705978146,2,0.03672158283635448
1.6190444980020402,0.6209611919261696,0.40948365705978146,2,0.03672158283635448
1.619934768998064,0.6209611919261696,0.40948365705978146,2,0.03672158283635448
1.620822536002379,0.6209611919261696,0.40948365705978146,2,0.03672158283635448
1.6216301699969335,0.6209611919261696,0.40948365705978146,2,0.03672158283635448
1.6226169150031637,0.6252162403945554,0.4075202133726564,2,0.033500770313351746
1.6230559260002337,0.6252162403945554,0.4075202133726564,2,0.033500770313351746
1.6239966569992248,0.6252162403945554,0.4075202133726564,2,0.033500770313351746
1.624991395001416,0.6252162403945554,0.4075202133726564,2,0.033500770313351746
1.6254229440019117,0.6252162403945554,0.4075202133726564,2,0.033500770313351746
1.626353175000986,0.6252162403945554,0.4075202133726564,2,0.033500770313351746
1.6272879500029376,0.6252162403945554,0.4075202133726564,2,0.033500770313351746
1.6282492960017407,0.6294747288609924,0.4055614505730276,2,0.030664305270865486
1.6294059159990866,0.6294747288609924,0.4055614505730276,2,0.030664305270865486
1.6304517690005014,0.6294747288609924,0.4055614505730276,2,0.030664305270865486
1.6308394160005264,0.6294747288609924,0.4055614505730276,2,0.030664305270865486
1.6318048190005356,0.6294747288609924,0.4055614505730276,2,0.030664305270865486
1.6327911400003359,0.6294747288609924,0.4055614505730276,2,0.030664305270865486
1.633745995000936,0.6337363045244591,0.40360674888905157,2,0.02832784611875271
1.6341823039983865,0.6337363045244591,0.40360674888905157,2,0.02832784611875271
1.635306080999726,0.6337363045244591,0.40360674888905157,2,0.02832784611875271
1.636318480996124,0.6337363045244591,0.40360674888905157,2,0.02832784611875271
1.6372120329979225,0.6337363045244591,0.40360674888905157,2,0.02832784611875271
1.638078828000289,0.6337363045244591,0.40360674888905157,2,0.02832784611875271
1.638957663999463,0.6337363045244591,0.40360674888905157,2,0.02832784611875271
1.639320290996693,0.6337363045244591,0.40360674888905157,2,0.02832784611875271
1.6401862139973673,0.6337363045244591,0.40360674888905157,2,0.02832784611875271
1.641052774997661,0.6337363045244591,0.40360674888905157,2,0.02832784611875271
1.6419148279965157,0.6337363045244591,0.40360674888905157,2,0.02832784611875271
1.6422613260001526,0.6337363045244591,0.40360674888905157,2,0.02832784611875271
1.6431073560015648,0.6337363045244591,0.40360674888905157,2,0.02832784611875271
1.6439683950011386,0.6380012133688058,0.4016567858802334,2,0.026624654023643692
1.6448268379972433,0.6380012133688058,0.4016567858802334,2,0.026624654023643692
1.6456749159988249,0.6380012133688058,0.4016567858802334,2,0.026624654023643692
1.6467784100022982,0.6380012133688058,0.4016567858802334,2,0.026624654023643692
1.647649537997495,0.6380012133688058,0.4016567858802334,2,0.026624654023643692
1.6484823529972346,0.6380012133688058,0.4016567858802334,2,0.026624654023643692
1.6493433549985639,0.6380012133688058,0.4016567858802334,2,0.026624654023643692
1.6501141879998613,0.6380012133688058,0.4016567858802334,2,0.026624654023643692
1.6509741129993927,0.6380012133688058,0.4016567858802334,2,0.026624654023643692
1.6513470470017637,0.6380012133688058,0.4016567858802334,2,0.026624654023643692
1.652276761000394,0.6380012133688058,0.4016567858802334,2,0.026624654023643692
1.6532696659996873,0.6380012133688058,0.4016567858802334,2,0.026624654023643692
1.654193395996117,0.6380012133688058,0.4016567858802334,2,0.026624654023643692
1.6545536549965618,0.6380012133688058,0.4016567858802334,2,0.026624654023643692
1.655425554003159,0.6380012133688058,0.4016567858802334,2,0.026624654023643692
1.656297937995987,0.6380012133688058,0.4016567858802334,2,0.026624654023643692
1.6571529270004248,0.6380012133688058,0.4016567858802334,2,0.026624654023643692
1.6575004240003182,0.6380012133688058,0.4016567858802334,2,0.026624654023643692
1.6584625559989945,0.6435111470148295,0.4007376371633197,2,0.027054807140927336
1.6594249769987073,0.6435111470148295,0.4007376371633197,2,0.027054807140927336
1.6603816979986732,0.6435111470148295,0.4007376371633197,2,0.027054807140927336
1.6610116360025131,0.6435111470148295,0.4007376371633197,2,0.027054807140927336
1.6616560719994595,0.6444232626771313,0.40149225155723856,2,0.028080434151248102
1.6618843589967582,0.6444232626771313,0.40149225155723856,2,0.028080434151248102
1.662467394999112,0.6444232626771313,0.40149225155723856,2,0.028080434151248102
1.6632158590000472,0.6444232626771313,0.40149225155723856,2,0.028080434151248102
1.663807873002952,0.6444232626771313,0.40149225155723856,2,0.028080434151248102
1.6645305749989348,0.6444232626771313,0.40149225155723856,2,0.028080434151248102
1.664766777998011,0.6444232626771313,0.40149225155723856,2,0.028080434151248102
1.665439475000312,0.6444232626771313,0.40149225155723856,2,0.028080434151248102
1.6660698269988643,0.64985533337105,0.40053136735530653,2,0.029633464892701154
1.6667069050017744,0.64985533337105,0.40053136735530653,2,0.029633464892701154
1.6674015570024494,0.64985533337105,0.40053136735530653,2,0.029633464892701154
1.6681921330018668,0.64985533337105,0.40053136735530653,2,0.029633464892701154
1.6687892940026359,0.64985533337105,0.40053136735530653,2,0.029633464892701154
1.6695640129983076,0.6505551409847474,0.40111526729478564,2,0.03049874000633927
1.669815738001489,0.6505551409847474,0.40111526729478564,2,0.03049874000633927
1.6704029219981749,0.6505551409847474,0.40111526729478564,2,0.03049874000633927
1.6710947920000763,0.6505551409847474,0.40111526729478564,2,0.03049874000633927
1.6718586229981156,0.6505551409847474,0.40111526729478564,2,0.03049874000633927
1.6727432490006322,0.6505551409847474,0.40111526729478564,2,0.03049874000633927
1.6734870150030474,0.6558228654043154,0.40005745987901226,2,0.03279095082006089
1.674233413003094,0.6558228654043154,0.40005745987901226,2,0.03279095082006089
1.6745782849975512,0.6558228654043154,0.40005745987901226,2,0.03279095082006089
1.6754342619969975,0.6558228654043154,0.40005745987901226,2,0.03279095082006089
1.6763144750002539,0.6558228654043154,0.40005745987901226,2,0.03279095082006089
1.6771871050004847,0.6558228654043154,0.40005745987901226,2,0.03279095082006089
1.6780511760007357,0.6559220628928797,0.40014089544868653,2,0.03291898306030756
1.6788802029986982,0.6559220628928797,0.40014089544868653,2,0.03291898306030756
1.6797170369973173,0.6559220628928797,0.40014089544868653,2,0.03291898306030756
1.6805674849965726,0.6559220628928797,0.40014089544868653,2,0.03291898306030756
1.6814459020024515,0.6559220628928797,0.40014089544868653,2,0.03291898306030756
1.6823808440021821,0.6601742568082547,0.3982755600544413,2,0.03458393733467666
1.683327721999376,0.6601742568082547,0.3982755600544413,2,0.03458393733467666
1.6843056110010366,0.6601742568082547,0.3982755600544413,2,0.03458393733467666
1.6846690640013549,0.6601742568082547,0.3982755600544413,2,0.03458393733467666
1.6855389720003586,0.6601742568082547,0.3982755600544413,2,0.03458393733467666
1.6858712760003982,0.6601742568082547,0.3982755600544413,2,0.03458393733467666
1.6867275960030383,0.6601742568082547,0.3982755600544413,2,0.03458393733467666
1.6870683949964587,0.6601742568082547,0.3982755600544413,2,0.03458393733467666
1.687922236000304,0.6601742568082547,0.3982755600544413,2,0.03458393733467666
1.6888339259967324,0.6601742568082547,0.3982755600544413,2,0.03458393733467666
1.6897448259987868,0.6601742568082547,0.3982755600544413,2,0.03458393733467666
1.6906374739992316,0.6601742568082547,0.3982755600544413,2,0.03458393733467666
1.6915652710013092,0.6601742568082547,0.3982755600544413,2,0.03458393733467666
1.6924640529978205,0.6644048875834457,0.3964242199748826,2,0.036753960692930805
1.6927529919994413,0.6644048875834457,0.3964242199748826,2,0.036753960692930805
1.6935563770020963,0.6644048875834457,0.3964242199748826,2,0.036753960692930805
1.694429131996003,0.6644048875834457,0.3964242199748826,2,0.036753960692930805
1.6952874560010969,0.6644048875834457,0.3964242199748826,2,0.036753960692930805
1.6956266920024063,0.6644048875834457,0.3964242199748826,2,0.036753960692930805
1.6964845350012183,0.6644048875834457,0.3964242199748826,2,0.036753960692930805
1.6974209569962113,0.6644048875834457,0.3964242199748826,2,0.036753960692930805
1.6983174080014578,0.6644048875834457,0.3964242199748826,2,0.036753960692930805
1.699194136002916,0.6644048875834457,0.3964242199748826,2,0.036753960692930805
1.700101207003172,0.6644048875834457,0.3964242199748826,2,0.036753960692930805
1.7010519659961574,0.6644048875834457,0.3964242199748826,2,0.036753960692930805
1.7020199350008625,0.6686176596720182,0.39458331195523894,2,0.03933812101445791
1.7024269249959616,0.6686176596720182,0.39458331195523894,2,0.03933812101445791
1.7033887950019562,0.6686176596720182,0.39458331195523894,2,0.03933812101445791
1.7043557279976085,0.6686176596720182,0.39458331195523894,2,0.03933812101445791
1.7047313479997683,0.6686176596720182,0.39458331195523894,2,0.03933812101445791
1.7057146200022544,0.6686176596720182,0.39458331195523894,2,0.03933812101445791
1.7067235770009574,0.6686176596720182,0.39458331195523894,2,0.03933812101445791
1.7076660449965857,0.6686176596720182,0.39458331195523894,2,0.03933812101445791
1.7085196120024193,0.6686176596720182,0.39458331195523894,2,0.03933812101445791
1.7091108570020879,0.6686176596720182,0.39458331195523894,2,0.03933812101445791
1.7093658250014414,0.6686176596720182,0.39458331195523894,2,0.03933812101445791
1.7100832139985869,0.6686176596720182,0.39458331195523894,2,0.03933812101445791
1.711020340997493,0.6686176596720182,0.39458331195523894,2,0.03933812101445791
1.7116702709972742,0.6728160040118633,0.3927509326307444,2,0.04225614782746624
1.7119461569964187,0.6728160040118633,0.3927509326307444,2,0.04225614782746624
1.7126700640001218,0.6728160040118633,0.3927509326307444,2,0.04225614782746624
1.7133661019979627,0.6728160040118633,0.3927509326307444,2,0.04225614782746624
1.7139398279978195,0.6728160040118633,0.3927509326307444,2,0.04225614782746624
1.714182374002121,0.6728160040118633,0.3927509326307444,2,0.04225614782746624
1.7146997259987984,0.6728160040118633,0.3927509326307444,2,0.04225614782746624
1.7153898070027935,0.6728160040118633,0.3927509326307444,2,0.04225614782746624
1.716256979998434,0.6728160040118633,0.3927509326307444,2,0.04225614782746624
1.7205337709965534,0.6728160040118633,0.3927509326307444,2,0.04225614782746624
1.7218039729996235,0.6728160040118633,0.3927509326307444,2,0.04225614782746624
1.7222103079984663,0.6728160040118633,0.3927509326307444,2,0.04225614782746624
1.7231652299960842,0.6728160040118633,0.3927509326307444,2,0.04225614782746624
1.723519680002937,0.6728160040118633,0.3927509326307444,2,0.04225614782746624
1.724407326997607,0.6728160040118633,0.3927509326307444,2,0.04225614782746624
1.7252814449966536,0.6728160040118633,0.3927509326307444,2,0.04225614782746624
1.7261504499983857,0.6770028116022454,0.39092579833008867,2,0.04544101383410847
1.7265049150009872,0.6770028116022454,0.39092579833008867,2,0.04544101383410847
1.7273820280024665,0.6770028116022454,0.39092579833008867,2,0.04544101383410847
1.728229731997999,0.6770028116022454,0.39092579833008867,2,0.04544101383410847
1.7290464909965522,0.6770028116022454,0.39092579833008867,2,0.04544101383410847
1.7298563520016614,0.6770028116022454,0.39092579833008867,2,0.04544101383410847
1.7307105060026515,0.6811804239042433,0.38910687068438515,2,0.04883871812449557
1.7310599639968132,0.6811804239042433,0.38910687068438515,2,0.04883871812449557
1.7319297900030506,0.6811804239042433,0.38910687068438515,2,0.04883871812449557
1.7354848070026492,0.6811804239042433,0.38910687068438515,2,0.04883871812449557
1.736933072003012,0.6811804239042433,0.38910687068438515,2,0.04883871812449557
1.7374361900001531,0.6811804239042433,0.38910687068438515,2,0.04883871812449557
1.7398042360000545,0.6811804239042433,0.38910687068438515,2,0.04883871812449557
1.7408189400011906,0.6853507372671348,0.3872933097557162,2,0.05240668902179126
1.741225026002212,0.6853507372671348,0.3872933097557162,2,0.05240668902179126
1.7430475450019003,0.6853507372671348,0.3872933097557162,2,0.05240668902179126
1.7442567469988717,0.6853507372671348,0.3872933097557162,2,0.05240668902179126
1.7447265029986738,0.6853507372671348,0.3872933097557162,2,0.05240668902179126
1.7458611339970957,0.6895152875125565,0.38548443612458355,2,0.05611169511473167
1.7462977760005742,0.6895152875125565,0.38548443612458355,2,0.05611169511473167
1.7473151410013088,0.6895152875125565,0.38548443612458355,2,0.05611169511473167
1.748376803996507,0.6895152875125565,0.38548443612458355,2,0.05611169511473167
1.749460476996319,0.6895152875125565,0.38548443612458355,2,0.05611169511473167
1.7498948290012777,0.6895152875125565,0.38548443612458355,2,0.05611169511473167
1.7510289939964423,0.6895152875125565,0.38548443612458355,2,0.05611169511473167
1.7521024119996582,0.6895152875125565,0.38548443612458355,2,0.05611169511473167
1.7531012050021673,0.693664987263888,0.38368417948279515,2,0.0599182526303437
1.754107462002139,0.693664987263888,0.38368417948279515,2,0.0599182526303437
1.7545340119977482,0.693664987263888,0.38368417948279515,2,0.0599182526303437
1.7556158239967772,0.693664987263888,0.38368417948279515,2,0.0599182526303437
1.7567925159964943,0.693664987263888,0.38368417948279515,2,0.0599182526303437
1.7577717929962091,0.693664987263888,0.38368417948279515,2,0.0599182526303437
1.7588530069988337,0.693664987263888,0.38368417948279515,2,0.0599182526303437
1.759262059997127,0.693664987263888,0.38368417948279515,2,0.0599182526303437
1.7602034820010886,0.693664987263888,0.38368417948279515,2,0.0599182526303437
1.7611364309996134,0.693664987263888,0.38368417948279515,2,0.0599182526303437
1.7621106290025637,0.693664987263888,0.38368417948279515,2,0.0599182526303437
1.7630610749984044,0.693664987263888,0.38368417948279515,2,0.0599182526303437
1.7634569689980708,0.693664987263888,0.38368417948279515,2,0.0599182526303437
1.7644365340020158,0.693664987263888,0.38368417948279515,2,0.0599182526303437
1.7654322430025786,0.693664987263888,0.38368417948279515,2,0.0599182526303437
1.7658077770029195,0.693664987263888,0.38368417948279515,2,0.0599182526303437
1.7667650040020817,0.6977924701481573,0.38189570538521495,2,0.06379756397032858
1.7678049440000905,0.6977924701481573,0.38189570538521495,2,0.06379756397032858
1.7689053810026962,0.6977924701481573,0.38189570538521495,2,0.06379756397032858
1.7698365289979847,0.6977924701481573,0.38189570538521495,2,0.06379756397032858
1.770217473997036,0.6977924701481573,0.38189570538521495,2,0.06379756397032858
1.7712004490022082,0.6977924701481573,0.38189570538521495,2,0.06379756397032858
1.7722250139995595,0.6977924701481573,0.38189570538521495,2,0.06379756397032858
1.7731883119995473,0.6977924701481573,0.38189570538521495,2,0.06379756397032858
1.774143953996827,0.6977924701481573,0.38189570538521495,2,0.06379756397032858
1.7751366439988487,0.6977924701481573,0.38189570538521495,2,0.06379756397032858
1.776082967997354,0.6977924701481573,0.38189570538521495,2,0.06379756397032858
1.7764753770024981,0.6977924701481573,0.38189570538521495,2,0.06379756397032858
1.7775328459974844,0.6977924701481573,0.38189570538521495,2,0.06379756397032858
1.7784730970015517,0.6977924701481573,0.38189570538521495,2,0.06379756397032858
1.7793988740013447,0.6977924701481573,0.38189570538521495,2,0.06379756397032858
1.780338759002916,0.6977924701481573,0.38189570538521495,2,0.06379756397032858
1.7812906170001952,0.6977924701481573,0.38189570538521495,2,0.06379756397032858
1.781677753002441,0.6977924701481573,0.38189570538521495,2,0.06379756397032858
1.7826285030023428,0.7050715231091645,0.38045174895195366,2,0.07092165428262365
1.7830051939963596,0.7050715231091645,0.38045174895195366,2,0.07092165428262365
1.783963900001254,0.7050715231091645,0.38045174895195366,2,0.07092165428262365
1.784964812999533,0.7050715231091645,0.38045174895195366,2,0.07092165428262365
1.7853910679987166,0.7050715231091645,0.38045174895195366,2,0.07092165428262365
1.7865173579994007,0.7042265189535177,0.3823711063327618,2,0.07024650738563619
1.78759668499697,0.7042265189535177,0.3823711063327618,2,0.07024650738563619
1.7889799710028456,0.7042265189535177,0.3823711063327618,2,0.07024650738563619
1.7904439049962093,0.7042265189535177,0.3823711063327618,2,0.07024650738563619
1.7908775030009565,0.7042265189535177,0.3823711063327618,2,0.07024650738563619
1.7921243349992437,0.7042265189535177,0.3823711063327618,2,0.07024650738563619
1.793111148996104,0.7083040130277979,0.3805931957139252,2,0.07415591992970252
1.7941073370020604,0.7083040130277979,0.3805931957139252,2,0.07415591992970252
1.7945087179978145,0.7083040130277979,0.3805931957139252,2,0.07415591992970252
1.7955407490007929,0.7083040130277979,0.3805931957139252,2,0.07415591992970252
1.7965864099969622,0.7083040130277979,0.3805931957139252,2,0.07415591992970252
1.7974963539963937,0.7083040130277979,0.3805931957139252,2,0.07415591992970252
1.7978638589993352,0.7083040130277979,0.3805931957139252,2,0.07415591992970252
1.798889819001488,0.7083040130277979,0.3805931957139252,2,0.07415591992970252
1.799835808997159,0.7083040130277979,0.3805931957139252,2,0.07415591992970252
1.8007875729963416,0.7083040130277979,0.3805931957139252,2,0.07415591992970252
1.8012427540015779,0.7083040130277979,0.3805931957139252,2,0.07415591992970252
1.8023277789980057,0.7083040130277979,0.3805931957139252,2,0.07415591992970252
1.8032501749985386,0.7083040130277979,0.3805931957139252,2,0.07415591992970252
1.8041353369990247,0.7083040130277979,0.3805931957139252,2,0.07415591992970252
1.8055966019965126,0.7083040130277979,0.3805931957139252,2,0.07415591992970252
1.806668762001209,0.7123718789132267,0.378820178156621,2,0.07811360189870223
1.8076383619991248,0.7123718789132267,0.378820178156621,2,0.07811360189870223
1.8086027099998319,0.7123718789132267,0.378820178156621,2,0.07811360189870223
1.8095019559987122,0.7123718789132267,0.378820178156621,2,0.07811360189870223
1.8109476269964944,0.7123718789132267,0.378820178156621,2,0.07811360189870223
1.8142988499967032,0.7123718789132267,0.378820178156621,2,0.07811360189870223
1.8153495549995569,0.7123718789132267,0.378820178156621,2,0.07811360189870223
1.8157154389991774,0.7123718789132267,0.378820178156621,2,0.07811360189870223
1.8167071770003531,0.7123718789132267,0.378820178156621,2,0.07811360189870223
1.8171079250023467,0.7123718789132267,0.378820178156621,2,0.07811360189870223
1.8180691870002192,0.7123718789132267,0.378820178156621,2,0.07811360189870223
1.8189651950015104,0.7164322480012046,0.3770518120958796,2,0.08211295186150219
1.8193168770012562,0.7164322480012046,0.3770518120958796,2,0.08211295186150219
1.82024107700272,0.7164322480012046,0.3770518120958796,2,0.08211295186150219
1.8211067000011099,0.7164322480012046,0.3770518120958796,2,0.08211295186150219
1.821979319996899,0.7164322480012046,0.3770518120958796,2,0.08211295186150219
1.822283030996914,0.7164322480012046,0.3770518120958796,2,0.08211295186150219
1.8231169220016454,0.7164322480012046,0.3770518120958796,2,0.08211295186150219
1.8239575999978115,0.7164322480012046,0.3770518120958796,2,0.08211295186150219
1.824798435001867,0.7164322480012046,0.3770518120958796,2,0.08211295186150219
1.825625259996741,0.7164322480012046,0.3770518120958796,2,0.08211295186150219
1.826359382001101,0.7164322480012046,0.3770518120958796,2,0.08211295186150219
1.8272384559968486,0.7164322480012046,0.3770518120958796,2,0.08211295186150219
1.8280739729962079,0.7164322480012046,0.3770518120958796,2,0.08211295186150219
1.8288453900022432,0.7164322480012046,0.3770518120958796,2,0.08211295186150219
1.8297158159984974,0.7164322480012046,0.3770518120958796,2,0.08211295186150219
1.8300743139989208,0.7164322480012046,0.3770518120958796,2,0.08211295186150219
1.8309426400010125,0.7204863873904466,0.3752868486945138,2,0.08614808740436708
1.8318283909975435,0.7204863873904466,0.3752868486945138,2,0.08614808740436708
1.8328836910004611,0.7204863873904466,0.3752868486945138,2,0.08614808740436708
1.8338769420006429,0.7204863873904466,0.3752868486945138,2,0.08614808740436708
1.8341743019991554,0.7204863873904466,0.3752868486945138,2,0.08614808740436708
1.8350149749967386,0.7204863873904466,0.3752868486945138,2,0.08614808740436708
1.835805258997425,0.7204863873904466,0.3752868486945138,2,0.08614808740436708
1.8366932349963463,0.7204863873904466,0.3752868486945138,2,0.08614808740436708
1.8373996009977418,0.7204863873904466,0.3752868486945138,2,0.08614808740436708
1.8376770339964423,0.7204863873904466,0.3752868486945138,2,0.08614808740436708
1.838336734996119,0.7204863873904466,0.3752868486945138,2,0.08614808740436708
1.8391837460003444,0.7204863873904466,0.3752868486945138,2,0.08614808740436708
1.8400699690027977,0.7245357804247284,0.37352532686411216,2,0.09021464947783321
1.8409325710017583,0.7245357804247284,0.37352532686411216,2,0.09021464947783321
1.8418145199975697,0.7245357804247284,0.37352532686411216,2,0.09021464947783321
1.8422060750017408,0.7245357804247284,0.37352532686411216,2,0.09021464947783321
1.8430718270028592,0.7245357804247284,0.37352532686411216,2,0.09021464947783321
1.843958956997085,0.7245357804247284,0.37352532686411216,2,0.09021464947783321
1.8447986800019862,0.7245357804247284,0.37352532686411216,2,0.09021464947783321
1.845641000996693,0.7245357804247284,0.37352532686411216,2,0.09021464947783321
1.84602291900228,0.7245357804247284,0.37352532686411216,2,0.09021464947783321
1.8469316830014577,0.7245357804247284,0.37352532686411216,2,0.09021464947783321
1.8477873660012847,0.7245357804247284,0.37352532686411216,2,0.09021464947783321
1.8486242319995654,0.7245357804247284,0.37352532686411216,2,0.09021464947783321
1.8494126540026627,0.7245357804247284,0.37352532686411216,2,0.09021464947783321
1.8502220969967311,0.7245357804247284,0.37352532686411216,2,0.09021464947783321
1.8510181669989834,0.7285811727517284,0.3717662313332881,2,0.09430855162062188
1.8518500810023397,0.7285811727517284,0.3717662313332881,2,0.09430855162062188
1.8527285590025713,0.7285811727517284,0.3717662313332881,2,0.09430855162062188
1.8537924269985524,0.7285811727517284,0.3717662313332881,2,0.09430855162062188
1.8547482249996392,0.7285811727517284,0.3717662313332881,2,0.09430855162062188
1.8556158029969083,0.7285811727517284,0.3717662313332881,2,0.09430855162062188
1.856421283002419,0.7285811727517284,0.3717662313332881,2,0.09430855162062188
1.8572082669998053,0.7285811727517284,0.3717662313332881,2,0.09430855162062188
1.8580518689996097,0.7285811727517284,0.3717662313332881,2,0.09430855162062188
1.8589032559975749,0.7285811727517284,0.3717662313332881,2,0.09430855162062188
1.8597292920021573,0.7285811727517284,0.3717662313332881,2,0.09430855162062188
1.860599909996381,0.7285811727517284,0.3717662313332881,2,0.09430855162062188
1.8615124150019255,0.7285811727517284,0.3717662313332881,2,0.09430855162062188
1.8623906180000631,0.7326236225782231,0.37000978479687274,2,0.09842680374249585
1.863235133998387,0.7326236225782231,0.37000978479687274,2,0.09842680374249585
1.8641286929996568,0.7326236225782231,0.37000978479687274,2,0.09842680374249585
1.8645094809980947,0.7326236225782231,0.37000978479687274,2,0.09842680374249585
1.8654990989962243,0.7326236225782231,0.37000978479687274,2,0.09842680374249585
1.866499946998374,0.7326236225782231,0.37000978479687274,2,0.09842680374249585
1.8675331949998508,0.7326236225782231,0.37000978479687274,2,0.09842680374249585
1.8684836510001332,0.7326236225782231,0.37000978479687274,2,0.09842680374249585
1.8688816979993135,0.7326236225782231,0.37000978479687274,2,0.09842680374249585
1.8698237240023445,0.7326236225782231,0.37000978479687274,2,0.09842680374249585
1.8707134680007584,0.7326236225782231,0.37000978479687274,2,0.09842680374249585
1.8715431969976635,0.7326236225782231,0.37000978479687274,2,0.09842680374249585
1.8723736089959857,0.7326236225782231,0.37000978479687274,2,0.09842680374249585
1.8732787690023542,0.7326236225782231,0.37000978479687274,2,0.09842680374249585
1.873632989001635,0.7326236225782231,0.37000978479687274,2,0.09842680374249585
1.8745287630008534,0.7326236225782231,0.37000978479687274,2,0.09842680374249585
1.8754059420025442,0.7326236225782231,0.37000978479687274,2,0.09842680374249585
1.8763954329988337,0.7326236225782231,0.37000978479687274,2,0.09842680374249585
1.8773059949962771,0.7366763060321635,0.368249579118548,2,0.10257957324419334
1.8781710249968455,0.7366763060321635,0.368249579118548,2,0.10257957324419334
1.8785182119972887,0.7366763060321635,0.368249579118548,2,0.10257957324419334
1.879507826997724,0.7366763060321635,0.368249579118548,2,0.10257957324419334
1.8804276029986795,0.7366763060321635,0.368249579118548,2,0.10257957324419334
1.881388326000888,0.7366763060321635,0.368249579118548,2,0.10257957324419334
1.8817255510002724,0.7366763060321635,0.368249579118548,2,0.10257957324419334
1.8824681460027932,0.7366763060321635,0.368249579118548,2,0.10257957324419334
1.8834555290013668,0.7366763060321635,0.368249579118548,2,0.10257957324419334
1.8844828329965821,0.7366763060321635,0.368249579118548,2,0.10257957324419334
1.8854359120014124,0.7366763060321635,0.368249579118548,2,0.10257957324419334
1.8864095079989056,0.7366763060321635,0.368249579118548,2,0.10257957324419334
1.8868336369996541,0.7366763060321635,0.368249579118548,2,0.10257957324419334
1.8879642050014809,0.7407519961052685,0.3664807678786883,3,0.10581304290714215
1.8891350449994206,0.7407519961052685,0.3664807678786883,3,0.10581304290714215
1.890055695999763,0.7407519961052685,0.3664807678786883,3,0.10581304290714215
1.8910016660011024,0.7407519961052685,0.3664807678786883,3,0.10581304290714215
1.8919271530030528,0.7407519961052685,0.3664807678786883,3,0.10581304290714215
1.892851996999525,0.7407519961052685,0.3664807678786883,3,0.10581304290714215
1.8937232690004748,0.7407519961052685,0.3664807678786883,3,0.10581304290714215
1.8945816999985254,0.7407519961052685,0.3664807678786883,3,0.10581304290714215
1.895433111996681,0.7407519961052685,0.3664807678786883,3,0.10581304290714215
1.8965299379997305,0.7407519961052685,0.3664807678786883,3,0.10581304290714215
1.8973893959991983,0.7448493748147177,0.3647032446397817,3,0.10174146394590015
1.8977299769976526,0.7448493748147177,0.3647032446397817,3,0.10174146394590015
1.8985678030003328,0.7448493748147177,0.3647032446397817,3,0.10174146394590015
1.8995704879998812,0.7448493748147177,0.3647032446397817,3,0.10174146394590015
1.9004838289984036,0.7448493748147177,0.3647032446397817,3,0.10174146394590015
1.900835966996965,0.7448493748147177,0.3647032446397817,3,0.10174146394590015
1.9018660509973415,0.7448493748147177,0.3647032446397817,3,0.10174146394590015
1.9029409009963274,0.7448493748147177,0.3647032446397817,3,0.10174146394590015
1.9038685569976224,0.7448493748147177,0.3647032446397817,3,0.10174146394590015
1.9048100180007168,0.7448493748147177,0.3647032446397817,3,0.10174146394590015
1.905664275996969,0.7448493748147177,0.3647032446397817,3,0.10174146394590015
1.9059278540007654,0.7448493748147177,0.3647032446397817,3,0.10174146394590015
1.9065297089982778,0.7448493748147177,0.3647032446397817,3,0.10174146394590015
1.9070965869977954,0.7489679445052697,0.362918655106364,3,0.09768521773884581
1.9079402749994188,0.7489679445052697,0.362918655106364,3,0.09768521773884581
1.9088161059989943,0.7489679445052697,0.362918655106364,3,0.09768521773884581
1.909732982996502,0.7489679445052697,0.362918655106364,3,0.09768521773884581
1.9101190069995937,0.7489679445052697,0.362918655106364,3,0.09768521773884581
1.9109943680014112,0.7489679445052697,0.362918655106364,3,0.09768521773884581
1.9118965739980922,0.7489679445052697,0.362918655106364,3,0.09768521773884581
1.9122785270010354,0.7489679445052697,0.362918655106364,3,0.09768521773884581
1.913231029000599,0.7489679445052697,0.362918655106364,3,0.09768521773884581
1.9141607119963737,0.7489679445052697,0.362918655106364,3,0.09768521773884581
1.915114971998264,0.7489679445052697,0.362918655106364,3,0.09768521773884581
1.9160426079979516,0.7489679445052697,0.362918655106364,3,0.09768521773884581
1.9169351250020554,0.751443037201619,0.36325677811633067,3,0.09635182499756055
1.917857954002102,0.751443037201619,0.36325677811633067,3,0.09635182499756055
1.9182470379964798,0.751443037201619,0.36325677811633067,3,0.09635182499756055
1.9192168040026445,0.751443037201619,0.36325677811633067,3,0.09635182499756055
1.9237185660022078,0.751443037201619,0.36325677811633067,3,0.09635182499756055
1.9241909089978435,0.751443037201619,0.36325677811633067,3,0.09635182499756055
1.9253013470006408,0.751443037201619,0.36325677811633067,3,0.09635182499756055
1.9257518340018578,0.751443037201619,0.36325677811633067,3,0.09635182499756055
1.9266939890003414,0.7512855545026592,0.3634581216416442,3,0.09660736773464312
1.9275551579994499,0.7512855545026592,0.3634581216416442,3,0.09660736773464312
1.9283839659983641,0.7512855545026592,0.3634581216416442,3,0.09660736773464312
1.929346215998521,0.7512855545026592,0.3634581216416442,3,0.09660736773464312
1.9301968689978821,0.7512855545026592,0.3634581216416442,3,0.09660736773464312
1.9310568759974558,0.7554458343885878,0.3616657333473065,3,0.0926046012685975
1.9314124140000786,0.7554458343885878,0.3616657333473065,3,0.0926046012685975
1.932370982998691,0.7554458343885878,0.3616657333473065,3,0.0926046012685975
1.9332432789960876,0.7554458343885878,0.3616657333473065,3,0.0926046012685975
1.9343379060010193,0.7554458343885878,0.3616657333473065,3,0.0926046012685975
1.9346966090015485,0.7554458343885878,0.3616657333473065,3,0.0926046012685975
1.9356514280007104,0.7554458343885878,0.3616657333473065,3,0.0926046012685975
1.9366068129966152,0.7554458343885878,0.3616657333473065,3,0.0926046012685975
1.937529488997825,0.7554458343885878,0.3616657333473065,3,0.0926046012685975
1.9384192380020977,0.7554458343885878,0.3616657333473065,3,0.0926046012685975
1.9387875749962404,0.7554458343885878,0.3616657333473065,3,0.0926046012685975
1.93992910200177,0.7554458343885878,0.3616657333473065,3,0.0926046012685975
1.940933108999161,0.7554458343885878,0.3616657333473065,3,0.0926046012685975
1.9413780109971412,0.7554458343885878,0.3616657333473065,3,0.0926046012685975
1.942307532997802,0.7554458343885878,0.3616657333473065,3,0.0926046012685975
1.9432137229960063,0.7554458343885878,0.3616657333473065,3,0.0926046012685975
1.944085144001292,0.7554458343885878,0.3616657333473065,3,0.0926046012685975
1.9449585109978216,0.7554458343885878,0.3616657333473065,3,0.0926046012685975
1.9458571139984997,0.7554458343885878,0.3616657333473065,3,0.0926046012685975
1.9467491929972311,0.7638222371476451,0.3580671149528802,3,0.08471495047672396
1.9471330099986517,0.7638222371476451,0.3580671149528802,3,0.08471495047672396
1.9480458809994161,0.7638222371476451,0.3580671149528802,3,0.08471495047672396
1.9489614030026132,0.7638222371476451,0.3580671149528802,3,0.08471495047672396
1.9609992030018475,0.7638222371476451,0.3580671149528802,3,0.08471495047672396
1.9622006560020964,0.7722619133258172,0.3544546129394213,3,0.07705146428146119
1.9625790689970017,0.7722619133258172,0.3544546129394213,3,0.07705146428146119
1.9634555879965774,0.7722619133258172,0.3544546129394213,3,0.07705146428146119
1.9637859919967013,0.7722619133258172,0.3544546129394213,3,0.07705146428146119
1.964643874001922,0.7722619133258172,0.3544546129394213,3,0.07705146428146119
1.9649577300006058,0.7722619133258172,0.3544546129394213,3,0.07705146428146119
1.9657650090011884,0.7722619133258172,0.3544546129394213,3,0.07705146428146119
1.9660924290001276,0.7722619133258172,0.3544546129394213,3,0.07705146428146119
1.966937302997394,0.7722619133258172,0.3544546129394213,3,0.07705146428146119
1.9678119059972232,0.7722619133258172,0.3544546129394213,3,0.07705146428146119
1.9686766559971147,0.7722619133258172,0.3544546129394213,3,0.07705146428146119
1.9695491879974725,0.7722619133258172,0.3544546129394213,3,0.07705146428146119
1.9705775319962413,0.7722619133258172,0.3544546129394213,3,0.07705146428146119
1.9714911049959483,0.7722619133258172,0.3544546129394213,3,0.07705146428146119
1.9723258189987973,0.7722619133258172,0.3544546129394213,3,0.07705146428146119
1.9729286159999901,0.7722619133258172,0.3544546129394213,3,0.07705146428146119
1.9737548690027324,0.7722619133258172,0.3544546129394213,3,0.07705146428146119
1.9746221009991132,0.7722619133258172,0.3544546129394213,3,0.07705146428146119
1.975509759002307,0.7722619133258172,0.3544546129394213,3,0.07705146428146119
1.975853839001502,0.7722619133258172,0.3544546129394213,3,0.07705146428146119
1.9767043059982825,0.7764918651266608,0.3526492341084755,3,0.07334623398568318
1.9775507009981084,0.7764918651266608,0.3526492341084755,3,0.07334623398568318
1.9783900499969604,0.7764918651266608,0.3526492341084755,3,0.07334623398568318
1.9792418470024131,0.7764918651266608,0.3526492341084755,3,0.07334623398568318
1.980085932998918,0.7807259019409822,0.3508443438114496,3,0.0697460804022541
1.9809606760027236,0.7807259019409822,0.3508443438114496,3,0.0697460804022541
1.981322772000567,0.7807259019409822,0.3508443438114496,3,0.0697460804022541
1.982328903999587,0.7807259019409822,0.3508443438114496,3,0.0697460804022541
1.9832354190002661,0.7807259019409822,0.3508443438114496,3,0.0697460804022541
1.9843839410023065,0.7807259019409822,0.3508443438114496,3,0.0697460804022541
1.984730819996912,0.7807259019409822,0.3508443438114496,3,0.0697460804022541
1.9855079219996696,0.7807259019409822,0.3508443438114496,3,0.0697460804022541
1.9863149719967623,0.7807259019409822,0.3508443438114496,3,0.0697460804022541
1.986718430001929,0.7807259019409822,0.3508443438114496,3,0.0697460804022541
1.9873407049963134,0.7807259019409822,0.3508443438114496,3,0.0697460804022541
1.9878746739996132,0.7807259019409822,0.3508443438114496,3,0.0697460804022541
1.988733703001344,0.7807259019409822,0.3508443438114496,3,0.0697460804022541
1.9898708100008662,0.7807259019409822,0.3508443438114496,3,0.0697460804022541
1.9908531889959704,0.7849633315440111,0.34903875204331297,3,0.06626808179202161
1.9912397599982796,0.7849633315440111,0.34903875204331297,3,0.06626808179202161
1.9919390419963747,0.7849633315440111,0.34903875204331297,3,0.06626808179202161
1.9925255889975233,0.7849633315440111,0.34903875204331297,3,0.06626808179202161
1.9931544179999037,0.7849633315440111,0.34903875204331297,3,0.06626808179202161
1.9934471369997482,0.7849633315440111,0.34903875204331297,3,0.06626808179202161
1.9943386090017157,0.7849633315440111,0.34903875204331297,3,0.06626808179202161
1.9952396869994118,0.7849633315440111,0.34903875204331297,3,0.06626808179202161
1.9961107650015038,0.7849633315440111,0.34903875204331297,3,0.06626808179202161
1.9969601630000398,0.7849633315440111,0.34903875204331297,3,0.06626808179202161
1.9978095749975182,0.7849633315440111,0.34903875204331297,3,0.06626808179202161
1.9986605570011307,0.7849633315440111,0.34903875204331297,3,0.06626808179202161
1.9995007129982696,0.789204274754981,0.3472331549554115,3,0.06293384124134506
2.000430875996244,0.789204274754981,0.3472331549554115,3,0.06293384124134506
2.0047431839993806,0.789204274754981,0.3472331549554115,3,0.06293384124134506
2.005212276999373,0.789204274754981,0.3472331549554115,3,0.06293384124134506
2.006253141997149,0.789204274754981,0.3472331549554115,3,0.06293384124134506
2.0072037759964587,0.789204274754981,0.3472331549554115,3,0.06293384124134506
2.007558405995951,0.789204274754981,0.3472331549554115,3,0.06293384124134506
2.0084601560010924,0.789204274754981,0.3472331549554115,3,0.06293384124134506
2.009428689001652,0.789204274754981,0.3472331549554115,3,0.06293384124134506
2.0103326230018865,0.789204274754981,0.3472331549554115,3,0.06293384124134506
2.0111955089960247,0.789204274754981,0.3472331549554115,3,0.06293384124134506
2.0120408329967177,0.789204274754981,0.3472331549554115,3,0.06293384124134506
2.0128767599962885,0.789204274754981,0.3472331549554115,3,0.06293384124134506
2.0137380250016577,0.789204274754981,0.3472331549554115,3,0.06293384124134506
2.014691217998916,0.789204274754981,0.3472331549554115,3,0.06293384124134506
2.0155503330024658,0.789204274754981,0.3472331549554115,3,0.06293384124134506
2.016558317001909,0.789204274754981,0.3472331549554115,3,0.06293384124134506
2.017282462998992,0.789204274754981,0.3472331549554115,3,0.06293384124134506
2.018628539997735,0.7934483217143017,0.3454269831742725,3,0.059767763641248986
2.019023549997655,0.7934483217143017,0.3454269831742725,3,0.059767763641248986
2.0201067210000474,0.7934483217143017,0.3454269831742725,3,0.059767763641248986
2.021183466000366,0.7934483217143017,0.3454269831742725,3,0.059767763641248986
2.0221847639986663,0.7934483217143017,0.3454269831742725,3,0.059767763641248986
2.022557484000572,0.7934483217143017,0.3454269831742725,3,0.059767763641248986
2.023420787998475,0.7934483217143017,0.3454269831742725,3,0.059767763641248986
2.023764058998495,0.7934483217143017,0.3454269831742725,3,0.059767763641248986
2.024679547001142,0.7934483217143017,0.3454269831742725,3,0.059767763641248986
2.0256218549984624,0.7934483217143017,0.3454269831742725,3,0.059767763641248986
2.026542314000835,0.7976956073818501,0.3436209285796404,3,0.0567993602636108
2.026887293002801,0.7976956073818501,0.3436209285796404,3,0.0567993602636108
2.027759226002672,0.7976956073818501,0.3436209285796404,3,0.0567993602636108
2.0286404130019946,0.7976956073818501,0.3436209285796404,3,0.0567993602636108
2.0295143440016545,0.7976956073818501,0.3436209285796404,3,0.0567993602636108
2.0303615430020727,0.7976956073818501,0.3436209285796404,3,0.0567993602636108
2.030731910999748,0.7976956073818501,0.3436209285796404,3,0.0567993602636108
2.0316588869973202,0.7976956073818501,0.3436209285796404,3,0.0567993602636108
2.032549106996157,0.7976956073818501,0.3436209285796404,3,0.0567993602636108
2.0333948749976116,0.7976956073818501,0.3436209285796404,3,0.0567993602636108
2.0343149159962195,0.7976956073818501,0.3436209285796404,3,0.0567993602636108
2.0352926240011584,0.7976956073818501,0.3436209285796404,3,0.0567993602636108
2.0361881729986635,0.7976956073818501,0.3436209285796404,3,0.0567993602636108
2.0391399060026743,0.7976956073818501,0.3436209285796404,3,0.0567993602636108
2.0408015610009898,0.7976956073818501,0.3436209285796404,3,0.0567993602636108
2.0411785960022826,0.7976956073818501,0.3436209285796404,3,0.0567993602636108
2.0420266000000993,0.7976956073818501,0.3436209285796404,3,0.0567993602636108
2.0429169920025743,0.8019457345145397,0.3418144141979062,3,0.05406146711678441
2.043749851996836,0.8019457345145397,0.3418144141979062,3,0.05406146711678441
2.0450516720011365,0.8019457345145397,0.3418144141979062,3,0.05406146711678441
2.046127437002724,0.8019457345145397,0.3418144141979062,3,0.05406146711678441
2.047017176002555,0.8019457345145397,0.3418144141979062,3,0.05406146711678441
2.0478725810025935,0.8028341206994243,0.34178336951886096,3,0.05386260134823333
2.04871786700096,0.8028341206994243,0.34178336951886096,3,0.05386260134823333
2.049612292998063,0.8028341206994243,0.34178336951886096,3,0.05386260134823333
2.0505064190001576,0.8028341206994243,0.34178336951886096,3,0.05386260134823333
2.0518408459975035,0.8028341206994243,0.34178336951886096,3,0.05386260134823333
2.055344497995975,0.8028341206994243,0.34178336951886096,3,0.05386260134823333
2.056667603996175,0.8224894361885009,0.33946248029836346,3,0.051598761221611944
2.057127763997414,0.8224894361885009,0.33946248029836346,3,0.051598761221611944
2.0581434199993964,0.8224894361885009,0.33946248029836346,3,0.051598761221611944
2.0590951959966333,0.8224894361885009,0.33946248029836346,3,0.051598761221611944
2.060016720999556,0.8224894361885009,0.33946248029836346,3,0.051598761221611944
2.060416403997806,0.8224894361885009,0.33946248029836346,3,0.051598761221611944
2.0614170949993422,0.8224894361885009,0.33946248029836346,3,0.051598761221611944
2.062448819997371,0.8229051224254877,0.33944786300691326,3,0.05166557351313813
2.0634705560005386,0.8229051224254877,0.33944786300691326,3,0.05166557351313813
2.0643871180000133,0.8229051224254877,0.33944786300691326,3,0.05166557351313813
2.064746179996291,0.8229051224254877,0.33944786300691326,3,0.05166557351313813
2.0656951299970387,0.8229051224254877,0.33944786300691326,3,0.05166557351313813
2.0666171249977197,0.8229051224254877,0.33944786300691326,3,0.05166557351313813
2.0675378480009385,0.8229051224254877,0.33944786300691326,3,0.05166557351313813
2.0684477609975147,0.8229051224254877,0.33944786300691326,3,0.05166557351313813
2.0693995839974377,0.8229051224254877,0.33944786300691326,3,0.05166557351313813
2.070335393997084,0.8229051224254877,0.33944786300691326,3,0.05166557351313813
2.0712584020002396,0.8229051224254877,0.33944786300691326,3,0.05166557351313813
2.072165015997598,0.8271813793639475,0.33769038403833296,3,0.05099727588740521
2.0730645110015757,0.8271813793639475,0.33769038403833296,3,0.05099727588740521
2.0739549860008992,0.8271813793639475,0.33769038403833296,3,0.05099727588740521
2.0743295700012823,0.8271813793639475,0.33769038403833296,3,0.05099727588740521
2.075230661997921,0.8271813793639475,0.33769038403833296,3,0.05099727588740521
2.07614541699877,0.8271813793639475,0.33769038403833296,3,0.05099727588740521
2.0765163830001256,0.8271813793639475,0.33769038403833296,3,0.05099727588740521
2.0774156780025805,0.8271813793639475,0.33769038403833296,3,0.05099727588740521
2.0783275659996434,0.8271813793639475,0.33769038403833296,3,0.05099727588740521
2.0792006379997474,0.8271813793639475,0.33769038403833296,3,0.05099727588740521
2.080101204002858,0.8271813793639475,0.33769038403833296,3,0.05099727588740521
2.081005850996007,0.8271813793639475,0.33769038403833296,3,0.05099727588740521
2.0819116389975534,0.8271813793639475,0.33769038403833296,3,0.05099727588740521
2.0828360059967963,0.8271813793639475,0.33769038403833296,3,0.05099727588740521
2.083755259998725,0.8271813793639475,0.33769038403833296,3,0.05099727588740521
2.084148822003044,0.8271813793639475,0.33769038403833296,3,0.05099727588740521
2.0850945670026704,0.8271813793639475,0.33769038403833296,3,0.05099727588740521
2.0860500529961428,0.8314603951399497,0.3359332657894839,3,0.050744467398827216
2.0869843010004843,0.8314603951399497,0.3359332657894839,3,0.050744467398827216
2.0878902449985617,0.8314603951399497,0.3359332657894839,3,0.050744467398827216
2.088801345002139,0.8314603951399497,0.3359332657894839,3,0.050744467398827216
2.0915759400013485,0.8314603951399497,0.3359332657894839,3,0.050744467398827216
2.092706495997845,0.8314603951399497,0.3359332657894839,3,0.050744467398827216
2.093121275996964,0.8314603951399497,0.3359332657894839,3,0.050744467398827216
2.09404114499921,0.8314603951399497,0.3359332657894839,3,0.050744467398827216
2.094933428001241,0.8314603951399497,0.3359332657894839,3,0.050744467398827216
2.095851587000652,0.8314603951399497,0.3359332657894839,3,0.050744467398827216
2.096223660999385,0.8314603951399497,0.3359332657894839,3,0.050744467398827216
2.097209378000116,0.8314603951399497,0.3359332657894839,3,0.050744467398827216
2.098135328000353,0.8314603951399497,0.3359332657894839,3,0.050744467398827216
2.0990875700008473,0.8357333160931029,0.33417939554553067,3,0.050912547920769775
2.100040755001828,0.8357333160931029,0.33417939554553067,3,0.050912547920769775
2.1004492810025113,0.8357333160931029,0.33417939554553067,3,0.050912547920769775
2.101441466002143,0.8357333160931029,0.33417939554553067,3,0.050912547920769775
2.1024576429990702,0.8357333160931029,0.33417939554553067,3,0.050912547920769775
2.1028513979981653,0.8357333160931029,0.33417939554553067,3,0.050912547920769775
2.1037705639973865,0.8357333160931029,0.33417939554553067,3,0.050912547920769775
2.1046938020008383,0.8357333160931029,0.33417939554553067,3,0.050912547920769775
2.105661460002011,0.8357333160931029,0.33417939554553067,3,0.050912547920769775
2.106061366001086,0.8357333160931029,0.33417939554553067,3,0.050912547920769775
2.1069624579977244,0.8357333160931029,0.33417939554553067,3,0.050912547920769775
2.107918358997267,0.8357333160931029,0.33417939554553067,3,0.050912547920769775
2.108844622998731,0.8357333160931029,0.33417939554553067,3,0.050912547920769775
2.109766601002775,0.8399932806137201,0.33243232655250854,3,0.05149490868230201
2.110650317998079,0.8399932806137201,0.33243232655250854,3,0.05149490868230201
2.1115242119994946,0.8399932806137201,0.33243232655250854,3,0.05149490868230201
2.1124061070004245,0.8399932806137201,0.33243232655250854,3,0.05149490868230201
2.1132901399978437,0.8399932806137201,0.33243232655250854,3,0.05149490868230201
2.114186355996935,0.8399932806137201,0.33243232655250854,3,0.05149490868230201
2.115084304998163,0.8399932806137201,0.33243232655250854,3,0.05149490868230201
2.1154618000000482,0.8399932806137201,0.33243232655250854,3,0.05149490868230201
2.116359353000007,0.8399932806137201,0.33243232655250854,3,0.05149490868230201
2.1167260599977453,0.8399932806137201,0.33243232655250854,3,0.05149490868230201
2.1177065009978833,0.8399932806137201,0.33243232655250854,3,0.05149490868230201
2.118685836001532,0.8399932806137201,0.33243232655250854,3,0.05149490868230201
2.119598113000393,0.8442425887803802,0.33069036532141344,3,0.05247395938160739
2.1204964080025093,0.8442425887803802,0.33069036532141344,3,0.05247395938160739
2.121427013000357,0.8442425887803802,0.33069036532141344,3,0.05247395938160739
2.1223303110018605,0.8442425887803802,0.33069036532141344,3,0.05247395938160739
2.1232260710021365,0.8442425887803802,0.33069036532141344,3,0.05247395938160739
2.124445036002726,0.8442425887803802,0.33069036532141344,3,0.05247395938160739
2.124897722998867,0.8442425887803802,0.33069036532141344,3,0.05247395938160739
2.1257846230000723,0.8442425887803802,0.33069036532141344,3,0.05247395938160739
2.126243279002665,0.8442425887803802,0.33069036532141344,3,0.05247395938160739
2.127150130996597,0.8442425887803802,0.33069036532141344,3,0.05247395938160739
2.1284902519983007,0.8442425887803802,0.33069036532141344,3,0.05247395938160739
2.1293783060027636,0.8442425887803802,0.33069036532141344,3,0.05247395938160739
2.130327168000804,0.8442425887803802,0.33069036532141344,3,0.05247395938160739
2.131267217999266,0.8442425887803802,0.33069036532141344,3,0.05247395938160739
2.131672515999526,0.8442425887803802,0.33069036532141344,3,0.05247395938160739
2.132653048996872,0.8442425887803802,0.33069036532141344,3,0.05247395938160739
2.1336203960017883,0.8484835724328724,0.328953285010068,3,0.05382642369715378
2.134000689999084,0.8484835724328724,0.328953285010068,3,0.05382642369715378
2.1350046239967924,0.8484835724328724,0.328953285010068,3,0.05382642369715378
2.1360684129977017,0.8484835724328724,0.328953285010068,3,0.05382642369715378
2.137080150998372,0.8484835724328724,0.328953285010068,3,0.05382642369715378
2.1380768669987447,0.8484835724328724,0.328953285010068,3,0.05382642369715378
2.138452111001243,0.8484835724328724,0.328953285010068,3,0.05382642369715378
2.1393565940015833,0.8484835724328724,0.328953285010068,3,0.05382642369715378
2.1402894260027097,0.8484835724328724,0.328953285010068,3,0.05382642369715378
2.1406428389964276,0.8484835724328724,0.328953285010068,3,0.05382642369715378
2.141520090000995,0.8527176533567031,0.3272197634468973,3,0.05552276848980204
2.142442222000682,0.8527176533567031,0.3272197634468973,3,0.05552276848980204
2.1433417270018253,0.8527176533567031,0.3272197634468973,3,0.05552276848980204
2.1442221219986095,0.8527176533567031,0.3272197634468973,3,0.05552276848980204
2.1451017599974875,0.8527176533567031,0.3272197634468973,3,0.05552276848980204
2.1459740409991355,0.8569464476612055,0.3254898649749491,3,0.05753202440735602
2.1468700889963657,0.8569464476612055,0.3254898649749491,3,0.05753202440735602
2.147737380997569,0.8569464476612055,0.3254898649749491,3,0.05753202440735602
2.148629424998944,0.8569464476612055,0.3254898649749491,3,0.05753202440735602
2.1495200479985215,0.8569464476612055,0.3254898649749491,3,0.05753202440735602
2.15043391600193,0.8611708011405209,0.32376251059745514,3,0.05982129134616108
2.1514847689977614,0.8611708011405209,0.32376251059745514,3,0.05982129134616108
2.1523810520011466,0.8611708011405209,0.32376251059745514,3,0.05982129134616108
2.1533050590005587,0.8611708011405209,0.32376251059745514,3,0.05982129134616108
2.1542255280000973,0.8611708011405209,0.32376251059745514,3,0.05982129134616108
2.15543925199745,0.8611708011405209,0.32376251059745514,3,0.05982129134616108
2.1563811770029133,0.8611708011405209,0.32376251059745514,3,0.05982129134616108
2.1573292350003612,0.8611708011405209,0.32376251059745514,3,0.05982129134616108
2.1577142829992226,0.8611708011405209,0.32376251059745514,3,0.05982129134616108
2.158603807001782,0.8611708011405209,0.32376251059745514,3,0.05982129134616108
2.1594864619983127,0.8611708011405209,0.32376251059745514,3,0.05982129134616108
2.1604691359971184,0.8653918603665262,0.3220379554388409,3,0.062359731088734674
2.1613728719967185,0.8653918603665262,0.3220379554388409,3,0.062359731088734674
2.161730562998855,0.8653918603665262,0.3220379554388409,3,0.062359731088734674
2.1626385519994074,0.8653918603665262,0.3220379554388409,3,0.062359731088734674
2.163569242002268,0.8653918603665262,0.3220379554388409,3,0.062359731088734674
2.164483745000325,0.8653918603665262,0.3220379554388409,3,0.062359731088734674
2.165479358001903,0.8653918603665262,0.3220379554388409,3,0.062359731088734674
2.166464456997346,0.8653918603665262,0.3220379554388409,3,0.062359731088734674
2.1674549509989447,0.8653918603665262,0.3220379554388409,3,0.062359731088734674
2.168441025001812,0.8653918603665262,0.3220379554388409,3,0.062359731088734674
2.1688204780002707,0.8653918603665262,0.3220379554388409,3,0.062359731088734674
2.1697261099980096,0.8653918603665262,0.3220379554388409,3,0.062359731088734674
2.1707432530020014,0.8696100934292869,0.3203152797511893,3,0.06511731212601861
2.1717357090019505,0.8696100934292869,0.3203152797511893,3,0.06511731212601861
2.1721340309959487,0.8696100934292869,0.3203152797511893,3,0.06511731212601861
2.173060039996926,0.8696100934292869,0.3203152797511893,3,0.06511731212601861
2.1739626529961242,0.8696100934292869,0.3203152797511893,3,0.06511731212601861
2.1748460349990637,0.8696100934292869,0.3203152797511893,3,0.06511731212601861
2.175228722997417,0.8696100934292869,0.3203152797511893,3,0.06511731212601861
2.176098641997669,0.8739078175099125,0.3154821115071935,3,0.06683930599690238
2.176999112001795,0.8739078175099125,0.3154821115071935,3,0.06683930599690238
2.1778932899978827,0.8739078175099125,0.3154821115071935,3,0.06683930599690238
2.178802579997864,0.8739078175099125,0.3154821115071935,3,0.06683930599690238
2.179723159002606,0.8739078175099125,0.3154821115071935,3,0.06683930599690238
2.1806298439987586,0.8739516311024773,0.31314287741886127,3,0.06598169908042248
2.1810008250031387,0.8739516311024773,0.31314287741886127,3,0.06598169908042248
2.1818841290005366,0.8739516311024773,0.31314287741886127,3,0.06598169908042248
2.1822754419990815,0.8739516311024773,0.31314287741886127,3,0.06598169908042248
2.183205496003211,0.8739516311024773,0.31314287741886127,3,0.06598169908042248
2.184157598996535,0.8739516311024773,0.31314287741886127,3,0.06598169908042248
2.185047653998481,0.8739516311024773,0.31314287741886127,3,0.06598169908042248
2.185917773997062,0.8782180487391509,0.3113845586704699,3,0.06937350536052858
2.186807576996216,0.8782180487391509,0.3113845586704699,3,0.06937350536052858
2.18773475800117,0.8782180487391509,0.3113845586704699,3,0.06937350536052858
2.1886343820006005,0.8782180487391509,0.3113845586704699,3,0.06937350536052858
2.1890059299985296,0.8782180487391509,0.3113845586704699,3,0.06937350536052858
2.1899093210013234,0.8782180487391509,0.3113845586704699,3,0.06937350536052858
2.1908199960016645,0.8782180487391509,0.3113845586704699,3,0.06937350536052858
2.1917220420000376,0.8782180487391509,0.3113845586704699,3,0.06937350536052858
2.192654890000995,0.8782180487391509,0.3113845586704699,3,0.06937350536052858
2.1935642000025837,0.8782180487391509,0.3113845586704699,3,0.06937350536052858
2.1944418900020537,0.8782180487391509,0.3113845586704699,3,0.06937350536052858
2.1953185120000853,0.8782180487391509,0.3113845586704699,3,0.06937350536052858
2.196202672996151,0.8782180487391509,0.3113845586704699,3,0.06937350536052858
2.1970897749997675,0.8782180487391509,0.3113845586704699,3,0.06937350536052858
2.1979705940029817,0.8782180487391509,0.3113845586704699,3,0.06937350536052858
2.1988904280005954,0.8782180487391509,0.3113845586704699,3,0.06937350536052858
2.1997934320024797,0.8825199688804448,0.30961387332817547,3,0.07293022345217351
2.200727800001914,0.8825199688804448,0.30961387332817547,3,0.07293022345217351
2.2017198739995365,0.8825199688804448,0.30961387332817547,3,0.07293022345217351
2.202163419999124,0.8825199688804448,0.30961387332817547,3,0.07293022345217351
2.2031619970002794,0.8825199688804448,0.30961387332817547,3,0.07293022345217351
2.2041227989975596,0.8825199688804448,0.30961387332817547,3,0.07293022345217351
2.205045032998896,0.8825199688804448,0.30961387332817547,3,0.07293022345217351
2.205419960002473,0.8825199688804448,0.30961387332817547,3,0.07293022345217351
2.206353952999052,0.8825199688804448,0.30961387332817547,3,0.07293022345217351
2.207293537998339,0.8825199688804448,0.30961387332817547,3,0.07293022345217351
2.208236919999763,0.8825199688804448,0.30961387332817547,3,0.07293022345217351
2.2086271139996825,0.8825199688804448,0.30961387332817547,3,0.07293022345217351
2.209539108996978,0.8825199688804448,0.30961387332817547,3,0.07293022345217351
2.2104324019965134,0.8868562959721822,0.30783285362061474,3,0.07663517294183272
2.2113218439990305,0.8868562959721822,0.30783285362061474,3,0.07663517294183272
2.212222647998715,0.8868562959721822,0.30783285362061474,3,0.07663517294183272
2.2131231059975107,0.8868562959721822,0.30783285362061474,3,0.07663517294183272
2.214009917996009,0.8868562959721822,0.30783285362061474,3,0.07663517294183272
2.2149153089994797,0.8868562959721822,0.30783285362061474,3,0.07663517294183272
2.2157974319998175,0.8868562959721822,0.30783285362061474,3,0.07663517294183272
2.216694777001976,0.8868562959721822,0.30783285362061474,3,0.07663517294183272
2.2170986529963557,0.8868562959721822,0.30783285362061474,3,0.07663517294183272
2.218071967996366,0.8868562959721822,0.30783285362061474,3,0.07663517294183272
2.2189909719963907,0.8868562959721822,0.30783285362061474,3,0.07663517294183272
2.219892658002209,0.8912252122594226,0.30604155416943274,3,0.08047236604479681
2.2207844809963717,0.8912252122594226,0.30604155416943274,3,0.08047236604479681
2.221691771999758,0.8912252122594226,0.30604155416943274,3,0.08047236604479681
2.2226032039980055,0.8912252122594226,0.30604155416943274,3,0.08047236604479681
2.223509807001392,0.8912252122594226,0.30604155416943274,3,0.08047236604479681
2.2238730570024927,0.8912252122594226,0.30604155416943274,3,0.08047236604479681
2.2247522350007785,0.8912252122594226,0.3060415541694328,3,0.08047236604479682
2.225676267997187,0.8912252122594226,0.3060415541694328,3,0.08047236604479682
2.226877611996315,0.8912252122594226,0.3060415541694328,3,0.08047236604479682
2.2282483460003277,0.8912252122594226,0.3060415541694328,3,0.08047236604479682
2.229227167001227,0.8912252122594226,0.3060415541694328,3,0.08047236604479682
2.2301915619973443,0.8956255173489431,0.30424132137220583,3,0.08442855202779566
2.2311194790017908,0.8956255173489431,0.30424132137220583,3,0.08442855202779566
2.2321052999977837,0.8956255173489431,0.30424132137220583,3,0.08442855202779566
2.2325105569980224,0.8956255173489431,0.30424132137220583,3,0.08442855202779566
2.2337212540005567,0.8956255173489431,0.30424132137220583,3,0.08442855202779566
2.2347584609960904,0.8956255173489431,0.30424132137220583,3,0.08442855202779566
2.2352112130029127,0.8956255173489431,0.30424132137220583,3,0.08442855202779566
2.2362133260030532,0.8956255173489431,0.30424132137220583,3,0.08442855202779566
2.237211922001734,0.8956255173489431,0.30424132137220583,3,0.08442855202779566
2.238182171997323,0.8956255173489431,0.30424132137220583,3,0.08442855202779566
2.2385487029969227,0.8956255173489431,0.30424132137220583,3,0.08442855202779566
2.239475146001496,0.8956255173489431,0.30424132137220583,3,0.08442855202779566
2.24044352099736,0.8956255173489431,0.30424132137220583,3,0.08442855202779566
2.2408214730021427,0.8956255173489431,0.30424132137220583,3,0.08442855202779566
2.2417904419999104,0.9000555295372694,0.3024321235222756,3,0.08849133343843904
2.242715991997102,0.9000555295372694,0.3024321235222756,3,0.08849133343843904
2.2435987389981165,0.9000555295372694,0.3024321235222756,3,0.08849133343843904
2.2445272839977406,0.9000555295372694,0.3024321235222756,3,0.08849133343843904
2.2449012150027556,0.9000555295372694,0.3024321235222756,3,0.08849133343843904
2.2458239879997564,0.9000555295372694,0.3024321235222756,3,0.08849133343843904
2.2467384449992096,0.9045141909336952,0.3006152614944538,3,0.09265059082923575
2.247646094998345,0.9045141909336952,0.3006152614944538,3,0.09265059082923575
2.248552176002704,0.9045141909336952,0.3006152614944538,3,0.09265059082923575
2.24947423300182,0.9045141909336952,0.3006152614944538,3,0.09265059082923575
2.2503692649988807,0.9045141909336952,0.3006152614944538,3,0.09265059082923575
2.2513170199963497,0.908999943316164,0.298790624984937,3,0.09689672573740074
2.2522331090003718,0.908999943316164,0.298790624984937,3,0.09689672573740074
2.2531337159962277,0.908999943316164,0.298790624984937,3,0.09689672573740074
2.2540606889961055,0.908999943316164,0.298790624984937,3,0.09689672573740074
2.2549479399967822,0.908999943316164,0.298790624984937,3,0.09689672573740074
2.256238811001822,0.908999943316164,0.298790624984937,3,0.09689672573740074
2.2566483139962656,0.908999943316164,0.298790624984937,3,0.09689672573740074
2.2576105569969513,0.908999943316164,0.298790624984937,3,0.09689672573740074
2.2586208330030786,0.908999943316164,0.298790624984937,3,0.09689672573740074
2.2589973650028696,0.908999943316164,0.298790624984937,3,0.09689672573740074
2.260028422999312,0.908999943316164,0.298790624984937,3,0.09689672573740074
2.2611251440030173,0.908999943316164,0.298790624984937,3,0.09689672573740074
2.2621048750006594,0.908999943316164,0.298790624984937,3,0.09689672573740074
2.2625252389989328,0.908999943316164,0.298790624984937,3,0.09689672573740074
2.2636140609974973,0.908999943316164,0.298790624984937,3,0.09689672573740074
2.2644314330027555,0.908999943316164,0.298790624984937,3,0.09689672573740074
2.265326077998907,0.908999943316164,0.298790624984937,3,0.09689672573740074
2.2658736890007276,0.908999943316164,0.298790624984937,3,0.09689672573740074
2.267109956002969,0.908999943316164,0.298790624984937,3,0.09689672573740074
2.268331726001634,0.9135118580167184,0.2969594738522784,3,0.10122200305143104
2.269344895001268,0.9135118580167184,0.2969594738522784,3,0.10122200305143104
2.27027788599662,0.9135118580167184,0.2969594738522784,3,0.10122200305143104
2.2712563530003536,0.9135118580167184,0.2969594738522784,3,0.10122200305143104
2.27261087000079,0.9135118580167184,0.2969594738522784,3,0.10122200305143104
2.273011363002297,0.9135118580167184,0.2969594738522784,3,0.10122200305143104
2.273973623996426,0.9135118580167184,0.2969594738522784,3,0.10122200305143104
2.2749219339966658,0.9135118580167184,0.2969594738522784,3,0.10122200305143104
2.2753026819991646,0.9135118580167184,0.2969594738522784,3,0.10122200305143104
2.2761741389986128,0.9135118580167184,0.2969594738522784,3,0.10122200305143104
2.277121819999593,0.9180447449549909,0.295123141442248,3,0.10561529046283924
2.2780244149980717,0.9180447449549909,0.295123141442248,3,0.10561529046283924
2.27893170400057,0.9180447449549909,0.295123141442248,3,0.10561529046283924
2.279335113002162,0.9180447449549909,0.295123141442248,3,0.10561529046283924
2.2802328749967273,0.9180447449549909,0.295123141442248,3,0.10561529046283924
2.281137897000008,0.9180447449549909,0.295123141442248,3,0.10561529046283924
2.281518201001745,0.9180447449549909,0.295123141442248,3,0.10561529046283924
2.282475899999554,0.9180447449549909,0.295123141442248,3,0.10561529046283924
2.2834377809995203,0.9180447449549909,0.295123141442248,3,0.10561529046283924
2.284376739000436,0.9180447449549909,0.295123141442248,3,0.10561529046283924
2.285299123999721,0.9180447449549909,0.295123141442248,3,0.10561529046283924
2.286211851002008,0.9180447449549909,0.295123141442248,3,0.10561529046283924
2.2870866939992993,0.9180447449549909,0.295123141442248,3,0.10561529046283924
2.287944545998471,0.9180447449549909,0.295123141442248,3,0.10561529046283924
2.288800103997346,0.9225942218234296,0.2932842817383877,4,0.10920138197442908
2.289693131999229,0.9225942218234296,0.2932842817383877,4,0.10920138197442908
2.2906027729986818,0.9225942218234296,0.2932842817383877,4,0.10920138197442908
2.2914889410021715,0.9225942218234296,0.2932842817383877,4,0.10920138197442908
2.2923815850008396,0.9225942218234296,0.2932842817383877,4,0.10920138197442908
2.29325308999978,0.9271592871473452,0.29144249541970846,4,0.10475601751271667
2.2941328279994195,0.9271592871473452,0.29144249541970846,4,0.10475601751271667
2.295049321000988,0.9271592871473452,0.29144249541970846,4,0.10475601751271667
2.295936353999423,0.9271592871473452,0.29144249541970846,4,0.10475601751271667
2.296850015001837,0.9271592871473452,0.29144249541970846,4,0.10475601751271667
2.297245052999642,0.9271592871473452,0.29144249541970846,4,0.10475601751271667
2.2981695179987582,0.9271592871473452,0.29144249541970846,4,0.10475601751271667
2.2990749509990565,0.9271592871473452,0.29144249541970846,4,0.10475601751271667
2.2999671090001357,0.9271592871473452,0.29144249541970846,4,0.10475601751271667
2.3008782289980445,0.9271592871473452,0.29144249541970846,4,0.10475601751271667
2.3017528479977045,0.9271592871473452,0.29144249541970846,4,0.10475601751271667
2.3026306419997127,0.9348400075830006,0.28900241942429367,4,0.09788675867655408
2.302991311000369,0.9348400075830006,0.28900241942429367,4,0.09788675867655408
2.303899596998235,0.9348400075830006,0.28900241942429367,4,0.09788675867655408
2.304790412999864,0.9348400075830006,0.28900241942429367,4,0.09788675867655408
2.3051597520025098,0.9348400075830006,0.28900241942429367,4,0.09788675867655408
2.3061330939963227,0.9348400075830006,0.28900241942429367,4,0.09788675867655408
2.3071023270022124,0.9348400075830006,0.28900241942429367,4,0.09788675867655408
2.308099089997995,0.9414470931983651,0.2867451621402802,4,0.0920062314761618
2.3090908099984517,0.9414470931983651,0.2867451621402802,4,0.0920062314761618
2.3099943679990247,0.9414470931983651,0.2867451621402802,4,0.0920062314761618
2.3104016779980157,0.9414470931983651,0.2867451621402802,4,0.0920062314761618
2.3112915309975506,0.9414470931983651,0.2867451621402802,4,0.0920062314761618
2.3121968880004715,0.9414470931983651,0.2867451621402802,4,0.0920062314761618
2.312597438998637,0.9414470931983651,0.2867451621402802,4,0.0920062314761618
2.3135757769996417,0.9414470931983651,0.2867451621402802,4,0.0920062314761618
2.3144894970027963,0.9414470931983651,0.2867451621402802,4,0.0920062314761618
2.3161449269973673,0.9414470931983651,0.2867451621402802,4,0.0920062314761618
2.3194435339974007,0.9414470931983651,0.2867451621402802,4,0.0920062314761618
2.320673882000847,0.9414470931983651,0.2867451621402802,4,0.0920062314761618
2.321682116999,0.9460473079977273,0.2848773313812582,4,0.08776633238243185
2.326944808999542,0.9460473079977273,0.2848773313812582,4,0.08776633238243185
2.3274390649967245,0.9460473079977273,0.2848773313812582,4,0.08776633238243185
2.3284627410030225,0.9460473079977273,0.2848773313812582,4,0.08776633238243185
2.3288452639972093,0.9460473079977273,0.2848773313812582,4,0.08776633238243185
2.3306161649961723,0.9460473079977273,0.2848773313812582,4,0.08776633238243185
2.3315067939984147,0.9460473079977273,0.2848773313812582,4,0.08776633238243185
2.3323730650008656,0.9460473079977273,0.2848773313812582,4,0.08776633238243185
2.3332539350012667,0.9460473079977273,0.2848773313812582,4,0.08776633238243185
2.334162806000677,0.9460473079977273,0.2848773313812582,4,0.08776633238243185
2.3350933190013166,0.9460473079977273,0.2848773313812582,4,0.08776633238243185
2.3354214470018633,0.9460473079977273,0.2848773313812582,4,0.08776633238243185
2.336572072999843,0.9460473079977273,0.2848773313812582,4,0.08776633238243185
2.3375084529980086,0.9460473079977273,0.2848773313812582,4,0.08776633238243185
2.3383064230001764,0.9460473079977273,0.2848773313812582,4,0.08776633238243185
2.3390478399960557,0.9460473079977273,0.2848773313812582,4,0.08776633238243185
2.3398037029983243,0.9460473079977273,0.2848773313812582,4,0.08776633238243185
2.3405696289992193,0.9460473079977273,0.2848773313812582,4,0.08776633238243185
2.3412408730000607,0.9506605824053637,0.2830076513758239,4,0.08359747984658181
2.3420978560025105,0.9506605824053637,0.2830076513758239,4,0.08359747984658181
2.342756650003139,0.9506605824053637,0.2830076513758239,4,0.08359747984658181
2.3434181249976973,0.9506605824053637,0.2830076513758239,4,0.08359747984658181
2.3437155339997844,0.9506605824053637,0.2830076513758239,4,0.08359747984658181
2.3444694589998107,0.9506605824053637,0.2830076513758239,4,0.08359747984658181
2.345091463001154,0.9506605824053637,0.2830076513758239,4,0.08359747984658181
2.34545034400071,0.9506605824053637,0.2830076513758239,4,0.08359747984658181
2.346377374997246,0.9506605824053637,0.2830076513758239,4,0.08359747984658181
2.346986211996409,0.9506605824053637,0.2830076513758239,4,0.08359747984658181
2.3477254419995006,0.9506605824053637,0.2830076513758239,4,0.08359747984658181
2.348652362001303,0.9506605824053637,0.2830076513758239,4,0.08359747984658181
2.349554836000607,0.9552866615701711,0.2811371203711526,4,0.07951423570533439
2.3499211680027656,0.9552866615701711,0.2811371203711526,4,0.07951423570533439
2.350800601001538,0.9552866615701711,0.2811371203711526,4,0.07951423570533439
2.3515625540021574,0.9552866615701711,0.2811371203711526,4,0.07951423570533439
2.3522847240019473,0.9552866615701711,0.2811371203711526,4,0.07951423570533439
2.3529947959978017,0.9552866615701711,0.2811371203711526,4,0.07951423570533439
2.353374051999708,0.9552866615701711,0.2811371203711526,4,0.07951423570533439
2.354095706003136,0.9552866615701711,0.2811371203711526,4,0.07951423570533439
2.3549576840014197,0.9552866615701711,0.2811371203711526,4,0.07951423570533439
2.3557960390025983,0.9552866615701711,0.2811371203711526,4,0.07951423570533439
2.356616208999185,0.9599948198527913,0.2794521591201258,4,0.07566082466251607
2.35744810399774,0.9599948198527913,0.2794521591201258,4,0.07566082466251607
2.358314215001883,0.9599948198527913,0.2794521591201258,4,0.07566082466251607
2.3591632320021745,0.9599948198527913,0.2794521591201258,4,0.07566082466251607
2.359976136001933,0.9599948198527913,0.2794521591201258,4,0.07566082466251607
2.3607787799992366,0.9599948198527913,0.2794521591201258,4,0.07566082466251607
2.3615821359999245,0.9599948198527913,0.2794521591201258,4,0.07566082466251607
2.3624204239968094,0.9599948198527913,0.2794521591201258,4,0.07566082466251607
2.36277195099683,0.9599948198527913,0.2794521591201258,4,0.07566082466251607
2.363615068003128,0.9599948198527913,0.2794521591201258,4,0.07566082466251607
2.3639432939962717,0.9599948198527913,0.2794521591201258,4,0.07566082466251607
2.364772358996561,0.9599948198527913,0.2794521591201258,4,0.07566082466251607
2.3657787690026453,0.9599948198527913,0.2794521591201258,4,0.07566082466251607
2.366116229000909,0.9599948198527913,0.2794521591201258,4,0.07566082466251607
2.366914543999883,0.9599948198527913,0.2794521591201258,4,0.07566082466251607
2.3678213550010696,0.9647061619095038,0.27774065176463164,4,0.07192361325207043
2.368784846003109,0.9647061619095038,0.27774065176463164,4,0.07192361325207043
2.369728698002291,0.9647061619095038,0.27774065176463164,4,0.07192361325207043
2.370622310001636,0.9647061619095038,0.27774065176463164,4,0.07192361325207043
2.371457310000551,0.9647061619095038,0.27774065176463164,4,0.07192361325207043
2.3722776279973914,0.9647061619095038,0.27774065176463164,4,0.07192361325207043
2.372586819001299,0.9647061619095038,0.27774065176463164,4,0.07192361325207043
2.373328039997432,0.9647061619095038,0.27774065176463164,4,0.07192361325207043
2.374280814001395,0.9647061619095038,0.27774065176463164,4,0.07192361325207043
2.3751229440022144,0.9647061619095038,0.27774065176463164,4,0.07192361325207043
2.3759277749995817,0.9647061619095038,0.27774065176463164,4,0.07192361325207043
2.3767395079994458,0.9694109723031782,0.27599073802124835,4,0.06831745936556403
2.377548743999796,0.9694109723031782,0.27599073802124835,4,0.06831745936556403
2.378345037002873,0.9694109723031782,0.27599073802124835,4,0.06831745936556403
2.379138486001466,0.9694109723031782,0.27599073802124835,4,0.06831745936556403
2.3799265130001004,0.9694109723031782,0.27599073802124835,4,0.06831745936556403
2.3807221340030083,0.9741215876267787,0.2742466924952451,4,0.06490286514544072
2.3822057739962474,0.9741215876267787,0.2742466924952451,4,0.06490286514544072
2.3826348459988367,0.9741215876267787,0.2742466924952451,4,0.06490286514544072
2.383440101002634,0.9741215876267787,0.2742466924952451,4,0.06490286514544072
2.384404552001797,0.9741215876267787,0.2742466924952451,4,0.06490286514544072
2.3856120299969916,0.9741215876267787,0.2742466924952451,4,0.06490286514544072
2.386563127001864,0.9741215876267787,0.2742466924952451,4,0.06490286514544072
2.386982033000095,0.9741215876267787,0.2742466924952451,4,0.06490286514544072
2.3876347330005956,0.9741215876267787,0.2742466924952451,4,0.06490286514544072
2.3885072069970192,0.9741215876267787,0.2742466924952451,4,0.06490286514544072
2.389116562997515,0.9741215876267787,0.2742466924952451,4,0.06490286514544072
2.3893494209987693,0.9741215876267787,0.2742466924952451,4,0.06490286514544072
2.3901037789983093,0.9741215876267787,0.2742466924952451,4,0.06490286514544072
2.391057055996498,0.9788302833905377,0.2724882454970906,4,0.06169543465955698
2.3919157959971926,0.9788302833905377,0.2724882454970906,4,0.06169543465955698
2.3926337789962417,0.9788302833905377,0.2724882454970906,4,0.06169543465955698
2.393351767997956,0.9788302833905377,0.2724882454970906,4,0.06169543465955698
2.3935821560007753,0.9788302833905377,0.2724882454970906,4,0.06169543465955698
2.394093802999123,0.9788302833905377,0.2724882454970906,4,0.06169543465955698
2.3945825139962835,0.9788302833905377,0.2724882454970906,4,0.06169543465955698
2.3950707019976107,0.9788302833905377,0.2724882454970906,4,0.06169543465955698
2.395579709998856,0.9788302833905377,0.2724882454970906,4,0.06169543465955698
2.396171038999455,0.9788302833905377,0.2724882454970906,4,0.06169543465955698
2.3969690689991694,0.9788302833905377,0.2724882454970906,4,0.06169543465955698
2.3977800979992026,0.98354756760916,0.27074409253195214,4,0.05875539421324985
2.3986019790027058,0.98354756760916,0.27074409253195214,4,0.05875539421324985
2.3994198399959714,0.98354756760916,0.27074409253195214,4,0.05875539421324985
2.4002710599961574,0.98354756760916,0.27074409253195214,4,0.05875539421324985
2.401183248999587,0.98354756760916,0.27074409253195214,4,0.05875539421324985
2.401631221997377,0.98354756760916,0.27074409253195214,4,0.05875539421324985
2.402618899999652,0.98354756760916,0.27074409253195214,4,0.05875539421324985
2.4029705509965424,0.98354756760916,0.27074409253195214,4,0.05875539421324985
2.4038279300002614,0.98354756760916,0.27074409253195214,4,0.05875539421324985
2.4046814410030493,0.98354756760916,0.27074409253195214,4,0.05875539421324985
2.4059309299991583,0.98354756760916,0.27074409253195214,4,0.05875539421324985
2.4068198099994333,0.9882637944447444,0.26898868033324413,4,0.05610194068383708
2.4076417579999543,0.9882637944447444,0.26898868033324413,4,0.05610194068383708
2.4085842479980784,0.9882637944447444,0.26898868033324413,4,0.05610194068383708
2.409416025002429,0.9882637944447444,0.26898868033324413,4,0.05610194068383708
2.4102169949983363,0.9882637944447444,0.26898868033324413,4,0.05610194068383708
2.4111815319993184,0.9882637944447444,0.26898868033324413,4,0.05610194068383708
2.4117943579985877,0.991869804210139,0.26091667154759446,4,0.04760911464768654
2.4124623489988153,0.991869804210139,0.26091667154759446,4,0.04760911464768654
2.41305692899914,0.991869804210139,0.26091667154759446,4,0.04760911464768654
2.4132977620029123,0.991869804210139,0.26091667154759446,4,0.04760911464768654
2.414139927997894,0.991869804210139,0.26091667154759446,4,0.04760911464768654
2.4146625610010233,0.991869804210139,0.26091667154759446,4,0.04760911464768654
2.4152133649986354,0.991869804210139,0.26091667154759446,4,0.04760911464768654
2.415732310000749,0.991869804210139,0.26091667154759446,4,0.04760911464768654
2.416426076000789,0.991869804210139,0.26091667154759446,4,0.04760911464768654
2.4173015049964306,0.991869804210139,0.26091667154759446,4,0.04760911464768654
2.418188044000999,0.991869804210139,0.26091667154759446,4,0.04760911464768654
2.4191329640016193,0.9965910199992571,0.2591590711853884,4,0.045548374793542463
2.419919186999323,0.9965910199992571,0.2591590711853884,4,0.045548374793542463
2.4209017969988054,0.9965910199992571,0.2591590711853884,4,0.045548374793542463
2.421275105996756,0.9965910199992571,0.2591590711853884,4,0.045548374793542463
2.4221836110009463,0.9965910199992571,0.2591590711853884,4,0.045548374793542463
2.4229799000022467,0.9965910199992571,0.2591590711853884,4,0.045548374793542463
2.4239823800016893,0.9965910199992571,0.2591590711853884,4,0.045548374793542463
2.424351226996805,0.9965910199992571,0.2591590711853884,4,0.045548374793542463
2.4250071790011134,0.9965910199992571,0.2591590711853884,4,0.045548374793542463
2.4256074730001274,0.9965910199992571,0.2591590711853884,4,0.045548374793542463
2.425832791996072,0.9965910199992571,0.2591590711853884,4,0.045548374793542463
2.4264484789964627,0.9965910199992571,0.2591590711853884,4,0.045548374793542463
2.4272782580010244,0.9965910199992571,0.2591590711853884,4,0.045548374793542463
2.428176806002739,1.0013207661583399,0.25741723346741713,4,0.04398736916077636
2.429073737002909,1.0013207661583399,0.25741723346741713,4,0.04398736916077636
2.429561573000683,1.0013207661583399,0.25741723346741713,4,0.04398736916077636
2.4305824379989645,1.0013207661583399,0.25741723346741713,4,0.04398736916077636
2.4315512320026755,1.0013207661583399,0.25741723346741713,4,0.04398736916077636
2.4324094830008107,1.0013207661583399,0.25741723346741713,4,0.04398736916077636
2.4327706990006845,1.0013207661583399,0.25741723346741713,4,0.04398736916077636
2.433695952000562,1.0013207661583399,0.25741723346741713,4,0.04398736916077636
2.4346695709973574,1.0013207661583399,0.25741723346741713,4,0.04398736916077636
2.4354660129974945,1.0013207661583399,0.25741723346741713,4,0.04398736916077636
2.4361377309978707,1.0013207661583399,0.25741723346741713,4,0.04398736916077636
2.4367237580008805,1.0013207661583399,0.25741723346741713,4,0.04398736916077636
2.437553146002756,1.0013207661583399,0.25741723346741713,4,0.04398736916077636
2.437913585003116,1.0013207661583399,0.25741723346741713,4,0.04398736916077636
2.4388041459969827,1.0013207661583399,0.25741723346741713,4,0.04398736916077636
2.4396851470010006,1.0013207661583399,0.25741723346741713,4,0.04398736916077636
2.440525999001693,1.0013207661583399,0.25741723346741713,4,0.04398736916077636
2.44135220899625,1.0013207661583399,0.25741723346741713,4,0.04398736916077636
2.4421837650006637,1.0060491609964726,0.25566479085203575,4,0.04295365148482104
2.443017539997527,1.0060491609964726,0.25566479085203575,4,0.04295365148482104
2.443369269996765,1.0060491609964726,0.25566479085203575,4,0.04295365148482104
2.44427846599865,1.0060491609964726,0.25566479085203575,4,0.04295365148482104
2.4451554129991564,1.0060491609964726,0.25566479085203575,4,0.04295365148482104
2.4460227680028765,1.0060491609964726,0.25566479085203575,4,0.04295365148482104
2.4463605679993634,1.0060491609964726,0.25566479085203575,4,0.04295365148482104
2.4471650929990574,1.0060491609964726,0.25566479085203575,4,0.04295365148482104
2.447950916000991,1.0060491609964726,0.25566479085203575,4,0.04295365148482104
2.4487506470031803,1.0060491609964726,0.25566479085203575,4,0.04295365148482104
2.449584608002624,1.0060491609964726,0.25566479085203575,4,0.04295365148482104
2.45040499100287,1.0060491609964726,0.25566479085203575,4,0.04295365148482104
2.451308543997584,1.01074663129644,0.253919254212093,4,0.042493811150577994
2.4527810840008897,1.01074663129644,0.253919254212093,4,0.042493811150577994
2.4536570990021573,1.01074663129644,0.253919254212093,4,0.042493811150577994
2.454385525001271,1.01074663129644,0.253919254212093,4,0.042493811150577994
2.4552920260030078,1.01074663129644,0.253919254212093,4,0.042493811150577994
2.4562382939984673,1.0153529381231161,0.2520987921922265,4,0.04251566954745783
2.457046249997802,1.0153529381231161,0.2520987921922265,4,0.04251566954745783
2.457836182999017,1.0153529381231161,0.2520987921922265,4,0.04251566954745783
2.4587642240003333,1.0153529381231161,0.2520987921922265,4,0.04251566954745783
2.4709606890028226,1.0153529381231161,0.2520987921922265,4,0.04251566954745783
2.471596691997547,1.0153529381231161,0.2520987921922265,4,0.04251566954745783
2.4728012229970773,1.0153529381231161,0.2520987921922265,4,0.04251566954745783
2.473206588998437,1.0153529381231161,0.2520987921922265,4,0.04251566954745783
2.4742694559972733,1.0153529381231161,0.2520987921922265,4,0.04251566954745783
2.474625595001271,1.0153529381231161,0.2520987921922265,4,0.04251566954745783
2.4755412119993707,1.0153529381231161,0.2520987921922265,4,0.04251566954745783
2.475871722002921,1.0153529381231161,0.2520987921922265,4,0.04251566954745783
2.476724441003171,1.0153529381231161,0.2520987921922265,4,0.04251566954745783
2.4770498650032096,1.0153529381231161,0.2520987921922265,4,0.04251566954745783
2.4778719169989927,1.0153529381231161,0.2520987921922265,4,0.04251566954745783
2.4787417039988213,1.0153529381231161,0.2520987921922265,4,0.04251566954745783
2.479574054996192,1.0199165910581962,0.2502993911074937,4,0.04310587444201357
2.480396753002424,1.0199165910581962,0.2502993911074937,4,0.04310587444201357
2.4811878809996415,1.0199165910581962,0.2502993911074937,4,0.04310587444201357
2.4819898459973047,1.0199165910581962,0.2502993911074937,4,0.04310587444201357
2.4828143039994757,1.0199165910581962,0.2502993911074937,4,0.04310587444201357
2.4836287360012648,1.0199165910581962,0.2502993911074937,4,0.04310587444201357
2.4844799380007316,1.0199165910581962,0.2502993911074937,4,0.04310587444201357
2.4855927280004835,1.0199165910581962,0.2502993911074937,4,0.04310587444201357
2.486484160996042,1.0199165910581962,0.2502993911074937,4,0.04310587444201357
2.486846804000379,1.0199165910581962,0.2502993911074937,4,0.04310587444201357
2.4877894579985877,1.0199165910581962,0.2502993911074937,4,0.04310587444201357
2.488183850000496,1.0199165910581962,0.2502993911074937,4,0.04310587444201357
2.4900067779963138,1.0244456563498119,0.24851693329654884,4,0.04422761779690645
2.490896276998683,1.0244456563498119,0.24851693329654884,4,0.04422761779690645
2.4917611929995473,1.0244456563498119,0.24851693329654884,4,0.04422761779690645
2.4926854669975,1.0244456563498119,0.24851693329654884,4,0.04422761779690645
2.493500110998866,1.0244456563498119,0.24851693329654884,4,0.04422761779690645
2.4943019339989405,1.0244456563498119,0.24851693329654884,4,0.04422761779690645
2.4951738960007788,1.0244456563498119,0.24851693329654884,4,0.04422761779690645
2.495975981000811,1.0244456563498119,0.24851693329654884,4,0.04422761779690645
2.4967813359980937,1.0244456563498119,0.24851693329654884,4,0.04422761779690645
2.497615754000435,1.0244456563498119,0.24851693329654884,4,0.04422761779690645
2.4979908199966303,1.0244456563498119,0.24851693329654884,4,0.04422761779690645
2.4989786879959865,1.0289471804444055,0.24674939121167927,4,0.04583306911612411
2.4999592259991914,1.0289471804444055,0.24674939121167927,4,0.04583306911612411
2.5003646789991762,1.0289471804444055,0.24674939121167927,4,0.04583306911612411
2.5014350159981404,1.0289471804444055,0.24674939121167927,4,0.04583306911612411
2.5023891090022516,1.0289471804444055,0.24674939121167927,4,0.04583306911612411
2.503425782000704,1.0289471804444055,0.24674939121167927,4,0.04583306911612411
2.5038273399986792,1.0289471804444055,0.24674939121167927,4,0.04583306911612411
2.504689203997259,1.0289471804444055,0.24674939121167927,4,0.04583306911612411
2.505106493998028,1.0289471804444055,0.24674939121167927,4,0.04583306911612411
2.505979143999866,1.0289471804444055,0.24674939121167927,4,0.04583306911612411
2.5066071469991584,1.0289471804444055,0.24674939121167927,4,0.04583306911612411
2.5073362850016565,1.0289471804444055,0.24674939121167927,4,0.04583306911612411
2.5080734599978314,1.0289471804444055,0.24674939121167927,4,0.04583306911612411
2.5087580399995204,1.0334263663970142,0.2449938439059538,4,0.047866181319265295
2.5089989519983646,1.0334263663970142,0.2449938439059538,4,0.047866181319265295
2.509569638001267,1.0334263663970142,0.2449938439059538,4,0.047866181319265295
2.5101010579965077,1.0334263663970142,0.2449938439059538,4,0.047866181319265295
2.5107545479986584,1.0334263663970142,0.2449938439059538,4,0.047866181319265295
2.5113630659980117,1.0334263663970142,0.2449938439059538,4,0.047866181319265295
2.5119134970009327,1.0334263663970142,0.2449938439059538,4,0.047866181319265295
2.5121689549996518,1.0334263663970142,0.2449938439059538,4,0.047866181319265295
2.5129613620010787,1.0334263663970142,0.2449938439059538,4,0.047866181319265295
2.513799423002638,1.0334263663970142,0.2449938439059538,4,0.047866181319265295
2.5146245650030323,1.0334263663970142,0.2449938439059538,4,0.047866181319265295
2.5154374619960436,1.0334263663970142,0.2449938439059538,4,0.047866181319265295
2.5162542320031207,1.037887926377227,0.24324919849679388,4,0.050271032142126824
2.5170659630020964,1.037887926377227,0.24324919849679388,4,0.050271032142126824
2.517879767998238,1.037887926377227,0.24324919849679388,4,0.050271032142126824
2.5187098189999233,1.037887926377227,0.24324919849679388,4,0.050271032142126824
2.5196147949973238,1.037887926377227,0.24324919849679388,4,0.050271032142126824
2.5204918009985704,1.037887926377227,0.24324919849679388,4,0.050271032142126824
2.521332973999961,1.037887926377227,0.24324919849679388,4,0.050271032142126824
2.5221712510028738,1.037887926377227,0.24324919849679388,4,0.050271032142126824
2.5229694099980406,1.037887926377227,0.24324919849679388,4,0.050271032142126824
2.5237868370022625,1.037887926377227,0.24324919849679388,4,0.050271032142126824
2.5246421299962094,1.037887926377227,0.24324919849679388,4,0.050271032142126824
2.5254829559999052,1.037887926377227,0.24324919849679388,4,0.050271032142126824
2.526316985997255,1.037887926377227,0.24324919849679388,4,0.050271032142126824
2.5269292340017273,1.037887926377227,0.24324919849679388,4,0.050271032142126824
2.5271563779970165,1.037887926377227,0.24324919849679388,4,0.050271032142126824
2.527639394000289,1.037887926377227,0.24324919849679388,4,0.050271032142126824
2.528331845001958,1.0422412174007603,0.24168228115178453,4,0.05300262052562189
2.529141642997274,1.0422412174007603,0.24168228115178453,4,0.05300262052562189
2.530002464001882,1.0422412174007603,0.24168228115178453,4,0.05300262052562189
2.5308640349976486,1.0422412174007603,0.24168228115178453,4,0.05300262052562189
2.5316838239959907,1.0422412174007603,0.24168228115178453,4,0.05300262052562189
2.5320091179964948,1.0422412174007603,0.24168228115178453,4,0.05300262052562189
2.5328458189978846,1.0452142665420974,0.24257993881349904,4,0.056005869226673534
2.533652420002909,1.0452142665420974,0.24257993881349904,4,0.056005869226673534
2.5345379240025068,1.0452142665420974,0.24257993881349904,4,0.056005869226673534
2.5349114409982576,1.0452142665420974,0.24257993881349904,4,0.056005869226673534
2.535772884002654,1.0452142665420974,0.24257993881349904,4,0.056005869226673534
2.5366025769981206,1.0452142665420974,0.24257993881349904,4,0.056005869226673534
2.5374927570010186,1.0448253346456593,0.24327773981060596,4,0.05603954972251674
2.5384378399976413,1.0448253346456593,0.24327773981060596,4,0.05603954972251674
2.539409944001818,1.0448253346456593,0.24327773981060596,4,0.05603954972251674
2.539760528001352,1.0448253346456593,0.24327773981060596,4,0.05603954972251674
2.5406192770024063,1.0448253346456593,0.24327773981060596,4,0.05603954972251674
2.541258115998062,1.0448253346456593,0.24327773981060596,4,0.05603954972251674
2.5418450700017274,1.0492509910642034,0.24155305956214473,4,0.05900441312170903
2.5420707119992585,1.0492509910642034,0.24155305956214473,4,0.05900441312170903
2.5426520760011044,1.0492509910642034,0.24155305956214473,4,0.05900441312170903
2.543194236997806,1.0492509910642034,0.24155305956214473,4,0.05900441312170903
2.5437951860003523,1.0492509910642034,0.24155305956214473,4,0.05900441312170903
2.5440241289979895,1.0492509910642034,0.24155305956214473,4,0.05900441312170903
2.5445689519983716,1.0492509910642034,0.24155305956214473,4,0.05900441312170903
2.545236758000101,1.0492509910642034,0.24155305956214473,4,0.05900441312170903
2.5459412720010732,1.0492509910642034,0.24155305956214473,4,0.05900441312170903
2.546586295000452,1.0492509910642034,0.24155305956214473,4,0.05900441312170903
2.5472479189993464,1.0492509910642034,0.24155305956214473,4,0.05900441312170903
2.5477692319982452,1.0492509910642034,0.24155305956214473,4,0.05900441312170903
2.5483820020017447,1.053683257490498,0.23982972464516272,4,0.06219765639937125
2.549217712999962,1.053683257490498,0.23982972464516272,4,0.06219765639937125
2.5500212100014323,1.053683257490498,0.23982972464516272,4,0.06219765639937125
2.550868377002189,1.053683257490498,0.23982972464516272,4,0.06219765639937125
2.551261175001855,1.053683257490498,0.23982972464516272,4,0.06219765639937125
2.55219425100222,1.053683257490498,0.23982972464516272,4,0.06219765639937125
2.55301378799777,1.053683257490498,0.23982972464516272,4,0.06219765639937125
2.5538233409970417,1.053683257490498,0.23982972464516272,4,0.06219765639937125
2.554660558998876,1.053683257490498,0.23982972464516272,4,0.06219765639937125
2.555541107998579,1.053683257490498,0.23982972464516272,4,0.06219765639937125
2.5558847810025327,1.053683257490498,0.23982972464516272,4,0.06219765639937125
2.5567492299960577,1.053683257490498,0.23982972464516272,4,0.06219765639937125
2.557596302998718,1.0581357262800455,0.2381016924179532,4,0.06559751753979105
2.558425465002074,1.0581357262800455,0.2381016924179532,4,0.06559751753979105
2.5592405540010077,1.0581357262800455,0.2381016924179532,4,0.06559751753979105
2.5600533350007026,1.0581357262800455,0.2381016924179532,4,0.06559751753979105
2.5608511379978154,1.0626080368585187,0.23637074091078392,4,0.06917803490234398
2.56167888300115,1.0626080368585187,0.23637074091078392,4,0.06917803490234398
2.562494591002178,1.0626080368585187,0.23637074091078392,4,0.06917803490234398
2.5633272519989987,1.0626080368585187,0.23637074091078392,4,0.06917803490234398
2.564111227002286,1.0626080368585187,0.23637074091078392,4,0.06917803490234398
2.56484506400011,1.0626080368585187,0.23637074091078392,4,0.06917803490234398
2.565212868001254,1.0626080368585187,0.23637074091078392,4,0.06917803490234398
2.566019669000525,1.0626080368585187,0.23637074091078392,4,0.06917803490234398
2.5668441759989946,1.0626080368585187,0.23637074091078392,4,0.06917803490234398
2.5676978589981445,1.0626080368585187,0.23637074091078392,4,0.06917803490234398
2.5685308140018606,1.0626080368585187,0.23637074091078392,4,0.06917803490234398
2.5688734270006535,1.0626080368585187,0.23637074091078392,4,0.06917803490234398
2.5697678939977777,1.0626080368585187,0.23637074091078392,4,0.06917803490234398
2.5706191700010095,1.0626080368585187,0.23637074091078392,4,0.06917803490234398
2.57146267999633,1.0626080368585187,0.23637074091078392,4,0.06917803490234398
2.5722849770027096,1.0626080368585187,0.23637074091078392,4,0.06917803490234398
2.5730754879987217,1.0626080368585187,0.23637074091078392,4,0.06917803490234398
2.5738678540001274,1.0626080368585187,0.23637074091078392,4,0.06917803490234398
2.5744831440024427,1.0671001493738133,0.2346393624922566,4,0.07291713827451192
2.575091665996297,1.0671001493738133,0.2346393624922566,4,0.07291713827451192
2.575323461998778,1.0671001493738133,0.2346393624922566,4,0.07291713827451192
2.5758486760023516,1.0671001493738133,0.2346393624922566,4,0.07291713827451192
2.5765575319965137,1.0671001493738133,0.2346393624922566,4,0.07291713827451192
2.5771872789991903,1.0671001493738133,0.2346393624922566,4,0.07291713827451192
2.577796682002372,1.0671001493738133,0.2346393624922566,4,0.07291713827451192
2.578630329000589,1.0671001493738133,0.2346393624922566,4,0.07291713827451192
2.5789679450026597,1.0671001493738133,0.2346393624922566,4,0.07291713827451192
2.5795545970031526,1.0671001493738133,0.2346393624922566,4,0.07291713827451192
2.580137281998759,1.0671001493738133,0.2346393624922566,4,0.07291713827451192
2.580770800996106,1.0671001493738133,0.2346393624922566,4,0.07291713827451192
2.580989091999072,1.0671001493738133,0.2346393624922566,4,0.07291713827451192
2.5815972450000118,1.0716118008252333,0.23290936976318366,4,0.07679537044298873
2.5821408179981518,1.0716118008252333,0.23290936976318366,4,0.07679537044298873
2.582913459998963,1.0716118008252333,0.23290936976318366,4,0.07679537044298873
2.583687528000155,1.0716118008252333,0.23290936976318366,4,0.07679537044298873
2.5843378420031513,1.0716118008252333,0.23290936976318366,4,0.07679537044298873
2.5845949099966674,1.0716118008252333,0.23290936976318366,4,0.07679537044298873
2.5851538560018525,1.0761419484967563,0.23118043614517358,4,0.08079479384773901
2.5857795210031327,1.0761419484967563,0.23118043614517358,4,0.08079479384773901
2.586635373001627,1.0761419484967563,0.23118043614517358,4,0.08079479384773901
2.587456141001894,1.0761419484967563,0.23118043614517358,4,0.08079479384773901
2.588260247997823,1.0761419484967563,0.23118043614517358,4,0.08079479384773901
2.5891003079959773,1.0761419484967563,0.23118043614517358,4,0.08079479384773901
2.589916220997111,1.0761419484967563,0.23118043614517358,4,0.08079479384773901
2.590776167002332,1.0761419484967563,0.23118043614517358,4,0.08079479384773901
2.5911918179990607,1.0761419484967563,0.23118043614517358,4,0.08079479384773901
2.592041399999289,1.0761419484967563,0.23118043614517358,4,0.08079479384773901
2.593064619002689,1.0761419484967563,0.23118043614517358,4,0.08079479384773901
2.5947273569981917,1.0806901327432594,0.22945364777614496,4,0.08490092996694258
2.5956490519965882,1.0806901327432594,0.22945364777614496,4,0.08490092996694258
2.5965069250014494,1.0806901327432594,0.22945364777614496,4,0.08490092996694258
2.600557589001255,1.0806901327432594,0.22945364777614496,4,0.08490092996694258
2.6016679879976436,1.0806901327432594,0.22945364777614496,4,0.08490092996694258
2.6021041970016086,1.0806901327432594,0.22945364777614496,4,0.08490092996694258
2.6030174729967257,1.0806901327432594,0.22945364777614496,4,0.08490092996694258
2.6033449210008257,1.0806901327432594,0.22945364777614496,4,0.08490092996694258
2.604207092001161,1.0806901327432594,0.22945364777614496,4,0.08490092996694258
2.604953748996195,1.0806901327432594,0.22945364777614496,4,0.08490092996694258
2.6058311149972724,1.0806901327432594,0.22945364777614496,4,0.08490092996694258
2.60675638000248,1.0806901327432594,0.22945364777614496,4,0.08490092996694258
2.6074863280009595,1.0806901327432594,0.22945364777614496,4,0.08490092996694258
2.6082693749995087,1.0806901327432594,0.22945364777614496,4,0.08490092996694258
2.6090835349968984,1.0806901327432594,0.22945364777614496,4,0.08490092996694258
2.609689946002618,1.0806901327432594,0.22945364777614496,4,0.08490092996694258
2.6105263229983393,1.0806901327432594,0.22945364777614496,4,0.08490092996694258
2.6108618159996695,1.0806901327432594,0.22945364777614496,4,0.08490092996694258
2.6117086520025623,1.0806901327432594,0.22945364777614496,4,0.08490092996694258
2.6125194049964193,1.0852553785491363,0.22772863021829592,4,0.08910064175249689
2.6131560470021213,1.0852553785491363,0.22772863021829592,4,0.08910064175249689
2.613419774999784,1.0852553785491363,0.22772863021829592,4,0.08910064175249689
2.614003162998415,1.0852553785491363,0.22772863021829592,4,0.08910064175249689
2.614784304998466,1.0852553785491363,0.22772863021829592,4,0.08910064175249689
2.615562052000314,1.0852553785491363,0.22772863021829592,4,0.08910064175249689
2.6163508870013175,1.0852553785491363,0.22772863021829592,4,0.08910064175249689
2.6172376539980178,1.0852553785491363,0.22772863021829592,4,0.08910064175249689
2.61811261800176,1.0852553785491363,0.22772863021829592,4,0.08910064175249689
2.618451322996407,1.0852553785491363,0.22772863021829592,4,0.08910064175249689
2.6194861639960436,1.0852553785491363,0.22772863021829592,4,0.08910064175249689
2.6202663509975537,1.0852553785491363,0.22772863021829592,4,0.08910064175249689
2.6209694999997737,1.0898372932308023,0.22600644451808888,4,0.09338346042640897
2.6212728489990695,1.0898372932308023,0.22600644451808888,4,0.09338346042640897
2.6218929429960554,1.0898372932308023,0.22600644451808888,4,0.09338346042640897
2.622637938002299,1.0898372932308023,0.22600644451808888,4,0.09338346042640897
2.6234449129988207,1.0898372932308023,0.22600644451808888,4,0.09338346042640897
2.624056048996863,1.0898372932308023,0.22600644451808888,4,0.09338346042640897
2.624891863000812,1.0963744537908753,0.22435352283726984,4,0.0996750039428701
2.625233920996834,1.0963744537908753,0.22435352283726984,4,0.0996750039428701
2.6260464520019013,1.0963744537908753,0.22435352283726984,4,0.0996750039428701
2.626857477996964,1.0963744537908753,0.22435352283726984,4,0.0996750039428701
2.627677634001884,1.0963744537908753,0.22435352283726984,4,0.0996750039428701
2.6285070329977316,1.0963744537908753,0.22435352283726984,4,0.0996750039428701
2.6293243499967502,1.0971364168175624,0.2243790241202243,4,0.1004352959727651
2.630147260002559,1.0971364168175624,0.2243790241202243,4,0.1004352959727651
2.6309923640001216,1.0971364168175624,0.2243790241202243,4,0.1004352959727651
2.631323528003122,1.0971364168175624,0.2243790241202243,4,0.1004352959727651
2.632221924002806,1.0971364168175624,0.2243790241202243,4,0.1004352959727651
2.6330562630028,1.0971364168175624,0.2243790241202243,4,0.1004352959727651
2.6339504529969417,1.1017537051820876,0.2226859689687043,4,0.10486718123190875
2.6348039399963454,1.1017537051820876,0.2226859689687043,4,0.10486718123190875
2.63516712099954,1.1017537051820876,0.2226859689687043,4,0.10486718123190875
2.636111556996184,1.1017537051820876,0.2226859689687043,4,0.10486718123190875
2.6370096809987444,1.1017537051820876,0.2226859689687043,4,0.10486718123190875
2.637906327996461,1.1017537051820876,0.2226859689687043,4,0.10486718123190875
2.6387943000008818,1.1017537051820876,0.2226859689687043,4,0.10486718123190875
2.639683381996292,1.1017537051820876,0.2226859689687043,4,0.10486718123190875
2.640661288998672,1.1017537051820876,0.2226859689687043,4,0.10486718123190875
2.6416685189979034,1.1017537051820876,0.2226859689687043,4,0.10486718123190875
2.64254696900025,1.1017537051820876,0.2226859689687043,4,0.10486718123190875
2.642946608000784,1.1017537051820876,0.2226859689687043,4,0.10486718123190875
2.64402098699793,1.1017537051820876,0.2226859689687043,4,0.10486718123190875
2.6452136610023445,1.1017537051820876,0.2226859689687043,4,0.10486718123190875
2.645991582998249,1.1017537051820876,0.2226859689687043,4,0.10486718123190875
2.646947187000478,1.1017537051820876,0.2226859689687043,4,0.10486718123190875
2.6475284799962537,1.1017537051820876,0.2226859689687043,4,0.10486718123190875
2.648079783000867,1.1063779714936701,0.22099872051535324,5,0.1061565580481201
2.6489722179976525,1.1063779714936701,0.22099872051535324,5,0.1061565580481201
2.649411072001385,1.1063779714936701,0.22099872051535324,5,0.1061565580481201
2.6504533150000498,1.1063779714936701,0.22099872051535324,5,0.1061565580481201
2.6514750700007426,1.1063779714936701,0.22099872051535324,5,0.1061565580481201
2.652240654999332,1.1063779714936701,0.22099872051535324,5,0.1061565580481201
2.653079057003197,1.1063779714936701,0.22099872051535324,5,0.1061565580481201
2.653459348002798,1.1063779714936701,0.22099872051535324,5,0.1061565580481201
2.6543634639965603,1.1063779714936701,0.22099872051535324,5,0.1061565580481201
2.6551336179982172,1.1063779714936701,0.22099872051535324,5,0.1061565580481201
2.655752765997022,1.1063779714936701,0.22099872051535324,5,0.1061565580481201
2.6563857340006507,1.1063779714936701,0.22099872051535324,5,0.1061565580481201
2.657153266001842,1.1110095500333435,0.2193188731968984,5,0.10160374323898284
2.657760838003014,1.1110095500333435,0.2193188731968984,5,0.10160374323898284
2.6583205799979623,1.1110095500333435,0.2193188731968984,5,0.10160374323898284
2.658973839999817,1.1110095500333435,0.2193188731968984,5,0.10160374323898284
2.659228525997605,1.1110095500333435,0.2193188731968984,5,0.10160374323898284
2.6597549540019827,1.1110095500333435,0.21931887319689838,5,0.10160374323898282
2.6603753119998146,1.1110095500333435,0.21931887319689838,5,0.10160374323898282
2.660900748000131,1.1110095500333435,0.21931887319689838,5,0.10160374323898282
2.6615096440000343,1.1110095500333435,0.21931887319689838,5,0.10160374323898282
2.6618365820031613,1.1110095500333435,0.21931887319689838,5,0.10160374323898282
2.6626705859962385,1.115648780496746,0.21764803107822334,5,0.09708821693444579
2.6634891639987472,1.115648780496746,0.21764803107822334,5,0.09708821693444579
2.664295337002841,1.115648780496746,0.21764803107822334,5,0.09708821693444579
2.6651042270023027,1.115648780496746,0.21764803107822334,5,0.09708821693444579
2.6659353799987002,1.115648780496746,0.21764803107822334,5,0.09708821693444579
2.6667538589972537,1.115648780496746,0.21764803107822334,5,0.09708821693444579
2.667556077001791,1.115648780496746,0.21764803107822334,5,0.09708821693444579
2.6683569789965986,1.115648780496746,0.21764803107822334,5,0.09708821693444579
2.669167590996949,1.115648780496746,0.21764803107822334,5,0.09708821693444579
2.6695136979978997,1.115648780496746,0.21764803107822334,5,0.09708821693444579
2.670402962998196,1.115648780496746,0.21764803107822334,5,0.09708821693444579
2.670746149000479,1.115648780496746,0.21764803107822334,5,0.09708821693444579
2.671652090000862,1.115648780496746,0.21764803107822334,5,0.09708821693444579
2.672557259000314,1.115648780496746,0.21764803107822334,5,0.09708821693444579
2.6734215499964193,1.1202951932223555,0.2159855387506755,5,0.09261595991938257
2.673763382998004,1.1202951932223555,0.2159855387506755,5,0.09261595991938257
2.674594554999203,1.1202951932223555,0.2159855387506755,5,0.09261595991938257
2.6754178699993645,1.1202951932223555,0.2159855387506755,5,0.09261595991938257
2.6762428599977284,1.1202951932223555,0.2159855387506755,5,0.09261595991938257
2.6770868029998383,1.1202951932223555,0.2159855387506755,5,0.09261595991938257
2.677872328997182,1.1202951932223555,0.2159855387506755,5,0.09261595991938257
2.6785383660026127,1.1202951932223555,0.2159855387506755,5,0.09261595991938257
2.6793774329998996,1.1202951932223555,0.2159855387506755,5,0.09261595991938257
2.680186297002365,1.1202951932223555,0.2159855387506755,5,0.09261595991938257
2.6809757969967905,1.1202951932223555,0.2159855387506755,5,0.09261595991938257
2.6817749830006505,1.1202951932223555,0.2159855387506755,5,0.09261595991938257
2.6825776219993713,1.1202951932223555,0.2159855387506755,5,0.09261595991938257
2.683380850001413,1.1202951932223555,0.2159855387506755,5,0.09261595991938257
2.6841690380024374,1.1202951932223555,0.2159855387506755,5,0.09261595991938257
2.6849429639987648,1.1202951932223555,0.2159855387506755,5,0.09261595991938257
2.6858429849962704,1.1249488690512217,0.21433224700191666,5,0.08819478196357378
2.6861221619983553,1.1249488690512217,0.21433224700191666,5,0.08819478196357378
2.6866947570015327,1.1249488690512217,0.21433224700191666,5,0.08819478196357378
2.687521318999643,1.1249488690512217,0.21433224700191666,5,0.08819478196357378
2.6885187049992965,1.1249488690512217,0.21433224700191666,5,0.08819478196357378
2.689493953999772,1.1249488690512217,0.21433224700191666,5,0.08819478196357378
2.6898685970008955,1.1249488690512217,0.21433224700191666,5,0.08819478196357378
2.690758099000959,1.124948869051222,0.21433224700191666,5,0.08819478196357362
2.6915727430023253,1.124948869051222,0.21433224700191666,5,0.08819478196357362
2.692279866001627,1.124948869051222,0.21433224700191666,5,0.08819478196357362
2.692943214002298,1.124948869051222,0.21433224700191666,5,0.08819478196357362
2.693202656999347,1.124948869051222,0.21433224700191666,5,0.08819478196357362
2.6938084669964155,1.124948869051222,0.21433224700191666,5,0.08819478196357362
2.6948862330027623,1.129609356625756,0.21268748769874302,5,0.08383323182411045
2.695650353001838,1.129609356625756,0.21268748769874302,5,0.08383323182411045
2.6965383529968676,1.129609356625756,0.21268748769874302,5,0.08383323182411045
2.6974259470007382,1.129609356625756,0.21268748769874302,5,0.08383323182411045
2.69779391100019,1.129609356625756,0.21268748769874302,5,0.08383323182411045
2.6986297280018334,1.129609356625756,0.21268748769874302,5,0.08383323182411045
2.6994716659974074,1.129609356625756,0.21268748769874302,5,0.08383323182411045
2.7002879130013753,1.129609356625756,0.21268748769874302,5,0.08383323182411045
2.701136862997373,1.129609356625756,0.21268748769874302,5,0.08383323182411045
2.701997850002954,1.129609356625756,0.21268748769874302,5,0.08383323182411045
2.702931592997629,1.129609356625756,0.21268748769874302,5,0.08383323182411045
2.7033264499987126,1.129609356625756,0.21268748769874302,5,0.08383323182411045
2.704230395000195,1.1342767494282568,0.21105210631397198,5,0.07954237461814347
2.705069548996107,1.1342767494282568,0.21105210631397198,5,0.07954237461814347
2.705903260000923,1.1342767494282568,0.21105210631397198,5,0.07954237461814347
2.706788030998723,1.1342767494282568,0.21105210631397198,5,0.07954237461814347
2.7076491749976412,1.1342767494282568,0.21105210631397198,5,0.07954237461814347
2.7085001279992866,1.138950613067615,0.2094254231109962,5,0.07533469624509227
2.7093334879973554,1.138950613067615,0.2094254231109962,5,0.07533469624509227
2.7101497140029096,1.138950613067615,0.2094254231109962,5,0.07533469624509227
2.710953909998352,1.138950613067615,0.2094254231109962,5,0.07533469624509227
2.711762633996841,1.138950613067615,0.2094254231109962,5,0.07533469624509227
2.712555518002773,1.138950613067615,0.2094254231109962,5,0.07533469624509227
2.7133681179984706,1.138950613067615,0.2094254231109962,5,0.07533469624509227
2.7138895509997383,1.138950613067615,0.2094254231109962,5,0.07533469624509227
2.7145724419970065,1.138950613067615,0.2094254231109962,5,0.07533469624509227
2.7148619099971256,1.138950613067615,0.2094254231109962,5,0.07533469624509227
2.7154363070003456,1.138950613067615,0.2094254231109962,5,0.07533469624509227
2.7159463240022887,1.138950613067615,0.2094254231109962,5,0.07533469624509227
2.7165456130023813,1.138950613067615,0.2094254231109962,5,0.07533469624509227
2.717132183002832,1.138950613067615,0.2094254231109962,5,0.07533469624509227
2.717975434003165,1.138950613067615,0.2094254231109962,5,0.07533469624509227
2.7188594070030376,1.1436310521897803,0.2078082788902228,5,0.0712262373738148
2.7197272240009625,1.1436310521897803,0.2078082788902228,5,0.0712262373738148
2.72056418700231,1.1436310521897803,0.2078082788902228,5,0.0712262373738148
2.72139282200078,1.1436310521897803,0.2078082788902228,5,0.0712262373738148
2.722226320998743,1.1436310521897803,0.2078082788902228,5,0.0712262373738148
2.7230521110031987,1.1436310521897803,0.2078082788902228,5,0.0712262373738148
2.7233968610016746,1.1436310521897803,0.2078082788902228,5,0.0712262373738148
2.7242980980008724,1.1436310521897803,0.2078082788902228,5,0.0712262373738148
2.7252133799993317,1.1436310521897803,0.2078082788902228,5,0.0712262373738148
2.7255869720029295,1.1436310521897803,0.2078082788902228,5,0.0712262373738148
2.7264614309970057,1.1436310521897803,0.2078082788902228,5,0.0712262373738148
2.727344434999395,1.1436310521897803,0.2078082788902228,5,0.0712262373738148
2.7282696249967557,1.1436310521897803,0.2078082788902228,5,0.0712262373738148
2.7291941009971197,1.148299257713431,0.206206272092198,5,0.0672509196618299
2.7295826109984773,1.148299257713431,0.206206272092198,5,0.0672509196618299
2.730528284002503,1.148299257713431,0.206206272092198,5,0.0672509196618299
2.731471729995974,1.148299257713431,0.206206272092198,5,0.0672509196618299
2.732405700000527,1.148299257713431,0.206206272092198,5,0.0672509196618299
2.7327905439960887,1.148299257713431,0.206206272092198,5,0.0672509196618299
2.733725347003201,1.148299257713431,0.206206272092198,5,0.0672509196618299
2.734651250000752,1.159069659297919,0.2083037520401331,5,0.06386795171096755
2.7356141459968057,1.159069659297919,0.2083037520401331,5,0.06386795171096755
2.7365462870002375,1.159069659297919,0.2083037520401331,5,0.06386795171096755
2.7375162390017067,1.159069659297919,0.2083037520401331,5,0.06386795171096755
2.738436614003149,1.159069659297919,0.2083037520401331,5,0.06386795171096755
2.7388262969980133,1.159069659297919,0.2083037520401331,5,0.06386795171096755
2.739732456000638,1.1626289239682164,0.21044122849941566,5,0.0644797265316675
2.7406204770013574,1.1626289239682164,0.21044122849941566,5,0.0644797265316675
2.7415129950022674,1.1626289239682164,0.21044122849941566,5,0.0644797265316675
2.7427651309990324,1.1626289239682164,0.21044122849941566,5,0.0644797265316675
2.743760242003191,1.1626289239682164,0.21044122849941566,5,0.0644797265316675
2.7441027849999955,1.1626289239682164,0.21044122849941566,5,0.0644797265316675
2.7449711989975185,1.1677071941020511,0.20916941318670637,5,0.06164646381541271
2.746308030000364,1.1677071941020511,0.20916941318670637,5,0.06164646381541271
2.74718771300104,1.1677071941020511,0.20916941318670637,5,0.06164646381541271
2.7503623829979915,1.1677071941020511,0.20916941318670637,5,0.06164646381541271
2.751102281996282,1.1677071941020511,0.20916941318670637,5,0.06164646381541271
2.75231540799723,1.1677071941020511,0.20916941318670637,5,0.06164646381541271
2.7532488290016772,1.1677071941020511,0.20916941318670637,5,0.06164646381541271
2.753582429999369,1.1677071941020511,0.20916941318670637,5,0.06164646381541271
2.754603501998645,1.1677071941020511,0.20916941318670637,5,0.06164646381541271
2.7556518420024076,1.1677071941020511,0.20916941318670637,5,0.06164646381541271
2.7565707440007827,1.1677071941020511,0.20916941318670637,5,0.06164646381541271
2.7575730999960797,1.1677071941020511,0.20916941318670637,5,0.06164646381541271
2.758406526998442,1.172315048449336,0.2076397694085461,5,0.05899250283400835
2.759255689998099,1.172315048449336,0.2076397694085461,5,0.05899250283400835
2.760074446996441,1.172315048449336,0.2076397694085461,5,0.05899250283400835
2.760868201003177,1.172315048449336,0.2076397694085461,5,0.05899250283400835
2.761683054995956,1.1769091130558849,0.20612352275331178,5,0.056646474645192596
2.7625097440031823,1.1769091130558849,0.20612352275331178,5,0.056646474645192596
2.762755356001435,1.1769091130558849,0.20612352275331178,5,0.056646474645192596
2.7634273910007323,1.1769091130558849,0.20612352275331178,5,0.056646474645192596
2.7637618239969015,1.1769091130558849,0.20612352275331178,5,0.056646474645192596
2.764749732996279,1.1769091130558849,0.20612352275331178,5,0.056646474645192596
2.765145022996876,1.1769091130558849,0.20612352275331178,5,0.056646474645192596
2.7660597099966253,1.1769091130558849,0.20612352275331178,5,0.056646474645192596
2.7664323409990175,1.1769091130558849,0.20612352275331178,5,0.056646474645192596
2.767407863000699,1.1769091130558849,0.20612352275331178,5,0.056646474645192596
2.7684072310003103,1.1769091130558849,0.20612352275331178,5,0.056646474645192596
2.7694137090002187,1.1769091130558849,0.20612352275331178,5,0.056646474645192596
2.7698652769977343,1.1769091130558849,0.20612352275331178,5,0.056646474645192596
2.7711873239968554,1.1769091130558849,0.20612352275331178,5,0.056646474645192596
2.7723542309977347,1.1769091130558849,0.20612352275331178,5,0.056646474645192596
2.773168956999143,1.1769091130558849,0.20612352275331178,5,0.056646474645192596
2.7739986949964077,1.1814922359492652,0.20461884513630776,5,0.05464143166802012
2.7744564329987043,1.1814922359492652,0.20461884513630776,5,0.05464143166802012
2.7753742470013094,1.1814922359492652,0.20461884513630776,5,0.05464143166802012
2.776272738003172,1.1814922359492652,0.20461884513630776,5,0.05464143166802012
2.777210603999265,1.1814922359492652,0.20461884513630776,5,0.05464143166802012
2.777633291996608,1.1814922359492652,0.20461884513630776,5,0.05464143166802012
2.778460813999118,1.1814922359492652,0.20461884513630776,5,0.05464143166802012
2.77927624899894,1.1814922359492652,0.20461884513630776,5,0.05464143166802012
2.780112148997432,1.1814922359492652,0.20461884513630776,5,0.05464143166802012
2.7809649769988027,1.1814922359492652,0.20461884513630776,5,0.05464143166802012
2.7814132240018807,1.1814922359492652,0.20461884513630776,5,0.05464143166802012
2.7822683549966314,1.1814922359492652,0.20461884513630776,5,0.05464143166802012
2.783099681000749,1.1814922359492652,0.20461884513630776,5,0.05464143166802012
2.78394316000049,1.1860671545737875,0.20312557349174232,5,0.05301212401886782
2.7847878210013732,1.1860671545737875,0.20312557349174232,5,0.05301212401886782
2.785661957001139,1.1860671545737875,0.20312557349174232,5,0.05301212401886782
2.786512689999654,1.1860671545737875,0.20312557349174232,5,0.05301212401886782
2.7873416549991816,1.1860671545737875,0.20312557349174232,5,0.05301212401886782
2.7882230629984406,1.1860671545737875,0.2031255734917423,5,0.05301212401886779
2.789142939996964,1.1860671545737875,0.2031255734917423,5,0.05301212401886779
2.790015835998929,1.1860671545737875,0.2031255734917423,5,0.05301212401886779
2.790877667001041,1.1860671545737875,0.2031255734917423,5,0.05301212401886779
2.791720670000359,1.1860671545737875,0.2031255734917423,5,0.05301212401886779
2.79263619199628,1.1860671545737875,0.2031255734917423,5,0.05301212401886779
2.793482219996804,1.1860671545737875,0.2031255734917423,5,0.05301212401886779
2.794296032996499,1.1860671545737875,0.2031255734917423,5,0.05301212401886779
2.7952159589985968,1.1860671545737875,0.2031255734917423,5,0.05301212401886779
2.796019413995964,1.1860671545737875,0.2031255734917423,5,0.05301212401886779
2.796819299001072,1.1906356572002312,0.20164227380538988,5,0.05178961614566613
2.7976174319992424,1.1906356572002312,0.20164227380538988,5,0.05178961614566613
2.7984295659989584,1.1906356572002312,0.20164227380538988,5,0.05178961614566613
2.7991146950007533,1.1906356572002312,0.20164227380538988,5,0.05178961614566613
2.7994531110016396,1.1906356572002312,0.20164227380538988,5,0.05178961614566613
2.8002549029988586,1.1906356572002312,0.20164227380538988,5,0.05178961614566613
2.8005877929972485,1.1906356572002312,0.20164227380538988,5,0.05178961614566613
2.801655944000231,1.190635657200231,0.20164227380538988,5,0.05178961614566611
2.80211197600147,1.190635657200231,0.20164227380538988,5,0.05178961614566611
2.803304339002352,1.190635657200231,0.20164227380538988,5,0.05178961614566611
2.8037001010015956,1.190635657200231,0.20164227380538988,5,0.05178961614566611
2.8047085299986065,1.190635657200231,0.20164227380538988,5,0.05178961614566611
2.8051420880001388,1.190635657200231,0.20164227380538988,5,0.05178961614566611
2.8061262909977813,1.190635657200231,0.20164227380538988,5,0.05178961614566611
2.8073412430021563,1.190635657200231,0.20164227380538988,5,0.05178961614566611
2.8086268179977196,1.1951996141819594,0.20016908961587923,5,0.05100107438334946
2.809055031000753,1.1951996141819594,0.20016908961587923,5,0.05100107438334946
2.8100566180000897,1.1951996141819594,0.20016908961587923,5,0.05100107438334946
2.8109932959996513,1.1951996141819594,0.20016908961587923,5,0.05100107438334946
2.8120582120027393,1.1951996141819594,0.20016908961587923,5,0.05100107438334946
2.812394184002187,1.1951996141819594,0.20016908961587923,5,0.05100107438334946
2.813229241000954,1.1951996141819594,0.20016908961587923,5,0.05100107438334946
2.814042990001326,1.1951996141819594,0.20016908961587926,5,0.051001074383349485
2.8148217420020956,1.1951996141819594,0.20016908961587926,5,0.051001074383349485
2.8155914419985493,1.1951996141819594,0.20016908961587926,5,0.051001074383349485
2.8163744949997636,1.1951996141819594,0.20016908961587926,5,0.051001074383349485
2.8171525889993063,1.1951996141819594,0.20016908961587926,5,0.051001074383349485
2.8179166780028027,1.1951996141819594,0.20016908961587926,5,0.051001074383349485
2.818711849002284,1.1951996141819594,0.20016908961587926,5,0.051001074383349485
2.819592327999999,1.1951996141819594,0.20016908961587926,5,0.051001074383349485
2.8211190559959505,1.1951996141819594,0.20016908961587926,5,0.051001074383349485
2.8219191239986685,1.1951996141819594,0.20016908961587926,5,0.051001074383349485
2.8227441600029124,1.1997601187023303,0.19870484258876167,5,0.050663833540920064
2.823098494001897,1.1997601187023303,0.19870484258876167,5,0.050663833540920064
2.823965114002931,1.1997601187023303,0.19870484258876167,5,0.050663833540920064
2.824756306996278,1.1997601187023303,0.19870484258876167,5,0.050663833540920064
2.8257403449970298,1.1997601187023303,0.19870484258876167,5,0.050663833540920064
2.8260719000027166,1.1997601187023303,0.19870484258876167,5,0.050663833540920064
2.8268943849980133,1.1997601187023303,0.19870484258876167,5,0.050663833540920064
2.8274396999986493,1.1997601187023303,0.19870484258876167,5,0.050663833540920064
2.8279390669995337,1.1997601187023303,0.19870484258876167,5,0.050663833540920064
2.828818781999871,1.1997601187023303,0.19870484258876167,5,0.050663833540920064
2.8297519170009764,1.1997601187023303,0.19870484258876167,5,0.050663833540920064
2.8306090690020937,1.1997601187023303,0.19870484258876167,5,0.050663833540920064
2.831380839998019,1.2043053910528836,0.19725403885551848,5,0.05078497821512265
2.8316873029980343,1.2043053910528836,0.19725403885551848,5,0.05078497821512265
2.832559444999788,1.2043053910528836,0.19725403885551848,5,0.05078497821512265
2.8333791319964803,1.2043053910528836,0.19725403885551848,5,0.05078497821512265
2.83425415000238,1.2043053910528836,0.19725403885551848,5,0.05078497821512265
2.834602476999862,1.2043053910528836,0.19725403885551848,5,0.05078497821512265
2.8355807949992595,1.2043053910528836,0.1972540388555185,5,0.05078497821512268
2.8363460289983777,1.2043053910528836,0.1972540388555185,5,0.05078497821512268
2.837239672000578,1.2043053910528836,0.1972540388555185,5,0.05078497821512268
2.838097204003134,1.2043053910528836,0.1972540388555185,5,0.05078497821512268
2.8389759639976546,1.2043053910528836,0.1972540388555185,5,0.05078497821512268
2.8393357259992626,1.2043053910528836,0.1972540388555185,5,0.05078497821512268
2.8400921459979145,1.2043053910528836,0.1972540388555185,5,0.05078497821512268
2.8403447219970985,1.2043053910528836,0.1972540388555185,5,0.05078497821512268
2.8411694789974717,1.208825452546411,0.19581896136164637,5,0.051353561106437275
2.841818797001906,1.208825452546411,0.19581896136164637,5,0.051353561106437275
2.8424575649987673,1.208825452546411,0.19581896136164637,5,0.051353561106437275
2.843125751998741,1.208825452546411,0.19581896136164637,5,0.051353561106437275
2.8439468599972315,1.208825452546411,0.19581896136164637,5,0.051353561106437275
2.8442541120020906,1.208825452546411,0.19581896136164637,5,0.051353561106437275
2.8449176799986162,1.208825452546411,0.19581896136164637,5,0.051353561106437275
2.845522873001755,1.208825452546411,0.19581896136164637,5,0.051353561106437275
2.846016030998726,1.208825452546411,0.19581896136164637,5,0.051353561106437275
2.846728668999276,1.215933439751726,0.1896798525148744,5,0.049972299601087594
2.8473005080013536,1.215933439751726,0.1896798525148744,5,0.049972299601087594
2.8478262909993646,1.215933439751726,0.1896798525148744,5,0.049972299601087594
2.8480425199959427,1.215933439751726,0.1896798525148744,5,0.049972299601087594
2.8485491100000218,1.215933439751726,0.1896798525148744,5,0.049972299601087594
2.849086572001397,1.215933439751726,0.1896798525148744,5,0.049972299601087594
2.8496739659967716,1.215933439751726,0.1896798525148744,5,0.049972299601087594
2.8505128379983944,1.215933439751726,0.1896798525148744,5,0.049972299601087594
2.851289498998085,1.216428713676399,0.18878353284934407,5,0.04957418311720316
2.852052039001137,1.216428713676399,0.18878353284934407,5,0.04957418311720316
2.85282482799812,1.216428713676399,0.18878353284934407,5,0.04957418311720316
2.853549182997085,1.216428713676399,0.18878353284934407,5,0.04957418311720316
2.8544515000030515,1.216428713676399,0.18878353284934407,5,0.04957418311720316
2.8553994339963538,1.216428713676399,0.18878353284934407,5,0.04957418311720316
2.8562503439970897,1.216428713676399,0.18878353284934407,5,0.04957418311720316
2.857059928996023,1.216428713676399,0.18878353284934407,5,0.04957418311720316
2.857382467998832,1.216428713676399,0.18878353284934407,5,0.04957418311720316
2.8581534109980566,1.216428713676399,0.18878353284934407,5,0.04957418311720316
2.8589579409963335,1.216428713676399,0.18878353284934407,5,0.04957418311720316
2.8597408650020952,1.2209119840495064,0.18737207182030483,5,0.05146578285719074
2.860512788996857,1.2209119840495064,0.18737207182030483,5,0.05146578285719074
2.8612835590029135,1.2209119840495064,0.18737207182030483,5,0.05146578285719074
2.8620216900017112,1.2209119840495064,0.18737207182030483,5,0.05146578285719074
2.8627942969978903,1.2209119840495064,0.18737207182030483,5,0.05146578285719074
2.8635704920015996,1.2209119840495064,0.18737207182030483,5,0.05146578285719074
2.8644110309978714,1.2209119840495064,0.18737207182030483,5,0.05146578285719074
2.8652393629963626,1.2209119840495064,0.18737207182030483,5,0.05146578285719074
2.865952166997886,1.2209119840495064,0.18737207182030483,5,0.05146578285719074
2.8667089419977856,1.2209119840495064,0.18737207182030483,5,0.05146578285719074
2.867538810998667,1.2253830200620117,0.18597269060938157,5,0.053702193245469244
2.8684114549978403,1.2253830200620117,0.18597269060938157,5,0.053702193245469244
2.869236168000498,1.2253830200620117,0.18597269060938157,5,0.053702193245469244
2.8700156409977353,1.2253830200620117,0.18597269060938157,5,0.053702193245469244
2.870798283998738,1.2253830200620117,0.18597269060938157,5,0.053702193245469244
2.8715707439987455,1.2253830200620117,0.18597269060938157,5,0.053702193245469244
2.872422259999439,1.2253830200620117,0.18597269060938157,5,0.053702193245469244
2.873252520003007,1.2253830200620117,0.18597269060938157,5,0.053702193245469244
2.8735553930018796,1.2253830200620117,0.18597269060938157,5,0.053702193245469244
2.874555952002993,1.2253830200620117,0.18597269060938157,5,0.053702193245469244
2.8749771820002934,1.2253830200620117,0.18597269060938157,5,0.053702193245469244
2.875837596002384,1.2253830200620117,0.18597269060938157,5,0.053702193245469244
2.876128030999098,1.2253830200620117,0.18597269060938157,5,0.053702193245469244
2.876731488002406,1.2298443514610984,0.18458377537624238,5,0.05623948665512898
2.8777052049990743,1.2298443514610984,0.18458377537624238,5,0.05623948665512898
2.8785442840016913,1.2298443514610984,0.18458377537624238,5,0.05623948665512898
2.878888908002409,1.2298443514610984,0.18458377537624238,5,0.05623948665512898
2.8797470220015384,1.2298443514610984,0.18458377537624238,5,0.05623948665512898
2.88061401899904,1.2298443514610984,0.18458377537624238,5,0.05623948665512898
2.8810518399986904,1.2298443514610984,0.18458377537624238,5,0.05623948665512898
2.8820011150019127,1.2298443514610984,0.18458377537624238,5,0.05623948665512898
2.8829953509994084,1.2298443514610984,0.18458377537624238,5,0.05623948665512898
2.883904818998417,1.2298443514610984,0.18458377537624238,5,0.05623948665512898
2.884237332997145,1.2298443514610984,0.18458377537624238,5,0.05623948665512898
2.885054726000817,1.2342984120521656,0.1832052606353793,5,0.05903792318547299
2.885819035000168,1.2342984120521656,0.1832052606353793,5,0.05903792318547299
2.886606808999204,1.2342984120521656,0.1832052606353793,5,0.05903792318547299
2.8874432949960465,1.2342984120521656,0.1832052606353793,5,0.05903792318547299
2.888242954002635,1.2342984120521656,0.1832052606353793,5,0.05903792318547299
2.889011257997481,1.2342984120521656,0.1832052606353793,5,0.05903792318547299
2.8893621140014147,1.2342984120521656,0.1832052606353793,5,0.05903792318547299
2.890186956996331,1.2342984120521656,0.1832052606353793,5,0.05903792318547299
2.890965149999829,1.2342984120521656,0.1832052606353793,5,0.05903792318547299
2.891723291002563,1.2342984120521656,0.1832052606353793,5,0.05903792318547299
2.892508404002001,1.2342984120521656,0.1832052606353793,5,0.05903792318547299
2.8932973760020104,1.2342984120521656,0.1832052606353793,5,0.05903792318547299
2.89362321599765,1.2342984120521656,0.1832052606353793,5,0.05903792318547299
2.8943873309981427,1.2342984120521656,0.1832052606353793,5,0.05903792318547299
2.895129211996391,1.2342984120521656,0.1832052606353793,5,0.05903792318547299
2.8958963319964823,1.2342984120521656,0.1832052606353793,5,0.05903792318547299
2.8966559580003377,1.2342984120521656,0.1832052606353793,5,0.05903792318547299
2.8974376690021018,1.2342984120521656,0.1832052606353793,5,0.05903792318547299
2.898181354001281,1.2342984120521656,0.1832052606353793,5,0.05903792318547299
2.898500925002736,1.2342984120521656,0.1832052606353793,5,0.05903792318547299
2.899396749002335,1.2387467893853747,0.18183586515299102,5,0.06206063857940593
2.900219103001291,1.2387467893853747,0.18183586515299102,5,0.06206063857940593
2.9010232290020213,1.2387467893853747,0.18183586515299102,5,0.06206063857940593
2.901806524998392,1.2387467893853747,0.18183586515299102,5,0.06206063857940593
2.9020809049980016,1.2387467893853747,0.18183586515299102,5,0.06206063857940593
2.902902121997613,1.2387467893853747,0.18183586515299102,5,0.06206063857940593
2.9037430019961903,1.2387467893853747,0.18183586515299102,5,0.06206063857940593
2.9045277850018465,1.2387467893853747,0.18183586515299102,5,0.06206063857940593
2.9053192650026176,1.2387467893853747,0.18183586515299102,5,0.06206063857940593
2.9061162450016127,1.2387467893853747,0.18183586515299102,5,0.06206063857940593
2.9069104969967157,1.2387467893853747,0.18183586515299102,5,0.06206063857940593
2.9076963889965555,1.243191146597011,0.18047578203784348,5,0.06527630997050853
2.9084695459969225,1.243191146597011,0.18047578203784348,5,0.06527630997050853
2.909434795001289,1.243191146597011,0.18047578203784348,5,0.06527630997050853
2.9101348370022606,1.243191146597011,0.18047578203784348,5,0.06527630997050853
2.9104694519992336,1.243191146597011,0.18047578203784348,5,0.06527630997050853
2.9112690780020785,1.243191146597011,0.18047578203784348,5,0.06527630997050853
2.9116003989984165,1.243191146597011,0.18047578203784348,5,0.06527630997050853
2.912171613003011,1.2476324533478285,0.17912394582202512,5,0.06865692532753791
2.912800158999744,1.2476324533478285,0.17912394582202512,5,0.06865692532753791
2.9130281699981424,1.2476324533478285,0.17912394582202512,5,0.06865692532753791
2.9135475889997906,1.2476324533478285,0.17912394582202512,5,0.06865692532753791
2.9140562179964036,1.2476324533478285,0.17912394582202512,5,0.06865692532753791
2.9147046799989766,1.2476324533478285,0.17912394582202512,5,0.06865692532753791
2.915586267001345,1.2476324533478285,0.17912394582202512,5,0.06865692532753791
2.9165017799969064,1.2476324533478285,0.17912394582202512,5,0.06865692532753791
2.9173626359988702,1.2476324533478285,0.17912394582202512,5,0.06865692532753791
2.9181981009969604,1.2476324533478285,0.17912394582202512,5,0.06865692532753791
2.9184558280030615,1.2476324533478285,0.17912394582202512,5,0.06865692532753791
2.9191652739973506,1.2476324533478285,0.17912394582202512,5,0.06865692532753791
2.920036698997137,1.2520718661011208,0.17778071772408807,5,0.07217949237754559
2.9207724230000167,1.2520718661011208,0.17778071772408807,5,0.07217949237754559
2.9215778009966016,1.2520718661011208,0.17778071772408807,5,0.07217949237754559
2.922368608000397,1.2520718661011208,0.17778071772408807,5,0.07217949237754559
2.92318219000299,1.2520718661011208,0.17778071772408807,5,0.07217949237754559
2.9239514809960383,1.2520718661011208,0.17778071772408807,5,0.07217949237754559
2.924284599001112,1.2520718661011208,0.17778071772408807,5,0.07217949237754559
2.9251163070002804,1.2520718661011208,0.17778071772408807,5,0.07217949237754559
2.9258984949992737,1.2520718661011208,0.17778071772408807,5,0.07217949237754559
2.9266782970007625,1.2520718661011208,0.17778071772408807,5,0.07217949237754559
2.9274417699998594,1.2520718661011208,0.17778071772408807,5,0.07217949237754559
2.9282416709975223,1.2520718661011208,0.1777807177240881,5,0.0721794923775456
2.9290391670001554,1.2520718661011208,0.1777807177240881,5,0.0721794923775456
2.9298021939976024,1.2520718661011208,0.1777807177240881,5,0.0721794923775456
2.930597193997528,1.2520718661011208,0.1777807177240881,5,0.0721794923775456
2.931319153998629,1.2520718661011208,0.1777807177240881,5,0.0721794923775456
2.9320818729975144,1.2565264622953685,0.17644021730526666,5,0.07583741341699722
2.9328701260019443,1.2565264622953685,0.17644021730526666,5,0.07583741341699722
2.933677984998212,1.2565264622953685,0.17644021730526666,5,0.07583741341699722
2.9344640979979886,1.2565264622953685,0.17644021730526666,5,0.07583741341699722
2.935026077000657,1.2565264622953685,0.17644021730526666,5,0.07583741341699722
2.9355730099996435,1.2565264622953685,0.17644021730526666,5,0.07583741341699722
2.9360701810001046,1.2565264622953685,0.17644021730526666,5,0.07583741341699722
2.9366194829999586,1.2565264622953685,0.17644021730526666,5,0.07583741341699722
2.937424383999314,1.2565264622953685,0.17644021730526666,5,0.07583741341699722
2.9381940919993212,1.2565264622953685,0.17644021730526666,5,0.07583741341699722
2.938981312996475,1.2610126118411642,0.17509836936874157,5,0.07962870880710567
2.9398913019977044,1.2610126118411642,0.17509836936874157,5,0.07962870880710567
2.940596620996075,1.2610126118411642,0.17509836936874157,5,0.07962870880710567
2.9409954479997396,1.2610126118411642,0.17509836936874157,5,0.07962870880710567
2.9419990759997745,1.2610126118411642,0.17509836936874157,5,0.07962870880710567
2.942688579998503,1.2610126118411642,0.17509836936874157,5,0.07962870880710567
2.9433596759990905,1.260889100920772,0.17515284686416827,5,0.07952857499445948
2.9435764079971705,1.260889100920772,0.17515284686416827,5,0.07952857499445948
2.9441010459995596,1.260889100920772,0.17515284686416827,5,0.07952857499445948
2.944834139001614,1.260889100920772,0.17515284686416827,5,0.07952857499445948
2.9455126989996643,1.260889100920772,0.17515284686416827,5,0.07952857499445948
2.9458833870012313,1.260889100920772,0.17515284686416827,5,0.07952857499445948
2.9469110499994713,1.260889100920772,0.17515284686416827,5,0.07952857499445948
2.947711483000603,1.2593783425466483,0.17581915168546058,5,0.07831221299405525
2.958048118001898,1.2593783425466483,0.17581915168546058,5,0.07831221299405525
2.9594609979976667,1.2593783425466483,0.17581915168546058,5,0.07831221299405525
2.9598638660027063,1.2593783425466483,0.17581915168546058,5,0.07831221299405525
2.960757554996235,1.2593783425466483,0.17581915168546058,5,0.07831221299405525
2.961230200002319,1.2593783425466483,0.17581915168546058,5,0.07831221299405525
2.962076942996646,1.2593783425466483,0.17581915168546058,5,0.07831221299405525
2.9624539319993346,1.2593783425466483,0.17581915168546058,5,0.07831221299405525
2.9632708389981417,1.2622656916636454,0.175190272114292,5,0.0808479392258378
2.9642984039965086,1.2622656916636454,0.175190272114292,5,0.0808479392258378
2.9646320920001017,1.2622656916636454,0.175190272114292,5,0.0808479392258378
2.9654657049977686,1.2622656916636454,0.175190272114292,5,0.0808479392258378
2.9663249500008533,1.2622656916636454,0.175190272114292,5,0.0808479392258378
2.9672994240027037,1.2622656916636454,0.175190272114292,5,0.0808479392258378
2.968229956997675,1.2622656916636454,0.175190272114292,5,0.0808479392258378
2.969112986997061,1.2622656916636454,0.175190272114292,5,0.0808479392258378
2.969873681999161,1.2622656916636454,0.175190272114292,5,0.0808479392258378
2.9706226700000116,1.2622656916636454,0.175190272114292,5,0.0808479392258378
2.971397656998306,1.2622656916636454,0.175190272114292,5,0.0808479392258378
2.9722440140030812,1.2622656916636454,0.175190272114292,5,0.0808479392258378
2.9730465359971276,1.266809920187588,0.17384401903034025,5,0.0847932742851655
2.9738054839981487,1.266809920187588,0.17384401903034025,5,0.0847932742851655
2.974135345000832,1.266809920187588,0.17384401903034025,5,0.0847932742851655
2.9749020579984062,1.266809920187588,0.17384401903034025,5,0.0847932742851655
2.9756706549960654,1.266809920187588,0.17384401903034025,5,0.0847932742851655
2.9764438689962844,1.266809920187588,0.17384401903034025,5,0.0847932742851655
2.977193115002592,1.266809920187588,0.17384401903034025,5,0.0847932742851655
2.977806969996891,1.266809920187588,0.17384401903034025,5,0.0847932742851655
2.978448207999463,1.266809920187588,0.17384401903034025,5,0.0847932742851655
2.9791614950008807,1.266809920187588,0.17384401903034025,5,0.0847932742851655
2.9799546470021596,1.266809920187588,0.17384401903034025,5,0.0847932742851655
2.981080384000961,1.2713824279555388,0.17250015277640984,5,0.08884426337083182
2.9814501450018724,1.2713824279555388,0.17250015277640984,5,0.08884426337083182
2.982278158000554,1.2713824279555388,0.17250015277640984,5,0.08884426337083182
2.98296664100053,1.2713824279555388,0.17250015277640984,5,0.08884426337083182
2.9840972250021878,1.2713824279555388,0.17250015277640984,5,0.08884426337083182
2.984507998000481,1.2713824279555388,0.17250015277640984,5,0.08884426337083182
2.9852297800025553,1.2713824279555388,0.17250015277640984,5,0.08884426337083182
2.985941509003169,1.2759818228442508,0.17115847063315817,5,0.0929897653474559
2.9861885189966415,1.2759818228442508,0.17115847063315817,5,0.0929897653474559
2.986716608997085,1.2759818228442508,0.17115847063315817,5,0.0929897653474559
2.9875692580026225,1.2759818228442508,0.17115847063315817,5,0.0929897653474559
2.9884084750010516,1.2759818228442508,0.17115847063315817,5,0.0929897653474559
2.9922079289972316,1.2759818228442508,0.17115847063315817,5,0.0929897653474559
2.99638990299718,1.2759818228442508,0.17115847063315817,5,0.0929897653474559
2.9968134599985206,1.2759818228442508,0.17115847063315817,5,0.0929897653474559
2.997736528996029,1.2759818228442508,0.17115847063315817,5,0.0929897653474559
2.9980496279968065,1.2759818228442508,0.17115847063315817,5,0.0929897653474559
2.9988872579997405,1.2759818228442508,0.17115847063315817,5,0.0929897653474559
3.001889603998279,1.2759818228442508,0.17115847063315817,5,0.0929897653474559
3.00250274699647,1.2759818228442508,0.17115847063315817,5,0.0929897653474559
3.002711362998525,1.2759818228442508,0.17115847063315817,5,0.0929897653474559
3.0034673159971135,1.2806071900713636,0.16982018977918778,5,0.0972207669435248
3.0042016890001833,1.2806071900713636,0.16982018977918778,5,0.0972207669435248
3.004932017000101,1.2806071900713636,0.16982018977918778,5,0.0972207669435248
3.005801079001685,1.2806071900713636,0.16982018977918778,5,0.0972207669435248
3.0061667539994232,1.2806071900713636,0.16982018977918778,5,0.0972207669435248
3.006727703999786,1.2806071900713636,0.16982018977918778,5,0.0972207669435248
3.0074901240004692,1.2806071900713636,0.16982018977918778,5,0.0972207669435248
3.008274674000859,1.2806071900713636,0.16982018977918778,5,0.0972207669435248
3.0090444550005486,1.2806071900713636,0.16982018977918778,5,0.0972207669435248
3.0097907390008913,1.2806071900713636,0.16982018977918778,5,0.0972207669435248
3.010524445999181,1.2806071900713636,0.16982018977918778,5,0.0972207669435248
3.011322063000989,1.2852572418196249,0.1684850414359432,5,0.10152867943654152
3.0121445409968146,1.2852572418196249,0.1684850414359432,5,0.10152867943654152
3.0128212979980162,1.2852572418196249,0.1684850414359432,5,0.10152867943654152
3.0130456740007503,1.2852572418196249,0.1684850414359432,5,0.10152867943654152
3.0135394259996247,1.2852572418196249,0.1684850414359432,5,0.10152867943654152
3.013743511000939,1.2852572418196249,0.1684850414359432,5,0.10152867943654152
3.0142798039960326,1.2852572418196249,0.1684850414359432,5,0.10152867943654152
3.014758705001441,1.2852572418196249,0.1684850414359432,5,0.10152867943654152
3.015231327000947,1.2852572418196249,0.1684850414359432,5,0.10152867943654152
3.015788901997439,1.2852572418196249,0.1684850414359432,5,0.10152867943654152
3.0165195369991125,1.2852572418196249,0.1684850414359432,5,0.10152867943654152
3.017199462999997,1.2852572418196249,0.1684850414359432,5,0.10152867943654152
3.0179924330004724,1.2899311649576302,0.16715421016801624,5,0.10590663865406438
3.0183352250023745,1.2899311649576302,0.16715421016801624,5,0.10590663865406438
3.019194624001102,1.2899311649576302,0.16715421016801624,5,0.10590663865406438
3.0197634159994777,1.2899311649576302,0.16715421016801624,5,0.10590663865406438
3.0204520059996867,1.2899311649576302,0.16715421016801624,5,0.10590663865406438
3.021056083001895,1.2899311649576302,0.16715421016801624,5,0.10590663865406438
3.021283116999257,1.2899311649576302,0.16715421016801624,5,0.10590663865406438
3.0218248480014154,1.294627766767558,0.1658273671241325,6,0.1071198919664363
3.022452074998,1.294627766767558,0.1658273671241325,6,0.1071198919664363
3.0230615679975017,1.294627766767558,0.1658273671241325,6,0.1071198919664363
3.02392895900266,1.294627766767558,0.1658273671241325,6,0.1071198919664363
3.024292615999002,1.294627766767558,0.1658273671241325,6,0.1071198919664363
3.025123840998276,1.294627766767558,0.1658273671241325,6,0.1071198919664363
3.025869523997244,1.294627766767558,0.1658273671241325,6,0.1071198919664363
3.0263963289980893,1.294627766767558,0.1658273671241325,6,0.1071198919664363
3.026869738998357,1.294627766767558,0.1658273671241325,6,0.1071198919664363
3.027351798999007,1.294627766767558,0.1658273671241325,6,0.1071198919664363
3.027841361996252,1.294627766767558,0.1658273671241325,6,0.1071198919664363
3.028373790002661,1.294627766767558,0.1658273671241325,6,0.1071198919664363
3.0291652390005765,1.294627766767558,0.1658273671241325,6,0.1071198919664363
3.029922105000878,1.294627766767558,0.1658273671241325,6,0.1071198919664363
3.0306919909999124,1.294627766767558,0.1658273671241325,6,0.1071198919664363
3.031530581996776,1.294627766767558,0.1658273671241325,6,0.1071198919664363
3.0324050089984667,1.2993487089986233,0.16450500289898914,6,0.1026421207547732
3.0329786619986407,1.2993487089986233,0.16450500289898914,6,0.1026421207547732
3.03419715599739,1.2993487089986233,0.16450500289898914,6,0.1026421207547732
3.0350498409970896,1.2993487089986233,0.16450500289898914,6,0.1026421207547732
3.036263969996071,1.2993487089986233,0.16450500289898914,6,0.1026421207547732
3.037181628998951,1.2993487089986233,0.16450500289898914,6,0.1026421207547732
3.038020897001843,1.2993487089986233,0.16450500289898914,6,0.1026421207547732
3.038813705003122,1.2993487089986233,0.16450500289898914,6,0.1026421207547732
3.039640174996748,1.2993487089986233,0.16450500289898914,6,0.1026421207547732
3.0405540840001777,1.2993487089986233,0.16450500289898914,6,0.1026421207547732
3.041394191001018,1.2993487089986233,0.16450500289898914,6,0.1026421207547732
3.0422206279981765,1.3040951607563511,0.163186120338503,6,0.09818811715800041
3.042545637996227,1.3040951607563511,0.163186120338503,6,0.09818811715800041
3.043325038997864,1.3040951607563511,0.163186120338503,6,0.09818811715800041
3.0440976440004306,1.3040951607563511,0.163186120338503,6,0.09818811715800041
3.0448765690016444,1.3040951607563511,0.163186120338503,6,0.09818811715800041
3.0456569460002356,1.3040951607563511,0.163186120338503,6,0.09818811715800041
3.0464709340012632,1.3040951607563511,0.163186120338503,6,0.09818811715800041
3.047245560999727,1.3040951607563511,0.163186120338503,6,0.09818811715800041
3.0480258949974086,1.3040951607563511,0.163186120338503,6,0.09818811715800041
3.048336357998778,1.3040951607563511,0.163186120338503,6,0.09818811715800041
3.049319314995955,1.3040951607563511,0.163186120338503,6,0.09818811715800041
3.0502649219997693,1.3040951607563511,0.163186120338503,6,0.09818811715800041
3.0512771740031894,1.308866271319524,0.16187194200386074,6,0.0937664500888492
3.0516846780010383,1.308866271319524,0.16187194200386074,6,0.0937664500888492
3.0527108940004837,1.308866271319524,0.16187194200386074,6,0.0937664500888492
3.053627586996299,1.308866271319524,0.16187194200386074,6,0.0937664500888492
3.053981498000212,1.308866271319524,0.16187194200386074,6,0.0937664500888492
3.0548536279966356,1.308866271319524,0.16187194200386074,6,0.0937664500888492
3.0557685410021804,1.308866271319524,0.16187194200386074,6,0.0937664500888492
3.056686992000323,1.308866271319524,0.16187194200386074,6,0.0937664500888492
3.057422603997111,1.308866271319524,0.16187194200386074,6,0.0937664500888492
3.0581792299999506,1.308866271319524,0.16187194200386074,6,0.0937664500888492
3.0587553340010345,1.308866271319524,0.16187194200386074,6,0.0937664500888492
3.0594760949970805,1.308866271319524,0.16187194200386074,6,0.0937664500888492
3.0597956589990645,1.308866271319524,0.16187194200386074,6,0.0937664500888492
3.0605741269973805,1.3136608096801943,0.16056211774309426,6,0.0893862977646809
3.061364864995994,1.3136608096801943,0.16056211774309426,6,0.0893862977646809
3.062133489998814,1.3136608096801943,0.16056211774309426,6,0.0893862977646809
3.062922555000114,1.3136608096801943,0.16056211774309426,6,0.0893862977646809
3.0637064059992554,1.3136608096801943,0.16056211774309426,6,0.0893862977646809
3.0644854639976984,1.3136608096801943,0.16056211774309426,6,0.0893862977646809
3.0652497629998834,1.3136608096801943,0.16056211774309426,6,0.0893862977646809
3.0660179339975002,1.3136608096801943,0.16056211774309426,6,0.0893862977646809
3.0667834889973165,1.3136608096801943,0.16056211774309426,6,0.0893862977646809
3.067619512003148,1.3136608096801943,0.16056211774309426,6,0.0893862977646809
3.0679637740031467,1.3136608096801943,0.16056211774309426,6,0.0893862977646809
3.0687982000017655,1.3136608096801943,0.16056211774309426,6,0.0893862977646809
3.0695854559962754,1.3136608096801943,0.16056211774309426,6,0.0893862977646809
3.0703488910003216,1.3136608096801943,0.16056211774309426,6,0.0893862977646809
3.0706504699992365,1.3136608096801943,0.16056211774309426,6,0.0893862977646809
3.07141532300011,1.3136608096801943,0.16056211774309426,6,0.0893862977646809
3.07219315799739,1.3136608096801943,0.16056211774309426,6,0.0893862977646809
3.072987387997273,1.3120760982869797,0.15922072734143816,6,0.08961008465621659
3.073755217003054,1.3120760982869797,0.15922072734143816,6,0.08961008465621659
3.0745233869965887,1.3120760982869797,0.15922072734143816,6,0.08961008465621659
3.075418296000862,1.3120760982869797,0.15922072734143816,6,0.08961008465621659
3.076324187000864,1.3120760982869797,0.15922072734143816,6,0.08961008465621659
3.0771218899972155,1.3120760982869797,0.15922072734143816,6,0.08961008465621659
3.0779002330018557,1.3120760982869797,0.15922072734143816,6,0.08961008465621659
3.0786713549969136,1.3120760982869797,0.15922072734143816,6,0.08961008465621659
3.0794323489972157,1.3120760982869797,0.15922072734143816,6,0.08961008465621659
3.080215658999805,1.3120760982869797,0.15922072734143816,6,0.08961008465621659
3.0809733659989433,1.3169622714612015,0.15811433798685715,6,0.0853149603541904
3.0816416520028724,1.3169622714612015,0.15811433798685715,6,0.0853149603541904
3.0822293689998332,1.3169622714612015,0.15811433798685715,6,0.0853149603541904
3.0825770989977173,1.3169622714612015,0.15811433798685715,6,0.0853149603541904
3.083536970996647,1.3169622714612015,0.15811433798685715,6,0.0853149603541904
3.08448329300154,1.3169622714612015,0.15811433798685715,6,0.0853149603541904
3.085390353000548,1.3218882711482625,0.15710399647826104,6,0.08114413153497617
3.0861132080026437,1.3218882711482625,0.15710399647826104,6,0.08114413153497617
3.086431714000355,1.3218882711482625,0.15710399647826104,6,0.08114413153497617
3.0873414460002095,1.3218882711482625,0.15710399647826104,6,0.08114413153497617
3.0880456020022393,1.3218882711482625,0.15710399647826104,6,0.08114413153497617
3.0886151980012073,1.3218882711482625,0.15710399647826104,6,0.08114413153497617
3.089250951001304,1.3218882711482625,0.15710399647826104,6,0.08114413153497617
3.089545832001022,1.3218882711482625,0.15710399647826104,6,0.08114413153497617
3.090364080002473,1.3218882711482625,0.15710399647826104,6,0.08114413153497617
3.0911205369993695,1.3218882711482625,0.15710399647826104,6,0.08114413153497617
3.091721561002487,1.3218882711482625,0.15710399647826104,6,0.08114413153497617
3.0923383830013336,1.3218882711482625,0.15710399647826104,6,0.08114413153497617
3.0929130770018674,1.326836666152658,0.15611496396723296,6,0.07707696186109646
3.09313283800293,1.326836666152658,0.15611496396723296,6,0.07707696186109646
3.093705929997668,1.326836666152658,0.15611496396723296,6,0.07707696186109646
3.0944954000005964,1.326836666152658,0.15611496396723296,6,0.07707696186109646
3.0952736670005834,1.326836666152658,0.15611496396723296,6,0.07707696186109646
3.096070482999494,1.326836666152658,0.15611496396723296,6,0.07707696186109646
3.0968404509985703,1.326836666152658,0.15611496396723296,6,0.07707696186109646
3.097604656002659,1.326836666152658,0.15611496396723296,6,0.07707696186109646
3.0983554030026426,1.326836666152658,0.15611496396723296,6,0.07707696186109646
3.099123997002607,1.3318083539555472,0.15515739989085114,6,0.07314177560527328
3.0998860179970507,1.3318083539555472,0.15515739989085114,6,0.07314177560527328
3.1007279670011485,1.3318083539555472,0.15515739989085114,6,0.07314177560527328
3.101503617996059,1.3318083539555472,0.15515739989085114,6,0.07314177560527328
3.1022616190020926,1.3318083539555472,0.15515739989085114,6,0.07314177560527328
3.1030722790019354,1.3318083539555472,0.15515739989085114,6,0.07314177560527328
3.104029319001711,1.3318083539555472,0.15515739989085114,6,0.07314177560527328
3.105317225003091,1.3318083539555472,0.15515739989085114,6,0.07314177560527328
3.1057336809972185,1.3318083539555472,0.15515739989085114,6,0.07314177560527328
3.106658400000015,1.3318083539555472,0.15515739989085114,6,0.07314177560527328
3.1076639509992674,1.3318083539555472,0.15515739989085114,6,0.07314177560527328
3.1083357550014625,1.3318083539555472,0.15515739989085114,6,0.07314177560527328
3.108971437999571,1.3318083539555472,0.15515739989085114,6,0.07314177560527328
3.109326689002046,1.3318083539555472,0.15515739989085114,6,0.07314177560527328
3.1101417949976167,1.3367712784841044,0.15420250524921836,6,0.06936040835150788
3.1109226449989364,1.3367712784841044,0.15420250524921836,6,0.06936040835150788
3.1117231090029236,1.3367712784841044,0.15420250524921836,6,0.06936040835150788
3.1124931640006253,1.3367712784841044,0.15420250524921836,6,0.06936040835150788
3.113258726996719,1.3367712784841044,0.15420250524921836,6,0.06936040835150788
3.114027663003071,1.3417084172730889,0.1532798587368882,6,0.06579137215384073
3.11476536400005,1.3417084172730889,0.1532798587368882,6,0.06579137215384073
3.1150222509968444,1.3417084172730889,0.1532798587368882,6,0.06579137215384073
3.1158302889962215,1.3417084172730889,0.1532798587368882,6,0.06579137215384073
3.1166704790011863,1.3417084172730889,0.1532798587368882,6,0.06579137215384073
3.1175666299968725,1.3417084172730889,0.1532798587368882,6,0.06579137215384073
3.118243242002791,1.3417084172730889,0.1532798587368882,6,0.06579137215384073
3.118876241001999,1.3417084172730889,0.1532798587368882,6,0.06579137215384073
3.119142499002919,1.3417084172730889,0.1532798587368882,6,0.06579137215384073
3.1204216749974876,1.3417084172730889,0.1532798587368882,6,0.06579137215384073
3.1213983869965887,1.3417084172730889,0.1532798587368882,6,0.06579137215384073
3.1223651699983748,1.3417084172730889,0.1532798587368882,6,0.06579137215384073
3.1227346599989687,1.3417084172730889,0.1532798587368882,6,0.06579137215384073
3.1236861430006684,1.3465552128338678,0.1520700346509379,6,0.06221899723059576
3.1245288970021647,1.3465552128338678,0.1520700346509379,6,0.06221899723059576
3.1253732909972314,1.3465552128338678,0.1520700346509379,6,0.06221899723059576
3.125694347996614,1.3465552128338678,0.1520700346509379,6,0.06221899723059576
3.129793966996658,1.3465552128338678,0.1520700346509379,6,0.06221899723059576
3.130237092002062,1.3465552128338678,0.1520700346509379,6,0.06221899723059576
3.1311940049999976,1.3513709826849554,0.15081469242844808,6,0.058827339410012135
3.1321575550027774,1.3513709826849554,0.15081469242844808,6,0.058827339410012135
3.1330237189977197,1.3513709826849554,0.15081469242844808,6,0.058827339410012135
3.133844969997881,1.3513709826849554,0.15081469242844808,6,0.058827339410012135
3.134680875002232,1.3513709826849554,0.15081469242844808,6,0.058827339410012135
3.1357941000023857,1.3513709826849554,0.15081469242844808,6,0.058827339410012135
3.1366350390017033,1.3513709826849554,0.15081469242844808,6,0.058827339410012135
3.137443835999875,1.3513709826849554,0.15081469242844808,6,0.058827339410012135
3.1377471669984516,1.3513709826849554,0.15081469242844808,6,0.058827339410012135
3.1386019450001186,1.3513709826849554,0.15081469242844808,6,0.058827339410012135
3.1394889000002877,1.3513709826849554,0.15081469242844808,6,0.058827339410012135
3.1403744600029313,1.3513709826849554,0.15081469242844808,6,0.058827339410012135
3.1409834410005715,1.3561728597845149,0.14957206331253903,6,0.05569153555955447
3.145615228000679,1.3561728597845149,0.14957206331253903,6,0.05569153555955447
3.1460238630024833,1.3561728597845149,0.14957206331253903,6,0.05569153555955447
3.14690665499802,1.3561728597845149,0.14957206331253903,6,0.05569153555955447
3.1475146779994247,1.3561728597845149,0.14957206331253903,6,0.05569153555955447
3.148208111997519,1.3561728597845149,0.14957206331253903,6,0.05569153555955447
3.1485441670010914,1.3561728597845149,0.14957206331253903,6,0.05569153555955447
3.1491608349970193,1.3561728597845149,0.14957206331253903,6,0.05569153555955447
3.1500096730014775,1.3561728597845149,0.14957206331253903,6,0.05569153555955447
3.1503913810011,1.3561728597845149,0.14957206331253903,6,0.05569153555955447
3.151140531997953,1.3561728597845149,0.14957206331253903,6,0.05569153555955447
3.152077920996817,1.3561728597845149,0.14957206331253903,6,0.05569153555955447
3.152897252999537,1.3561728597845149,0.14957206331253903,6,0.05569153555955447
3.1532176210021134,1.3561728597845149,0.14957206331253903,6,0.05569153555955447
3.1540103669976816,1.3561728597845149,0.14957206331253903,6,0.05569153555955447
3.1549186959964572,1.3561728597845149,0.14957206331253903,6,0.05569153555955447
3.155790493998211,1.3561728597845149,0.14957206331253903,6,0.05569153555955447
3.156498003001616,1.3561728597845149,0.14957206331253903,6,0.05569153555955447
3.1572617269994225,1.3561728597845149,0.14957206331253903,6,0.05569153555955447
3.158096043000114,1.3609636740029942,0.1483405044779504,6,0.052850003501409525
3.158419136001612,1.3609636740029942,0.1483405044779504,6,0.052850003501409525
3.159206728996651,1.3609636740029942,0.1483405044779504,6,0.052850003501409525
3.159847411996452,1.3609636740029942,0.1483405044779504,6,0.052850003501409525
3.160651334001159,1.3609636740029942,0.1483405044779504,6,0.052850003501409525
3.161443404002057,1.3609636740029942,0.1483405044779504,6,0.052850003501409525
3.1622233710004366,1.3609636740029942,0.1483405044779504,6,0.052850003501409525
3.162986891999026,1.3609636740029942,0.1483405044779504,6,0.052850003501409525
3.1638228879965027,1.3609636740029942,0.1483405044779504,6,0.052850003501409525
3.1641442159962025,1.3609636740029942,0.1483405044779504,6,0.052850003501409525
3.1648978629964404,1.3609636740029942,0.1483405044779504,6,0.052850003501409525
3.1652287719989545,1.3609636740029942,0.1483405044779504,6,0.052850003501409525
3.1659994989968254,1.3609636740029942,0.1483405044779504,6,0.052850003501409525
3.1667895459977444,1.365746078334249,0.14712009700258158,6,0.05034806544603081
3.167606500996044,1.365746078334249,0.14712009700258158,6,0.05034806544603081
3.1684875389983063,1.365746078334249,0.14712009700258158,6,0.05034806544603081
3.1692747690030956,1.365746078334249,0.14712009700258158,6,0.05034806544603081
3.1696017240028596,1.365746078334249,0.14712009700258158,6,0.05034806544603081
3.1703908709969255,1.365746078334249,0.14712009700258158,6,0.05034806544603081
3.1711457779965713,1.3760938611453652,0.14554907976468606,6,0.047361781397970086
3.1719573459995445,1.3760938611453652,0.14554907976468606,6,0.047361781397970086
3.172762447997229,1.3760938611453652,0.14554907976468606,6,0.047361781397970086
3.173554631001025,1.3760938611453652,0.14554907976468606,6,0.047361781397970086
3.1743547950027278,1.3760938611453652,0.14554907976468606,6,0.047361781397970086
3.175123690001783,1.3800083933028757,0.14529411635830713,6,0.047135015989714125
3.1753827950014966,1.3800083933028757,0.14529411635830713,6,0.047135015989714125
3.1761874119983986,1.3800083933028757,0.14529411635830713,6,0.047135015989714125
3.180554790000315,1.3800083933028757,0.14529411635830713,6,0.047135015989714125
3.180910736002261,1.3800083933028757,0.14529411635830713,6,0.047135015989714125
3.1818365639992408,1.3800083933028757,0.14529411635830713,6,0.047135015989714125
3.182744792997255,1.3800083933028757,0.14529411635830713,6,0.047135015989714125
3.183005642000353,1.3800083933028757,0.14529411635830713,6,0.047135015989714125
3.1840792759976466,1.3800083933028757,0.1452941163583071,6,0.0471350159897141
3.185197615996003,1.3800083933028757,0.1452941163583071,6,0.0471350159897141
3.1856346060012584,1.3800083933028757,0.1452941163583071,6,0.0471350159897141
3.1865596509960596,1.3800083933028757,0.1452941163583071,6,0.0471350159897141
3.1874058460016386,1.3800083933028757,0.1452941163583071,6,0.0471350159897141
3.1883219110022765,1.3800083933028757,0.1452941163583071,6,0.0471350159897141
3.1886800700012827,1.3800083933028757,0.1452941163583071,6,0.0471350159897141
3.1895347500030766,1.3847857639282763,0.14411943344323067,6,0.04644603241198534
3.190372856995964,1.3847857639282763,0.14411943344323067,6,0.04644603241198534
3.191222182002093,1.3847857639282763,0.14411943344323067,6,0.04644603241198534
3.1923414039993077,1.3847857639282763,0.14411943344323067,6,0.04644603241198534
3.1927301620016806,1.3847857639282763,0.14411943344323067,6,0.04644603241198534
3.193627116001153,1.3847857639282763,0.14411943344323067,6,0.04644603241198534
3.1944582700016326,1.3847857639282763,0.14411943344323067,6,0.04644603241198534
3.195275543999742,1.3847857639282763,0.14411943344323067,6,0.04644603241198534
3.1961714639983256,1.3847857639282763,0.14411943344323067,6,0.04644603241198534
3.1970136480013025,1.3847857639282763,0.14411943344323067,6,0.04644603241198534
3.1973726989963325,1.3847857639282763,0.14411943344323067,6,0.04644603241198534
3.1982080529996892,1.3847857639282763,0.14411943344323067,6,0.04644603241198534
3.1990180279972265,1.3847857639282763,0.14411943344323067,6,0.04644603241198534
3.19988524299697,1.3847857639282763,0.14411943344323067,6,0.04644603241198534
3.200712026999099,1.3847857639282763,0.14411943344323067,6,0.04644603241198534
3.2015686699960497,1.3847857639282763,0.14411943344323067,6,0.04644603241198534
3.202398479996191,1.3847857639282763,0.14411943344323067,6,0.04644603241198534
3.2032017079982325,1.3895593711604401,0.14295374415168705,6,0.046280448267274364
3.204042015997402,1.3895593711604401,0.14295374415168705,6,0.046280448267274364
3.204372002001037,1.3895593711604401,0.14295374415168705,6,0.046280448267274364
3.205162960999587,1.3895593711604401,0.14295374415168705,6,0.046280448267274364
3.205984909996914,1.3895593711604401,0.14295374415168705,6,0.046280448267274364
3.206791548000183,1.3895593711604401,0.14295374415168705,6,0.046280448267274364
3.2075636599984136,1.3895593711604401,0.14295374415168705,6,0.046280448267274364
3.208440618996974,1.3895593711604401,0.14295374415168705,6,0.046280448267274364
3.209204482001951,1.3895593711604401,0.14295374415168705,6,0.046280448267274364
3.2099477290030336,1.3895593711604401,0.14295374415168705,6,0.046280448267274364
3.2106942489990615,1.3895593711604401,0.14295374415168705,6,0.046280448267274364
3.211468633999175,1.394330453640178,0.14179753215042995,6,0.04664290146338542
3.212430387000495,1.394330453640178,0.14179753215042995,6,0.04664290146338542
3.2127660760015715,1.394330453640178,0.14179753215042995,6,0.04664290146338542
3.2135966290006763,1.394330453640178,0.14179753215042995,6,0.04664290146338542
3.214390970002569,1.394330453640178,0.14179753215042995,6,0.04664290146338542
3.21516144600173,1.394330453640178,0.14179753215042995,6,0.04664290146338542
3.215996835002443,1.394330453640178,0.14179753215042995,6,0.04664290146338542
3.216775629996846,1.394330453640178,0.14179753215042995,6,0.04664290146338542
3.2175759640012984,1.394330453640178,0.14179753215042995,6,0.04664290146338542
3.2183987199969124,1.394330453640178,0.14179753215042995,6,0.04664290146338542
3.2191846139976406,1.394330453640178,0.14179753215042995,6,0.04664290146338542
3.219820175996574,1.394330453640178,0.14179753215042995,6,0.04664290146338542
3.220074928998656,1.394330453640178,0.14179753215042995,6,0.04664290146338542
3.2208539540006313,1.394330453640178,0.14179753215042995,6,0.04664290146338542
3.221210581003106,1.394330453640178,0.14179753215042995,6,0.04664290146338542
3.2218566209994606,1.394330453640178,0.14179753215042995,6,0.04664290146338542
3.2227213399964967,1.394330453640178,0.14179753215042995,6,0.04664290146338542
3.2230949500008137,1.394330453640178,0.14179753215042995,6,0.04664290146338542
3.224024454000755,1.394330453640178,0.14179753215042995,6,0.04664290146338542
3.2248721880023368,1.3991155654336285,0.14064599336308103,6,0.047523021816832524
3.225203510002757,1.3991155654336285,0.14064599336308103,6,0.047523021816832524
3.2259759939988726,1.3991155654336285,0.14064599336308103,6,0.047523021816832524
3.2268098749991623,1.3991155654336285,0.14064599336308103,6,0.047523021816832524
3.227740864000225,1.3991155654336285,0.14064599336308103,6,0.047523021816832524
3.2286791049991734,1.3991155654336285,0.14064599336308103,6,0.047523021816832524
3.2295607729975018,1.3991155654336285,0.14064599336308103,6,0.047523021816832524
3.2298814690002473,1.3991155654336285,0.14064599336308103,6,0.047523021816832524
3.2306897210000898,1.3991155654336285,0.14064599336308103,6,0.047523021816832524
3.231537229999958,1.3991155654336285,0.14064599336308103,6,0.047523021816832524
3.232408226998814,1.3991155654336285,0.14064599336308103,6,0.047523021816832524
3.233240178997221,1.3991155654336285,0.14064599336308103,6,0.047523021816832524
3.2339210380014265,1.4039305018773736,0.13949624956032008,6,0.04890268655912101
3.234384711002349,1.4039305018773736,0.13949624956032008,6,0.04890268655912101
3.235290646996873,1.4039305018773736,0.13949624956032008,6,0.04890268655912101
3.2362158989999443,1.4039305018773736,0.13949624956032008,6,0.04890268655912101
3.237081195002247,1.4039305018773736,0.13949624956032008,6,0.04890268655912101
3.237885898000968,1.4039305018773736,0.13949624956032008,6,0.04890268655912101
3.2387076820014045,1.4039305018773736,0.13949624956032008,6,0.04890268655912101
3.239060868996603,1.4039305018773736,0.13949624956032008,6,0.04890268655912101
3.239908657997148,1.4039305018773736,0.13949624956032008,6,0.04890268655912101
3.2407636029965943,1.4039305018773736,0.13949624956032008,6,0.04890268655912101
3.241621503002534,1.4039305018773736,0.13949624956032008,6,0.04890268655912101
3.242417695997574,1.4039305018773736,0.13949624956032008,6,0.04890268655912101
3.2432517659981386,1.4087737738434039,0.13834797730817694,6,0.0507483642972449
3.243612726997526,1.4087737738434039,0.13834797730817694,6,0.0507483642972449
3.244310982998286,1.4087737738434039,0.13834797730817694,6,0.0507483642972449
3.245109869996668,1.4087737738434039,0.13834797730817694,6,0.0507483642972449
3.2459184449980967,1.4087737738434039,0.13834797730817694,6,0.0507483642972449
3.24656259999756,1.4087737738434039,0.13834797730817694,6,0.0507483642972449
3.247256301998277,1.4087737738434039,0.13834797730817694,6,0.0507483642972449
3.248078862001421,1.4087737738434039,0.13834797730817694,6,0.0507483642972449
3.2488547039974947,1.4087737738434039,0.13834797730817694,6,0.0507483642972449
3.249622303999786,1.4087737738434039,0.13834797730817694,6,0.0507483642972449
3.250408514002629,1.4087737738434039,0.13834797730817694,6,0.0507483642972449
3.2512601659982465,1.4137020310168165,0.13749432948704893,6,0.053273258673564444
3.252126157996827,1.4137020310168165,0.13749432948704893,6,0.053273258673564444
3.2528885179999634,1.4137020310168165,0.13749432948704893,6,0.053273258673564444
3.2540875429986045,1.4137020310168165,0.13749432948704893,6,0.053273258673564444
3.255001347999496,1.4137020310168165,0.13749432948704893,6,0.053273258673564444
3.2559335580008337,1.4137020310168165,0.1374943294870489,6,0.05327325867356443
3.2567890549980802,1.4137020310168165,0.1374943294870489,6,0.05327325867356443
3.2571274720030488,1.4137020310168165,0.1374943294870489,6,0.05327325867356443
3.257934462999401,1.4137020310168165,0.1374943294870489,6,0.05327325867356443
3.258754411996051,1.4137020310168165,0.1374943294870489,6,0.05327325867356443
3.2596079360009753,1.4137020310168165,0.1374943294870489,6,0.05327325867356443
3.2604625669991947,1.4137020310168165,0.1374943294870489,6,0.05327325867356443
3.2608165810015635,1.4137020310168165,0.1374943294870489,6,0.05327325867356443
3.2613845779997064,1.4137020310168165,0.1374943294870489,6,0.05327325867356443
3.261963224998908,1.4137020310168165,0.1374943294870489,6,0.05327325867356443
3.2627447760023642,1.4137020310168165,0.1374943294870489,6,0.05327325867356443
3.263609143999929,1.4137020310168165,0.1374943294870489,6,0.05327325867356443
3.264433244999964,1.4186701724813464,0.13671984718839852,6,0.056214520168246546
3.265228270996886,1.4186701724813464,0.13671984718839852,6,0.056214520168246546
3.265554220000922,1.4186701724813464,0.13671984718839852,6,0.056214520168246546
3.2664121900015743,1.4186701724813464,0.13671984718839852,6,0.056214520168246546
3.2672971680003684,1.4186701724813464,0.13671984718839852,6,0.056214520168246546
3.2682571550030843,1.4186701724813464,0.13671984718839852,6,0.056214520168246546
3.2690996140008792,1.4186701724813464,0.1367198471883985,6,0.056214520168246525
3.269919653997931,1.4186701724813464,0.1367198471883985,6,0.056214520168246525
3.270269647000532,1.4186701724813464,0.1367198471883985,6,0.056214520168246525
3.2712519920023624,1.4186701724813464,0.1367198471883985,6,0.056214520168246525
3.2722596020030323,1.4186701724813464,0.1367198471883985,6,0.056214520168246525
3.273136506002629,1.4186701724813464,0.1367198471883985,6,0.056214520168246525
3.273975097996299,1.42366112836486,0.13593900721755722,6,0.05944985511257017
3.2743651490018237,1.42366112836486,0.13593900721755722,6,0.05944985511257017
3.275194970003213,1.42366112836486,0.13593900721755722,6,0.05944985511257017
3.276070861997141,1.42366112836486,0.13593900721755722,6,0.05944985511257017
3.2770258840027964,1.42366112836486,0.13593900721755722,6,0.05944985511257017
3.277941259999352,1.42366112836486,0.13593900721755722,6,0.05944985511257017
3.279608229000587,1.42366112836486,0.13593900721755722,6,0.05944985511257017
3.280571085997508,1.42366112836486,0.13593900721755722,6,0.05944985511257017
3.2809193279972533,1.42366112836486,0.13593900721755722,6,0.05944985511257017
3.281786806001037,1.42366112836486,0.13593900721755722,6,0.05944985511257017
3.282685510996089,1.42366112836486,0.13593900721755722,6,0.05944985511257017
3.2835419379989617,1.42366112836486,0.13593900721755722,6,0.05944985511257017
3.2844485669993446,1.42366112836486,0.13593900721755722,6,0.05944985511257017
3.2853617439977825,1.42366112836486,0.13593900721755722,6,0.05944985511257017
3.2857192469964502,1.42366112836486,0.13593900721755722,6,0.05944985511257017
3.286520848996588,1.42366112836486,0.13593900721755722,6,0.05944985511257017
3.2873405939972145,1.42366112836486,0.13593900721755722,6,0.05944985511257017
3.288205053002457,1.42366112836486,0.13593900721755722,6,0.05944985511257017
3.2890439569964656,1.4329107768212277,0.1359825355776937,6,0.06688143323891613
3.289891891996376,1.4329107768212277,0.1359825355776937,6,0.06688143323891613
3.2907520219960134,1.4329107768212277,0.1359825355776937,6,0.06688143323891613
3.291614282003138,1.4329107768212277,0.1359825355776937,6,0.06688143323891613
3.2919358250001096,1.4329107768212277,0.1359825355776937,6,0.06688143323891613
3.2926619540012325,1.4329107768212277,0.1359825355776937,6,0.06688143323891613
3.2933790710012545,1.4329107768212275,0.1359825355776937,6,0.06688143323891595
3.293667664998793,1.4329107768212275,0.1359825355776937,6,0.06688143323891595
3.2943533939978806,1.4329107768212275,0.1359825355776937,6,0.06688143323891595
3.2950396449959953,1.4329107768212275,0.1359825355776937,6,0.06688143323891595
3.2957686919980915,1.4329107768212275,0.1359825355776937,6,0.06688143323891595
3.296091891003016,1.4329107768212275,0.1359825355776937,6,0.06688143323891595
3.296706360000826,1.4329107768212275,0.1359825355776937,6,0.06688143323891595
3.2972560909984168,1.437952765915632,0.13524661215644007,6,0.070711452092
3.2977437189983902,1.437952765915632,0.13524661215644007,6,0.070711452092
3.298475661998964,1.437952765915632,0.13524661215644007,6,0.070711452092
3.2994040159974247,1.437952765915632,0.13524661215644007,6,0.070711452092
3.300098309999157,1.437952765915632,0.13524661215644007,6,0.070711452092
3.300719024002319,1.437952765915632,0.13524661215644007,6,0.070711452092
3.3013466139964294,1.437952765915632,0.13524661215644007,6,0.070711452092
3.30157243800204,1.437952765915632,0.13524661215644007,6,0.070711452092
3.302133915000013,1.437952765915632,0.13524661215644007,6,0.070711452092
3.3029714599979343,1.437952765915632,0.13524661215644007,6,0.070711452092
3.3038596830010647,1.437952765915632,0.13524661215644007,6,0.070711452092
3.3046855209977366,1.4430150061980753,0.13453314509009173,6,0.07472144521168082
3.3055025169960572,1.4430150061980753,0.13453314509009173,6,0.07472144521168082
3.306356239998422,1.4430150061980753,0.13453314509009173,6,0.07472144521168082
3.3066948440027772,1.4430150061980753,0.13453314509009173,6,0.07472144521168082
3.307521162998455,1.4430150061980753,0.13453314509009173,6,0.07472144521168082
3.3084062619964243,1.4430150061980753,0.13453314509009173,6,0.07472144521168082
3.3092073860025266,1.4430150061980755,0.13453314509009173,6,0.07472144521168102
3.310019482996722,1.4430150061980755,0.13453314509009173,6,0.07472144521168102
3.3108105170031195,1.4430150061980755,0.13453314509009173,6,0.07472144521168102
3.3116055900027277,1.4430150061980755,0.13453314509009173,6,0.07472144521168102
3.312557126999309,1.4430150061980755,0.13453314509009173,6,0.07472144521168102
3.313465252002061,1.4430150061980755,0.13453314509009173,6,0.07472144521168102
3.3142816179970396,1.4430150061980755,0.13453314509009173,6,0.07472144521168102
3.315101341002446,1.4430150061980755,0.13453314509009173,6,0.07472144521168102
3.3154283199983183,1.4430150061980755,0.13453314509009173,6,0.07472144521168102
3.3163300930027617,1.4430150061980755,0.13453314509009173,6,0.07472144521168102
3.3168421000009403,1.4430150061980755,0.13453314509009173,6,0.07472144521168102
3.3177283569966676,1.4480893532992156,0.13381534282271984,6,0.07886789674314824
3.318629945999419,1.4480893532992156,0.13381534282271984,6,0.07886789674314824
3.319255403999705,1.4480893532992156,0.13381534282271984,6,0.07886789674314824
3.320133426997927,1.4480893532992156,0.13381534282271984,6,0.07886789674314824
3.32046926899784,1.4480893532992156,0.13381534282271984,6,0.07886789674314824
3.321286947997578,1.4480893532992156,0.13381534282271984,6,0.07886789674314824
3.322108364001906,1.4480893532992156,0.13381534282271984,6,0.07886789674314824
3.3228870929960976,1.4480893532992156,0.13381534282271984,6,0.07886789674314824
3.323294699002872,1.4480893532992156,0.13381534282271984,6,0.07886789674314824
3.324085259999265,1.4480893532992156,0.13381534282271984,6,0.07886789674314824
3.325871218999964,1.4480893532992156,0.13381534282271984,6,0.07886789674314824
3.3262073489968316,1.4480893532992156,0.13381534282271984,6,0.07886789674314824
3.327080989998649,1.4480893532992156,0.13381534282271984,6,0.07886789674314824
3.32777107199945,1.4531790638491613,0.1331209831916299,6,0.08314733302786195
3.3285237939999206,1.4531790638491613,0.1331209831916299,6,0.08314733302786195
3.3291154010003083,1.4531790638491613,0.1331209831916299,6,0.08314733302786195
3.3296234989975346,1.4531790638491613,0.1331209831916299,6,0.08314733302786195
3.329825330998574,1.4531790638491613,0.1331209831916299,6,0.08314733302786195
3.330343105000793,1.4531790638491613,0.1331209831916299,6,0.08314733302786195
3.33106755100016,1.4531790638491613,0.1331209831916299,6,0.08314733302786195
3.3318033550021937,1.4531790638491613,0.1331209831916299,6,0.08314733302786195
3.332413172996894,1.4531790638491613,0.1331209831916299,6,0.08314733302786195
3.3330255309992936,1.4531790638491613,0.1331209831916299,6,0.08314733302786195
3.333646735001821,1.4531790638491613,0.1331209831916299,6,0.08314733302786195
3.3338701859975117,1.4531790638491613,0.1331209831916299,6,0.08314733302786195
3.3345529709986295,1.4582768530446981,0.13240172633074793,6,0.08751677616901869
3.3354056989992387,1.4582768530446981,0.13240172633074793,6,0.08751677616901869
3.336191870002949,1.4582768530446981,0.13240172633074793,6,0.08751677616901869
3.33697638099693,1.4582768530446981,0.13240172633074793,6,0.08751677616901869
3.337784269999247,1.4582768530446981,0.13240172633074793,6,0.08751677616901869
3.338750335999066,1.4633803809159385,0.13164618013045076,6,0.09195900331550046
3.3396122039994225,1.4633803809159385,0.13164618013045076,6,0.09195900331550046
3.3404664650006453,1.4633803809159385,0.13164618013045076,6,0.09195900331550046
3.341234211002302,1.4633803809159385,0.13164618013045076,6,0.09195900331550046
3.3420473040023353,1.4633803809159385,0.13164618013045076,6,0.09195900331550046
3.3423637009982485,1.4633803809159385,0.13164618013045076,6,0.09195900331550046
3.3431424270020216,1.4633803809159383,0.13164618013045076,6,0.09195900331550025
3.343451779001043,1.4633803809159383,0.13164618013045076,6,0.09195900331550025
3.344548321001639,1.4633803809159383,0.13164618013045076,6,0.09195900331550025
3.345368857997528,1.4633803809159383,0.13164618013045076,6,0.09195900331550025
3.345686009997735,1.4633803809159383,0.13164618013045076,6,0.09195900331550025
3.3464644030027557,1.4633803809159383,0.13164618013045076,6,0.09195900331550025
3.3472334789985325,1.4633803809159385,0.13164618013045076,6,0.09195900331550046
3.3480407780007226,1.4633803809159385,0.13164618013045076,6,0.09195900331550046
3.348811096002464,1.4633803809159385,0.13164618013045076,6,0.09195900331550046
3.3491402360014035,1.4633803809159385,0.13164618013045076,6,0.09195900331550046
3.3501901049967273,1.4633803809159385,0.13164618013045076,6,0.09195900331550046
3.3510809119979967,1.4633803809159385,0.13164618013045076,6,0.09195900331550046
3.3519100100020296,1.4633803809159385,0.13164618013045076,6,0.09195900331550046
3.3526971679966664,1.468495872224607,0.13090069921860326,6,0.09648727398023071
3.353483339000377,1.468495872224607,0.13090069921860326,6,0.09648727398023071
3.3544207090017153,1.468495872224607,0.13090069921860326,6,0.09648727398023071
3.3552294929977506,1.468495872224607,0.13090069921860326,6,0.09648727398023071
3.3555558730004122,1.468495872224607,0.13090069921860326,6,0.09648727398023071
3.357265683996957,1.468495872224607,0.13090069921860326,6,0.09648727398023071
3.3581724420000683,1.4684958722246073,0.13090069921860326,6,0.09648727398023092
3.3589682890014956,1.4684958722246073,0.13090069921860326,6,0.09648727398023092
3.3592978379965643,1.4684958722246073,0.13090069921860326,6,0.09648727398023092
3.3600899539960665,1.4684958722246073,0.13090069921860326,6,0.09648727398023092
3.360838339998736,1.4684958722246073,0.13090069921860326,6,0.09648727398023092
3.3613783469991176,1.4684958722246073,0.13090069921860326,6,0.09648727398023092
3.361583003003034,1.4684958722246073,0.13090069921860326,6,0.09648727398023092
3.3620933139973204,1.473619804473863,0.13014477240016875,6,0.1010817965974087
3.362895901002048,1.473619804473863,0.13014477240016875,6,0.1010817965974087
3.3634907379964716,1.473619804473863,0.13014477240016875,6,0.1010817965974087
3.364068374001363,1.473619804473863,0.13014477240016875,6,0.1010817965974087
3.3642837290026364,1.473619804473863,0.13014477240016875,6,0.1010817965974087
3.364752410998335,1.473619804473863,0.13014477240016875,6,0.1010817965974087
3.365227936003066,1.473619804473863,0.13014477240016875,6,0.1010817965974087
3.3657283220018144,1.473619804473863,0.13014477240016875,6,0.1010817965974087
3.366775239002891,1.473619804473863,0.13014477240016875,6,0.1010817965974087
3.3677199270023266,1.473619804473863,0.13014477240016875,6,0.1010817965974087
3.368595241998264,1.473619804473863,0.13014477240016875,6,0.1010817965974087
3.3689732189959614,1.473619804473863,0.13014477240016875,6,0.1010817965974087
3.3698167460024706,1.473619804473863,0.13014477240016875,6,0.1010817965974087
3.370742027000233,1.473619804473863,0.13014477240016875,6,0.1010817965974087
3.3717280350028886,1.473619804473863,0.13014477240016875,6,0.1010817965974087
3.3726097230028245,1.473619804473863,0.13014477240016875,6,0.1010817965974087
3.37340734800091,1.473619804473863,0.13014477240016875,6,0.1010817965974087
3.373666106002929,1.473619804473863,0.13014477240016875,6,0.1010817965974087
3.374443362998136,1.4787561216424565,0.12940869149499246,6,0.10574808640096225
3.375289925003017,1.4787561216424565,0.12940869149499246,6,0.10574808640096225
3.376152792996436,1.4787561216424565,0.12940869149499246,6,0.10574808640096225
3.377004089001275,1.4787561216424565,0.12940869149499246,6,0.10574808640096225
3.3778235529971425,1.4787561216424565,0.12940869149499246,6,0.10574808640096225
3.3781717809979455,1.4787561216424565,0.12940869149499246,6,0.10574808640096225
3.378981253001257,1.4787561216424565,0.12940869149499246,6,0.10574808640096225
3.379803436000657,1.4787561216424565,0.12940869149499246,6,0.10574808640096225
3.380617570997856,1.4787561216424565,0.12940869149499246,6,0.10574808640096225
3.3809680019985535,1.4787561216424565,0.12940869149499246,6,0.10574808640096225
3.3817748689980363,1.4787561216424565,0.12940869149499246,6,0.10574808640096225
3.382567038999696,1.4839005280781534,0.12866595492778238,6,0.11046694341785858
3.383350292999239,1.4839005280781534,0.12866595492778238,6,0.11046694341785858
3.384134168001765,1.4839005280781534,0.12866595492778238,6,0.11046694341785858
3.384943659999408,1.4839005280781534,0.12866595492778238,6,0.11046694341785858
3.385753383001429,1.4839005280781534,0.12866595492778238,6,0.11046694341785858
3.3865639720024774,1.4839005280781534,0.12866595492778238,6,0.11046694341785858
3.387352887002635,1.4839005280781534,0.12866595492778238,6,0.11046694341785858
3.388270513001771,1.4839005280781534,0.12866595492778238,6,0.11046694341785858
3.3890960170028848,1.4839005280781534,0.12866595492778238,6,0.11046694341785858
3.389941645997169,1.4839005280781534,0.12866595492778238,6,0.11046694341785858
3.3907947039988358,1.4839005280781534,0.12866595492778238,6,0.11046694341785858
3.391608019999694,1.4839005280781534,0.12866595492778238,6,0.11046694341785858
3.3923864169992157,1.4839005280781534,0.12866595492778238,6,0.11046694341785858
3.393161157000577,1.4839005280781534,0.12866595492778238,6,0.11046694341785858
3.393917645997135,1.4839005280781534,0.12866595492778238,6,0.11046694341785858
3.394672272996104,1.4839005280781534,0.12866595492778238,6,0.11046694341785858
3.3953648210008396,1.4880525400528037,0.12867160008532438,7,0.11139378979226026
3.395646434997616,1.4880525400528037,0.12867160008532438,7,0.11139378979226026
3.3964488450001227,1.4880525400528037,0.12867160008532438,7,0.11139378979226026
3.3967918869966525,1.4880525400528037,0.12867160008532438,7,0.11139378979226026
3.3975735229978454,1.4880525400528037,0.12867160008532438,7,0.11139378979226026
3.3983865959962714,1.4880525400528037,0.12867160008532438,7,0.11139378979226026
3.399225152003055,1.4880525400528037,0.12867160008532438,7,0.11139378979226026
3.399604903999716,1.4880525400528037,0.12867160008532438,7,0.11139378979226026
3.4004271689991583,1.4879348509409422,0.12875681090978724,7,0.11153885850930205
3.4012369310003123,1.4879348509409422,0.12875681090978724,7,0.11153885850930205
3.4015492879989324,1.4879348509409422,0.12875681090978724,7,0.11153885850930205
3.4023752360008075,1.4879348509409422,0.12875681090978724,7,0.11153885850930205
3.403407163998054,1.4879348509409422,0.12875681090978724,7,0.11153885850930205
3.404415106997476,1.4879348509409422,0.12875681090978724,7,0.11153885850930205
3.4053631409988157,1.4930907092924914,0.1280298927027878,7,0.10711418583961568
3.405687193997437,1.4930907092924914,0.1280298927027878,7,0.10711418583961568
3.40621806299896,1.4930907092924914,0.1280298927027878,7,0.10711418583961568
3.406705310997495,1.4930907092924914,0.1280298927027878,7,0.10711418583961568
3.4071801000027335,1.4930907092924914,0.1280298927027878,7,0.10711418583961568
3.4077148479991592,1.4930907092924914,0.1280298927027878,7,0.10711418583961568
3.4083772960002534,1.4930907092924914,0.1280298927027878,7,0.10711418583961568
3.4090124499998637,1.4930907092924914,0.1280298927027878,7,0.10711418583961568
3.4097913399964455,1.4930907092924914,0.1280298927027878,7,0.10711418583961568
3.4105591799961985,1.4930907092924914,0.1280298927027878,7,0.10711418583961568
3.4113322220000555,1.4930907092924914,0.1280298927027878,7,0.10711418583961568
3.412094840001373,1.498243325553676,0.1273268338546763,7,0.10278125914640901
3.4128381089976756,1.498243325553676,0.1273268338546763,7,0.10278125914640901
3.4135999430000084,1.498243325553676,0.1273268338546763,7,0.10278125914640901
3.414370845996018,1.498243325553676,0.1273268338546763,7,0.10278125914640901
3.415127219996066,1.498243325553676,0.1273268338546763,7,0.10278125914640901
3.4158940150009585,1.498243325553676,0.1273268338546763,7,0.10278125914640901
3.4166621979966294,1.498243325553676,0.1273268338546763,7,0.10278125914640901
3.4174247039991315,1.498243325553676,0.1273268338546763,7,0.10278125914640901
3.418160376000742,1.498243325553676,0.1273268338546763,7,0.10278125914640901
3.418918126997596,1.498243325553676,0.1273268338546763,7,0.10278125914640901
3.4197268490024726,1.5033900676991658,0.12661959199885506,7,0.09853363450998211
3.4205953830023645,1.5033900676991658,0.12661959199885506,7,0.09853363450998211
3.4215044689990464,1.5033900676991658,0.12661959199885506,7,0.09853363450998211
3.422506702001556,1.5033900676991658,0.12661959199885506,7,0.09853363450998211
3.422854873002507,1.5033900676991658,0.12661959199885506,7,0.09853363450998211
3.423612371996569,1.5033900676991658,0.12661959199885506,7,0.09853363450998211
3.423946688999422,1.5033900676991658,0.12661959199885506,7,0.09853363450998211
3.42475718499918,1.5033900676991658,0.12661959199885503,7,0.0985336345099821
3.4256759159979993,1.5033900676991658,0.12661959199885503,7,0.0985336345099821
3.425988000999496,1.5033900676991658,0.12661959199885503,7,0.0985336345099821
3.4268632370003616,1.5033900676991658,0.12661959199885503,7,0.0985336345099821
3.4276778290004586,1.5033900676991658,0.12661959199885503,7,0.0985336345099821
3.42844870800036,1.5033900676991658,0.12661959199885503,7,0.0985336345099821
3.4287530239962507,1.5033900676991658,0.12661959199885503,7,0.0985336345099821
3.4296758619966567,1.5033900676991658,0.12661959199885503,7,0.0985336345099821
3.4304429319963674,1.5033900676991658,0.12661959199885503,7,0.0985336345099821
3.431008430001384,1.5033900676991658,0.12661959199885503,7,0.0985336345099821
3.4315705229964806,1.5033900676991658,0.12661959199885503,7,0.0985336345099821
3.4317781450008624,1.5033900676991658,0.12661959199885503,7,0.0985336345099821
3.4324845270020887,1.5033900676991658,0.12661959199885503,7,0.0985336345099821
3.433293224996305,1.5085356990487815,0.1259359130921326,7,0.09439849130718075
3.434143109996512,1.5085356990487815,0.1259359130921326,7,0.09439849130718075
3.434988378001435,1.5085356990487815,0.1259359130921326,7,0.09439849130718075
3.435345377001795,1.5085356990487815,0.1259359130921326,7,0.09439849130718075
3.436224065000715,1.5085356990487815,0.1259359130921326,7,0.09439849130718075
3.4372383009977057,1.5085356990487815,0.1259359130921326,7,0.09439849130718075
3.4379038859988214,1.5085356990487815,0.1259359130921326,7,0.09439849130718075
3.4385558989961282,1.5085356990487815,0.1259359130921326,7,0.09439849130718075
3.4387777660012944,1.5085356990487815,0.1259359130921326,7,0.09439849130718075
3.439532586999121,1.5085356990487815,0.1259359130921326,7,0.09439849130718075
3.440242709002632,1.5085356990487815,0.1259359130921326,7,0.09439849130718075
3.4408205729996553,1.5085356990487815,0.1259359130921326,7,0.09439849130718075
3.4417818980000447,1.5136772645421321,0.12524779739765102,7,0.09037180928106885
3.4425912570004584,1.5136772645421321,0.12524779739765102,7,0.09037180928106885
3.4433776419973583,1.5136772645421321,0.12524779739765102,7,0.09037180928106885
3.444685643000412,1.5136772645421321,0.12524779739765102,7,0.09037180928106885
3.4455017079963,1.5136772645421321,0.12524779739765102,7,0.09037180928106885
3.446285430996795,1.5188190841828653,0.12458301730592754,7,0.08648660189563946
3.4470468439976685,1.5188190841828653,0.12458301730592754,7,0.08648660189563946
3.4478360389985028,1.5188190841828653,0.12458301730592754,7,0.08648660189563946
3.4481777070031967,1.5188190841828653,0.12458301730592754,7,0.08648660189563946
3.448961253001471,1.5188190841828653,0.12458301730592754,7,0.08648660189563946
3.44928163500299,1.5188190841828653,0.12458301730592754,7,0.08648660189563946
3.450209447997622,1.5188190841828653,0.12458301730592754,7,0.08648660189563946
3.450968318997184,1.5188190841828653,0.12458301730592754,7,0.08648660189563946
3.4517802900008974,1.5188190841828653,0.12458301730592754,7,0.08648660189563946
3.4521153649984626,1.5188190841828653,0.12458301730592754,7,0.08648660189563946
3.453063781998935,1.5188190841828653,0.12458301730592754,7,0.08648660189563946
3.453866449999623,1.5188190841828653,0.12458301730592754,7,0.08648660189563946
3.4541938729962567,1.5188190841828653,0.12458301730592754,7,0.08648660189563946
3.4549662080025882,1.5188190841828653,0.12458301730592754,7,0.08648660189563946
3.4557624849985586,1.5188190841828653,0.12458301730592754,7,0.08648660189563946
3.4569432610005606,1.5188190841828653,0.12458301730592754,7,0.08648660189563946
3.4579982919967733,1.5188190841828653,0.12458301730592754,7,0.08648660189563946
3.458744306000881,1.5188190841828653,0.12458301730592754,7,0.08648660189563946
3.467539557997952,1.5188190841828653,0.12458301730592754,7,0.08648660189563946
3.468015870996169,1.5188190841828653,0.12458301730592754,7,0.08648660189563946
3.4691173090031953,1.5188190841828653,0.12458301730592754,7,0.08648660189563946
3.469539279998571,1.5188190841828653,0.12458301730592754,7,0.08648660189563946
3.47036113699869,1.5239580282053502,0.12391362176156497,7,0.08274204873270166
3.4707226769969566,1.5239580282053502,0.12391362176156497,7,0.08274204873270166
3.4714243650014396,1.5239580282053502,0.12391362176156497,7,0.08274204873270166
3.4716778040019562,1.5239580282053502,0.12391362176156497,7,0.08274204873270166
3.4722842370028957,1.5239580282053502,0.12391362176156497,7,0.08274204873270166
3.4729875120028737,1.5239580282053502,0.12391362176156497,7,0.08274204873270166
3.4735567460011225,1.5239580282053502,0.12391362176156497,7,0.08274204873270166
3.4741268329962622,1.5239580282053502,0.12391362176156497,7,0.08274204873270166
3.4743514169967966,1.5239580282053502,0.12391362176156497,7,0.08274204873270166
3.4749025109995273,1.5239580282053502,0.12391362176156497,7,0.08274204873270166
3.4754222729970934,1.5239580282053502,0.12391362176156497,7,0.08274204873270166
3.4759185549992253,1.5239580282053502,0.12391362176156497,7,0.08274204873270166
3.4764598960027797,1.5239580282053502,0.12391362176156497,7,0.08274204873270166
3.4771312500015483,1.5239580282053502,0.12391362176156497,7,0.08274204873270166
3.4776519399965764,1.5239580282053502,0.12391362176156497,7,0.08274204873270166
3.478451283997856,1.5239580282053502,0.12391362176156497,7,0.08274204873270166
3.479228939002496,1.5290980936092333,0.12326741366173675,7,0.07917816481459539
3.479995592002524,1.5290980936092333,0.12326741366173675,7,0.07917816481459539
3.4807597320032073,1.5290980936092333,0.12326741366173675,7,0.07917816481459539
3.481533762998879,1.5290980936092333,0.12326741366173675,7,0.07917816481459539
3.4822872989971074,1.5290980936092333,0.12326741366173675,7,0.07917816481459539
3.483051903996966,1.5290980936092333,0.12326741366173675,7,0.07917816481459539
3.483361054000852,1.5290980936092333,0.12326741366173675,7,0.07917816481459539
3.4841587330010952,1.5290980936092333,0.12326741366173675,7,0.07917816481459539
3.4844893949994002,1.5290980936092333,0.12326741366173675,7,0.07917816481459539
3.485354140997515,1.5290980936092333,0.12326741366173675,7,0.07917816481459539
3.4861818720019073,1.5290980936092333,0.12326741366173675,7,0.07917816481459539
3.486497796002368,1.5290980936092333,0.12326741366173675,7,0.07917816481459539
3.4873692670007586,1.5290980936092333,0.12326741366173675,7,0.07917816481459539
3.48820718099887,1.534236069996391,0.12261647275013722,7,0.07579810417619673
3.4890448630030733,1.534236069996391,0.12261647275013722,7,0.07579810417619673
3.489850956997543,1.534236069996391,0.12261647275013722,7,0.07579810417619673
3.490668024001934,1.534236069996391,0.12261647275013722,7,0.07579810417619673
3.491520424002374,1.534236069996391,0.12261647275013722,7,0.07579810417619673
3.492334752001625,1.534236069996391,0.12261647275013722,7,0.07579810417619673
3.4931270129964105,1.534236069996391,0.12261647275013722,7,0.07579810417619673
3.4939141380018555,1.534236069996391,0.12261647275013722,7,0.07579810417619673
3.4941984030010644,1.534236069996391,0.12261647275013722,7,0.07579810417619673
3.494988676000503,1.534236069996391,0.12261647275013722,7,0.07579810417619673
3.495803675999923,1.534236069996391,0.12261647275013722,7,0.07579810417619673
3.4965856109993183,1.534236069996391,0.12261647275013722,7,0.07579810417619673
3.497357075000764,1.534236069996391,0.12261647275013722,7,0.07579810417619673
3.4981141410025884,1.534236069996391,0.12261647275013722,7,0.07579810417619673
3.498889877999318,1.534236069996391,0.12261647275013722,7,0.07579810417619673
3.4996946699975524,1.534236069996391,0.12261647275013722,7,0.07579810417619673
3.5000082179976744,1.534236069996391,0.12261647275013722,7,0.07579810417619673
3.500754478001909,1.534236069996391,0.12261647275013722,7,0.07579810417619673
3.5015397839961224,1.534236069996391,0.12261647275013722,7,0.07579810417619673
3.502419798001938,1.5393757091039912,0.12198862681910812,7,0.07264977370657792
3.5027546119963517,1.5393757091039912,0.12198862681910812,7,0.07264977370657792
3.5035674789978657,1.5393757091039912,0.12198862681910812,7,0.07264977370657792
3.5044438219993026,1.5393757091039912,0.12198862681910812,7,0.07264977370657792
3.505325689999154,1.5393757091039912,0.12198862681910812,7,0.07264977370657792
3.5061950989984325,1.5393757091039912,0.12198862681910812,7,0.07264977370657792
3.506453554997279,1.5393757091039912,0.12198862681910812,7,0.07264977370657792
3.506980641002883,1.5393757091039912,0.12198862681910812,7,0.07264977370657792
3.5074967359978473,1.5393757091039912,0.12198862681910812,7,0.07264977370657792
3.5080822340023587,1.5393757091039912,0.12198862681910812,7,0.07264977370657792
3.508605069000623,1.5393757091039912,0.12198862681910812,7,0.07264977370657792
3.5092057200017734,1.5393757091039912,0.12198862681910812,7,0.07264977370657792
3.509795470003155,1.5444832390034269,0.12135970723857849,7,0.06975697652909961
3.510736211996118,1.5444832390034269,0.12135970723857849,7,0.06975697652909961
3.5110836879975977,1.5444832390034269,0.12135970723857849,7,0.06975697652909961
3.5119785069982754,1.5444832390034269,0.12135970723857849,7,0.06975697652909961
3.512815675996535,1.5444832390034269,0.12135970723857849,7,0.06975697652909961
3.513661981000041,1.5444832390034269,0.12135970723857849,7,0.06975697652909961
3.5140137700000196,1.5444832390034269,0.12135970723857849,7,0.06975697652909961
3.5148298209969653,1.5444832390034269,0.12135970723857849,7,0.06975697652909961
3.515642498001398,1.5444832390034269,0.12135970723857849,7,0.06975697652909961
3.516437450001831,1.5444832390034269,0.12135970723857849,7,0.06975697652909961
3.517216902997461,1.5444832390034269,0.12135970723857849,7,0.06975697652909961
3.5180032959979144,1.5444832390034269,0.12135970723857849,7,0.06975697652909961
3.5187761729976046,1.5444832390034269,0.12135970723857849,7,0.06975697652909961
3.519572610995965,1.5444832390034269,0.12135970723857849,7,0.06975697652909961
3.5203868489988963,1.5444832390034269,0.12135970723857849,7,0.06975697652909961
3.5211994369965396,1.5444832390034269,0.12135970723857849,7,0.06975697652909961
3.5220053079974605,1.5444832390034269,0.12135970723857849,7,0.06975697652909961
3.5228693390017725,1.5497470162092233,0.12019925264061415,7,0.06658296463198236
3.523878820000391,1.5497470162092233,0.12019925264061415,7,0.06658296463198236
3.5248865699977614,1.5497470162092233,0.12019925264061415,7,0.06658296463198236
3.5253471640025964,1.5497470162092233,0.12019925264061415,7,0.06658296463198236
3.526157227002841,1.5497470162092233,0.12019925264061415,7,0.06658296463198236
3.526465859002201,1.5497470162092233,0.12019925264061415,7,0.06658296463198236
3.5272897239992744,1.5497969916030128,0.12006228061866948,7,0.06643722816849339
3.5275941579966457,1.5497969916030128,0.12006228061866948,7,0.06643722816849339
3.5283571569962078,1.5497969916030128,0.12006228061866948,7,0.06643722816849339
3.529746817999694,1.5497969916030128,0.12006228061866948,7,0.06643722816849339
3.530617552998592,1.5497969916030128,0.12006228061866948,7,0.06643722816849339
3.531488875996729,1.5497969916030128,0.12006228061866948,7,0.06643722816849339
3.5317149909969885,1.5497969916030128,0.12006228061866948,7,0.06643722816849339
3.5322589779971167,1.5497969916030128,0.12006228061866948,7,0.06643722816849339
3.5329928860010114,1.5548009886049254,0.11942908972972409,7,0.06414333572738858
3.5339414620029856,1.5548009886049254,0.11942908972972409,7,0.06414333572738858
3.5349071439995896,1.5548009886049254,0.11942908972972409,7,0.06414333572738858
3.5352840769992326,1.5548009886049254,0.11942908972972409,7,0.06414333572738858
3.536107911997533,1.5548009886049254,0.11942908972972409,7,0.06414333572738858
3.5369705589982914,1.5548009886049254,0.11942908972972409,7,0.06414333572738858
3.537758685000881,1.5548009886049254,0.11942908972972409,7,0.06414333572738858
3.5385252549967845,1.5548009886049254,0.11942908972972409,7,0.06414333572738858
3.539679089000856,1.5548009886049254,0.11942908972972409,7,0.06414333572738858
3.5403896189964144,1.5548009886049254,0.11942908972972409,7,0.06414333572738858
3.5417527359968517,1.5548009886049254,0.11942908972972409,7,0.06414333572738858
3.5427933179962565,1.5597564664318544,0.11871726732661231,7,0.06210990513610409
3.543818897996971,1.5597564664318544,0.11871726732661231,7,0.06210990513610409
3.544238476002647,1.5597564664318544,0.11871726732661231,7,0.06210990513610409
3.545225378999021,1.5597564664318544,0.11871726732661231,7,0.06210990513610409
3.546078284001851,1.5597564664318544,0.11871726732661231,7,0.06210990513610409
3.5464039009966655,1.5597564664318544,0.11871726732661231,7,0.06210990513610409
3.5472056470025564,1.5597564664318544,0.11871726732661231,7,0.06210990513610409
3.5481192439983715,1.5597564664318544,0.11871726732661232,7,0.06210990513610411
3.548993069001881,1.5597564664318544,0.11871726732661232,7,0.06210990513610411
3.549564401997486,1.5597564664318544,0.11871726732661232,7,0.06210990513610411
3.5501421119988663,1.5597564664318544,0.11871726732661232,7,0.06210990513610411
3.550856907000707,1.5597564664318544,0.11871726732661232,7,0.06210990513610411
3.55117851599789,1.5597564664318544,0.11871726732661232,7,0.06210990513610411
3.551893777002988,1.5646574529312907,0.11785136144824675,7,0.060280617616371684
3.5527245220000623,1.5646574529312907,0.11785136144824675,7,0.060280617616371684
3.5536350199981825,1.5646574529312907,0.11785136144824675,7,0.060280617616371684
3.5544898849984747,1.5646574529312907,0.11785136144824675,7,0.060280617616371684
3.5553624469976057,1.5646574529312907,0.11785136144824675,7,0.060280617616371684
3.5562066939965007,1.5646574529312907,0.11785136144824675,7,0.060280617616371684
3.558004509002785,1.5646574529312907,0.11785136144824675,7,0.060280617616371684
3.558408357996086,1.5646574529312907,0.11785136144824675,7,0.060280617616371684
3.5592458129976876,1.5646574529312907,0.11785136144824675,7,0.060280617616371684
3.5601352539961226,1.5646574529312907,0.11785136144824675,7,0.060280617616371684
3.560957627996686,1.5646574529312907,0.11785136144824675,7,0.060280617616371684
3.5617373010027222,1.5646574529312907,0.11785136144824675,7,0.060280617616371684
3.5626662659997237,1.5646574529312907,0.11785136144824675,7,0.060280617616371684
3.563573063001968,1.5646574529312907,0.11785136144824675,7,0.060280617616371684
3.564365291997092,1.5646574529312907,0.11785136144824675,7,0.060280617616371684
3.565506742001162,1.5646574529312907,0.11785136144824675,7,0.060280617616371684
3.5663024710011086,1.5695352143077141,0.11699359593975524,7,0.058826754081846275
3.567150237002352,1.5695352143077141,0.11699359593975524,7,0.058826754081846275
3.5679524730003322,1.5695352143077141,0.11699359593975524,7,0.058826754081846275
3.5688198749994626,1.5695352143077141,0.11699359593975524,7,0.058826754081846275
3.5696714779987815,1.5695352143077141,0.11699359593975524,7,0.058826754081846275
3.5705018669978017,1.5695352143077141,0.11699359593975524,7,0.058826754081846275
3.5713551939988974,1.5695352143077141,0.11699359593975524,7,0.058826754081846275
3.572200050999527,1.5695352143077141,0.11699359593975524,7,0.058826754081846275
3.57298211199668,1.5695352143077141,0.11699359593975524,7,0.058826754081846275
3.5738283099999535,1.5695352143077141,0.11699359593975524,7,0.058826754081846275
3.5746647990017664,1.5743941514512958,0.11614234182367437,7,0.057768782850368273
3.5754654359989217,1.5743941514512958,0.11614234182367437,7,0.057768782850368273
3.57577614299953,1.5743941514512958,0.11614234182367437,7,0.057768782850368273
3.5765774969986524,1.5743941514512958,0.11614234182367437,7,0.057768782850368273
3.5769110749970423,1.5743941514512958,0.11614234182367437,7,0.057768782850368273
3.5777797609989648,1.5743941514512958,0.11614234182367437,7,0.057768782850368273
3.578611559998535,1.5743941514512958,0.11614234182367437,7,0.057768782850368273
3.5794297480024397,1.5743941514512958,0.11614234182367437,7,0.057768782850368273
3.579761895998672,1.5743941514512958,0.11614234182367437,7,0.057768782850368273
3.5805811429963796,1.5743941514512958,0.11614234182367437,7,0.057768782850368273
3.581394303997513,1.5743941514512958,0.11614234182367437,7,0.057768782850368273
3.5822498359993915,1.5743941514512958,0.11614234182367437,7,0.057768782850368273
3.5826052490010625,1.5743941514512958,0.11614234182367437,7,0.057768782850368273
3.5834042569986195,1.5743941514512958,0.11614234182367437,7,0.057768782850368273
3.584036501997616,1.5792380756919504,0.11529769273439418,7,0.0571240201797612
3.584850687002472,1.5792380756919504,0.11529769273439418,7,0.0571240201797612
3.5856878260019585,1.5792380756919504,0.11529769273439418,7,0.0571240201797612
3.5859614860019065,1.5792380756919504,0.11529769273439418,7,0.0571240201797612
3.586568131999229,1.5792380756919504,0.11529769273439418,7,0.0571240201797612
3.587402288998419,1.5792380756919504,0.11529769273439418,7,0.0571240201797612
3.588291638996452,1.5792380756919504,0.11529769273439418,7,0.0571240201797612
3.589171797000745,1.5792380756919504,0.11529769273439418,7,0.0571240201797612
3.589998839997861,1.5792380756919504,0.11529769273439418,7,0.0571240201797612
3.5908491619993583,1.5792380756919504,0.11529769273439418,7,0.0571240201797612
3.591655862001062,1.5792380756919504,0.11529769273439418,7,0.0571240201797612
3.5924835269979667,1.5840698287592878,0.11445832681246489,7,0.0569015618453404
3.5932786220000708,1.5840698287592878,0.11445832681246489,7,0.0569015618453404
3.5940698600024916,1.5840698287592878,0.11445832681246489,7,0.0569015618453404
3.5948406500028796,1.5840698287592878,0.11445832681246489,7,0.0569015618453404
3.5951662639999995,1.5840698287592878,0.11445832681246489,7,0.0569015618453404
3.5959104540015687,1.5840698287592878,0.11445832681246489,7,0.0569015618453404
3.596222009997291,1.5840698287592878,0.11445832681246489,7,0.0569015618453404
3.597008447002736,1.5888919539901847,0.11362456751189574,7,0.057103976431168324
3.597769555999548,1.5888919539901847,0.11362456751189574,7,0.057103976431168324
3.5985228779973113,1.5888919539901847,0.11362456751189574,7,0.057103976431168324
3.59929954999825,1.5888919539901847,0.11362456751189574,7,0.057103976431168324
3.6003445429960266,1.5888919539901847,0.11362456751189574,7,0.057103976431168324
3.600684771001397,1.5888919539901847,0.11362456751189574,7,0.057103976431168324
3.601461737001955,1.5937238457033813,0.11279227177840086,7,0.05772670106055591
3.6022850730005302,1.5937238457033813,0.11279227177840086,7,0.05772670106055591
3.6037086060023285,1.5937238457033813,0.11279227177840086,7,0.05772670106055591
3.6048869480000576,1.5937238457033813,0.11279227177840086,7,0.05772670106055591
3.605774351999571,1.5937238457033813,0.11279227177840086,7,0.05772670106055591
3.6065943540015724,1.5939036472894514,0.1129963823228275,7,0.05797919554219301
3.608484944998054,1.5939036472894514,0.1129963823228275,7,0.05797919554219301
3.6089181049974286,1.5939036472894514,0.1129963823228275,7,0.05797919554219301
3.609849947002658,1.5939036472894514,0.1129963823228275,7,0.05797919554219301
3.610682321996137,1.5939036472894514,0.1129963823228275,7,0.05797919554219301
3.6128408450022107,1.5939036472894514,0.1129963823228275,7,0.05797919554219301
3.6132017299969448,1.5939036472894514,0.1129963823228275,7,0.05797919554219301
3.613796222001838,1.594306995690635,0.11347065952086667,7,0.058561678022541926
3.614448991997051,1.594306995690635,0.11347065952086667,7,0.058561678022541926
3.6146724490026827,1.594306995690635,0.11347065952086667,7,0.058561678022541926
3.6151906439990853,1.594306995690635,0.11347065952086667,7,0.058561678022541926
3.6157210870005656,1.594306995690635,0.11347065952086667,7,0.058561678022541926
3.6163802169976407,1.594306995690635,0.11347065952086667,7,0.058561678022541926
3.61704357599956,1.5997731819200574,0.11335931594894155,7,0.060531266856427894
3.617888494001818,1.5997731819200574,0.11335931594894155,7,0.060531266856427894
3.6187394380031037,1.5997731819200574,0.11335931594894155,7,0.060531266856427894
3.6191379520023474,1.5997731819200574,0.11335931594894155,7,0.060531266856427894
3.6198129879994667,1.5997731819200574,0.11335931594894155,7,0.060531266856427894
3.620460109996202,1.5997731819200574,0.11335931594894155,7,0.060531266856427894
3.6206741860005422,1.5997731819200574,0.11335931594894155,7,0.060531266856427894
3.621289622002223,1.5997731819200574,0.11335931594894155,7,0.060531266856427894
3.621796040002664,1.5997731819200574,0.11335931594894155,7,0.060531266856427894
3.6223194869962754,1.5997731819200574,0.11335931594894155,7,0.060531266856427894
3.6231052899966016,1.5997731819200574,0.11335931594894155,7,0.060531266856427894
3.6261238700026297,1.5997731819200574,0.11335931594894155,7,0.060531266856427894
3.6272378560024663,1.60464921639291,0.11246925943275726,7,0.06194794612886252
3.627594664998469,1.60464921639291,0.11246925943275726,7,0.06194794612886252
3.628407812997466,1.60464921639291,0.11246925943275726,7,0.06194794612886252
3.62871596399782,1.60464921639291,0.11246925943275726,7,0.06194794612886252
3.6307971389978775,1.60464921639291,0.11246925943275726,7,0.06194794612886252
3.6319417749982676,1.60464921639291,0.11246925943275726,7,0.06194794612886252
3.6335354920011014,1.60464921639291,0.11246925943275726,7,0.06194794612886252
3.6339017869977397,1.60464921639291,0.11246925943275726,7,0.06194794612886252
3.634856837998086,1.60464921639291,0.11246925943275726,7,0.06194794612886252
3.6359066320001148,1.60464921639291,0.11246925943275726,7,0.06194794612886252
3.636613167000178,1.60464921639291,0.11246925943275726,7,0.06194794612886252
3.6372127200011164,1.60464921639291,0.11246925943275726,7,0.06194794612886252
3.637723703002848,1.609550589736833,0.11157946519866893,7,0.0637338453655453
3.6382939140021335,1.609550589736833,0.11157946519866893,7,0.0637338453655453
3.6392687749976176,1.609550589736833,0.11157946519866893,7,0.0637338453655453
3.640106860002561,1.609550589736833,0.11157946519866893,7,0.0637338453655453
3.6408791040012147,1.609550589736833,0.11157946519866893,7,0.0637338453655453
3.641671042998496,1.609550589736833,0.11157946519866893,7,0.0637338453655453
3.6419797350026784,1.609550589736833,0.11157946519866893,7,0.0637338453655453
3.643892448002589,1.609550589736833,0.11157946519866893,7,0.0637338453655453
3.6449723330006236,1.609550589736833,0.11157946519866893,7,0.0637338453655453
3.645858887997747,1.609550589736833,0.11157946519866893,7,0.0637338453655453
3.6461435989986057,1.609550589736833,0.11157946519866893,7,0.0637338453655453
3.6468129729983048,1.609550589736833,0.11157946519866893,7,0.0637338453655453
3.647505485001602,1.609550589736833,0.11157946519866893,7,0.0637338453655453
3.6480684150010347,1.6145029836898408,0.11085906035902265,7,0.06601457295916759
3.64876637999987,1.6145029836898408,0.11085906035902265,7,0.06601457295916759
3.64897985800053,1.6145029836898408,0.11085906035902265,7,0.06601457295916759
3.649473792000208,1.6145029836898408,0.11085906035902265,7,0.06601457295916759
3.650011020996317,1.6145029836898408,0.11085906035902265,7,0.06601457295916759
3.650691356000607,1.6145029836898408,0.11085906035902265,7,0.06601457295916759
3.651525134999247,1.6145029836898408,0.11085906035902265,7,0.06601457295916759
3.652193763999094,1.6145029836898408,0.11085906035902265,7,0.06601457295916759
3.6526891739995335,1.6145029836898408,0.11085906035902265,7,0.06601457295916759
3.65291394200176,1.6145029836898408,0.11085906035902265,7,0.06601457295916759
3.653438836998248,1.6145029836898408,0.11085906035902265,7,0.06601457295916759
3.654278609996254,1.6145029836898408,0.11085906035902265,7,0.06601457295916759
3.6551534669997636,1.6145029836898408,0.11085906035902265,7,0.06601457295916759
3.655920416000299,1.6145029836898408,0.11085906035902265,7,0.06601457295916759
3.656725701999676,1.6145029836898408,0.11085906035902265,7,0.06601457295916759
3.6575159639978665,1.6145029836898408,0.11085906035902265,7,0.06601457295916759
3.657835416001035,1.6145029836898408,0.11085906035902265,7,0.06601457295916759
3.6621907759981696,1.6145029836898408,0.11085906035902265,7,0.06601457295916759
3.663232542996411,1.6194922913243603,0.11023877350100886,7,0.06868502966050077
3.663566784001887,1.6194922913243603,0.11023877350100886,7,0.06868502966050077
3.667565718998958,1.6194922913243603,0.11023877350100886,7,0.06868502966050077
3.6685407449986087,1.6194922913243603,0.11023877350100886,7,0.06868502966050077
3.668901780998567,1.6194922913243603,0.11023877350100886,7,0.06868502966050077
3.671525837002264,1.6194922913243603,0.11023877350100886,7,0.06868502966050077
3.6727390349988127,1.6194922913243603,0.11023877350100886,7,0.06868502966050077
3.6730899149988545,1.6194922913243603,0.11023877350100886,7,0.06868502966050077
3.6738695849999203,1.6194922913243603,0.11023877350100886,7,0.06868502966050077
3.674206857001991,1.6194922913243603,0.11023877350100886,7,0.06868502966050077
3.675196099000459,1.6194922913243603,0.11023877350100886,7,0.06868502966050077
3.676004793996981,1.6194922913243603,0.11023877350100886,7,0.06868502966050077
3.676751179002167,1.6194922913243603,0.11023877350100886,7,0.06868502966050077
3.677524453996739,1.6194922913243603,0.11023877350100886,7,0.06868502966050077
3.678253632999258,1.6245043301729125,0.10962695140014403,7,0.07163128335595487
3.6789888060011435,1.6245043301729125,0.10962695140014403,7,0.07163128335595487
3.679689317003067,1.6245043301729125,0.10962695140014403,7,0.07163128335595487
3.680028210997989,1.6245043301729125,0.10962695140014403,7,0.07163128335595487
3.6806334290013183,1.6245043301729125,0.10962695140014403,7,0.07163128335595487
3.6808325800011517,1.6245043301729125,0.10962695140014403,7,0.07163128335595487
3.6813114620017586,1.6245043301729125,0.10962695140014403,7,0.07163128335595487
3.6817693499979214,1.6245043301729125,0.10962695140014403,7,0.07163128335595487
3.682219062000513,1.6245043301729125,0.10962695140014403,7,0.07163128335595487
3.6828388779977104,1.6245043301729125,0.10962695140014403,7,0.07163128335595487
3.6835397980030393,1.6245043301729125,0.10962695140014403,7,0.07163128335595487
3.6843659360019956,1.6245043301729125,0.10962695140014403,7,0.07163128335595487
3.6846053219996975,1.6245043301729125,0.10962695140014403,7,0.07163128335595487
3.685133984996355,1.6295400742983723,0.10904103917404365,7,0.07483764764958774
3.685636292997515,1.6295400742983723,0.10904103917404365,7,0.07483764764958774
3.68611675700231,1.6295400742983723,0.10904103917404365,7,0.07483764764958774
3.686579750996316,1.6295400742983723,0.10904103917404365,7,0.07483764764958774
3.6873256280014175,1.6295400742983723,0.10904103917404365,7,0.07483764764958774
3.6880514220029,1.6295400742983723,0.10904103917404365,7,0.07483764764958774
3.6887400269988575,1.6295400742983723,0.10904103917404365,7,0.07483764764958774
3.6889888730001985,1.6295400742983723,0.10904103917404365,7,0.07483764764958774
3.6896095869960845,1.6295400742983723,0.10904103917404365,7,0.07483764764958774
3.690388292001444,1.6295400742983723,0.10904103917404365,7,0.07483764764958774
3.6911255219965824,1.6295400742983723,0.10904103917404365,7,0.07483764764958774
3.6919292300008237,1.6345948415416405,0.1084498452654174,7,0.07825259552929349
3.69269622900174,1.6345948415416405,0.1084498452654174,7,0.07825259552929349
3.6934426719963085,1.6345948415416405,0.1084498452654174,7,0.07825259552929349
3.694168447997072,1.6345948415416405,0.1084498452654174,7,0.07825259552929349
3.6948674520026543,1.6345948415416405,0.1084498452654174,7,0.07825259552929349
3.69560398899921,1.6345948415416405,0.1084498452654174,7,0.07825259552929349
3.6963263419966097,1.6345948415416405,0.1084498452654174,7,0.07825259552929349
3.6970489250015817,1.6345948415416405,0.1084498452654174,7,0.07825259552929349
3.697745161000057,1.6345948415416405,0.1084498452654174,7,0.07825259552929349
3.6984427790011978,1.6345948415416405,0.1084498452654174,7,0.07825259552929349
3.699153326000669,1.6345948415416405,0.1084498452654174,7,0.07825259552929349
3.699944310996216,1.6345948415416405,0.1084498452654174,7,0.07825259552929349
3.700264735998644,1.6345948415416405,0.1084498452654174,7,0.07825259552929349
3.701027098002669,1.6345948415416405,0.1084498452654174,7,0.07825259552929349
3.701795608001703,1.6345948415416405,0.1084498452654174,7,0.07825259552929349
3.7026581070022075,1.6345948415416405,0.1084498452654174,7,0.07825259552929349
3.703469034000591,1.6396707296359356,0.10787981153725182,7,0.08187131967328004
3.70436050400167,1.6396707296359356,0.10787981153725182,7,0.08187131967328004
3.705151576003118,1.6396707296359356,0.10787981153725182,7,0.08187131967328004
3.7059137809992535,1.6396707296359356,0.10787981153725182,7,0.08187131967328004
3.7105701489999774,1.6396707296359356,0.10787981153725182,7,0.08187131967328004
3.7109565369974007,1.6396707296359356,0.10787981153725182,7,0.08187131967328004
3.711894485000812,1.6396707296359356,0.10787981153725182,7,0.08187131967328004
3.7121341739984928,1.6396707296359356,0.10787981153725182,7,0.08187131967328004
3.712947134001297,1.6396707296359356,0.10787981153725182,7,0.08187131967328004
3.7133055230005994,1.6396707296359356,0.10787981153725182,7,0.08187131967328004
3.714153594999516,1.6396707296359356,0.10787981153725182,7,0.08187131967328004
3.714934418996563,1.6396707296359356,0.10787981153725182,7,0.08187131967328004
3.7157856049961993,1.6396707296359356,0.10787981153725182,7,0.08187131967328004
3.716579419997288,1.6447590727776398,0.10730352862860493,7,0.08564855961170396
3.7169065909984056,1.6447590727776398,0.10730352862860493,7,0.08564855961170396
3.718100799997046,1.6447590727776398,0.10730352862860493,7,0.08564855961170396
3.71913115499774,1.6447590727776398,0.10730352862860493,7,0.08564855961170396
3.7200784020024003,1.6447590727776398,0.10730352862860493,7,0.08564855961170396
3.7209339390028617,1.6447590727776398,0.10730352862860493,7,0.08564855961170396
3.721292469999753,1.6447590727776398,0.10730352862860493,7,0.08564855961170396
3.7221148070020718,1.6447590727776398,0.10730352862860493,7,0.08564855961170396
3.7229010809969623,1.6447590727776398,0.10730352862860493,7,0.08564855961170396
3.7234476129960967,1.6447590727776398,0.10730352862860493,7,0.08564855961170396
3.7239855860025273,1.6447590727776398,0.10730352862860493,7,0.08564855961170396
3.7244458200002555,1.6447590727776398,0.10730352862860493,7,0.08564855961170396
3.7248835589998635,1.6447590727776398,0.10730352862860493,7,0.08564855961170396
3.72551728200051,1.6447590727776398,0.10730352862860493,7,0.08564855961170396
3.7262720400030958,1.6447590727776398,0.10730352862860493,7,0.08564855961170396
3.727008299996669,1.6447590727776398,0.10730352862860493,7,0.08564855961170396
3.7278051859975676,1.6447590727776398,0.10730352862860493,7,0.08564855961170396
3.7285323679971043,1.6481390270292977,0.10764127906756664,7,0.08863103948124809
3.7292550849961117,1.6481390270292977,0.10764127906756664,7,0.08863103948124809
3.7299977899965597,1.6481390270292977,0.10764127906756664,7,0.08863103948124809
3.7303181890019914,1.6481390270292977,0.10764127906756664,7,0.08863103948124809
3.731026453002414,1.6481390270292977,0.10764127906756664,7,0.08863103948124809
3.7313140929982183,1.6481390270292977,0.10764127906756664,7,0.08863103948124809
3.732106390001718,1.6481390270292977,0.10764127906756664,7,0.08863103948124809
3.7328369929964538,1.6475671330714718,0.10793263322060091,7,0.0883193752575962
3.7335608819994377,1.6475671330714718,0.10793263322060091,7,0.0883193752575962
3.7343249909972656,1.6475671330714718,0.10793263322060091,7,0.0883193752575962
3.735165252997831,1.6475671330714718,0.10793263322060091,7,0.0883193752575962
3.7359946189972106,1.6475671330714718,0.10793263322060091,7,0.0883193752575962
3.736319484996784,1.6475671330714718,0.10793263322060091,7,0.0883193752575962
3.737036687998625,1.6526740376338738,0.10738512983712258,7,0.0922989515907
3.7377640749982675,1.6526740376338738,0.10738512983712258,7,0.0922989515907
3.7385590670019155,1.6526740376338738,0.10738512983712258,7,0.0922989515907
3.73932355800207,1.6526740376338738,0.10738512983712258,7,0.0922989515907
3.7401191469980404,1.6526740376338738,0.10738512983712258,7,0.0922989515907
3.740841298000305,1.6577838548718722,0.10679946691121302,7,0.09637131026753819
3.741569621997769,1.6577838548718722,0.10679946691121302,7,0.09637131026753819
3.7422910050008795,1.6577838548718722,0.10679946691121302,7,0.09637131026753819
3.7429941180016613,1.6577838548718722,0.10679946691121302,7,0.09637131026753819
3.7437705769989407,1.6577838548718722,0.10679946691121302,7,0.09637131026753819
3.744385375001002,1.6577838548718722,0.10679946691121303,7,0.0963713102675382
3.7446700329965097,1.6577838548718722,0.10679946691121303,7,0.0963713102675382
3.745247382998059,1.6577838548718722,0.10679946691121303,7,0.0963713102675382
3.7454838289995678,1.6577838548718722,0.10679946691121303,7,0.0963713102675382
3.745966367998335,1.6577838548718722,0.10679946691121303,7,0.0963713102675382
3.7461697249964345,1.6577838548718722,0.10679946691121303,7,0.0963713102675382
3.7466165730002103,1.6577838548718722,0.10679946691121303,7,0.0963713102675382
3.7470649309980217,1.6577838548718722,0.10679946691121303,7,0.0963713102675382
3.747515174,1.6629014528730164,0.10622219627316147,7,0.10055271310056607
3.7480248080028105,1.6629014528730164,0.10622219627316147,7,0.10055271310056607
3.7486265309999,1.6629014528730164,0.10622219627316147,7,0.10055271310056607
3.7491176650000853,1.6629014528730164,0.10622219627316147,7,0.10055271310056607
3.7496450179969543,1.6629014528730164,0.10622219627316147,7,0.10055271310056607
3.7501761609964888,1.6629014528730164,0.10622219627316147,7,0.10055271310056607
3.750469211998279,1.6629014528730164,0.10622219627316147,7,0.10055271310056607
3.7513025469961576,1.6629014528730164,0.10622219627316147,7,0.10055271310056607
3.7521642349965987,1.6629014528730164,0.10622219627316147,7,0.10055271310056607
3.752897006001149,1.6629014528730164,0.10622219627316147,7,0.10055271310056607
3.7532387480023317,1.6629014528730164,0.10622219627316147,7,0.10055271310056607
3.754092140996363,1.6629014528730164,0.10622219627316147,7,0.10055271310056607
3.7546990330010885,1.6629014528730164,0.10622219627316147,7,0.10055271310056607
3.755304427999363,1.6629014528730164,0.10622219627316147,7,0.10055271310056607
3.755958260000625,1.6629014528730164,0.10622219627316147,7,0.10055271310056607
3.7566316290030954,1.6629014528730164,0.10622219627316147,7,0.10055271310056607
3.7572014830002445,1.6629014528730164,0.10622219627316147,7,0.10055271310056607
3.757435676998284,1.6629014528730164,0.10622219627316147,7,0.10055271310056607
3.758001330999832,1.6680241269458445,0.10563254061128753,7,0.10481933000681522
3.758846012999129,1.6680241269458445,0.10563254061128753,7,0.10481933000681522
3.759637285998906,1.6680241269458445,0.10563254061128753,7,0.10481933000681522
3.7603790009961813,1.6680241269458445,0.10563254061128753,7,0.10481933000681522
3.761120707000373,1.6680241269458445,0.10563254061128753,7,0.10481933000681522
3.761877293996804,1.6680241269458445,0.10563254061128753,7,0.10481933000681522
3.7621921800018754,1.6680241269458445,0.10563254061128753,7,0.10481933000681522
3.7629056369987666,1.6680241269458445,0.10563254061128753,7,0.10481933000681522
3.7636883090017363,1.6680241269458445,0.10563254061128753,7,0.10481933000681522
3.7644006539994734,1.6680241269458445,0.10563254061128753,7,0.10481933000681522
3.7651792589967954,1.6680241269458445,0.10563254061128753,7,0.10481933000681522
3.765924917002849,1.6731550256904033,0.1050609259314478,7,0.10917793887734131
3.7667010459990706,1.6731550256904033,0.1050609259314478,7,0.10917793887734131
3.767451407999033,1.6731550256904033,0.1050609259314478,7,0.10917793887734131
3.768347545003053,1.6731550256904033,0.1050609259314478,7,0.10917793887734131
3.7691882279978017,1.6731550256904033,0.1050609259314478,7,0.10917793887734131
3.7699787099991227,1.6731550256904033,0.1050609259314478,7,0.10917793887734131
3.7707713519994286,1.6731550256904033,0.1050609259314478,7,0.10917793887734131
3.771506782999495,1.6731550256904033,0.1050609259314478,7,0.10917793887734131
3.7718392230017344,1.6731550256904033,0.1050609259314478,7,0.10917793887734131
3.7724516419984866,1.6731550256904033,0.1050609259314478,7,0.10917793887734131
3.773091133996786,1.6731550256904033,0.1050609259314478,7,0.10917793887734131
3.7733872399985557,1.6731550256904033,0.1050609259314478,7,0.10917793887734131
3.7741315829989617,1.6731550256904033,0.1050609259314478,7,0.10917793887734131
3.7748567270027706,1.6731550256904033,0.1050609259314478,7,0.10917793887734131
3.7756048290029867,1.6731550256904033,0.1050609259314478,7,0.10917793887734131
3.77637634799612,1.6731550256904033,0.1050609259314478,7,0.10917793887734131
3.777106421002827,1.6731550256904033,0.1050609259314478,7,0.10917793887734131
3.777821525996842,1.6782908324956372,0.10448058445771914,7,0.11360489785447832
3.778122406001785,1.6782908324956372,0.10448058445771914,7,0.11360489785447832
3.7788562409987208,1.6782908324956372,0.10448058445771914,7,0.11360489785447832
3.7795654500005185,1.6782908324956372,0.10448058445771914,7,0.11360489785447832
3.780113832995994,1.6782908324956372,0.10448058445771914,7,0.11360489785447832
3.780588166999223,1.6782908324956372,0.10448058445771914,7,0.11360489785447832
3.7807741220021853,1.6782908324956372,0.10448058445771914,7,0.11360489785447832
3.7812239510021755,1.6782908324956372,0.10448058445771914,7,0.11360489785447832
3.7816746440003044,1.6782908324956372,0.10448058445771914,7,0.11360489785447832
3.7821260369964875,1.6782908324956372,0.10448058445771914,7,0.11360489785447832
3.7827144839975517,1.6782908324956372,0.10448058445771914,7,0.11360489785447832
3.783417405000364,1.6782908324956372,0.10448058445771914,7,0.11360489785447832
3.7840272809989983,1.683434406209791,0.10391971652287053,8,0.11353635452392408
3.7846131539990893,1.683434406209791,0.10391971652287053,8,0.11353635452392408
3.7848077210001065,1.683434406209791,0.10391971652287053,8,0.11353635452392408
3.785265361999336,1.683434406209791,0.10391971652287053,8,0.11353635452392408
3.7857359379995614,1.683434406209791,0.10391971652287053,8,0.11353635452392408
3.786469817001489,1.683434406209791,0.10391971652287053,8,0.11353635452392408
3.787422150999191,1.683434406209791,0.10391971652287053,8,0.11353635452392408
3.788638298996375,1.683434406209791,0.10391971652287053,8,0.11353635452392408
3.789277301002585,1.683434406209791,0.10391971652287053,8,0.11353635452392408
3.7895571799963363,1.683434406209791,0.10391971652287053,8,0.11353635452392408
3.7900258320005378,1.683434406209791,0.10391971652287053,8,0.11353635452392408
3.790574667000328,1.683434406209791,0.10391971652287053,8,0.11353635452392408
3.7912113749989658,1.6885824269038316,0.10335071585803861,8,0.10924383750137771
3.7918196660029935,1.6885824269038316,0.10335071585803861,8,0.10924383750137771
3.792336256003182,1.6885824269038316,0.10335071585803861,8,0.10924383750137771
3.7925727309993817,1.6885824269038316,0.10335071585803861,8,0.10924383750137771
3.7930369509995217,1.6885824269038316,0.10335071585803861,8,0.10924383750137771
3.793668603997503,1.6885824269038316,0.10335071585803861,8,0.10924383750137771
3.794402405001165,1.6885824269038316,0.10335071585803861,8,0.10924383750137771
3.7951571719968342,1.6885824269038316,0.10335071585803861,8,0.10924383750137771
3.7959940290020313,1.6885824269038316,0.10335071585803861,8,0.10924383750137771
3.7967867080005817,1.6885824269038316,0.10335071585803861,8,0.10924383750137771
3.797577489996911,1.6885824269038316,0.10335071585803861,8,0.10924383750137771
3.7983534640006837,1.6937153287583675,0.10280388753513482,8,0.1050574762858531
3.79914831899805,1.6937153287583675,0.10280388753513482,8,0.1050574762858531
3.799470336001832,1.6937153287583675,0.10280388753513482,8,0.1050574762858531
3.800231496003107,1.6937153287583675,0.10280388753513482,8,0.1050574762858531
3.8010062769972137,1.6937153287583675,0.10280388753513482,8,0.1050574762858531
3.801828331001161,1.6937153287583675,0.10280388753513482,8,0.1050574762858531
3.8026208259980194,1.6937153287583675,0.10280388753513482,8,0.1050574762858531
3.803388464002637,1.6937153287583675,0.10280388753513482,8,0.1050574762858531
3.8042242279989296,1.6937153287583675,0.10280388753513482,8,0.1050574762858531
3.804945404001046,1.6937153287583675,0.10280388753513482,8,0.1050574762858531
3.8056985779985553,1.6937153287583675,0.10280388753513482,8,0.1050574762858531
3.806459983003151,1.6937153287583675,0.10280388753513482,8,0.1050574762858531
3.8071966389979934,1.6937153287583675,0.10280388753513482,8,0.1050574762858531
3.8079612869987614,1.6937153287583675,0.10280388753513482,8,0.1050574762858531
3.808731502998853,1.6937153287583675,0.10280388753513482,8,0.1050574762858531
3.809456404997036,1.6937153287583675,0.10280388753513482,8,0.1050574762858531
3.8101712279967614,1.6988113912430778,0.10225315546774198,8,0.10098505630013857
3.8108907049972913,1.6988113912430778,0.10225315546774198,8,0.10098505630013857
3.811594642997079,1.6988113912430778,0.10225315546774198,8,0.10098505630013857
3.811827204997826,1.6988113912430778,0.10225315546774198,8,0.10098505630013857
3.8123591690018657,1.6988113912430778,0.10225315546774198,8,0.10098505630013857
3.8129670650014305,1.6988113912430778,0.10225315546774198,8,0.10098505630013857
3.813510095998936,1.698803538124224,0.10223901643742528,8,0.10098076656840699
3.8140252379962476,1.698803538124224,0.10223901643742528,8,0.10098076656840699
3.8142323569991277,1.698803538124224,0.10223901643742528,8,0.10098076656840699
3.8147092200015322,1.698803538124224,0.10223901643742528,8,0.10098076656840699
3.8151695859996835,1.698803538124224,0.10223901643742528,8,0.10098076656840699
3.815920326997002,1.698803538124224,0.10223901643742528,8,0.10098076656840699
3.8166972390026785,1.7031376000195781,0.10040764089000226,8,0.09661901883419992
3.8169815150031354,1.7031376000195781,0.10040764089000226,8,0.09661901883419992
3.8175542500030133,1.7031376000195781,0.10040764089000226,8,0.09661901883419992
3.8181246269959956,1.7031376000195781,0.10040764089000226,8,0.09661901883419992
3.8186136389995227,1.7031376000195781,0.10040764089000226,8,0.09661901883419992
3.8191914729977725,1.7031376000195781,0.10040764089000226,8,0.09661901883419992
3.8198162490007235,1.7031376000195781,0.10040764089000226,8,0.09661901883419992
3.8203876370025682,1.7031376000195781,0.10040764089000226,8,0.09661901883419992
3.820585925997875,1.7031376000195781,0.10040764089000226,8,0.09661901883419992
3.8210456919987337,1.7031376000195781,0.10040764089000226,8,0.09661901883419992
3.8215569910025806,1.7031376000195781,0.10040764089000226,8,0.09661901883419992
3.8223274240008323,1.7031376000195781,0.10040764089000226,8,0.09661901883419992
3.823085374002403,1.7081793798161438,0.09984876613354954,8,0.09273894409101888
3.823884931996872,1.7081793798161438,0.09984876613354954,8,0.09273894409101888
3.8246341199992457,1.7081793798161438,0.09984876613354954,8,0.09273894409101888
3.8253938959969673,1.7081793798161438,0.09984876613354954,8,0.09273894409101888
3.8261425250020693,1.7081793798161438,0.09984876613354954,8,0.09273894409101888
3.8268733029981377,1.7132042654858497,0.09931243028026115,8,0.08900705686186154
3.82765115499933,1.7132042654858497,0.09931243028026115,8,0.08900705686186154
3.8283745189983165,1.7132042654858497,0.09931243028026115,8,0.08900705686186154
3.829093711996393,1.7132042654858497,0.09931243028026115,8,0.08900705686186154
3.829793201999564,1.7132042654858497,0.09931243028026115,8,0.08900705686186154
3.830528514001344,1.7132042654858497,0.09931243028026115,8,0.08900705686186154
3.8312971179984743,1.7132042654858497,0.09931243028026115,8,0.08900705686186154
3.832100592997449,1.7132042654858497,0.09931243028026115,8,0.08900705686186154
3.832859941998322,1.7132042654858497,0.09931243028026115,8,0.08900705686186154
3.833615479998116,1.7132042654858497,0.09931243028026115,8,0.08900705686186154
3.83390730300016,1.7132042654858497,0.09931243028026115,8,0.08900705686186154
3.834695990997716,1.7182128056263066,0.09876973873493276,8,0.08541629371796514
3.8354708019978716,1.7182128056263066,0.09876973873493276,8,0.08541629371796514
3.83627324400004,1.7182128056263066,0.09876973873493276,8,0.08541629371796514
3.8369902609993005,1.7182128056263066,0.09876973873493276,8,0.08541629371796514
3.837735237997549,1.7182128056263066,0.09876973873493276,8,0.08541629371796514
3.841124418002437,1.7182128056263066,0.09876973873493275,8,0.08541629371796512
3.8415782140000374,1.7182128056263066,0.09876973873493275,8,0.08541629371796512
3.84245578199625,1.7182128056263066,0.09876973873493275,8,0.08541629371796512
3.8428152749984292,1.7182128056263066,0.09876973873493275,8,0.08541629371796512
3.843677568002022,1.7182128056263066,0.09876973873493275,8,0.08541629371796512
3.844004689999565,1.7182128056263066,0.09876973873493275,8,0.08541629371796512
3.844806132998201,1.7182128056263066,0.09876973873493275,8,0.08541629371796512
3.8456207569979597,1.7182128056263066,0.09876973873493275,8,0.08541629371796512
3.8464228520024335,1.723210962265091,0.09824868727235236,8,0.08200162801259576
3.84724844199809,1.723210962265091,0.09824868727235236,8,0.08200162801259576
3.8482420169966645,1.723210962265091,0.09824868727235236,8,0.08200162801259576
3.848486128001241,1.723210962265091,0.09824868727235236,8,0.08200162801259576
3.849009154000669,1.723210962265091,0.09824868727235236,8,0.08200162801259576
3.849526830999821,1.723210962265091,0.09824868727235236,8,0.08200162801259576
3.849993263000215,1.723210962265091,0.09824868727235236,8,0.08200162801259576
3.8504710440029157,1.723210962265091,0.09824868727235236,8,0.08200162801259576
3.8509650959967985,1.723210962265091,0.09824868727235236,8,0.08200162801259576
3.851596068998333,1.723210962265091,0.09824868727235236,8,0.08200162801259576
3.852133280997805,1.723210962265091,0.09824868727235236,8,0.08200162801259576
3.852709004000644,1.7281981160596438,0.0977206382385642,8,0.07875983025665642
3.8530291670031147,1.7281981160596438,0.0977206382385642,8,0.07875983025665642
3.8537913899999694,1.7281981160596438,0.0977206382385642,8,0.07875983025665642
3.8545650239975657,1.7281981160596438,0.0977206382385642,8,0.07875983025665642
3.855338663997827,1.7281981160596438,0.0977206382385642,8,0.07875983025665642
3.8561487379993196,1.7281981160596438,0.0977206382385642,8,0.07875983025665642
3.8569562490010867,1.7281981160596438,0.0977206382385642,8,0.07875983025665642
3.857765611996001,1.7281981160596438,0.0977206382385642,8,0.07875983025665642
3.858550128999923,1.7281981160596438,0.0977206382385642,8,0.07875983025665642
3.8593140180018963,1.7281981160596438,0.0977206382385642,8,0.07875983025665642
3.860047943002428,1.7281981160596438,0.0977206382385642,8,0.07875983025665642
3.8607819949975237,1.7331791411964808,0.09721365623969157,8,0.07573298092721223
3.8615203509980347,1.7331791411964808,0.09721365623969157,8,0.07573298092721223
3.8618177940006717,1.7331791411964808,0.09721365623969157,8,0.07573298092721223
3.8625406499995734,1.7331791411964808,0.09721365623969157,8,0.07573298092721223
3.8632869749999372,1.7331791411964808,0.09721365623969157,8,0.07573298092721223
3.8640764160008985,1.7331791411964808,0.09721365623969157,8,0.07573298092721223
3.8650654110024334,1.7331791411964808,0.09721365623969155,8,0.07573298092721222
3.8658294709966867,1.7331791411964808,0.09721365623969155,8,0.07573298092721222
3.8664907939964905,1.7331791411964808,0.09721365623969155,8,0.07573298092721222
3.867234047000238,1.7331791411964808,0.09721365623969155,8,0.07573298092721222
3.8675887619974674,1.7331791411964808,0.09721365623969155,8,0.07573298092721222
3.868387196002004,1.7331791411964808,0.09721365623969155,8,0.07573298092721222
3.870062902002246,1.7381487901904509,0.09666759983935505,8,0.07289477848519195
3.870932357000129,1.7381487901904509,0.09666759983935505,8,0.07289477848519195
3.871739545997116,1.7381487901904509,0.09666759983935505,8,0.07289477848519195
3.872423927001364,1.7381487901904509,0.09666759983935505,8,0.07289477848519195
3.872621620001155,1.7381487901904509,0.09666759983935505,8,0.07289477848519195
3.8731685870006913,1.7381487901904509,0.09666759983935505,8,0.07289477848519195
3.8738568580010906,1.7381487901904509,0.09666759983935506,8,0.07289477848519196
3.8746454249994713,1.7381487901904509,0.09666759983935506,8,0.07289477848519196
3.875187145000382,1.7381487901904509,0.09666759983935506,8,0.07289477848519196
3.8753847100015264,1.7381487901904509,0.09666759983935506,8,0.07289477848519196
3.87606626899651,1.7381487901904509,0.09666759983935506,8,0.07289477848519196
3.876555939001264,1.7381487901904509,0.09666759983935506,8,0.07289477848519196
3.877396572002908,1.743065983978757,0.09597104187513394,8,0.07018056465634273
3.8778684139979305,1.743065983978757,0.09597104187513394,8,0.07018056465634273
3.878473316995951,1.743065983978757,0.09597104187513394,8,0.07018056465634273
3.8786738499984494,1.743065983978757,0.09597104187513394,8,0.07018056465634273
3.8791694809988257,1.743065983978757,0.09597104187513394,8,0.07018056465634273
3.8798494229995413,1.743065983978757,0.09597104187513394,8,0.07018056465634273
3.880433443002403,1.743065983978757,0.09597104187513394,8,0.07018056465634273
3.880966955999611,1.743065983978757,0.09597104187513394,8,0.07018056465634273
3.881195296002261,1.743065983978757,0.09597104187513394,8,0.07018056465634273
3.881677188001049,1.743065983978757,0.09597104187513394,8,0.07018056465634273
3.8821538199990755,1.743065983978757,0.09597104187513394,8,0.07018056465634273
3.8827307789979386,1.743065983978757,0.09597104187513394,8,0.07018056465634273
3.88323073599895,1.743065983978757,0.09597104187513394,8,0.07018056465634273
3.883791289998044,1.743065983978757,0.09597104187513394,8,0.07018056465634273
3.883981478997157,1.743065983978757,0.09597104187513394,8,0.07018056465634273
3.8844937909962027,1.743065983978757,0.09597104187513394,8,0.07018056465634273
3.885270938000758,1.743065983978757,0.09597104187513394,8,0.07018056465634273
3.8860213739972096,1.743065983978757,0.09597104187513394,8,0.07018056465634273
3.890585724999255,1.7479287614177816,0.09528774163186823,8,0.06775316668380137
3.890988216000551,1.7479287614177816,0.09528774163186823,8,0.06775316668380137
3.891983708002954,1.7479287614177816,0.09528774163186823,8,0.06775316668380137
3.8927852190026897,1.7479287614177816,0.09528774163186823,8,0.06775316668380137
3.89680106400192,1.7479287614177816,0.09528774163186823,8,0.06775316668380137
3.89778220399603,1.7493290828957881,0.09526166599447412,8,0.06726616698836332
3.898571819998324,1.7493290828957881,0.09526166599447412,8,0.06726616698836332
3.8993394499993883,1.7493290828957881,0.09526166599447412,8,0.06726616698836332
3.900156800998957,1.7493290828957881,0.09526166599447412,8,0.06726616698836332
3.900911595002981,1.7493290828957881,0.09526166599447412,8,0.06726616698836332
3.9030959290030296,1.7579373056110872,0.09452151450874223,8,0.0642911384192075
3.903474216000177,1.7579373056110872,0.09452151450874223,8,0.0642911384192075
3.904171440997743,1.7579373056110872,0.09452151450874223,8,0.0642911384192075
3.9044286089992966,1.7579373056110872,0.09452151450874223,8,0.0642911384192075
3.905186012998456,1.7579373056110872,0.09452151450874223,8,0.0642911384192075
3.905543223998393,1.7579373056110872,0.09452151450874223,8,0.0642911384192075
3.906303210002079,1.7579373056110872,0.09452151450874223,8,0.0642911384192075
3.906903335999232,1.7579373056110872,0.09452151450874223,8,0.0642911384192075
3.9075068649981404,1.7579373056110872,0.09452151450874223,8,0.0642911384192075
3.908153238000523,1.75823860922659,0.09451598056311862,8,0.06422554398254958
3.9086448899979587,1.75823860922659,0.09451598056311862,8,0.06422554398254958
3.908843256998807,1.75823860922659,0.09451598056311862,8,0.06422554398254958
3.9093052500029444,1.75823860922659,0.09451598056311862,8,0.06422554398254958
3.909749608996208,1.75823860922659,0.09451598056311862,8,0.06422554398254958
3.910211023001466,1.75823860922659,0.09451598056311862,8,0.06422554398254958
3.910781965998467,1.7630222656254149,0.09385675100161879,8,0.06280042550363282
3.9113544240026386,1.7630222656254149,0.09385675100161879,8,0.06280042550363282
3.9119670220025,1.7630222656254149,0.09385675100161879,8,0.06280042550363282
3.9121858009966672,1.7630222656254149,0.09385675100161879,8,0.06280042550363282
3.9127140439959476,1.7630222656254149,0.09385675100161879,8,0.06280042550363282
3.913215909000428,1.7630222656254149,0.09385675100161879,8,0.06280042550363282
3.913656324999465,1.7630222656254149,0.09385675100161879,8,0.06280042550363282
3.9141138659979333,1.7630222656254149,0.09385675100161879,8,0.06280042550363282
3.9145538590018987,1.7630222656254149,0.09385675100161879,8,0.06280042550363282
3.9150045729984413,1.7630222656254149,0.09385675100161879,8,0.06280042550363282
3.9157214669976383,1.7630222656254149,0.09385675100161879,8,0.06280042550363282
3.9165039989966317,1.7677774147090395,0.09320749207814234,8,0.06173256856688998
3.917254663996573,1.7677774147090395,0.09320749207814234,8,0.06173256856688998
3.9179864960024133,1.7677774147090395,0.09320749207814234,8,0.06173256856688998
3.918714776998968,1.7677774147090395,0.09320749207814234,8,0.06173256856688998
3.9218547510026838,1.7677774147090395,0.09320749207814234,8,0.06173256856688998
3.922362979996251,1.7677774147090395,0.09320749207814234,8,0.06173256856688998
3.9232955560000846,1.7677774147090395,0.09320749207814234,8,0.06173256856688998
3.9236614080000436,1.7677774147090395,0.09320749207814234,8,0.06173256856688998
3.9245083589994465,1.7677774147090395,0.09320749207814234,8,0.06173256856688998
3.9261102359960205,1.7677774147090395,0.09320749207814234,8,0.06173256856688998
3.926499610999599,1.7677774147090395,0.09320749207814234,8,0.06173256856688998
3.9274092619962175,1.7677774147090395,0.09320749207814234,8,0.06173256856688998
3.929149891002453,1.7677774147090395,0.09320749207814234,8,0.06173256856688998
3.9301233899968793,1.7677774147090395,0.09320749207814234,8,0.06173256856688998
3.9311128850022214,1.7677774147090395,0.09320749207814234,8,0.06173256856688998
3.93197032000171,1.7677774147090395,0.09320749207814234,8,0.06173256856688998
3.932788302998233,1.7677774147090395,0.09320749207814234,8,0.06173256856688998
3.933442517001822,1.7677774147090395,0.09320749207814234,8,0.06173256856688998
3.93419907399948,1.7677774147090395,0.09320749207814234,8,0.06173256856688998
3.9345148430002155,1.7677774147090395,0.09320749207814234,8,0.06173256856688998
3.935347771999659,1.772509513689585,0.09256660783553632,8,0.06103229161368176
3.9361510840026313,1.772509513689585,0.09256660783553632,8,0.06103229161368176
3.9368865819997154,1.772509513689585,0.09256660783553632,8,0.06103229161368176
3.9377159209980164,1.772509513689585,0.09256660783553632,8,0.06103229161368176
3.9384363150020363,1.772509513689585,0.09256660783553632,8,0.06103229161368176
3.939203670997813,1.772509513689585,0.09256660783553632,8,0.06103229161368176
3.9395461679960135,1.772509513689585,0.09256660783553632,8,0.06103229161368176
3.9403752029975294,1.772509513689585,0.09256660783553632,8,0.06103229161368176
3.9412138460029382,1.772509513689585,0.09256660783553632,8,0.06103229161368176
3.9415422250021948,1.772509513689585,0.09256660783553632,8,0.06103229161368176
3.942574920998595,1.772509513689585,0.09256660783553632,8,0.06103229161368176
3.943500610999763,1.772509513689585,0.09256660783553632,8,0.06103229161368176
3.944322030998592,1.7772231631400226,0.09193414761172695,8,0.06070718662522631
3.9446154960023705,1.7772231631400226,0.09193414761172695,8,0.06070718662522631
3.945416923997982,1.7772231631400226,0.09193414761172695,8,0.06070718662522631
3.9461950289987726,1.7772231631400226,0.09193414761172695,8,0.06070718662522631
3.946969650001847,1.7772231631400226,0.09193414761172695,8,0.06070718662522631
3.9578721479992964,1.7772231631400226,0.09193414761172695,8,0.06070718662522631
3.9589799669993226,1.7772231631400226,0.09193414761172695,8,0.06070718662522631
3.959359273998416,1.7772231631400226,0.09193414761172695,8,0.06070718662522631
3.960182969996822,1.7772231631400226,0.09193414761172695,8,0.06070718662522631
3.9605031140017672,1.7772231631400226,0.09193414761172695,8,0.06070718662522631
3.9613009949971456,1.7772231631400226,0.09193414761172695,8,0.06070718662522631
3.962063662998844,1.7772231631400226,0.09193414761172695,8,0.06070718662522631
3.962335577001795,1.7772231631400226,0.09193414761172695,8,0.06070718662522631
3.962904175998119,1.7772231631400226,0.09193414761172695,8,0.06070718662522631
3.963685604998318,1.7772231631400226,0.09193414761172695,8,0.06070718662522631
3.964426245998766,1.7772231631400226,0.09193414761172695,8,0.06070718662522631
3.965163250002661,1.7772231631400226,0.09193414761172695,8,0.06070718662522631
3.965881639000145,1.7772231631400226,0.09193414761172695,8,0.06070718662522631
3.9665901039988967,1.7772231631400226,0.09193414761172695,8,0.06070718662522631
3.9672948619991075,1.7772231631400226,0.09193414761172695,8,0.06070718662522631
3.968016685998009,1.7819219097140289,0.09130883181701145,8,0.06075810260358476
3.968771175997972,1.7819219097140289,0.09130883181701145,8,0.06075810260358476
3.969760703002976,1.7819219097140289,0.09130883181701145,8,0.06075810260358476
3.9706091870029923,1.7819219097140289,0.09130883181701145,8,0.06075810260358476
3.9709227540006395,1.7819219097140289,0.09130883181701145,8,0.06075810260358476
3.9719211810006527,1.7819219097140289,0.09130883181701145,8,0.06075810260358476
3.972364649998781,1.7819219097140289,0.09130883181701145,8,0.06075810260358476
3.9734483330030343,1.7819219097140289,0.09130883181701145,8,0.06075810260358476
3.9738156300008995,1.7819219097140289,0.09130883181701145,8,0.06075810260358476
3.9743714119977085,1.7819219097140289,0.09130883181701145,8,0.06075810260358476
3.9748826939976425,1.7819219097140289,0.09130883181701145,8,0.06075810260358476
3.975415435001196,1.7819219097140289,0.09130883181701145,8,0.06075810260358476
3.9759750939992955,1.7819219097140289,0.09130883181701145,8,0.06075810260358476
3.976498301999527,1.786608800496598,0.09069094262928858,8,0.061181502170557
3.977014682001027,1.786608800496598,0.09069094262928858,8,0.061181502170557
3.977223324996885,1.786608800496598,0.09069094262928858,8,0.061181502170557
3.9776875379975536,1.786608800496598,0.09069094262928858,8,0.061181502170557
3.9783763110026484,1.786608800496598,0.09069094262928858,8,0.061181502170557
3.97932373599906,1.786608800496598,0.09069094262928858,8,0.061181502170557
3.979990405998251,1.786608800496598,0.09069094262928858,8,0.061181502170557
3.9807622840016847,1.786608800496598,0.09069094262928858,8,0.061181502170557
3.9812543360021664,1.786608800496598,0.09069094262928858,8,0.061181502170557
3.9814524129978963,1.786608800496598,0.09069094262928858,8,0.061181502170557
3.9819037540000863,1.786608800496598,0.09069094262928858,8,0.061181502170557
3.98241241100186,1.786608800496598,0.09069094262928858,8,0.061181502170557
3.9830164660015726,1.7912861292535762,0.0900794045132855,8,0.06196657673550387
3.9838138409977546,1.7912861292535762,0.0900794045132855,8,0.06196657673550387
3.984608375998505,1.7912861292535762,0.0900794045132855,8,0.06196657673550387
3.98541803000262,1.7912861292535762,0.0900794045132855,8,0.06196657673550387
3.9862850209974567,1.7912861292535762,0.0900794045132855,8,0.06196657673550387
3.9872190940004657,1.7912861292535762,0.09007940451328549,8,0.06196657673550386
3.988053647997731,1.7912861292535762,0.09007940451328549,8,0.06196657673550386
3.988851677000639,1.7912861292535762,0.09007940451328549,8,0.06196657673550386
3.989182033998077,1.7912861292535762,0.09007940451328549,8,0.06196657673550386
3.9900567040021997,1.7912861292535762,0.09007940451328549,8,0.06196657673550386
3.99085767899669,1.7912861292535762,0.09007940451328549,8,0.06196657673550386
3.9917043699970236,1.7959559234021036,0.08947464986091284,8,0.06309871829763247
3.9920447350014,1.7959559234021036,0.08947464986091284,8,0.06309871829763247
3.992877074997523,1.7959559234021036,0.08947464986091284,8,0.06309871829763247
3.993756261996168,1.7959559234021036,0.08947464986091284,8,0.06309871829763247
3.9945667479987605,1.7959559234021036,0.08947464986091284,8,0.06309871829763247
3.994894490999286,1.7959559234021036,0.08947464986091284,8,0.06309871829763247
3.9956777569968835,1.7959559234021036,0.08947464986091284,8,0.06309871829763247
3.9964409910026006,1.7959559234021036,0.08947464986091284,8,0.06309871829763247
3.9972739399963757,1.7959559234021036,0.08947464986091284,8,0.06309871829763247
3.998089736000111,1.7959559234021036,0.08947464986091284,8,0.06309871829763247
3.9987774249966606,1.7959559234021036,0.08947464986091284,8,0.06309871829763247
3.9995943469984923,1.7959559234021036,0.08947464986091284,8,0.06309871829763247
4.000414470996475,1.7959559234021036,0.08947464986091284,8,0.06309871829763247
4.001323857999523,1.7959559234021036,0.08947464986091284,8,0.06309871829763247
4.0017534689977765,1.7959559234021036,0.08947464986091284,8,0.06309871829763247
4.0028036200019415,1.7959559234021036,0.08947464986091284,8,0.06309871829763247
4.003864240003168,1.7959559234021036,0.08947464986091284,8,0.06309871829763247
4.004223201001878,1.7959559234021036,0.08947464986091284,8,0.06309871829763247
4.006821841998317,1.7959559234021036,0.08947464986091284,8,0.06309871829763247
4.007915012000012,1.8006041892254172,0.08887771200534857,8,0.0645523264045812
4.008759124997596,1.8006041892254172,0.08887771200534857,8,0.0645523264045812
4.009011980997457,1.8006041892254172,0.08887771200534857,8,0.0645523264045812
4.0095709020024515,1.8006041892254172,0.08887771200534857,8,0.0645523264045812
4.010082189000968,1.8006041892254172,0.08887771200534857,8,0.0645523264045812
4.010564117998001,1.8006041892254172,0.08887771200534857,8,0.0645523264045812
4.011121010000352,1.8004198805023286,0.08888363531246658,8,0.06447304923065725
4.011752872000216,1.8004198805023286,0.08888363531246658,8,0.06447304923065725
4.012369306001347,1.8004198805023286,0.08888363531246658,8,0.06447304923065725
4.012575886001287,1.8004198805023286,0.08888363531246658,8,0.06447304923065725
4.013052436996077,1.8004198805023286,0.08888363531246658,8,0.06447304923065725
4.013516503000574,1.8004198805023286,0.08888363531246658,8,0.06447304923065725
4.014015535001818,1.801736297508105,0.08840243889498085,8,0.06466244937133228
4.014534249996359,1.801736297508105,0.08840243889498085,8,0.06466244937133228
4.01505648100283,1.801736297508105,0.08840243889498085,8,0.06466244937133228
4.01582902699738,1.801736297508105,0.08840243889498085,8,0.06466244937133228
4.016402068002208,1.801675910506096,0.0884043768155912,8,0.06463539755888684
4.016610088998277,1.801675910506096,0.0884043768155912,8,0.06463539755888684
4.017094283000915,1.801675910506096,0.0884043768155912,8,0.06463539755888684
4.017762016002962,1.801675910506096,0.0884043768155912,8,0.06463539755888684
4.018581951997476,1.801675910506096,0.0884043768155912,8,0.06463539755888684
4.019393989998207,1.801675910506096,0.0884043768155912,8,0.06463539755888684
4.0202205020032125,1.801675910506096,0.0884043768155912,8,0.06463539755888684
4.0212532360019395,1.801675910506096,0.08840437681559118,8,0.06463539755888682
4.0222199839990935,1.801675910506096,0.08840437681559118,8,0.06463539755888682
4.02313601700007,1.801675910506096,0.08840437681559118,8,0.06463539755888682
4.023902344997623,1.801675910506096,0.08840437681559118,8,0.06463539755888682
4.02473372300301,1.801675910506096,0.08840437681559118,8,0.06463539755888682
4.025523288000841,1.806264996959067,0.08782541716192488,8,0.06644982449267837
4.026468367002963,1.806264996959067,0.08782541716192488,8,0.06644982449267837
4.027329186996212,1.806264996959067,0.08782541716192488,8,0.06644982449267837
4.0279678869992495,1.806264996959067,0.08782541716192488,8,0.06644982449267837
4.028899682998599,1.806264996959067,0.08782541716192488,8,0.06644982449267837
4.029687538997678,1.806264996959067,0.08782541716192488,8,0.06644982449267837
4.03056243500032,1.8108328482876728,0.08725468327022609,8,0.068523239104268
4.031392227996548,1.8108328482876728,0.08725468327022609,8,0.068523239104268
4.032221752000623,1.8108328482876728,0.08725468327022609,8,0.068523239104268
4.032846699999936,1.8108328482876728,0.08725468327022609,8,0.068523239104268
4.033176329998241,1.8108328482876728,0.08725468327022609,8,0.068523239104268
4.03395958100009,1.8108328482876728,0.08725468327022609,8,0.068523239104268
4.034736763998808,1.8108328482876728,0.08725468327022609,8,0.068523239104268
4.035505562002072,1.8108328482876728,0.08725468327022609,8,0.068523239104268
4.036273744997743,1.8108328482876728,0.08725468327022609,8,0.068523239104268
4.0411009099989315,1.8108328482876728,0.08725468327022609,8,0.068523239104268
4.042270981000911,1.8108328482876728,0.08725468327022609,8,0.068523239104268
4.042677714998717,1.8108328482876728,0.08725468327022609,8,0.068523239104268
4.043658681999659,1.8153835349073093,0.08669090428647899,8,0.07083016045077417
4.04402578400186,1.8153835349073093,0.08669090428647899,8,0.07083016045077417
4.044930951000424,1.8153835349073093,0.08669090428647899,8,0.07083016045077417
4.045193840996944,1.8153835349073093,0.08669090428647899,8,0.07083016045077417
4.045727436998277,1.8153835349073093,0.08669090428647899,8,0.07083016045077417
4.046257030000561,1.8153835349073093,0.08669090428647899,8,0.07083016045077417
4.046922232002544,1.8153835349073093,0.08669090428647899,8,0.07083016045077417
4.047878282995953,1.8153835349073093,0.08669090428647899,8,0.07083016045077417
4.048612441001751,1.8153835349073093,0.08669090428647899,8,0.07083016045077417
4.048850614002731,1.8153835349073093,0.08669090428647899,8,0.07083016045077417
4.049400361996959,1.8153835349073093,0.08669090428647899,8,0.07083016045077417
4.050098286999855,1.8153835349073093,0.08669090428647899,8,0.07083016045077417
4.050905803000205,1.8153835349073093,0.08669090428647899,8,0.07083016045077417
4.05170520899992,1.8199205058406756,0.08613428755470914,8,0.07334766255582743
4.052509373002977,1.8199205058406756,0.08613428755470914,8,0.07334766255582743
4.053405722996104,1.8199205058406756,0.08613428755470914,8,0.07334766255582743
4.054486512999574,1.8199205058406756,0.08613428755470914,8,0.07334766255582743
4.054852178996953,1.8199205058406756,0.08613428755470914,8,0.07334766255582743
4.055717752002238,1.8199205058406756,0.08613428755470914,8,0.07334766255582743
4.056564951002656,1.8199205058406756,0.08613428755470914,8,0.07334766255582743
4.057278670996311,1.8199205058406756,0.08613428755470914,8,0.07334766255582743
4.057839922999847,1.8199205058406756,0.08613428755470914,8,0.07334766255582743
4.058543578998069,1.8199205058406756,0.08613428755470914,8,0.07334766255582743
4.059347408998292,1.8199205058406756,0.08613428755470914,8,0.07334766255582743
4.060127149998152,1.8244464026983571,0.08558378034749209,8,0.07605333625285915
4.0608993229980115,1.8244464026983571,0.08558378034749209,8,0.07605333625285915
4.061763730001985,1.8244464026983571,0.08558378034749209,8,0.07605333625285915
4.06254600599641,1.8244464026983571,0.08558378034749209,8,0.07605333625285915
4.06330168400018,1.8244464026983571,0.08558378034749209,8,0.07605333625285915
4.064047815001686,1.8244464026983571,0.08558378034749209,8,0.07605333625285915
4.064864596999541,1.8244464026983571,0.08558378034749209,8,0.07605333625285915
4.065632457997708,1.8244464026983571,0.08558378034749209,8,0.07605333625285915
4.06594286699692,1.8244464026983571,0.08558378034749209,8,0.07605333625285915
4.066738244997396,1.8244464026983571,0.08558378034749209,8,0.07605333625285915
4.06793049100088,1.8244464026983571,0.08558378034749209,8,0.07605333625285915
4.068818496001768,1.8289635126032253,0.08503974995667038,8,0.0789277300625115
4.069770911002706,1.8289635126032253,0.08503974995667038,8,0.0789277300625115
4.070870565003133,1.8289635126032253,0.08503974995667038,8,0.0789277300625115
4.071783321000112,1.8289635126032253,0.08503974995667038,8,0.0789277300625115
4.072604947999935,1.8289635126032253,0.08503974995667038,8,0.0789277300625115
4.072856200997194,1.8289635126032253,0.08503974995667038,8,0.0789277300625115
4.073742922999372,1.8334735403367657,0.08450128430713974,8,0.08195222300907627
4.074541601003148,1.8334735403367657,0.08450128430713974,8,0.08195222300907627
4.075322379001591,1.8334735403367657,0.08450128430713974,8,0.08195222300907627
4.076104687999759,1.8334735403367657,0.08450128430713974,8,0.08195222300907627
4.076928354996198,1.8334735403367657,0.08450128430713974,8,0.08195222300907627
4.077738931999193,1.8334735403367657,0.08450128430713974,8,0.08195222300907627
4.078602159999718,1.8334735403367657,0.08450128430713974,8,0.08195222300907627
4.079409594996832,1.8334735403367657,0.08450128430713974,8,0.08195222300907627
4.080256809997081,1.8334735403367657,0.08450128430713974,8,0.08195222300907627
4.080586048999976,1.8334735403367657,0.08450128430713974,8,0.08195222300907627
4.081418608999229,1.8334735403367657,0.08450128430713974,8,0.08195222300907627
4.082541639996634,1.8379780103356613,0.08396885383777455,8,0.08511107415360697
4.083353308997175,1.8379780103356613,0.08396885383777455,8,0.08511107415360697
4.084220270997321,1.8379780103356613,0.08396885383777455,8,0.08511107415360697
4.084599210000306,1.8379780103356613,0.08396885383777455,8,0.08511107415360697
4.085431375002372,1.8379780103356613,0.08396885383777455,8,0.08511107415360697
4.086365568000474,1.8379780103356613,0.08396885383777455,8,0.08511107415360697
4.087629558001936,1.842494637047126,0.08343969886281363,8,0.0884016427478065
4.088519333003205,1.842494637047126,0.08343969886281363,8,0.0884016427478065
4.088877018002677,1.842494637047126,0.08343969886281363,8,0.0884016427478065
4.090293205001217,1.842494637047126,0.08343969886281363,8,0.0884016427478065
4.091209120997519,1.842494637047126,0.08343969886281363,8,0.0884016427478065
4.091572127996187,1.842494637047126,0.08343969886281363,8,0.0884016427478065
4.092422572000942,1.842494637047126,0.08343969886281363,8,0.0884016427478065
4.094682055998419,1.842494637047126,0.08343969886281363,8,0.0884016427478065
4.095636430996819,1.842494637047126,0.08343969886281363,8,0.0884016427478065
4.096004450002511,1.842494637047126,0.08343969886281363,8,0.0884016427478065
4.096863869999652,1.842494637047126,0.08343969886281363,8,0.0884016427478065
4.097716771997511,1.842494637047126,0.08343969886281363,8,0.0884016427478065
4.098578006000025,1.842494637047126,0.08343969886281363,8,0.0884016427478065
4.099367083996185,1.842494637047126,0.08343969886281363,8,0.0884016427478065
4.100189769000281,1.842494637047126,0.08343969886281363,8,0.0884016427478065
4.101009316997079,1.842494637047126,0.08343969886281363,8,0.0884016427478065
4.101366420996783,1.842494637047126,0.08343969886281363,8,0.0884016427478065
4.102187677002803,1.842494637047126,0.08343969886281363,8,0.0884016427478065
4.103014683998481,1.842494637047126,0.08343969886281363,8,0.0884016427478065
4.103955457001575,1.8470399665724286,0.08291262583981404,8,0.09182455268296592
4.104325836997305,1.8470399665724286,0.08291262583981404,8,0.09182455268296592
4.105210032998002,1.8470399665724286,0.08291262583981404,8,0.09182455268296592
4.106098983000265,1.8470399665724286,0.08291262583981404,8,0.09182455268296592
4.106948758999351,1.8470399665724286,0.08291262583981404,8,0.09182455268296592
4.107300122996094,1.8470399665724286,0.08291262583981404,8,0.09182455268296592
4.1081040569988545,1.8470399665724286,0.08291262583981404,8,0.09182455268296592
4.108920635997492,1.8470399665724286,0.08291262583981404,8,0.09182455268296592
4.109750459996576,1.8470399665724286,0.08291262583981404,8,0.09182455268296592
4.110630495997611,1.8470399665724286,0.08291262583981404,8,0.09182455268296592
4.111426497001958,1.8470399665724286,0.08291262583981404,8,0.09182455268296592
4.112242401999538,1.8470399665724286,0.08291262583981404,8,0.09182455268296592
4.113054039000417,1.847122749966662,0.08272888852428607,8,0.09179062743993917
4.113873540998611,1.847122749966662,0.08272888852428607,8,0.09179062743993917
4.1142016840021824,1.847122749966662,0.08272888852428607,8,0.09179062743993917
4.114990681002382,1.847122749966662,0.08272888852428607,8,0.09179062743993917
4.11572182099917,1.847122749966662,0.08272888852428607,8,0.09179062743993917
4.115978404995985,1.847122749966662,0.08272888852428607,8,0.09179062743993917
4.116502570002922,1.847122749966662,0.08272888852428607,8,0.09179062743993917
4.11700521199964,1.8523752718917856,0.0806174636256006,8,0.09508928761478579
4.117562753999664,1.8523752718917856,0.0806174636256006,8,0.09508928761478579
4.118285675001971,1.8523752718917856,0.0806174636256006,8,0.09508928761478579
4.119005822001782,1.8523752718917856,0.0806174636256006,8,0.09508928761478579
4.119956782997178,1.8523752718917856,0.0806174636256006,8,0.09508928761478579
4.120357350999257,1.8523752718917856,0.0806174636256006,8,0.09508928761478579
4.121365728002274,1.8523752718917856,0.0806174636256006,8,0.09508928761478579
4.121739219997835,1.8523752718917856,0.0806174636256006,8,0.09508928761478579
4.122406228001637,1.8523752718917856,0.0806174636256006,8,0.09508928761478579
4.123018881997268,1.8523752718917856,0.0806174636256006,8,0.09508928761478579
4.1238272479968145,1.8523752718917856,0.0806174636256006,8,0.09508928761478579
4.124490804002562,1.8523752718917856,0.0806174636256006,8,0.09508928761478579
4.124757903002319,1.8523752718917856,0.0806174636256006,8,0.09508928761478579
4.125456419002148,1.856978093214061,0.08013196185169275,8,0.09882103090709138
4.125937135999266,1.856978093214061,0.08013196185169275,8,0.09882103090709138
4.12641025299672,1.856978093214061,0.08013196185169275,8,0.09882103090709138
4.126976683997782,1.856978093214061,0.08013196185169275,8,0.09882103090709138
4.127776551998977,1.856978093214061,0.08013196185169275,8,0.09882103090709138
4.128555950002919,1.856978093214061,0.08013196185169275,8,0.09882103090709138
4.129311406002671,1.856978093214061,0.08013196185169275,8,0.09882103090709138
4.130087600002298,1.856978093214061,0.08013196185169275,8,0.09882103090709138
4.130852010996023,1.856978093214061,0.08013196185169275,8,0.09882103090709138
4.131168665997393,1.856978093214061,0.08013196185169275,8,0.09882103090709138
4.131938257000002,1.856978093214061,0.08013196185169275,8,0.09882103090709138
4.1327043369965395,1.856978093214061,0.08013196185169275,8,0.09882103090709138
4.1335270130002755,1.856978093214061,0.08013196185169275,8,0.09882103090709138
4.133859579000273,1.856978093214061,0.08013196185169275,8,0.09882103090709138
4.134702638002636,1.856978093214061,0.08013196185169275,8,0.09882103090709138
4.135495244001504,1.856978093214061,0.08013196185169275,8,0.09882103090709138
4.136318234995997,1.856978093214061,0.08013196185169275,8,0.09882103090709138
4.137168784996902,1.8616060069421159,0.07965156433251946,8,0.1026503989070571
4.137958302002517,1.8616060069421159,0.07965156433251946,8,0.1026503989070571
4.138749384997936,1.8616060069421159,0.07965156433251946,8,0.1026503989070571
4.139532676999806,1.8616060069421159,0.07965156433251946,8,0.1026503989070571
4.140320116996008,1.8616060069421159,0.07965156433251946,8,0.1026503989070571
4.1411301370026194,1.8616060069421159,0.07965156433251946,8,0.1026503989070571
4.141944431998127,1.8616060069421159,0.07965156433251946,8,0.1026503989070571
4.142702001998259,1.8616060069421159,0.07965156433251946,8,0.1026503989070571
4.143519359000493,1.8616060069421159,0.07965156433251946,8,0.1026503989070571
4.143827792999218,1.8616060069421159,0.07965156433251946,8,0.1026503989070571
4.144632828996691,1.8616060069421159,0.07965156433251946,8,0.1026503989070571
4.145405344002938,1.866257784826464,0.07917580058475535,8,0.1065687589847111
4.146226541000942,1.866257784826464,0.07917580058475535,8,0.1065687589847111
4.146977456002787,1.866257784826464,0.07917580058475535,8,0.1065687589847111
4.147294836999208,1.866257784826464,0.07917580058475535,8,0.1065687589847111
4.148245213997143,1.866257784826464,0.07917580058475535,8,0.1065687589847111
4.149053558001469,1.866257784826464,0.07917580058475535,8,0.1065687589847111
4.149628778002807,1.866257784826464,0.07917580058475535,8,0.1065687589847111
4.149838240999088,1.866257784826464,0.07917580058475535,8,0.1065687589847111
4.150603224996303,1.866257784826464,0.07917580058475535,8,0.1065687589847111
4.151375818000815,1.866257784826464,0.07917580058475535,8,0.1065687589847111
4.151902423000138,1.8709323984039459,0.0787056038608511,8,0.11056907009686177
4.152592731996265,1.8709323984039459,0.0787056038608511,8,0.11056907009686177
4.153237145997991,1.8709323984039459,0.0787056038608511,8,0.11056907009686177
4.153604988998268,1.8709323984039459,0.0787056038608511,8,0.11056907009686177
4.154406732995994,1.8709323984039459,0.0787056038608511,8,0.11056907009686177
4.154978361999383,1.8709323984039459,0.0787056038608511,8,0.11056907009686177
4.155555951001588,1.8709323984039459,0.0787056038608511,8,0.11056907009686177
4.1563651870019385,1.8709323984039459,0.0787056038608511,8,0.11056907009686177
4.157170655998925,1.8709323984039459,0.0787056038608511,8,0.11056907009686177
4.1579517779973685,1.8709323984039459,0.0787056038608511,8,0.11056907009686177
4.1582659510022495,1.8709323984039459,0.0787056038608511,8,0.11056907009686177
4.1591094819959835,1.8709323984039459,0.0787056038608511,8,0.11056907009686177
4.159959349002747,1.8709323984039459,0.0787056038608511,8,0.11056907009686177
4.1607820200006245,1.8709323984039459,0.0787056038608511,8,0.11056907009686177
4.161073299997952,1.8709323984039459,0.0787056038608511,8,0.11056907009686177
4.161581207998097,1.8756287255230728,0.07824046570734128,9,0.11240960797537532
4.162278941003024,1.8756287255230728,0.07824046570734128,9,0.11240960797537532
4.163137089999509,1.8756287255230728,0.07824046570734128,9,0.11240960797537532
4.163971299996774,1.8756287255230728,0.07824046570734128,9,0.11240960797537532
4.164779851002095,1.8756287255230728,0.07824046570734128,9,0.11240960797537532
4.165570983997895,1.8756287255230728,0.07824046570734128,9,0.11240960797537532
4.166423946000577,1.8756287255230728,0.07824046570734128,9,0.11240960797537532
4.167233362000843,1.8756287255230728,0.07824046570734128,9,0.11240960797537532
4.168124413001351,1.8756287255230728,0.07824046570734128,9,0.11240960797537532
4.168468185001984,1.8756287255230728,0.07824046570734128,9,0.11240960797537532
4.1693309109978145,1.8756287255230728,0.07824046570734128,9,0.11240960797537532
4.169595450999623,1.8756287255230728,0.07824046570734128,9,0.11240960797537532
4.17033859899675,1.8756287255230728,0.07824046570734128,9,0.11240960797537532
4.171193684996979,1.8756287255230728,0.07824046570734128,9,0.11240960797537532
4.172002492996398,1.8756287255230728,0.07824046570734128,9,0.11240960797537532
4.1728100559994346,1.8756287255230728,0.07824046570734128,9,0.11240960797537532
4.173601192000206,1.8803458370131083,0.0777813101111805,9,0.10822902755186309
4.173912967002252,1.8803458370131083,0.0777813101111805,9,0.10822902755186309
4.174685177000356,1.8803458370131083,0.0777813101111805,9,0.10822902755186309
4.175483359002101,1.8803458370131083,0.0777813101111805,9,0.10822902755186309
4.17626830899826,1.8803458370131083,0.0777813101111805,9,0.10822902755186309
4.177128199997242,1.8803458370131083,0.0777813101111805,9,0.10822902755186309
4.177959941000154,1.8803458370131083,0.0777813101111805,9,0.10822902755186309
4.178774865999003,1.8803458370131083,0.0777813101111805,9,0.10822902755186309
4.179607733000012,1.8803458370131083,0.0777813101111805,9,0.10822902755186309
4.179952418002358,1.8803458370131083,0.0777813101111805,9,0.10822902755186309
4.180772510997485,1.8803458370131083,0.0777813101111805,9,0.10822902755186309
4.1815795809961855,1.8803458370131083,0.0777813101111805,9,0.10822902755186309
4.182419097000093,1.8803458370131083,0.0777813101111805,9,0.10822902755186309
4.183266503001505,1.8850827073101937,0.07732759412825382,9,0.10408341829846064
4.183591891996912,1.8850827073101937,0.07732759412825382,9,0.10408341829846064
4.18442132799828,1.8850827073101937,0.07732759412825382,9,0.10408341829846064
4.18477411299682,1.8850827073101937,0.07732759412825382,9,0.10408341829846064
4.185628705003182,1.8850827073101937,0.07732759412825382,9,0.10408341829846064
4.186550293001346,1.8850827073101937,0.07732759412825382,9,0.10408341829846064
4.187427062999632,1.8850827073101937,0.07732759412825382,9,0.10408341829846064
4.188219655996363,1.8850827073101937,0.07732759412825382,9,0.10408341829846064
4.189056367999001,1.8850827073101937,0.07732759412825382,9,0.10408341829846064
4.1899001889978535,1.8850827073101937,0.07732759412825382,9,0.10408341829846064
4.1902232650027145,1.8850827073101937,0.07732759412825382,9,0.10408341829846064
4.191060457000276,1.8850827073101937,0.07732759412825382,9,0.10408341829846064
4.191922145997523,1.8850827073101937,0.07732759412825382,9,0.10408341829846064
4.192904675997852,1.8850827073101937,0.07732759412825382,9,0.10408341829846064
4.193308374997287,1.8850827073101937,0.07732759412825382,9,0.10408341829846064
4.194224031001795,1.8850827073101937,0.07732759412825382,9,0.10408341829846064
4.195115067996085,1.8850827073101937,0.07732759412825382,9,0.10408341829846064
4.195957112002361,1.8850827073101937,0.07732759412825382,9,0.10408341829846064
4.196793490002165,1.8850827073101937,0.07732759412825382,9,0.10408341829846064
4.197631099996215,1.8898307474363478,0.07688095620070587,9,0.09998771831043284
4.197973811002157,1.8898307474363478,0.07688095620070587,9,0.09998771831043284
4.198788595000224,1.8898307474363478,0.07688095620070587,9,0.09998771831043284
4.199599491003028,1.8898307474363478,0.07688095620070587,9,0.09998771831043284
4.200368603997049,1.8898307474363478,0.07688095620070587,9,0.09998771831043284
4.2006852609993075,1.8898307474363478,0.07688095620070587,9,0.09998771831043284
4.201562592003029,1.8898307474363478,0.07688095620070587,9,0.09998771831043284
4.202430233002815,1.8898307474363478,0.07688095620070587,9,0.09998771831043284
4.203237221001473,1.8898307474363478,0.07688095620070587,9,0.09998771831043284
4.204007433996594,1.8898307474363478,0.07688095620070587,9,0.09998771831043284
4.204901832003088,1.8898307474363478,0.07688095620070587,9,0.09998771831043284
4.205693055999291,1.8898307474363478,0.07688095620070587,9,0.09998771831043284
4.206460961999255,1.894581634331589,0.07644146344592379,9,0.09595644498781543
4.207406312998501,1.894581634331589,0.07644146344592379,9,0.09595644498781543
4.20820415399794,1.894581634331589,0.07644146344592379,9,0.09595644498781543
4.208510021002439,1.894581634331589,0.07644146344592379,9,0.09595644498781543
4.2093840110028395,1.894581634331589,0.07644146344592379,9,0.09595644498781543
4.21019038099621,1.894581634331589,0.07644146344592379,9,0.09595644498781543
4.210984133002057,1.894581634331589,0.07644146344592379,9,0.09595644498781543
4.211855098998058,1.894581634331589,0.07644146344592379,9,0.09595644498781543
4.212705997997546,1.894581634331589,0.07644146344592379,9,0.09595644498781543
4.213645235999138,1.894581634331589,0.07644146344592379,9,0.09595644498781543
4.214487368997652,1.894581634331589,0.07644146344592379,9,0.09595644498781543
4.215315652996651,1.894581634331589,0.07644146344592379,9,0.09595644498781543
4.21608858199761,1.894581634331589,0.07644146344592379,9,0.09595644498781543
4.216396718999022,1.894581634331589,0.07644146344592379,9,0.09595644498781543
4.217149242002051,1.894581634331589,0.07644146344592379,9,0.09595644498781543
4.21804634900036,1.894581634331589,0.07644146344592379,9,0.09595644498781543
4.219442773995979,1.894581634331589,0.07644146344592379,9,0.09595644498781543
4.220459030999336,1.8999693196178389,0.07597850351399804,9,0.09149391889146197
4.221323972997197,1.8999693196178389,0.07597850351399804,9,0.09149391889146197
4.22232714099664,1.8999693196178389,0.07597850351399804,9,0.09149391889146197
4.2232488809968345,1.8999693196178389,0.07597850351399804,9,0.09149391889146197
4.223582325001189,1.8999693196178389,0.07597850351399804,9,0.09149391889146197
4.224296959997446,1.8999693196178389,0.07597850351399804,9,0.09149391889146197
4.224874047002231,1.9074403090801033,0.07542188783812243,9,0.08554497336592044
4.225142256000254,1.9074403090801033,0.07542188783812243,9,0.08554497336592044
4.22567653599981,1.9074403090801033,0.07542188783812243,9,0.08554497336592044
4.226192317000823,1.9074403090801033,0.07542188783812243,9,0.08554497336592044
4.2269594370009145,1.9074403090801033,0.07542188783812243,9,0.08554497336592044
4.227591385002597,1.9074403090801033,0.07542188783812243,9,0.08554497336592044
4.228120979998494,1.9074403090801033,0.07542188783812243,9,0.08554497336592044
4.228333806000592,1.9074403090801033,0.07542188783812243,9,0.08554497336592044
4.228864710996277,1.9074403090801033,0.07542188783812243,9,0.08554497336592044
4.229787915995985,1.9074403090801033,0.07542188783812243,9,0.08554497336592044
4.230658597996808,1.9074403090801033,0.07542188783812243,9,0.08554497336592044
4.231598382000811,1.9074403090801033,0.07542188783812243,9,0.08554497336592044
4.232228100998327,1.9121993926228689,0.07500757216246717,9,0.08184512770138724
4.232761175000633,1.9121993926228689,0.07500757216246717,9,0.08184512770138724
4.232996033002564,1.9121993926228689,0.07500757216246717,9,0.08184512770138724
4.233535011997446,1.9121993926228689,0.07500757216246717,9,0.08184512770138724
4.234210422000615,1.9121993926228689,0.07500757216246717,9,0.08184512770138724
4.235134556998673,1.9121993926228689,0.07500757216246717,9,0.08184512770138724
4.236012613997445,1.9121993926228689,0.07500757216246717,9,0.08184512770138724
4.2368608719989425,1.9121993926228689,0.07500757216246717,9,0.08184512770138724
4.237692829003208,1.9121993926228689,0.07500757216246717,9,0.08184512770138724
4.238021548997494,1.9121993926228689,0.07500757216246717,9,0.08184512770138724
4.238856944000872,1.9121993926228689,0.07500757216246717,9,0.08184512770138724
4.239699448997271,1.9121993926228689,0.07500757216246717,9,0.08184512770138724
4.240487650000432,1.9169608923428276,0.07460047866523042,9,0.07826574538250443
4.241328342999623,1.9169608923428276,0.07460047866523042,9,0.07826574538250443
4.242146397002216,1.9169608923428276,0.07460047866523042,9,0.07826574538250443
4.242476751001959,1.9169608923428276,0.07460047866523042,9,0.07826574538250443
4.24328976200195,1.9169608923428276,0.07460047866523042,9,0.07826574538250443
4.244083380996017,1.9169608923428276,0.07460047866523042,9,0.07826574538250443
4.244895176998398,1.9169608923428276,0.07460047866523042,9,0.07826574538250443
4.245707216003211,1.9169608923428276,0.07460047866523042,9,0.07826574538250443
4.246519517997513,1.9169608923428276,0.07460047866523042,9,0.07826574538250443
4.246840204999899,1.9169608923428276,0.07460047866523042,9,0.07826574538250443
4.247649928998726,1.9169608923428276,0.07460047866523042,9,0.07826574538250443
4.248459606998949,1.9169608923428276,0.07460047866523042,9,0.07826574538250443
4.249352104001446,1.9169608923428276,0.07460047866523042,9,0.07826574538250443
4.250183620999451,1.9169608923428276,0.07460047866523042,9,0.07826574538250443
4.251018802002363,1.9169608923428276,0.07460047866523042,9,0.07826574538250443
4.251861270997324,1.9169608923428276,0.07460047866523042,9,0.07826574538250443
4.252506206998078,1.9169608923428276,0.07460047866523042,9,0.07826574538250443
4.2528170270015835,1.9169608923428276,0.07460047866523042,9,0.07826574538250443
4.2537029559971415,1.9217247753266595,0.07420136856299178,9,0.07482506410322548
4.254631621995941,1.9217247753266595,0.07420136856299178,9,0.07482506410322548
4.255496512996615,1.9217247753266595,0.07420136856299178,9,0.07482506410322548
4.256325966001896,1.9217247753266595,0.07420136856299178,9,0.07482506410322548
4.25728669000091,1.9217247753266595,0.07420136856299178,9,0.07482506410322548
4.258111062001262,1.9217247753266595,0.07420136856299178,9,0.07482506410322548
4.258452508998744,1.9217247753266595,0.07420136856299178,9,0.07482506410322548
4.259336451003037,1.9217247753266595,0.07420136856299178,9,0.07482506410322548
4.2601904300026945,1.9217247753266595,0.07420136856299178,9,0.07482506410322548
4.261117417001515,1.9217247753266595,0.07420136856299178,9,0.07482506410322548
4.2619566840003245,1.9217247753266595,0.07420136856299178,9,0.07482506410322548
4.262647356001253,1.9264908865479913,0.07380951270613836,9,0.07154295409914892
4.262915266001073,1.9264908865479913,0.07380951270613836,9,0.07154295409914892
4.263604348001536,1.9264908865479913,0.07380951270613836,9,0.07154295409914892
4.264177384000504,1.9264908865479913,0.07380951270613836,9,0.07154295409914892
4.264707643000293,1.9264908865479913,0.07380951270613836,9,0.07154295409914892
4.264932623002096,1.9264908865479913,0.07380951270613836,9,0.07154295409914892
4.265527884999756,1.9264908865479913,0.07380951270613836,9,0.07154295409914892
4.266044766001869,1.9264908865479913,0.07380951270613836,9,0.07154295409914892
4.2666834850024316,1.9264908865479913,0.07380951270613836,9,0.07154295409914892
4.267551668002852,1.9264908865479913,0.07380951270613836,9,0.07154295409914892
4.26844828799949,1.9264908865479913,0.07380951270613836,9,0.07154295409914892
4.26942692999728,1.9264908865479913,0.07380951270613836,9,0.07154295409914892
4.26983493300213,1.9264908865479913,0.07380951270613836,9,0.07154295409914892
4.270807264998439,1.931259198468641,0.07342567180952408,9,0.06844321676993122
4.271726437997131,1.931259198468641,0.07342567180952408,9,0.06844321676993122
4.272631519997958,1.931259198468641,0.07342567180952408,9,0.06844321676993122
4.273538217996247,1.931259198468641,0.07342567180952408,9,0.06844321676993122
4.27391125199938,1.931259198468641,0.07342567180952408,9,0.06844321676993122
4.274780945001112,1.931259198468641,0.07342567180952408,9,0.06844321676993122
4.275677553996502,1.931259198468641,0.07342567180952408,9,0.06844321676993122
4.276576472999295,1.931259198468641,0.07342567180952408,9,0.06844321676993122
4.277488261002873,1.931259198468641,0.07342567180952408,9,0.06844321676993122
4.27843268399738,1.931259198468641,0.07342567180952408,9,0.06844321676993122
4.279320790999918,1.931259198468641,0.07342567180952408,9,0.06844321676993122
4.280722393996257,1.9360127402525968,0.07305042829342101,9,0.06556131361182448
4.28114161999838,1.9360127402525968,0.07305042829342101,9,0.06556131361182448
4.28200776399899,1.9360127402525968,0.07305042829342101,9,0.06556131361182448
4.28289430699806,1.9360127402525968,0.07305042829342101,9,0.06556131361182448
4.283261921002122,1.9360127402525968,0.07305042829342101,9,0.06556131361182448
4.284471831000701,1.9360127402525968,0.07305042829342101,9,0.06556131361182448
4.285426727998129,1.9360127402525968,0.07305042829342101,9,0.06556131361182448
4.2863419909990625,1.9360127402525968,0.07305042829342101,9,0.06556131361182448
4.28671759700228,1.9360127402525968,0.07305042829342101,9,0.06556131361182448
4.28783273800218,1.9360127402525968,0.07305042829342101,9,0.06556131361182448
4.2888976059985,1.9360127402525968,0.07305042829342101,9,0.06556131361182448
4.2897587359984755,1.9360127402525968,0.07305042829342101,9,0.06556131361182448
4.290618981998705,1.9360127402525968,0.07305042829342101,9,0.06556131361182448
4.291382048999367,1.9360127402525968,0.07305042829342101,9,0.06556131361182448
4.292425540996192,1.9360127402525968,0.07305042829342101,9,0.06556131361182448
4.293306455001584,1.9360127402525968,0.07305042829342101,9,0.06556131361182448
4.29423576300178,1.9360127402525968,0.07305042829342101,9,0.06556131361182448
4.295109464001143,1.9360127402525968,0.07305042829342101,9,0.06556131361182448
4.295928564002679,1.9407377531817673,0.07268550432699111,9,0.0629315612407682
4.296777992996795,1.9407377531817673,0.07268550432699111,9,0.0629315612407682
4.297754173996509,1.9407377531817673,0.07268550432699111,9,0.0629315612407682
4.29849728300178,1.9407377531817673,0.07268550432699111,9,0.0629315612407682
4.2987210450010025,1.9407377531817673,0.07268550432699111,9,0.0629315612407682
4.299359935001121,1.9407377531817673,0.07268550432699111,9,0.0629315612407682
4.3013049389992375,1.945439649944806,0.07232888956073075,9,0.060575922599808665
4.302367370000866,1.945439649944806,0.07232888956073075,9,0.060575922599808665
4.303401776000101,1.945439649944806,0.07232888956073075,9,0.060575922599808665
4.303802969996468,1.945439649944806,0.07232888956073075,9,0.060575922599808665
4.304783876003057,1.945439649944806,0.07232888956073075,9,0.060575922599808665
4.30511921300058,1.945439649944806,0.07232888956073075,9,0.060575922599808665
4.306083276998834,1.945439649944806,0.07232888956073075,9,0.060575922599808665
4.3070702999975765,1.945439649944806,0.07232888956073075,9,0.060575922599808665
4.30822182999691,1.945439649944806,0.07232888956073075,9,0.060575922599808665
4.308633401000407,1.945439649944806,0.07232888956073075,9,0.060575922599808665
4.3096008240027,1.945439649944806,0.07232888956073075,9,0.060575922599808665
4.310521002000314,1.945439649944806,0.07232888956073075,9,0.060575922599808665
4.311474846996134,1.945439649944806,0.07232888956073075,9,0.060575922599808665
4.312372259002586,1.9501227990344157,0.07197871802407985,9,0.058518554769329496
4.3132523329986725,1.9501227990344157,0.07197871802407985,9,0.058518554769329496
4.313519805997203,1.9501227990344157,0.07197871802407985,9,0.058518554769329496
4.314072619003127,1.9501227990344157,0.07197871802407985,9,0.058518554769329496
4.314886578998994,1.9501227990344157,0.07197871802407985,9,0.058518554769329496
4.315740726997319,1.9501227990344157,0.07197871802407985,9,0.058518554769329496
4.316627756001253,1.9501227990344157,0.07197871802407985,9,0.058518554769329496
4.317552968997916,1.9501227990344157,0.07197871802407985,9,0.058518554769329496
4.318425033001404,1.9501227990344157,0.07197871802407985,9,0.058518554769329496
4.31934426099906,1.9501227990344157,0.07197871802407985,9,0.058518554769329496
4.320293586002663,1.9501227990344157,0.07197871802407985,9,0.058518554769329496
4.320687182997062,1.9501227990344157,0.07197871802407985,9,0.058518554769329496
4.3215672419974,1.954790881011049,0.07163537432899617,9,0.0567865231265835
4.322426803999406,1.954790881011049,0.07163537432899617,9,0.0567865231265835
4.322778850997565,1.954790881011049,0.07163537432899617,9,0.0567865231265835
4.3236710490018595,1.954790881011049,0.07163537432899617,9,0.0567865231265835
4.324546702002408,1.954790881011049,0.07163537432899617,9,0.0567865231265835
4.32539198500308,1.954790881011049,0.07163537432899617,9,0.0567865231265835
4.326284433998808,1.954790881011049,0.07163537432899617,9,0.0567865231265835
4.326621811000223,1.954790881011049,0.07163537432899617,9,0.0567865231265835
4.3277578790002735,1.954790881011049,0.07163537432899617,9,0.0567865231265835
4.328705608997552,1.954790881011049,0.07163537432899617,9,0.0567865231265835
4.329655613000796,1.954790881011049,0.07163537432899617,9,0.0567865231265835
4.33061068799725,1.954790881011049,0.07163537432899617,9,0.0567865231265835
4.331465778996062,1.954790881011049,0.07163537432899617,9,0.0567865231265835
4.331819323000673,1.954790881011049,0.07163537432899617,9,0.0567865231265835
4.332688554000924,1.954790881011049,0.07163537432899617,9,0.0567865231265835
4.333538134000264,1.954790881011049,0.07163537432899617,9,0.0567865231265835
4.334418927996012,1.954790881011049,0.07163537432899617,9,0.0567865231265835
4.335300268998253,1.9594467800303224,0.07129788378379617,9,0.05540491244193277
4.336126205002074,1.9594467800303224,0.07129788378379617,9,0.05540491244193277
4.336994117998984,1.9594467800303224,0.07129788378379617,9,0.05540491244193277
4.33809531499719,1.9594467800303224,0.07129788378379617,9,0.05540491244193277
4.338528047999716,1.9594467800303224,0.07129788378379617,9,0.05540491244193277
4.339527490003093,1.9594467800303224,0.07129788378379617,9,0.05540491244193277
4.340429335999943,1.95884525136773,0.0715126691573316,9,0.05573111527470167
4.341371561997221,1.95884525136773,0.0715126691573316,9,0.05573111527470167
4.3417441499987035,1.95884525136773,0.0715126691573316,9,0.05573111527470167
4.3427124559966614,1.95884525136773,0.0715126691573316,9,0.05573111527470167
4.3436019389992,1.95884525136773,0.0715126691573316,9,0.05573111527470167
4.344438918000378,1.95884525136773,0.0715126691573316,9,0.05573111527470167
4.344789103000949,1.95884525136773,0.0715126691573316,9,0.05573111527470167
4.345748494000873,1.95884525136773,0.0715126691573316,9,0.05573111527470167
4.34674885700224,1.9609186052474457,0.07210782378792342,9,0.05594814301095654
4.347660100000212,1.9609186052474457,0.07210782378792342,9,0.05594814301095654
4.348540498998773,1.9609186052474457,0.07210782378792342,9,0.05594814301095654
4.348898427000677,1.9609186052474457,0.07210782378792342,9,0.05594814301095654
4.3499603910022415,1.9609186052474457,0.07210782378792342,9,0.05594814301095654
4.35098834100063,1.9609186052474457,0.07210782378792342,9,0.05594814301095654
4.352089020998392,1.9588471806988728,0.07285088203512594,9,0.057043421812863475
4.352989369996067,1.9588471806988728,0.07285088203512594,9,0.057043421812863475
4.354202135997184,1.9588471806988728,0.07285088203512594,9,0.057043421812863475
4.35455735999858,1.9588471806988728,0.07285088203512594,9,0.057043421812863475
4.355430655996315,1.9588471806988728,0.07285088203512594,9,0.057043421812863475
4.355827737999789,1.9588471806988728,0.07285088203512594,9,0.057043421812863475
4.357228774999385,1.9588471806988728,0.07285088203512594,9,0.057043421812863475
4.358192528998188,1.9634864170181898,0.07253938086357088,9,0.05602679171656296
4.359045967001293,1.9634864170181898,0.07253938086357088,9,0.05602679171656296
4.359489624999696,1.9634864170181898,0.07253938086357088,9,0.05602679171656296
4.3604378559975885,1.9634864170181898,0.07253938086357088,9,0.05602679171656296
4.361303523997776,1.9634864170181898,0.07253938086357088,9,0.05602679171656296
4.361624161996588,1.9634864170181898,0.07253938086357088,9,0.05602679171656296
4.362456363996898,1.9634864170181898,0.07253938086357088,9,0.05602679171656296
4.3633344620029675,1.9634864170181898,0.07253938086357088,9,0.05602679171656296
4.364228099999309,1.9634864170181898,0.07253938086357088,9,0.05602679171656296
4.365084958997613,1.9634864170181898,0.07253938086357088,9,0.05602679171656296
4.3654088819967,1.9634864170181898,0.07253938086357088,9,0.05602679171656296
4.366293519997271,1.9634864170181898,0.07253938086357088,9,0.05602679171656296
4.367248943002778,1.9634864170181898,0.07253938086357088,9,0.05602679171656296
4.36823432300298,1.9634864170181898,0.07253938086357088,9,0.05602679171656296
4.369055729999673,1.9634864170181898,0.07253938086357088,9,0.05602679171656296
4.369405680001364,1.9634864170181898,0.07253938086357088,9,0.05602679171656296
4.370237376002478,1.9634864170181898,0.07253938086357088,9,0.05602679171656296
4.371083067002473,1.9681193605006448,0.07223390377034263,9,0.055389332003472284
4.371936873998493,1.9681193605006448,0.07223390377034263,9,0.055389332003472284
4.373005601999466,1.9681193605006448,0.07223390377034263,9,0.055389332003472284
4.373849126001005,1.9681193605006448,0.07223390377034263,9,0.055389332003472284
4.374665395996999,1.9681193605006448,0.07223390377034263,9,0.055389332003472284
4.375408872998378,1.9681193605006448,0.07223390377034263,9,0.055389332003472284
4.376065156997356,1.9681193605006448,0.07223390377034263,9,0.055389332003472284
4.376583580997249,1.9681193605006448,0.07223390377034263,9,0.055389332003472284
4.377151373002562,1.9681193605006448,0.07223390377034263,9,0.055389332003472284
4.377922760002548,1.9681193605006448,0.07223390377034263,9,0.055389332003472284
4.378590323998651,1.9681193605006448,0.07223390377034263,9,0.055389332003472284
4.379445639999176,1.9681193605006448,0.07223390377034263,9,0.055389332003472284
4.3798289300029865,1.9681193605006448,0.07223390377034263,9,0.055389332003472284
4.380580381002801,1.9681193605006448,0.07223390377034263,9,0.055389332003472284
4.3812671350024175,1.9681193605006448,0.07223390377034263,9,0.055389332003472284
4.3814984950004146,1.9681193605006448,0.07223390377034263,9,0.055389332003472284
4.382118251000065,1.9727472253375715,0.07193364766867917,9,0.05514177027895697
4.383184849000827,1.9727472253375715,0.07193364766867917,9,0.05514177027895697
4.384196332997817,1.9727472253375715,0.07193364766867917,9,0.05514177027895697
4.384639793999668,1.9727472253375715,0.07193364766867917,9,0.05514177027895697
4.38561678899714,1.9727472253375715,0.07193364766867917,9,0.05514177027895697
4.386567492001632,1.9727472253375715,0.07193364766867917,9,0.05514177027895697
4.387464658000681,1.9727472253375715,0.07193364766867917,9,0.05514177027895697
4.388518264997401,1.9727472253375715,0.07193364766867917,9,0.05514177027895697
4.389491369001917,1.9727472253375715,0.07193364766867917,9,0.05514177027895697
4.389844561002974,1.9727472253375715,0.07193364766867917,9,0.05514177027895697
4.390709238003183,1.9773710763978238,0.07163922773822458,9,0.05528873887371515
4.391573512999457,1.9773710763978238,0.07163922773822458,9,0.05528873887371515
4.392404329002602,1.9773710763978238,0.07163922773822458,9,0.05528873887371515
4.393202241997642,1.9773710763978238,0.07163922773822458,9,0.05528873887371515
4.393998109997483,1.9773710763978238,0.07163922773822458,9,0.05528873887371515
4.394826702999126,1.977371076397824,0.07163922773822458,9,0.05528873887371518
4.395172301999992,1.977371076397824,0.07163922773822458,9,0.05528873887371518
4.396029167000961,1.977371076397824,0.07163922773822458,9,0.05528873887371518
4.396854960999917,1.977371076397824,0.07163922773822458,9,0.05528873887371518
4.397670758000459,1.977371076397824,0.07163922773822458,9,0.05528873887371518
4.398443951002264,1.977371076397824,0.07163922773822458,9,0.05528873887371518
4.399231513998529,1.977371076397824,0.07163922773822458,9,0.05528873887371518
4.400105562002864,1.977371076397824,0.07163922773822458,9,0.05528873887371518
4.400905690003128,1.977371076397824,0.07163922773822458,9,0.05528873887371518
4.401715465995949,1.977371076397824,0.07163922773822458,9,0.05528873887371518
4.402567573997658,1.977371076397824,0.07163922773822458,9,0.05528873887371518
4.403487928997492,1.9820084376620082,0.07134884242361951,9,0.05582810138838549
4.4044427199987695,1.9820084376620082,0.07134884242361951,9,0.05582810138838549
4.4047875679971185,1.9820084376620082,0.07134884242361951,9,0.05582810138838549
4.405621295001765,1.9820084376620082,0.07134884242361951,9,0.05582810138838549
4.406472686001507,1.9820084376620082,0.07134884242361951,9,0.05582810138838549
4.407603626001219,1.9820084376620082,0.07134884242361951,9,0.05582810138838549
4.408453124000516,1.982008437662008,0.07134884242361951,9,0.05582810138838544
4.409319220001635,1.982008437662008,0.07134884242361951,9,0.05582810138838544
4.409936260002723,1.982008437662008,0.07134884242361951,9,0.05582810138838544
4.410229526001785,1.982008437662008,0.07134884242361951,9,0.05582810138838544
4.411063984996872,1.982008437662008,0.07134884242361951,9,0.05582810138838544
4.411912162002409,1.982008437662008,0.07134884242361951,9,0.05582810138838544
4.412893341999734,1.9866757459765079,0.07106223986601821,9,0.05675656298988954
4.4139812770008575,1.9866757459765079,0.07106223986601821,9,0.05675656298988954
4.41504216100293,1.9866757459765079,0.07106223986601821,9,0.05675656298988954
4.415391073001956,1.9866757459765079,0.07106223986601821,9,0.05675656298988954
4.416210477000277,1.9866757459765079,0.07106223986601821,9,0.05675656298988954
4.416969325000537,1.9866757459765079,0.07106223986601821,9,0.05675656298988954
4.417643537002732,1.9866757459765079,0.07106223986601821,9,0.05675656298988954
4.417914231999021,1.9866757459765079,0.07106223986601821,9,0.05675656298988954
4.418555791999097,1.9866757459765079,0.07106223986601821,9,0.05675656298988954
4.419451784997364,1.9866757459765079,0.07106223986601821,9,0.05675656298988954
4.420173648002674,1.9866757459765079,0.07106223986601821,9,0.05675656298988954
4.420849966001697,1.9866757459765079,0.07106223986601821,9,0.05675656298988954
4.4211012099985965,1.9866757459765079,0.07106223986601821,9,0.05675656298988954
4.421809676998237,1.9913715503135128,0.07077889576199438,9,0.05806159897706819
4.42267000299762,1.9913715503135128,0.07077889576199438,9,0.05806159897706819
4.4235777119974955,1.9913715503135128,0.07077889576199438,9,0.05806159897706819
4.424431482999353,1.9913715503135128,0.07077889576199438,9,0.05806159897706819
4.425080267996236,1.9913715503135128,0.07077889576199438,9,0.05806159897706819
4.425620889000129,1.9960945957276082,0.070500433490591,9,0.059726107167972914
4.4261995519991615,1.9960945957276082,0.070500433490591,9,0.059726107167972914
4.427004042001499,1.9960945957276082,0.070500433490591,9,0.059726107167972914
4.427853239001706,1.9960945957276082,0.070500433490591,9,0.059726107167972914
4.428395636001369,1.9960945957276082,0.070500433490591,9,0.059726107167972914
4.429048300997238,1.9960945957276082,0.070500433490591,9,0.059726107167972914
4.4295637190007255,1.9960945957276082,0.070500433490591,9,0.059726107167972914
4.430085182997573,1.9960945957276082,0.070500433490591,9,0.059726107167972914
4.430905704997713,1.9960945957276082,0.070500433490591,9,0.059726107167972914
4.431818607001333,1.9960945957276082,0.070500433490591,9,0.059726107167972914
4.432170111002051,1.9960945957276082,0.070500433490591,9,0.059726107167972914
4.432979630997579,1.9960945957276082,0.070500433490591,9,0.059726107167972914
4.433299481002905,1.9960945957276082,0.070500433490591,9,0.059726107167972914
4.4340744340006495,1.9960945957276082,0.070500433490591,9,0.059726107167972914
4.434405954001704,1.9960945957276082,0.070500433490591,9,0.059726107167972914
4.4352209139979095,1.9960945957276082,0.070500433490591,9,0.059726107167972914
4.436219588998938,1.9960945957276082,0.070500433490591,9,0.059726107167972914
4.437117250003212,1.9960945957276082,0.070500433490591,9,0.059726107167972914
4.437960083996586,2.000843687195222,0.07022850599367843,9,0.061728026614562434
4.439051134999318,2.000843687195222,0.07022850599367843,9,0.061728026614562434
4.440003882002202,2.000843687195222,0.07022850599367843,9,0.061728026614562434
4.440879426001629,2.000843687195222,0.07022850599367843,9,0.061728026614562434
4.441805158996431,2.000843687195222,0.07022850599367843,9,0.061728026614562434
4.44246289399598,2.000843687195222,0.07022850599367843,9,0.061728026614562434
4.442814465000993,2.000843687195222,0.07022850599367843,9,0.061728026614562434
4.443911798996851,2.000843687195222,0.07022850599367843,9,0.061728026614562434
4.444810196997423,2.000843687195222,0.07022850599367843,9,0.061728026614562434
4.445765174998087,2.000843687195222,0.07022850599367843,9,0.061728026614562434
4.4466813300023205,2.000843687195222,0.07022850599367843,9,0.061728026614562434
4.447038646001602,2.000843687195222,0.07022850599367843,9,0.061728026614562434
4.447920721999253,2.005617560482705,0.06996256604580654,9,0.06404027098377855
4.448945718999312,2.005617560482705,0.06996256604580654,9,0.06404027098377855
4.449862620000204,2.005617560482705,0.06996256604580654,9,0.06404027098377855
4.450893561996054,2.005617560482705,0.06996256604580654,9,0.06404027098377855
4.451298237996525,2.005617560482705,0.06996256604580654,9,0.06404027098377855
4.45227892499679,2.005617560482705,0.06996256604580654,9,0.06404027098377855
4.461723045002145,2.005617560482705,0.06996256604580654,9,0.06404027098377855
4.4627827829972375,2.005617560482705,0.06996256604580654,9,0.06404027098377855
4.4632035690010525,2.005617560482705,0.06996256604580654,9,0.06404027098377855
4.464170250001189,2.005617560482705,0.06996256604580654,9,0.06404027098377855
4.464502402996004,2.005617560482705,0.06996256604580654,9,0.06404027098377855
4.465413448997424,2.005617560482705,0.06996256604580654,9,0.06404027098377855
4.465738314996997,2.005617560482705,0.06996256604580654,9,0.06404027098377855
4.46665345600195,2.005617560482705,0.06996256604580654,9,0.06404027098377855
4.46703791100299,2.005617560482705,0.06996256604580654,9,0.06404027098377855
4.468056906996935,2.0053593063586757,0.07093754325162466,9,0.06470861487133214
4.469093933003023,2.0053593063586757,0.07093754325162466,9,0.06470861487133214
4.469980656998814,2.0053593063586757,0.07093754325162466,9,0.06470861487133214
4.470813760002784,2.0053593063586757,0.07093754325162466,9,0.06470861487133214
4.471160041000985,2.0053593063586757,0.07093754325162466,9,0.06470861487133214
4.4720636420024675,2.0053593063586757,0.07093754325162466,9,0.06470861487133214
4.472897801002546,2.0053593063586757,0.07093754325162466,9,0.06470861487133214
4.473742322996259,2.004501437901391,0.07114603797112186,9,0.06441686113288218
4.47475986200152,2.004501437901391,0.07114603797112186,9,0.06441686113288218
4.475700627001061,2.004501437901391,0.07114603797112186,9,0.06441686113288218
4.476584413998353,2.004501437901391,0.07114603797112186,9,0.06441686113288218
4.477431375999004,2.004501437901391,0.07114603797112186,9,0.06441686113288218
4.4783556219990714,2.0093225409110036,0.07091453026024046,9,0.06694942259376366
4.479223565998836,2.0093225409110036,0.07091453026024046,9,0.06694942259376366
4.480122788998415,2.0093225409110036,0.07091453026024046,9,0.06694942259376366
4.480963091002195,2.0093225409110036,0.07091453026024046,9,0.06694942259376366
4.4820018370010075,2.0093225409110036,0.07091453026024046,9,0.06694942259376366
4.482858139999735,2.0093225409110036,0.07091453026024046,9,0.06694942259376366
4.4837968700012425,2.0093225409110036,0.07091453026024046,9,0.06694942259376366
4.484196521996637,2.0093225409110036,0.07091453026024046,9,0.06694942259376366
4.485134370996093,2.0093225409110036,0.07091453026024046,9,0.06694942259376366
4.486005357997783,2.0093225409110036,0.07091453026024046,9,0.06694942259376366
4.486859251999704,2.0093225409110036,0.07091453026024046,9,0.06694942259376366
4.487771865002287,2.0093225409110036,0.07091453026024046,9,0.06694942259376366
4.488607311002852,2.0093225409110036,0.07091453026024046,9,0.06694942259376366
4.489700844998879,2.0093225409110036,0.07091453026024046,9,0.06694942259376366
4.4905815289966995,2.0093225409110036,0.07091453026024046,9,0.06694942259376366
4.49091529600264,2.0093225409110036,0.07091453026024046,9,0.06694942259376366
4.49166453199723,2.0093225409110036,0.07091453026024046,9,0.06694942259376366
4.492324548999022,2.0141651002786434,0.07069037338260319,9,0.0697438590337439
4.493201532000967,2.0141651002786434,0.07069037338260319,9,0.0697438590337439
4.494097755996336,2.0141651002786434,0.07069037338260319,9,0.0697438590337439
4.494884943997022,2.0141651002786434,0.07069037338260319,9,0.0697438590337439
4.495844158998807,2.0190280703670034,0.07047294824386084,9,0.0727730601949119
4.496103995996236,2.0190280703670034,0.07047294824386084,9,0.0727730601949119
4.496661730998312,2.0190280703670034,0.07047294824386084,9,0.0727730601949119
4.497406652997597,2.0190280703670034,0.07047294824386084,9,0.0727730601949119
4.498212676997355,2.0190280703670034,0.07047294824386084,9,0.0727730601949119
4.49908526299987,2.0190280703670034,0.07047294824386084,9,0.0727730601949119
4.4994472800026415,2.0190280703670034,0.07047294824386084,9,0.0727730601949119
4.500399286996981,2.0190280703670034,0.07047294824386084,9,0.0727730601949119
4.500713829002052,2.0190280703670034,0.07047294824386084,9,0.0727730601949119
4.5014914339990355,2.0190280703670034,0.07047294824386084,9,0.0727730601949119
4.502101507001498,2.0190280703670034,0.07047294824386084,9,0.0727730601949119
4.502658714998688,2.0190280703670034,0.07047294824386084,9,0.0727730601949119
4.50336022299598,2.0190280703670034,0.07047294824386084,9,0.0727730601949119
4.504162928002188,2.0190280703670034,0.07047294824386084,9,0.0727730601949119
4.504988770000637,2.0239073108634735,0.07026330521724435,9,0.07601061347972697
4.50596384399978,2.0239073108634735,0.07026330521724435,9,0.07601061347972697
4.506820463000622,2.0239073108634735,0.07026330521724435,9,0.07601061347972697
4.507168903997808,2.0239073108634735,0.07026330521724435,9,0.07601061347972697
4.508065599002293,2.0239073108634735,0.07026330521724435,9,0.07601061347972697
4.508876979998604,2.0239073108634735,0.07026330521724435,9,0.07601061347972697
4.509697567002149,2.0287988099976872,0.07006090554050902,9,0.07943064252088895
4.510018000997661,2.0287988099976872,0.07006090554050902,9,0.07943064252088895
4.510846290002519,2.0287988099976872,0.07006090554050902,9,0.07943064252088895
4.51178613799857,2.0287988099976872,0.07006090554050902,9,0.07943064252088895
4.512600994996319,2.0287988099976872,0.07006090554050902,9,0.07943064252088895
4.513440613001876,2.0287988099976872,0.07006090554050902,9,0.07943064252088895
4.514307129000372,2.0287988099976872,0.07006090554050902,9,0.07943064252088895
4.514656476996606,2.0287988099976872,0.07006090554050902,9,0.07943064252088895
4.515488496996113,2.0287988099976872,0.07006090554050902,9,0.07943064252088895
4.516373259997636,2.0287988099976872,0.07006090554050902,9,0.07943064252088895
4.517225739000423,2.0287988099976872,0.07006090554050902,9,0.07943064252088895
4.518081312999129,2.0287988099976872,0.07006090554050902,9,0.07943064252088895
4.518418145002215,2.0287988099976872,0.07006090554050902,9,0.07943064252088895
4.519309486000566,2.0287988099976872,0.07006090554050902,9,0.07943064252088895
4.520268137996027,2.0287988099976872,0.07006090554050902,9,0.07943064252088895
4.5210541269989335,2.0287988099976872,0.07006090554050902,9,0.07943064252088895
4.521804604002682,2.0287988099976872,0.07006090554050902,9,0.07943064252088895
4.5221294419970945,2.0287988099976872,0.07006090554050902,9,0.07943064252088895
4.522791352996137,2.0287988099976872,0.07006090554050902,9,0.07943064252088895
4.5236090420003165,2.03370202157343,0.06986661492571779,9,0.08301284275169522
4.5244764300005045,2.03370202157343,0.06986661492571779,9,0.08301284275169522
4.525295107996499,2.03370202157343,0.06986661492571779,9,0.08301284275169522
4.526076943999215,2.03370202157343,0.06986661492571779,9,0.08301284275169522
4.526890651002759,2.03370202157343,0.06986661492571779,9,0.08301284275169522
4.527764259000833,2.03370202157343,0.06986661492571779,9,0.08301284275169522
4.52858912100055,2.03370202157343,0.06986661492571779,9,0.08301284275169522
4.52891126099712,2.03370202157343,0.06986661492571779,9,0.08301284275169522
4.529638681000506,2.03370202157343,0.06986661492571779,9,0.08301284275169522
4.529932685996755,2.03370202157343,0.06986661492571779,9,0.08301284275169522
4.5305933369963896,2.03370202157343,0.06986661492571779,9,0.08301284275169522
4.5312863159997505,2.03370202157343,0.06986661492571779,9,0.08301284275169522
4.532190509002248,2.0386163624391824,0.06967972387381802,9,0.0867381609318608
4.53254354299861,2.0386163624391824,0.06967972387381802,9,0.0867381609318608
4.533419022998714,2.0386163624391824,0.06967972387381802,9,0.0867381609318608
4.534223392998683,2.0386163624391824,0.06967972387381802,9,0.0867381609318608
4.535098478001601,2.0386163624391824,0.06967972387381802,9,0.0867381609318608
4.536025485002028,2.0386163624391824,0.06967972387381802,9,0.0867381609318608
4.536938438999641,2.0386163624391824,0.069679723873818,9,0.0867381609318608
4.537848679996387,2.0386163624391824,0.069679723873818,9,0.0867381609318608
4.538794480002252,2.0386163624391824,0.069679723873818,9,0.0867381609318608
4.539191673997266,2.0386163624391824,0.069679723873818,9,0.0867381609318608
4.540205117002188,2.0386163624391824,0.069679723873818,9,0.0867381609318608
4.541091917999438,2.0386163624391824,0.069679723873818,9,0.0867381609318608
4.541973970000981,2.0386163624391824,0.069679723873818,9,0.0867381609318608
4.542349144001491,2.0386163624391824,0.069679723873818,9,0.0867381609318608
4.543247403998976,2.0386163624391824,0.069679723873818,9,0.0867381609318608
4.544185993996507,2.0386163624391824,0.069679723873818,9,0.0867381609318608
4.545022300997516,2.0386163624391824,0.069679723873818,9,0.0867381609318608
4.5458858589991,2.0386163624391824,0.069679723873818,9,0.0867381609318608
4.546240748000855,2.0386163624391824,0.069679723873818,9,0.0867381609318608
4.547109977000218,2.0435413360784893,0.0695010962273603,9,0.09059080550007631
4.548012526996899,2.0435413360784893,0.0695010962273603,9,0.09059080550007631
4.548871432998567,2.0435413360784893,0.0695010962273603,9,0.09059080550007631
4.5497413400007645,2.0435413360784893,0.0695010962273603,9,0.09059080550007631
4.550628017997951,2.0435413360784893,0.0695010962273603,9,0.09059080550007631
4.551577129001089,2.0435413360784893,0.0695010962273603,9,0.09059080550007631
4.552472761999525,2.0435413360784893,0.0695010962273603,9,0.09059080550007631
4.553362819999165,2.0435413360784893,0.0695010962273603,9,0.09059080550007631
4.553729079001641,2.0435413360784893,0.0695010962273603,9,0.09059080550007631
4.554621149000013,2.0435413360784893,0.0695010962273603,9,0.09059080550007631
4.555573623998498,2.0435413360784893,0.0695010962273603,9,0.09059080550007631
4.556461371001205,2.0484764112956406,0.06933000697044138,9,0.09455598444127263
4.556823382001312,2.0484764112956406,0.06933000697044138,9,0.09455598444127263
4.557674176998262,2.0484764112956406,0.06933000697044138,9,0.09455598444127263
4.558612679000362,2.0484764112956406,0.06933000697044138,9,0.09455598444127263
4.559565625997493,2.0484764112956406,0.06933000697044138,9,0.09455598444127263
4.560462219000328,2.0484764112956406,0.06933000697044138,9,0.09455598444127263
4.56132811599673,2.0484764112956406,0.06933000697044138,9,0.09455598444127263
4.562174031001632,2.0484764112956406,0.06933000697044138,9,0.09455598444127263
4.563027204996615,2.0484764112956406,0.06933000697044138,9,0.09455598444127263
4.563958904000174,2.0484764112956406,0.06933000697044138,9,0.09455598444127263
4.564821182000742,2.0484764112956406,0.06933000697044138,9,0.09455598444127263
4.565161304002686,2.0484764112956406,0.06933000697044138,9,0.09455598444127263
4.566001011997287,2.0484764112956406,0.06933000697044138,9,0.09455598444127263
4.56690594900283,2.0484764112956406,0.06933000697044138,9,0.09455598444127263
4.567995826000697,2.0484764112956406,0.06933000697044138,9,0.09455598444127263
4.568936839001253,2.0484764112956406,0.06933000697044138,9,0.09455598444127263
4.569846400998358,2.0484764112956406,0.06933000697044138,9,0.09455598444127263
4.570474720996572,2.053421136364747,0.06916731838419342,9,0.098621676322957
4.5707020289992215,2.053421136364747,0.06916731838419342,9,0.098621676322957
4.571477352998045,2.053421136364747,0.06916731838419342,9,0.098621676322957
4.572313179996854,2.053421136364747,0.06916731838419342,9,0.098621676322957
4.572623619998922,2.053421136364747,0.06916731838419342,9,0.098621676322957
4.573719171996345,2.053421136364747,0.06916731838419342,9,0.098621676322957
4.574494221997156,2.053421136364747,0.06916731838419342,9,0.098621676322957
4.575185595000221,2.0514705452753645,0.06980487546996961,9,0.09731874730210612
4.57596817099693,2.0514705452753645,0.06980487546996961,9,0.09731874730210612
4.5766360869965865,2.0514705452753645,0.06980487546996961,9,0.09731874730210612
4.577465813003073,2.0514705452753645,0.06980487546996961,9,0.09731874730210612
4.577779024002666,2.0514705452753645,0.06980487546996961,9,0.09731874730210612
4.578505839002901,2.0514705452753645,0.06980487546996961,9,0.09731874730210612
4.579223460998037,2.0536547471388675,0.07056491924143962,9,0.09956650921725095
4.5800011469982564,2.0536547471388675,0.07056491924143962,9,0.09956650921725095
4.580721491998702,2.0536547471388675,0.07056491924143962,9,0.09956650921725095
4.581428824996692,2.0536547471388675,0.07056491924143962,9,0.09956650921725095
4.5822323039974435,2.0536547471388675,0.07056491924143962,9,0.09956650921725095
4.5831012560011,2.05861770181003,0.0704292765988265,9,0.10371033546326155
4.58397406199947,2.05861770181003,0.0704292765988265,9,0.10371033546326155
4.584805680999125,2.05861770181003,0.0704292765988265,9,0.10371033546326155
4.585929292996298,2.05861770181003,0.0704292765988265,9,0.10371033546326155
4.586932300000626,2.05861770181003,0.0704292765988265,9,0.10371033546326155
4.587838491002913,2.05861770181003,0.0704292765988265,9,0.10371033546326155
4.5886605760024395,2.05861770181003,0.0704292765988265,9,0.10371033546326155
4.590182507003192,2.05861770181003,0.0704292765988265,9,0.10371033546326155
4.591689909000706,2.05861770181003,0.0704292765988265,9,0.10371033546326155
4.592726577997382,2.05861770181003,0.0704292765988265,9,0.10371033546326155
4.59311207599967,2.05861770181003,0.0704292765988265,9,0.10371033546326155
4.594017169001745,2.0635872237707744,0.07030146615453473,9,0.10793305732309719
4.59490489000018,2.0635872237707744,0.07030146615453473,9,0.10793305732309719
4.596082276999368,2.0635872237707744,0.07030146615453473,9,0.10793305732309719
4.596465349000937,2.0635872237707744,0.07030146615453473,9,0.10793305732309719
4.597361337997427,2.0635872237707744,0.07030146615453473,9,0.10793305732309719
4.598293185998045,2.0635872237707744,0.07030146615453473,9,0.10793305732309719
4.5992725510004675,2.0635872237707744,0.07030146615453473,9,0.10793305732309719
4.599669281997194,2.0635872237707744,0.07030146615453473,9,0.10793305732309719
4.60057424200204,2.0635872237707744,0.07030146615453473,9,0.10793305732309719
4.601689764996991,2.0635872237707744,0.07030146615453473,9,0.10793305732309719
4.602949015999911,2.0635872237707744,0.07030146615453473,9,0.10793305732309719
4.60347568999714,2.0635872237707744,0.07030146615453473,9,0.10793305732309719
4.60453586299991,2.0635872237707744,0.07030146615453473,9,0.10793305732309719
4.605549066000094,2.0685612880257884,0.07018237570168473,9,0.11222525480404177
4.605980325002747,2.0685612880257884,0.07018237570168473,9,0.11222525480404177
4.606955231996835,2.0685612880257884,0.07018237570168473,9,0.11222525480404177
4.607950263998646,2.0685612880257884,0.07018237570168473,9,0.11222525480404177
4.608854983998754,2.0685612880257884,0.07018237570168473,9,0.11222525480404177
4.609796910001023,2.0685612880257884,0.07018237570168473,9,0.11222525480404177
4.610369834997982,2.0685612880257884,0.07018237570168473,9,0.11222525480404177
4.611375795997446,2.0735396379945468,0.07007041384941165,10,0.11249000763284674
4.612404252999113,2.0735396379945468,0.07007041384941165,10,0.11249000763284674
4.613309537002351,2.0735396379945468,0.07007041384941165,10,0.11249000763284674
4.613674726999307,2.0735396379945468,0.07007041384941165,10,0.11249000763284674
4.61460446199635,2.0735396379945468,0.07007041384941165,10,0.11249000763284674
4.615564474996063,2.0735396379945468,0.07007041384941165,10,0.11249000763284674
4.616512658001739,2.0735396379945468,0.07007041384941165,10,0.11249000763284674
4.617428083998675,2.0735396379945468,0.07007041384941165,10,0.11249000763284674
4.618346108996775,2.0735396379945468,0.07007041384941165,10,0.11249000763284674
4.619259763996524,2.0735396379945468,0.07007041384941165,10,0.11249000763284674
4.620209845998033,2.0735396379945468,0.07007041384941165,10,0.11249000763284674
4.621159248003096,2.0735396379945468,0.07007041384941165,10,0.11249000763284674
4.6220938799961,2.0735396379945468,0.07007041384941165,10,0.11249000763284674
4.623068034001335,2.0735396379945468,0.07007041384941165,10,0.11249000763284674
4.624055977998069,2.0735396379945468,0.07007041384941165,10,0.11249000763284674
4.624435903999256,2.0735396379945468,0.07007041384941165,10,0.11249000763284674
4.6253253480026615,2.0735396379945468,0.07007041384941165,10,0.11249000763284674
4.625678472999425,2.0735396379945468,0.07007041384941165,10,0.11249000763284674
4.626561261997267,2.0785220332250622,0.06996398695899858,10,0.10815207640310733
4.626925611002662,2.0785220332250622,0.06996398695899858,10,0.10815207640310733
4.627906565001467,2.0785220332250622,0.06996398695899858,10,0.10815207640310733
4.628827038999589,2.0785220332250622,0.06996398695899858,10,0.10815207640310733
4.62974059300177,2.0785220332250622,0.06996398695899858,10,0.10815207640310733
4.6306376840002486,2.0785220332250622,0.06996398695899858,10,0.10815207640310733
4.631009044001985,2.0785220332250622,0.06996398695899858,10,0.10815207640310733
4.631982230996073,2.0785220332250622,0.06996398695899858,10,0.10815207640310733
4.632890339998994,2.0785220332250622,0.06996398695899858,10,0.10815207640310733
4.633794982997642,2.0785220332250622,0.06996398695899858,10,0.10815207640310733
4.634684967000794,2.0785220332250622,0.06996398695899858,10,0.10815207640310733
4.635054885002319,2.0785220332250622,0.06996398695899858,10,0.10815207640310733
4.63601137099613,2.0785220332250622,0.06996398695899858,10,0.10815207640310733
4.636940871998377,2.083508297434803,0.06986392037762285,10,0.10387228264368155
4.637875742002507,2.083508297434803,0.06986392037762285,10,0.10387228264368155
4.638783850998152,2.083508297434803,0.06986392037762285,10,0.10387228264368155
4.639173695999489,2.083508297434803,0.06986392037762285,10,0.10387228264368155
4.640144044002227,2.083508297434803,0.06986392037762285,10,0.10387228264368155
4.64101675299753,2.083508297434803,0.06986392037762285,10,0.10387228264368155
4.64194954100094,2.083508297434803,0.06986392037762285,10,0.10387228264368155
4.642873197997687,2.083508297434803,0.06986392037762285,10,0.10387228264368155
4.643831567002053,2.083508297434803,0.06986392037762285,10,0.10387228264368155
4.644716951996088,2.083508297434803,0.06986392037762283,10,0.10387228264368153
4.645106311996642,2.083508297434803,0.06986392037762283,10,0.10387228264368153
4.646000856002502,2.083508297434803,0.06986392037762283,10,0.10387228264368153
4.646911903997534,2.083508297434803,0.06986392037762283,10,0.10387228264368153
4.6479041679995134,2.083508297434803,0.06986392037762283,10,0.10387228264368153
4.648293940001167,2.083508297434803,0.06986392037762283,10,0.10387228264368153
4.649239368998678,2.083508297434803,0.06986392037762283,10,0.10387228264368153
4.65016958599881,2.083508297434803,0.06986392037762283,10,0.10387228264368153
4.650547054996423,2.083508297434803,0.06986392037762283,10,0.10387228264368153
4.651489422998566,2.083508297434803,0.06986392037762283,10,0.10387228264368153
4.652514228997461,2.0884982296885837,0.06976942252528906,10,0.09965839894930721
4.653448078002839,2.0884982296885837,0.06976942252528906,10,0.09965839894930721
4.654368791001616,2.0884982296885837,0.06976942252528906,10,0.09965839894930721
4.655277359997854,2.0884982296885837,0.06976942252528906,10,0.09965839894930721
4.65622937399894,2.0884982296885837,0.06976942252528906,10,0.09965839894930721
4.657118440998602,2.0884982296885837,0.06976942252528906,10,0.09965839894930721
4.65800338400004,2.0884982296885837,0.06976942252528906,10,0.09965839894930721
4.658883937998326,2.0884982296885837,0.06976942252528906,10,0.09965839894930721
4.659810623001249,2.0884982296885837,0.06976942252528906,10,0.09965839894930721
4.660689949996595,2.0884982296885837,0.06976942252528906,10,0.09965839894930721
4.661584093999409,2.0934916690088774,0.06968131908732239,10,0.09552032146663904
4.661942468002962,2.0934916690088774,0.06968131908732239,10,0.09552032146663904
4.662821010999323,2.0934916690088774,0.06968131908732239,10,0.09552032146663904
4.663787302000856,2.0934916690088774,0.06968131908732239,10,0.09552032146663904
4.66469545000291,2.0934916690088774,0.06968131908732239,10,0.09552032146663904
4.665603970999655,2.0934916690088774,0.06968131908732239,10,0.09552032146663904
4.6665295400016475,2.0934916690088774,0.06968131908732239,10,0.09552032146663904
4.667409836001752,2.0934916690088774,0.06968131908732239,10,0.09552032146663904
4.668382155003201,2.0934916690088774,0.06968131908732239,10,0.09552032146663904
4.669309261000308,2.0934916690088774,0.06968131908732239,10,0.09552032146663904
4.6696847830025945,2.0934916690088774,0.06968131908732239,10,0.09552032146663904
4.670563879000838,2.0934916690088774,0.06968131908732239,10,0.09552032146663904
4.671451280999463,2.0984884327794586,0.06959881423937858,10,0.09146855327304365
4.672395540001162,2.0984884327794586,0.06959881423937858,10,0.09146855327304365
4.672740230002091,2.0984884327794586,0.06959881423937858,10,0.09146855327304365
4.6736037640002905,2.0984884327794586,0.06959881423937858,10,0.09146855327304365
4.674483363000036,2.0984884327794586,0.06959881423937858,10,0.09146855327304365
4.674836498998047,2.0984884327794586,0.06959881423937858,10,0.09146855327304365
4.67575757799932,2.0984884327794586,0.06959881423937858,10,0.09146855327304365
4.676630444999319,2.0984884327794586,0.06959881423937858,10,0.09146855327304365
4.6775868050026475,2.0984884327794586,0.06959881423937858,10,0.09146855327304365
4.6785212850008975,2.0984884327794586,0.06959881423937858,10,0.09146855327304365
4.678891714000201,2.0984884327794586,0.06959881423937858,10,0.09146855327304365
4.679848362997291,2.0984884327794586,0.06959881423937858,10,0.09146855327304365
4.680744502002199,2.0984884327794586,0.06959881423937858,10,0.09146855327304365
4.681670867998037,2.0984884327794586,0.06959881423937858,10,0.09146855327304365
4.682056438003201,2.0984884327794586,0.06959881423937858,10,0.09146855327304365
4.682990034998511,2.0984884327794586,0.06959881423937858,10,0.09146855327304365
4.684076293000544,2.0984884327794586,0.06959881423937858,10,0.09146855327304365
4.684495943998627,2.0984884327794586,0.06959881423937858,10,0.09146855327304365
4.68550903799769,2.0984884327794586,0.06959881423937858,10,0.09146855327304365
4.686494412002503,2.1051298352325762,0.07023539325480133,10,0.08672166481155448
4.687413196996204,2.1051298352325762,0.07023539325480133,10,0.08672166481155448
4.688415274002182,2.1051298352325762,0.07023539325480133,10,0.08672166481155448
4.689358882002125,2.1051298352325762,0.07023539325480133,10,0.08672166481155448
4.690288056001009,2.1051298352325762,0.07023539325480133,10,0.08672166481155448
4.691175496998767,2.1051298352325762,0.07023539325480133,10,0.08672166481155448
4.692111500997271,2.117695508026024,0.07291798433422492,10,0.07960384444479054
4.692480612997315,2.117695508026024,0.07291798433422492,10,0.07960384444479054
4.693385391998163,2.117695508026024,0.07291798433422492,10,0.07960384444479054
4.69428105300176,2.117695508026024,0.07291798433422492,10,0.07960384444479054
4.695145377001609,2.117695508026024,0.07291798433422492,10,0.07960384444479054
4.6960281360006775,2.118107235257789,0.07305757931368854,10,0.07943364358623091
4.696905857999809,2.118107235257789,0.07305757931368854,10,0.07943364358623091
4.697919917998661,2.118107235257789,0.07305757931368854,10,0.07943364358623091
4.6987961449995055,2.118107235257789,0.07305757931368854,10,0.07943364358623091
4.699711273002322,2.118107235257789,0.07305757931368854,10,0.07943364358623091
4.700751361997391,2.118107235257789,0.07305757931368854,10,0.07943364358623091
4.70200722199661,2.1231103136808835,0.07323490711080148,10,0.07633990782347244
4.703028572999756,2.1231103136808835,0.07323490711080148,10,0.07633990782347244
4.704067216996918,2.1231103136808835,0.07323490711080148,10,0.07633990782347244
4.705040202999953,2.1231103136808835,0.07323490711080148,10,0.07633990782347244
4.705410146001668,2.1231103136808835,0.07323490711080148,10,0.07633990782347244
4.70657542799745,2.1231103136808835,0.07323490711080148,10,0.07633990782347244
4.7076601009976,2.1231103136808835,0.0732349071108015,10,0.07633990782347246
4.7089701169970795,2.1231103136808835,0.0732349071108015,10,0.07633990782347246
4.709917465996114,2.1231103136808835,0.0732349071108015,10,0.07633990782347246
4.710794065998925,2.1231103136808835,0.0732349071108015,10,0.07633990782347246
4.711972129996866,2.1231103136808835,0.0732349071108015,10,0.07633990782347246
4.712945931998547,2.1231103136808835,0.07323490711080148,10,0.07633990782347244
4.713873923996289,2.1231103136808835,0.07323490711080148,10,0.07633990782347244
4.714270037999086,2.1231103136808835,0.07323490711080148,10,0.07633990782347244
4.715179252998496,2.1231103136808835,0.07323490711080148,10,0.07633990782347244
4.716170241001237,2.1231103136808835,0.07323490711080148,10,0.07633990782347244
4.716556920000585,2.1231103136808835,0.07323490711080148,10,0.07633990782347244
4.717505064996658,2.1231103136808835,0.07323490711080148,10,0.07633990782347244
4.718514563995996,2.128104242628268,0.0732436881984001,10,0.07332572445948993
4.719473516997823,2.128104242628268,0.0732436881984001,10,0.07332572445948993
4.72050770700298,2.128104242628268,0.0732436881984001,10,0.07332572445948993
4.7214405330014415,2.128104242628268,0.0732436881984001,10,0.07332572445948993
4.721818359997997,2.128104242628268,0.0732436881984001,10,0.07332572445948993
4.722742530000687,2.133074894758924,0.07322600674686856,10,0.07052679331913457
4.723695048996888,2.133074894758924,0.07322600674686856,10,0.07052679331913457
4.724603372000274,2.133074894758924,0.07322600674686856,10,0.07052679331913457
4.725482964997354,2.133074894758924,0.07322600674686856,10,0.07052679331913457
4.726371108001331,2.133074894758924,0.07322600674686856,10,0.07052679331913457
4.727267916998244,2.133074894758924,0.07322600674686856,10,0.07052679331913457
4.728205492996494,2.138026307255558,0.0732131645151665,10,0.06799007678632447
4.729100418997405,2.138026307255558,0.0732131645151665,10,0.06799007678632447
4.729957695002668,2.138026307255558,0.0732131645151665,10,0.06799007678632447
4.7308476739999605,2.138026307255558,0.0732131645151665,10,0.06799007678632447
4.731222431000788,2.138026307255558,0.0732131645151665,10,0.06799007678632447
4.73212732400134,2.138026307255558,0.0732131645151665,10,0.06799007678632447
4.732989441996324,2.138026307255558,0.0732131645151665,10,0.06799007678632447
4.733905146000325,2.138026307255558,0.0732131645151665,10,0.06799007678632447
4.734808175002399,2.138026307255558,0.0732131645151665,10,0.06799007678632447
4.7357947130003595,2.138026307255558,0.0732131645151665,10,0.06799007678632447
4.736710614000913,2.138026307255558,0.0732131645151665,10,0.06799007678632447
4.737604155001463,2.1429621345873273,0.07320351783015162,10,0.06573854350675772
4.738497509002627,2.1429621345873273,0.07320351783015162,10,0.06573854350675772
4.738865911000175,2.1429621345873273,0.07320351783015162,10,0.06573854350675772
4.739911012002267,2.1429621345873273,0.07320351783015162,10,0.06573854350675772
4.740867132997664,2.1429621345873273,0.07320351783015162,10,0.06573854350675772
4.741704605003179,2.1429621345873273,0.07320351783015162,10,0.06573854350675772
4.742486759998428,2.1429621345873273,0.07320351783015162,10,0.06573854350675772
4.743263299998944,2.1429621345873273,0.07320351783015162,10,0.06573854350675772
4.744098727998789,2.1429621345873273,0.07320351783015162,10,0.06573854350675772
4.7449218569963705,2.1429621345873273,0.07320351783015162,10,0.06573854350675772
4.745823753000877,2.1429621345873273,0.07320351783015162,10,0.06573854350675772
4.746783258000505,2.1478853413287617,0.07319781961730217,10,0.06379840745025712
4.74714734400186,2.1478853413287617,0.07319781961730217,10,0.06379840745025712
4.748070216999622,2.1478853413287617,0.07319781961730217,10,0.06379840745025712
4.748436608999327,2.1478853413287617,0.07319781961730217,10,0.06379840745025712
4.749316864996217,2.1478853413287617,0.07319781961730217,10,0.06379840745025712
4.750286987997242,2.1478853413287617,0.07319781961730217,10,0.06379840745025712
4.750681361001625,2.1478853413287617,0.07319781961730217,10,0.06379840745025712
4.751728135997837,2.1478853413287617,0.07319781961730217,10,0.06379840745025712
4.75272892099747,2.152798325582567,0.07319525750055955,10,0.062194342716298236
4.753705695002282,2.152798325582567,0.07319525750055955,10,0.062194342716298236
4.754095693002455,2.152798325582567,0.07319525750055955,10,0.062194342716298236
4.7551815300030285,2.152798325582567,0.07319525750055955,10,0.062194342716298236
4.756357386999298,2.152798325582567,0.07319525750055955,10,0.062194342716298236
4.757352943001024,2.152798325582567,0.07319525750055957,10,0.06219434271629825
4.7577697209999315,2.152798325582567,0.07319525750055957,10,0.06219434271629825
4.758751774003031,2.152798325582567,0.07319525750055957,10,0.06219434271629825
4.759736389001773,2.152798325582567,0.07319525750055957,10,0.06219434271629825
4.7606035900025745,2.152798325582567,0.07319525750055957,10,0.06219434271629825
4.7609593410015805,2.152798325582567,0.07319525750055957,10,0.06219434271629825
4.761828132002847,2.152798325582567,0.07319525750055957,10,0.06219434271629825
4.762726957000268,2.152798325582567,0.07319525750055957,10,0.06219434271629825
4.7637105570029235,2.1577030300226294,0.07319659237220764,10,0.060950738295798335
4.7646327530019335,2.1577030300226294,0.07319659237220764,10,0.060950738295798335
4.765563160995953,2.1577030300226294,0.07319659237220764,10,0.060950738295798335
4.76592872999754,2.1577030300226294,0.07319659237220764,10,0.060950738295798335
4.766795067997009,2.1577030300226294,0.07319659237220764,10,0.060950738295798335
4.767799317000026,2.1577030300226294,0.07319659237220764,10,0.060950738295798335
4.768784179999784,2.1577030300226294,0.07319659237220764,10,0.060950738295798335
4.769700669996382,2.1577030300226294,0.07319659237220764,10,0.060950738295798335
4.770548177999444,2.1577030300226294,0.07319659237220764,10,0.060950738295798335
4.7714244079979835,2.1577030300226294,0.07319659237220764,10,0.060950738295798335
4.77230880499701,2.1577030300226294,0.07319659237220764,10,0.060950738295798335
4.7731722419994185,2.1626010272476637,0.07320102953133607,10,0.060086947274729026
4.773531177001132,2.1626010272476637,0.07320102953133607,10,0.060086947274729026
4.774457107996568,2.1626010272476637,0.07320102953133607,10,0.060086947274729026
4.775348944996949,2.1626010272476637,0.07320102953133607,10,0.060086947274729026
4.776278058998287,2.1626010272476637,0.07320102953133607,10,0.060086947274729026
4.77720694099844,2.1626010272476637,0.07320102953133607,10,0.060086947274729026
4.778105562996643,2.1626010272476637,0.07320102953133607,10,0.060086947274729026
4.778985224002099,2.1626010272476637,0.07320102953133607,10,0.060086947274729026
4.779365192000114,2.1626010272476637,0.07320102953133607,10,0.060086947274729026
4.780306742999528,2.1626010272476637,0.07320102953133607,10,0.060086947274729026
4.781173778996163,2.1626010272476637,0.07320102953133607,10,0.060086947274729026
4.782066040002974,2.1626010272476637,0.07320102953133607,10,0.060086947274729026
4.782947813000646,2.1626010272476637,0.07320102953133607,10,0.060086947274729026
4.783319235000818,2.1626010272476637,0.07320102953133607,10,0.060086947274729026
4.784367177999229,2.1626010272476637,0.07320102953133607,10,0.060086947274729026
4.785301051000715,2.1626010272476637,0.07320102953133607,10,0.060086947274729026
4.786229856996215,2.1626010272476637,0.07320102953133607,10,0.060086947274729026
4.787140626998735,2.1674935894120635,0.0732093340919065,10,0.059618519827929414
4.78755782799999,2.1674935894120635,0.0732093340919065,10,0.059618519827929414
4.788524552997842,2.1674935894120635,0.0732093340919065,10,0.059618519827929414
4.789508246998594,2.1674935894120635,0.0732093340919065,10,0.059618519827929414
4.790452799003106,2.1674935894120635,0.0732093340919065,10,0.059618519827929414
4.790820978996635,2.1674935894120635,0.0732093340919065,10,0.059618519827929414
4.791779316001339,2.1674935894120635,0.0732093340919065,10,0.059618519827929414
4.792720161000034,2.169718186144963,0.07274538639989203,10,0.05906978947549633
4.793088997001178,2.169718186144963,0.07274538639989203,10,0.05906978947549633
4.794018332999258,2.169718186144963,0.07274538639989203,10,0.05906978947549633
4.794978594996792,2.169718186144963,0.07274538639989203,10,0.05906978947549633
4.795975152999745,2.169718186144963,0.07274538639989203,10,0.05906978947549633
4.796886261996406,2.169718186144963,0.07274538639989203,10,0.05906978947549633
4.7978956189981545,2.169718186144963,0.07274538639989203,10,0.05906978947549633
4.798284443000739,2.169718186144963,0.07274538639989203,10,0.05906978947549633
4.799221663997741,2.175992073983218,0.07244243272547025,10,0.058977507963500084
4.800183259001642,2.175992073983218,0.07244243272547025,10,0.058977507963500084
4.801117996998073,2.175992073983218,0.07244243272547025,10,0.058977507963500084
4.802101834997302,2.175992073983218,0.07244243272547025,10,0.058977507963500084
4.803109599000891,2.175992073983218,0.07244243272547025,10,0.058977507963500084
4.804105855000671,2.175992073983218,0.07244243272547025,10,0.058977507963500084
4.805024884000886,2.175992073983218,0.07244243272547025,10,0.058977507963500084
4.806142724999518,2.175992073983218,0.07244243272547025,10,0.058977507963500084
4.80709230699722,2.175992073983218,0.07244243272547025,10,0.058977507963500084
4.807464379999146,2.175992073983218,0.07244243272547025,10,0.058977507963500084
4.808427764997759,2.175992073983218,0.07244243272547025,10,0.058977507963500084
4.8087841259985,2.175992073983218,0.07244243272547025,10,0.058977507963500084
4.809666043998732,2.1808955693216134,0.07243488701979962,10,0.059595720458213736
4.810556014999747,2.1808955693216134,0.07243488701979962,10,0.059595720458213736
4.8117815619989415,2.1808955693216134,0.07243488701979962,10,0.059595720458213736
4.812730468001973,2.1808955693216134,0.07243488701979962,10,0.059595720458213736
4.813621813998907,2.1808955693216134,0.07243488701979962,10,0.059595720458213736
4.814643405996321,2.1808955693216134,0.07243488701979962,10,0.059595720458213736
4.815106674002891,2.1808955693216134,0.07243488701979962,10,0.059595720458213736
4.816419408001821,2.1808955693216134,0.07243488701979962,10,0.059595720458213736
4.817354664999584,2.1808955693216134,0.07243488701979962,10,0.059595720458213736
4.817720396000368,2.1808955693216134,0.07243488701979962,10,0.059595720458213736
4.818695107998792,2.1808955693216134,0.07243488701979962,10,0.059595720458213736
4.819738509002491,2.1808955693216134,0.07243488701979962,10,0.059595720458213736
4.820671166999091,2.1858328394295103,0.07243043043642607,10,0.060616944122073455
4.821560600998055,2.1858328394295103,0.07243043043642607,10,0.060616944122073455
4.821917517001566,2.1858328394295103,0.07243043043642607,10,0.060616944122073455
4.822810234996723,2.1858328394295103,0.07243043043642607,10,0.060616944122073455
4.8237424719991395,2.1858328394295103,0.07243043043642607,10,0.060616944122073455
4.824636771001678,2.1858328394295103,0.07243043043642607,10,0.060616944122073455
4.825539967001532,2.1858328394295103,0.07243043043642607,10,0.060616944122073455
4.825918467999145,2.1858328394295103,0.07243043043642607,10,0.060616944122073455
4.826841294998303,2.1858328394295103,0.07243043043642607,10,0.060616944122073455
4.82779888100049,2.1858328394295103,0.07243043043642607,10,0.060616944122073455
4.828697056000237,2.1858328394295103,0.07243043043642607,10,0.060616944122073455
4.829615091999585,2.1858328394295103,0.07243043043642607,10,0.060616944122073455
4.829982948998804,2.1858328394295103,0.07243043043642607,10,0.060616944122073455
4.830883919996268,2.1858328394295103,0.07243043043642607,10,0.060616944122073455
4.831869825000467,2.1858328394295103,0.07243043043642607,10,0.060616944122073455
4.832849967999209,2.1858328394295103,0.07243043043642607,10,0.060616944122073455
4.833776701998431,2.1858328394295103,0.07243043043642607,10,0.060616944122073455
4.8341533839993645,2.1858328394295103,0.07243043043642607,10,0.060616944122073455
4.835087245002796,2.1858328394295103,0.07243043043642607,10,0.060616944122073455
4.836100366999744,2.1908022765120525,0.07243072705277108,10,0.06203039887326836
4.837051857000915,2.1908022765120525,0.07243072705277108,10,0.06203039887326836
4.837937115000386,2.1908022765120525,0.07243072705277108,10,0.06203039887326836
4.838846063001256,2.1908022765120525,0.07243072705277108,10,0.06203039887326836
4.839795433996187,2.1908022765120525,0.07243072705277108,10,0.06203039887326836
4.840685313996801,2.1908022765120525,0.07243072705277108,10,0.06203039887326836
4.841572090997943,2.1908022765120525,0.07243072705277108,10,0.06203039887326836
4.842468010996527,2.1908022765120525,0.07243072705277108,10,0.06203039887326836
4.843370723996486,2.1908022765120525,0.07243072705277108,10,0.06203039887326836
4.844408794000628,2.1908022765120525,0.07243072705277108,10,0.06203039887326836
4.8453076890000375,2.195798917912539,0.07260039823076593,10,0.06396718508635225
4.845670433001942,2.195798917912539,0.07260039823076593,10,0.06396718508635225
4.846538762998534,2.195798917912539,0.07260039823076593,10,0.06396718508635225
4.84771404699859,2.195798917912539,0.07260039823076593,10,0.06396718508635225
4.849136265002016,2.195798917912539,0.07260039823076593,10,0.06396718508635225
4.850156993001292,2.195798917912539,0.07260039823076593,10,0.06396718508635225
4.851168749002682,2.195798917912539,0.07260039823076593,10,0.06396718508635225
4.852273525000783,2.195798917912539,0.07260039823076593,10,0.06396718508635225
4.85270343600132,2.195798917912539,0.07260039823076593,10,0.06396718508635225
4.853678020001098,2.195798917912539,0.07260039823076593,10,0.06396718508635225
4.854717415000778,2.195798917912539,0.07260039823076593,10,0.06396718508635225
4.855773041999782,2.195798917912539,0.07260039823076593,10,0.06396718508635225
4.856820647000859,2.2008239936222473,0.07280502849465713,10,0.06626957004665844
4.857750880997628,2.2008239936222473,0.07280502849465713,10,0.06626957004665844
4.858151909997105,2.2008239936222473,0.07280502849465713,10,0.06626957004665844
4.859065336997446,2.2008239936222473,0.07280502849465713,10,0.06626957004665844
4.859995487997367,2.2008239936222473,0.07280502849465713,10,0.06626957004665844
4.860938571997394,2.2008239936222473,0.07280502849465713,10,0.06626957004665844
4.861912870997912,2.2008239936222473,0.07280502849465714,10,0.06626957004665845
4.862309866999567,2.2008239936222473,0.07280502849465714,10,0.06626957004665845
4.863234361997456,2.2008239936222473,0.07280502849465714,10,0.06626957004665845
4.864223258002312,2.2008239936222473,0.07280502849465714,10,0.06626957004665845
4.865168887998152,2.2008239936222473,0.07280502849465714,10,0.06626957004665845
4.865525715998956,2.2008239936222473,0.07280502849465714,10,0.06626957004665845
4.866432369002723,2.2008239936222473,0.07280502849465714,10,0.06626957004665845
4.8673469069981365,2.2058758550496176,0.07303352045460786,10,0.06889704893691126
4.868416903998877,2.2058758550496176,0.07303352045460786,10,0.06889704893691126
4.869348462001653,2.2058758550496176,0.07303352045460786,10,0.06889704893691126
4.869711945997551,2.2058758550496176,0.07303352045460786,10,0.06889704893691126
4.870633657999861,2.2058758550496176,0.07303352045460786,10,0.06889704893691126
4.871499537002819,2.2058758550496176,0.07303352045460786,10,0.06889704893691126
4.872440141996776,2.2058758550496176,0.07303352045460786,10,0.06889704893691126
4.872830113003147,2.2058758550496176,0.07303352045460786,10,0.06889704893691126
4.873697363000247,2.2058758550496176,0.07303352045460786,10,0.06889704893691126
4.874545081998804,2.2058758550496176,0.07303352045460786,10,0.06889704893691126
4.875594897996052,2.2058758550496176,0.07303352045460786,10,0.06889704893691126
4.876523134000308,2.2058758550496176,0.07303352045460786,10,0.06889704893691126
4.8774096650013234,2.2109544611929777,0.0732565322180578,10,0.07179545799514446
4.884911959998135,2.2109544611929777,0.0732565322180578,10,0.07179545799514446
4.886069578999013,2.2109544611929777,0.0732565322180578,10,0.07179545799514446
4.887109901996155,2.2109544611929777,0.0732565322180578,10,0.07179545799514446
4.888396376998571,2.2109544611929777,0.0732565322180578,10,0.07179545799514446
4.889448611000262,2.21605731279204,0.07350111339930838,10,0.07495882989912418
4.889830594998784,2.21605731279204,0.07350111339930838,10,0.07495882989912418
4.8907226779992925,2.21605731279204,0.07350111339930838,10,0.07495882989912418
4.8916270839981735,2.21605731279204,0.07350111339930838,10,0.07495882989912418
4.892461030998675,2.21605731279204,0.07350111339930838,10,0.07495882989912418
4.8932848859985825,2.21605731279204,0.07350111339930838,10,0.07495882989912418
4.894091597001534,2.21605731279204,0.07350111339930838,10,0.07495882989912418
4.8949139149990515,2.21605731279204,0.07350111339930838,10,0.07495882989912418
4.895789479996893,2.21605731279204,0.07350111339930838,10,0.07495882989912418
4.896644364001986,2.21605731279204,0.07350111339930838,10,0.07495882989912418
4.896961373000522,2.21605731279204,0.07350111339930838,10,0.07495882989912418
4.897879135001858,2.21605731279204,0.07350111339930838,10,0.07495882989912418
4.898252002996742,2.21605731279204,0.07350111339930838,10,0.07495882989912418
4.898901175998617,2.2211845018335516,0.07373941516301778,10,0.0783387273567655
4.89978713599703,2.2211845018335516,0.07373941516301778,10,0.0783387273567655
4.900662768995971,2.2211845018335516,0.07373941516301778,10,0.0783387273567655
4.901047993997054,2.2211845018335516,0.07373941516301778,10,0.0783387273567655
4.901982007999322,2.2211845018335516,0.07373941516301778,10,0.0783387273567655
4.902380234998418,2.2211845018335516,0.07373941516301778,10,0.0783387273567655
4.903331474997685,2.2211845018335516,0.07373941516301778,10,0.0783387273567655
4.904331511002965,2.2211845018335516,0.07373941516301778,10,0.0783387273567655
4.904711087001488,2.2211845018335516,0.07373941516301778,10,0.0783387273567655
4.905648435997136,2.2211845018335516,0.07373941516301778,10,0.0783387273567655
4.906574754000758,2.2211845018335516,0.07373941516301778,10,0.0783387273567655
4.907596259996353,2.2211845018335516,0.07373941516301778,10,0.0783387273567655
4.908578595001018,2.2211845018335516,0.07373941516301778,10,0.0783387273567655
4.909523893002188,2.2263335554321686,0.073999014394999,10,0.08193148955331025
4.909902596002212,2.2263335554321686,0.073999014394999,10,0.08193148955331025
4.9108257699990645,2.2263335554321686,0.073999014394999,10,0.08193148955331025
4.911832548998063,2.2263335554321686,0.073999014394999,10,0.08193148955331025
4.912734732999525,2.2263335554321686,0.073999014394999,10,0.08193148955331025
4.913641904000542,2.2263335554321686,0.073999014394999,10,0.08193148955331025
4.914496899997175,2.2273264854302037,0.07243639813121851,10,0.08147289715732246
4.91484342199692,2.2273264854302037,0.07243639813121851,10,0.08147289715732246
4.915767719001451,2.2273264854302037,0.07243639813121851,10,0.08147289715732246
4.916652785002952,2.2273264854302037,0.07243639813121851,10,0.08147289715732246
4.917543379000563,2.2273264854302037,0.07243639813121851,10,0.08147289715732246
4.918394756001362,2.2273264854302037,0.07243639813121851,10,0.08147289715732246
4.919252740000957,2.2273264854302037,0.07243639813121852,10,0.08147289715732248
4.92014328300138,2.2273264854302037,0.07243639813121852,10,0.08147289715732248
4.920984500000486,2.2273264854302037,0.07243639813121852,10,0.08147289715732248
4.9218640769977355,2.2273264854302037,0.07243639813121852,10,0.08147289715732248
4.922240555999451,2.2273264854302037,0.07243639813121852,10,0.08147289715732248
4.923264044002281,2.2273264854302037,0.07243639813121852,10,0.08147289715732248
4.924290700997517,2.232506851089759,0.07269773696516997,10,0.08532457886385615
4.925158131998614,2.232506851089759,0.07269773696516997,10,0.08532457886385615
4.925992197000596,2.232506851089759,0.07269773696516997,10,0.08532457886385615
4.926358546996198,2.232506851089759,0.07269773696516997,10,0.08532457886385615
4.927273483001045,2.232506851089759,0.07269773696516997,10,0.08532457886385615
4.9281798469965,2.232506851089759,0.07269773696516997,10,0.08532457886385615
4.929083246002847,2.232506851089759,0.07269773696516997,10,0.08532457886385615
4.929908881000301,2.232506851089759,0.07269773696516997,10,0.08532457886385615
4.9307835810031975,2.232506851089759,0.07269773696516997,10,0.08532457886385615
4.93195683399972,2.232506851089759,0.07269773696516998,10,0.08532457886385617
4.932352982999873,2.232506851089759,0.07269773696516998,10,0.08532457886385617
4.933252843002265,2.232506851089759,0.07269773696516998,10,0.08532457886385617
4.934216465000645,2.232506851089759,0.07269773696516998,10,0.08532457886385617
4.934624171000905,2.232506851089759,0.07269773696516998,10,0.08532457886385617
4.935663322998153,2.232506851089759,0.07269773696516998,10,0.08532457886385617
4.936706658998446,2.232506851089759,0.07269773696516998,10,0.08532457886385617
4.937630567001179,2.232506851089759,0.07269773696516998,10,0.08532457886385617
4.938646980001067,2.232506851089759,0.07269773696516998,10,0.08532457886385617
4.939017085998785,2.232506851089759,0.07269773696516998,10,0.08532457886385617
4.939969993996783,2.237701282470377,0.07293118242470518,10,0.08930351233112586
4.940892001002794,2.237701282470377,0.07293118242470518,10,0.08930351233112586
4.941814236997743,2.237701282470377,0.07293118242470518,10,0.08930351233112586
4.942718842998147,2.237701282470377,0.07293118242470518,10,0.08930351233112586
4.943853693002893,2.237701282470377,0.07293118242470518,10,0.08930351233112586
4.94485282599635,2.237701282470377,0.07293118242470518,10,0.08930351233112586
4.945832181001606,2.237701282470377,0.07293118242470518,10,0.08930351233112586
4.946288753002591,2.237701282470377,0.07293118242470518,10,0.08930351233112586
4.9473065069978475,2.237701282470377,0.07293118242470518,10,0.08930351233112586
4.948345707998669,2.237701282470377,0.07293118242470518,10,0.08930351233112586
4.949345535002067,2.237701282470377,0.07293118242470518,10,0.08930351233112586
4.963335638996796,2.237701282470377,0.07293118242470518,10,0.08930351233112586
4.964594832003058,2.242909474803867,0.07312476141601401,10,0.09338771650943939
4.965021317999344,2.242909474803867,0.07312476141601401,10,0.09338771650943939
4.966056215998833,2.242909474803867,0.07312476141601401,10,0.09338771650943939
4.9664552059985,2.242909474803867,0.07312476141601401,10,0.09338771650943939
4.967448156996397,2.242909474803867,0.07312476141601401,10,0.09338771650943939
4.9678768379963,2.242909474803867,0.07312476141601401,10,0.09338771650943939
4.968865827002446,2.242909474803867,0.07312476141601401,10,0.09338771650943939
4.9692771210029605,2.242909474803867,0.07312476141601401,10,0.09338771650943939
4.9702933939988725,2.242909474803867,0.07312476141601401,10,0.09338771650943939
4.970685749998665,2.242909474803867,0.07312476141601401,10,0.09338771650943939
4.971736738996697,2.242909474803867,0.073124761416014,10,0.09338771650943939
4.972141854996153,2.242909474803867,0.073124761416014,10,0.09338771650943939
4.973121609000373,2.242909474803867,0.073124761416014,10,0.09338771650943939
4.974165952997282,2.242909474803867,0.073124761416014,10,0.09338771650943939
4.974572072998853,2.242909474803867,0.073124761416014,10,0.09338771650943939
4.975601835001726,2.242909474803867,0.073124761416014,10,0.09338771650943939
4.976675375000923,2.242909474803867,0.073124761416014,10,0.09338771650943939
4.97770141500223,2.2481289745656605,0.07332515441725325,10,0.0975925147371516
4.978974767000182,2.2481289745656605,0.07332515441725325,10,0.0975925147371516
4.9800229809989105,2.2481289745656605,0.07332515441725325,10,0.0975925147371516
4.98097399299877,2.2481289745656605,0.07332515441725325,10,0.0975925147371516
4.98136577999685,2.2481289745656605,0.07332515441725325,10,0.0975925147371516
4.982408563999343,2.2481289745656605,0.07332515441725325,10,0.0975925147371516
4.983497736000572,2.2481289745656605,0.07332515441725326,10,0.0975925147371516
4.984535912997671,2.2481289745656605,0.07332515441725326,10,0.0975925147371516
4.985487468999054,2.2481289745656605,0.07332515441725326,10,0.0975925147371516
4.989119115001813,2.2481289745656605,0.07332515441725326,10,0.0975925147371516
4.989893783000298,2.2481289745656605,0.07332515441725326,10,0.0975925147371516
4.991501062999305,2.2481289745656605,0.07332515441725326,10,0.0975925147371516
4.992216981998354,2.2481289745656605,0.07332515441725326,10,0.0975925147371516
4.993733310002426,2.253359986146385,0.07351169718397792,10,0.10189278905432547
4.994698542999686,2.253359986146385,0.07351169718397792,10,0.10189278905432547
4.995095159996708,2.253359986146385,0.07351169718397792,10,0.10189278905432547
4.996155702996475,2.253359986146385,0.07351169718397792,10,0.10189278905432547
4.997189087000152,2.253359986146385,0.07351169718397792,10,0.10189278905432547
4.998182203999022,2.253359986146385,0.07351169718397792,10,0.10189278905432547
4.9986110739992,2.253359986146385,0.07351169718397792,10,0.10189278905432547
4.9997563419965445,2.253359986146385,0.07351169718397792,10,0.10189278905432547
5.000791058999312,2.253359986146385,0.07351169718397792,10,0.10189278905432547
5.001759435996064,2.253359986146385,0.07351169718397792,10,0.10189278905432547
5.002181087998906,2.253359986146385,0.07351169718397792,10,0.10189278905432547
5.003181879001204,2.253359986146385,0.07351169718397792,10,0.10189278905432547
5.004264704999514,2.253359986146385,0.07351169718397792,10,0.10189278905432547
5.005269139997836,2.258600859671412,0.07371484642542632,10,0.10629441236240668
5.006266457996389,2.258600859671412,0.07371484642542632,10,0.10629441236240668
5.007218610000564,2.258600859671412,0.07371484642542632,10,0.10629441236240668
5.007670111997868,2.258600859671412,0.07371484642542632,10,0.10629441236240668
5.008605335002358,2.258600859671412,0.07371484642542632,10,0.10629441236240668
5.009566512002493,2.258600859671412,0.07371484642542632,10,0.10629441236240668
5.009959000002709,2.258600859671412,0.07371484642542632,10,0.10629441236240668
5.010911347002548,2.258600859671412,0.0737148464254263,10,0.10629441236240668
5.011924370002816,2.258600859671412,0.0737148464254263,10,0.10629441236240668
5.01286559899745,2.258600859671412,0.0737148464254263,10,0.10629441236240668
5.013780198998575,2.258600859671412,0.0737148464254263,10,0.10629441236240668
5.014720519000548,2.258600859671412,0.0737148464254263,10,0.10629441236240668
5.015756487002363,2.2638520976129044,0.073907844508127,10,0.11077266893187003
5.016724761997466,2.2638520976129044,0.073907844508127,10,0.11077266893187003
5.017678384996543,2.2638520976129044,0.073907844508127,10,0.11077266893187003
5.018617365996761,2.2638520976129044,0.073907844508127,10,0.11077266893187003
5.019616167999629,2.2638520976129044,0.073907844508127,10,0.11077266893187003
5.020560865996231,2.2638520976129044,0.07390784450812701,10,0.11077266893187004
5.021533865001402,2.2638520976129044,0.07390784450812701,10,0.11077266893187004
5.022528725996381,2.2638520976129044,0.07390784450812701,10,0.11077266893187004
5.022935959997994,2.2638520976129044,0.07390784450812701,10,0.11077266893187004
5.023956878998433,2.2638520976129044,0.07390784450812701,10,0.11077266893187004
5.024907072001952,2.2638520976129044,0.07390784450812701,10,0.11077266893187004
5.025868049997371,2.2638520976129044,0.073907844508127,10,0.11077266893187003
5.026865305000683,2.2638520976129044,0.073907844508127,10,0.11077266893187003
5.027866903001268,2.2638520976129044,0.073907844508127,10,0.11077266893187003
5.028249985996808,2.2638520976129044,0.073907844508127,10,0.11077266893187003
5.029183710001234,2.2638520976129044,0.073907844508127,10,0.11077266893187003
5.030448874000285,2.2638520976129044,0.073907844508127,10,0.11077266893187003
5.031801167002413,2.269112149676056,0.07411884923344662,11,0.11312628670583381
5.03220168199914,2.269112149676056,0.07411884923344662,11,0.11312628670583381
5.033468624002126,2.269112149676056,0.07411884923344662,11,0.11312628670583381
5.034672980997129,2.269112149676056,0.07411884923344662,11,0.11312628670583381
5.03512627499731,2.269112149676056,0.07411884923344662,11,0.11312628670583381
5.036167017002299,2.269112149676056,0.07411884923344662,11,0.11312628670583381
5.038159365998581,2.269112149676056,0.07411884923344662,11,0.11312628670583381
5.03926193100051,2.269112149676056,0.07411884923344662,11,0.11312628670583381
5.040271270998346,2.269112149676056,0.07411884923344662,11,0.11312628670583381
5.041659506998258,2.269112149676056,0.07411884923344662,11,0.11312628670583381
5.042987004999304,2.269112149676056,0.07411884923344662,11,0.11312628670583381
5.043421517002571,2.269112149676056,0.07411884923344662,11,0.11312628670583381
5.044442498998251,2.269112149676056,0.07411884923344662,11,0.11312628670583381
5.044840684997325,2.269112149676056,0.07411884923344662,11,0.11312628670583381
5.045838694997656,2.2743816337991167,0.07432023980481385,11,0.10861037199159773
5.047028886998305,2.2743816337991167,0.07432023980481385,11,0.10861037199159773
5.04743923299975,2.2743816337991167,0.07432023980481385,11,0.10861037199159773
5.048756459997094,2.2743816337991167,0.07432023980481385,11,0.10861037199159773
5.0500100439967355,2.2743816337991167,0.07432023980481385,11,0.10861037199159773
5.051241260000097,2.2743816337991167,0.07432023980481385,11,0.10861037199159773
5.051667261002876,2.2743816337991167,0.07432023980481385,11,0.10861037199159773
5.052753160998691,2.2743816337991167,0.07432023980481385,11,0.10861037199159773
5.053733241998998,2.2743816337991167,0.07432023980481385,11,0.10861037199159773
5.0547180349967675,2.2743816337991167,0.07432023980481385,11,0.10861037199159773
5.055636117998802,2.2743816337991167,0.07432023980481385,11,0.10861037199159773
5.057271560996014,2.2743816337991167,0.07432023980481385,11,0.10861037199159773
5.058693785998912,2.2743816337991167,0.07432023980481385,11,0.10861037199159773
5.060148452997964,2.2796590148805405,0.07453984310677057,11,0.10416832288519573
5.0611364180003875,2.2796590148805405,0.07453984310677057,11,0.10416832288519573
5.0621428250015015,2.2796590148805405,0.07453984310677057,11,0.10416832288519573
5.063579303998267,2.2796590148805405,0.07453984310677057,11,0.10416832288519573
5.064657274000638,2.2796590148805405,0.07453984310677057,11,0.10416832288519573
5.065712778996385,2.279583057132251,0.07456949187495553,11,0.10424866628452954
5.067684695997741,2.279583057132251,0.07456949187495553,11,0.10424866628452954
5.0681392019978375,2.279583057132251,0.07456949187495553,11,0.10424866628452954
5.069187761000649,2.279583057132251,0.07456949187495553,11,0.10424866628452954
5.069569182996929,2.279583057132251,0.07456949187495553,11,0.10424866628452954
5.070637539000018,2.279583057132251,0.07456949187495553,11,0.10424866628452954
5.071603024000069,2.279583057132251,0.07456949187495553,11,0.10424866628452954
5.072002392997092,2.279583057132251,0.07456949187495553,11,0.10424866628452954
5.073153504999937,2.2832738397594206,0.0753796521302817,11,0.10154213672102652
5.0741762519974145,2.2832738397594206,0.0753796521302817,11,0.10154213672102652
5.075292002002243,2.2832738397594206,0.0753796521302817,11,0.10154213672102652
5.076383179999539,2.2832738397594206,0.0753796521302817,11,0.10154213672102652
5.077492110001913,2.2832738397594206,0.0753796521302817,11,0.10154213672102652
5.078463320998708,2.2832738397594206,0.0753796521302817,11,0.10154213672102652
5.079440292000072,2.2832738397594206,0.0753796521302817,11,0.10154213672102652
5.080540290000499,2.2832738397594206,0.0753796521302817,11,0.10154213672102652
5.080925456000841,2.2832738397594206,0.0753796521302817,11,0.10154213672102652
5.081904154001677,2.2832738397594206,0.0753796521302817,11,0.10154213672102652
5.082331113000691,2.2832738397594206,0.0753796521302817,11,0.10154213672102652
5.083395585999824,2.2832738397594206,0.0753796521302817,11,0.10154213672102652
5.084436120996543,2.2832738397594206,0.0753796521302817,11,0.10154213672102652
5.084827979997499,2.2832738397594206,0.0753796521302817,11,0.10154213672102652
5.085806919996685,2.2832738397594206,0.0753796521302817,11,0.10154213672102652
5.086849938001251,2.2832738397594206,0.0753796521302817,11,0.10154213672102652
5.087846966001962,2.2832738397594206,0.0753796521302817,11,0.10154213672102652
5.088814928996726,2.288562406295322,0.07559083568703598,11,0.09724830123700204
5.089768370002275,2.288562406295322,0.07559083568703598,11,0.09724830123700204
5.090205854998203,2.288562406295322,0.07559083568703598,11,0.09724830123700204
5.091246108000632,2.288562406295322,0.07559083568703598,11,0.09724830123700204
5.0922533120028675,2.288562406295322,0.07559083568703598,11,0.09724830123700204
5.093282306996116,2.288562406295322,0.07559083568703598,11,0.09724830123700204
5.0936873440005,2.288562406295322,0.07559083568703598,11,0.09724830123700204
5.094666668999707,2.288562406295322,0.07559083568703598,11,0.09724830123700204
5.095723156999156,2.288562406295322,0.07559083568703598,11,0.09724830123700204
5.096740626999235,2.288562406295322,0.07559083568703598,11,0.09724830123700204
5.097757709001598,2.288562406295322,0.07559083568703598,11,0.09724830123700204
5.098164632996486,2.288562406295322,0.07559083568703598,11,0.09724830123700204
5.099142346996814,2.288562406295322,0.07559083568703598,11,0.09724830123700204
5.100150649996067,2.288562406295322,0.07559083568703598,11,0.09724830123700204
5.10120467699744,2.2938555307476483,0.0757923115932839,11,0.09304800831835505
5.1021847980009625,2.2938555307476483,0.0757923115932839,11,0.09304800831835505
5.103142678999575,2.2938555307476483,0.0757923115932839,11,0.09304800831835505
5.1041694919986185,2.2938555307476483,0.0757923115932839,11,0.09304800831835505
5.1051305680011865,2.2991519134915337,0.0760119215386677,11,0.08897359476536253
5.106076864001807,2.2991519134915337,0.0760119215386677,11,0.08897359476536253
5.106454957000096,2.2991519134915337,0.0760119215386677,11,0.08897359476536253
5.107366591997561,2.2991519134915337,0.0760119215386677,11,0.08897359476536253
5.107805091000046,2.2991519134915337,0.0760119215386677,11,0.08897359476536253
5.108782319002785,2.2991519134915337,0.0760119215386677,11,0.08897359476536253
5.1097384199965745,2.2991519134915337,0.0760119215386677,11,0.08897359476536253
5.110659764999582,2.2991519134915337,0.0760119215386677,11,0.08897359476536253
5.111611273998278,2.2991519134915337,0.0760119215386677,11,0.08897359476536253
5.112575829996786,2.2991519134915337,0.0760119215386677,11,0.08897359476536253
5.113570945999527,2.2991519134915337,0.0760119215386677,11,0.08897359476536253
5.114543554002012,2.2991519134915337,0.0760119215386677,11,0.08897359476536253
5.114940065002884,2.2991519134915337,0.0760119215386677,11,0.08897359476536253
5.115954273001989,2.2991519134915337,0.0760119215386677,11,0.08897359476536253
5.11698806899949,2.3044524809490725,0.07622183368943647,11,0.08502501159477406
5.118042396003148,2.3044524809490725,0.07622183368943647,11,0.08502501159477406
5.119049296998128,2.3044524809490725,0.07622183368943647,11,0.08502501159477406
5.120056808998925,2.3044524809490725,0.07622183368943647,11,0.08502501159477406
5.120993274998909,2.3044524809490725,0.07622183368943647,11,0.08502501159477406
5.121385655002086,2.3044524809490725,0.07622183368943647,11,0.08502501159477406
5.122301130002597,2.3044524809490725,0.07622183368943647,11,0.08502501159477406
5.123263023997424,2.3044524809490725,0.07622183368943647,11,0.08502501159477406
5.12370014499902,2.3044524809490725,0.07622183368943647,11,0.08502501159477406
5.124670404002245,2.3044524809490725,0.07622183368943647,11,0.08502501159477406
5.125660254001559,2.3044524809490725,0.07622183368943647,11,0.08502501159477406
5.126626049997867,2.3044524809490725,0.07622183368943647,11,0.08502501159477406
5.127004444999329,2.3044524809490725,0.07622183368943647,11,0.08502501159477406
5.1279879700014135,2.3044524809490725,0.07622183368943647,11,0.08502501159477406
5.128964743998949,2.3044524809490725,0.07622183368943647,11,0.08502501159477406
5.129933921001793,2.3044524809490725,0.07622183368943647,11,0.08502501159477406
5.130884179998247,2.3044524809490725,0.07622183368943647,11,0.08502501159477406
5.131906556998729,2.3044524809490725,0.07622183368943647,11,0.08502501159477406
5.132897834999312,2.3097559093708493,0.07644988395912833,11,0.08124143395356942
5.133870423996996,2.3097559093708493,0.07644988395912833,11,0.08124143395356942
5.134281883001677,2.3097559093708493,0.07644988395912833,11,0.08124143395356942
5.13528734799911,2.3097559093708493,0.07644988395912833,11,0.08124143395356942
5.135759479002445,2.3097559093708493,0.07644988395912833,11,0.08124143395356942
5.136847078996652,2.3097559093708493,0.07644988395912833,11,0.08124143395356942
5.137946224996995,2.3097559093708493,0.07644988395912833,11,0.08124143395356942
5.139010140999744,2.3097559093708493,0.07644988395912833,11,0.08124143395356942
5.140062591002788,2.3097559093708493,0.07644988395912833,11,0.08124143395356942
5.140455902001122,2.3097559093708493,0.07644988395912833,11,0.08124143395356942
5.141421813001216,2.3097559093708493,0.07644988395912833,11,0.08124143395356942
5.142423974000849,2.3097559093708493,0.07644988395912833,11,0.08124143395356942
5.143386228999589,2.3097559093708493,0.07644988395912833,11,0.08124143395356942
5.144417367999267,2.3150631855191057,0.07666824074289769,11,0.07762696490396374
5.145375139996759,2.3150631855191057,0.07666824074289769,11,0.07762696490396374
5.14630325500184,2.3150631855191057,0.07666824074289769,11,0.07762696490396374
5.147258359997068,2.3150631855191057,0.07666824074289769,11,0.07762696490396374
5.148253425002622,2.3150631855191057,0.07666824074289769,11,0.07762696490396374
5.1492721589966095,2.3150631855191057,0.07666824074289769,11,0.07762696490396374
5.150309644996014,2.3150631855191057,0.07666824074289769,11,0.07762696490396374
5.150710044996231,2.3150631855191057,0.07666824074289769,11,0.07762696490396374
5.151727094998932,2.3150631855191057,0.07666824074289769,11,0.07762696490396374
5.152132406998135,2.3150631855191057,0.07666824074289769,11,0.07762696490396374
5.153111512001487,2.3150631855191057,0.07666824074289769,11,0.07762696490396374
5.154077307997795,2.3150631855191057,0.07666824074289769,11,0.07762696490396374
5.155062309000641,2.3203729596215847,0.07690473714803911,11,0.07422902990642713
5.156091507997189,2.3203729596215847,0.07690473714803911,11,0.07422902990642713
5.157056331998319,2.3203729596215847,0.07690473714803911,11,0.07422902990642713
5.158002238000336,2.3203729596215847,0.07690473714803911,11,0.07422902990642713
5.1589662749975105,2.3203729596215847,0.07690473714803911,11,0.07422902990642713
5.159964462000062,2.3203729596215847,0.07690473714803911,11,0.07422902990642713
5.160937608001404,2.3203729596215847,0.07690473714803911,11,0.07422902990642713
5.161374809998961,2.3203729596215847,0.07690473714803911,11,0.07422902990642713
5.162396957995952,2.3203729596215847,0.07690473714803911,11,0.07422902990642713
5.163388663997466,2.3203729596215847,0.07690473714803911,11,0.07422902990642713
5.1644214339976315,2.3203729596215847,0.07690473714803911,11,0.07422902990642713
5.165487995996955,2.3256862771780717,0.07713154295683533,11,0.07105667496676325
5.166563204998965,2.3256862771780717,0.07713154295683533,11,0.07105667496676325
5.167588042997522,2.3256862771780717,0.07713154295683533,11,0.07105667496676325
5.168508157003089,2.3256862771780717,0.07713154295683533,11,0.07105667496676325
5.16939606500091,2.3256862771780717,0.07713154295683533,11,0.07105667496676325
5.170300796002266,2.3256862771780717,0.07713154295683533,11,0.07105667496676325
5.171192889996746,2.3256862771780717,0.07713154295683533,11,0.07105667496676325
5.1721639890020015,2.3256862771780717,0.07713154295683533,11,0.07105667496676325
5.173093274999701,2.3256862771780717,0.07713154295683533,11,0.07105667496676325
5.174176792999788,2.3256862771780717,0.07713154295683533,11,0.07105667496676325
5.175168907000625,2.330990690037418,0.07737599452522509,11,0.06817179534004911
5.175621324997337,2.330990690037418,0.07737599452522509,11,0.06817179534004911
5.176796651998302,2.330990690037418,0.07737599452522509,11,0.06817179534004911
5.177951156998461,2.330990690037418,0.07737599452522509,11,0.06817179534004911
5.178354604002379,2.330990690037418,0.07737599452522509,11,0.06817179534004911
5.179281721000734,2.330990690037418,0.07737599452522509,11,0.06817179534004911
5.18031052799779,2.330990690037418,0.07737599452522509,11,0.06817179534004911
5.180714748996252,2.330990690037418,0.07737599452522509,11,0.06817179534004911
5.181760852996376,2.330990690037418,0.07737599452522509,11,0.06817179534004911
5.182762179996644,2.330990690037418,0.07737599452522509,11,0.06817179534004911
5.183785729997908,2.330990690037418,0.07737599452522509,11,0.06817179534004911
5.18476317999739,2.330990690037418,0.07737599452522509,11,0.06817179534004911
5.1851797939962125,2.330990690037418,0.07737599452522509,11,0.06817179534004911
5.186202181997942,2.330990690037418,0.07737599452522509,11,0.06817179534004911
5.1872338539978955,2.332427800195773,0.0771460737035734,11,0.06719177973720439
5.188273284999013,2.332427800195773,0.0771460737035734,11,0.06719177973720439
5.18924832999619,2.332427800195773,0.0771460737035734,11,0.06719177973720439
5.190195698996831,2.332427800195773,0.0771460737035734,11,0.06719177973720439
5.191165775999252,2.3303209301292203,0.07689241016744516,11,0.06814597281022486
5.192233531997772,2.3303209301292203,0.07689241016744516,11,0.06814597281022486
5.193216218001908,2.3303209301292203,0.07689241016744516,11,0.06814597281022486
5.19416344199999,2.3303209301292203,0.07689241016744516,11,0.06814597281022486
5.195090094995976,2.3303209301292203,0.07689241016744516,11,0.06814597281022486
5.195474398002261,2.3303209301292203,0.07689241016744516,11,0.06814597281022486
5.196526024999912,2.3303209301292203,0.07689241016744516,11,0.06814597281022486
5.196921789000044,2.3303209301292203,0.07689241016744516,11,0.06814597281022486
5.197893368000223,2.3303209301292203,0.07689241016744516,11,0.06814597281022486
5.198946527998487,2.3303209301292203,0.07689241016744516,11,0.06814597281022486
5.199981653000577,2.3303209301292203,0.07689241016744516,11,0.06814597281022486
5.200930683997285,2.3355936852094796,0.07713840711534845,11,0.0655251407399374
5.201885305999895,2.3355936852094796,0.07713840711534845,11,0.0655251407399374
5.202824934000091,2.3355936852094796,0.07713840711534845,11,0.0655251407399374
5.203832560997398,2.3355936852094796,0.07713840711534845,11,0.0655251407399374
5.204810181996436,2.3355936852094796,0.07713840711534845,11,0.0655251407399374
5.2058475029989495,2.3355936852094796,0.07713840711534845,11,0.0655251407399374
5.206244638997305,2.3355936852094796,0.07713840711534845,11,0.0655251407399374
5.207203735997609,2.3355936852094796,0.07713840711534845,11,0.0655251407399374
5.208203141002741,2.3408554782544453,0.07737385696272067,11,0.06323255173249709
5.20914265600004,2.3408554782544453,0.07737385696272067,11,0.06323255173249709
5.210095586000534,2.3408554782544453,0.07737385696272067,11,0.06323255173249709
5.211073874001158,2.3408554782544453,0.07737385696272067,11,0.06323255173249709
5.2114684940024745,2.3408554782544453,0.07737385696272067,11,0.06323255173249709
5.2124400550019345,2.3408554782544453,0.07737385696272067,11,0.06323255173249709
5.213383686997986,2.3408554782544453,0.07737385696272067,11,0.06323255173249709
5.214349339003093,2.3408554782544453,0.07737385696272067,11,0.06323255173249709
5.215303543998743,2.3408554782544453,0.07737385696272067,11,0.06323255173249709
5.216379158002383,2.3408554782544453,0.07737385696272067,11,0.06323255173249709
5.2167947979978635,2.3408554782544453,0.07737385696272067,11,0.06323255173249709
5.217758255996159,2.3408554782544453,0.07737385696272067,11,0.06323255173249709
5.218771847998141,2.3408554782544453,0.07737385696272067,11,0.06323255173249709
5.21989376500278,2.3408554782544453,0.07737385696272067,11,0.06323255173249709
5.220907328999601,2.3408554782544453,0.07737385696272067,11,0.06323255173249709
5.221888036001474,2.3408554782544453,0.07737385696272067,11,0.06323255173249709
5.222864101997402,2.3408554782544453,0.07737385696272067,11,0.06323255173249709
5.223290490001091,2.3408554782544453,0.07737385696272067,11,0.06323255173249709
5.224401667997881,2.34610718075358,0.07762698348544064,11,0.061327993531187695
5.22542698399775,2.34610718075358,0.07762698348544064,11,0.061327993531187695
5.22581053400063,2.34610718075358,0.07762698348544064,11,0.061327993531187695
5.226841390998743,2.34610718075358,0.07762698348544064,11,0.061327993531187695
5.228170246002264,2.34610718075358,0.07762698348544064,11,0.061327993531187695
5.22905008700036,2.34610718075358,0.07762698348544064,11,0.061327993531187695
5.229322794999462,2.34610718075358,0.07762698348544064,11,0.061327993531187695
5.229937379001058,2.34610718075358,0.07762698348544064,11,0.061327993531187695
5.230705711001065,2.34610718075358,0.07762698348544064,11,0.061327993531187695
5.231707145998371,2.34610718075358,0.07762698348544064,11,0.061327993531187695
5.232772057002876,2.34610718075358,0.07762698348544064,11,0.061327993531187695
5.233784718999232,2.34610718075358,0.07762698348544064,11,0.061327993531187695
5.234718712999893,2.3513518690924475,0.07786971940629261,11,0.059818346768156144
5.2357052540028235,2.3513518690924475,0.07786971940629261,11,0.059818346768156144
5.2366535530018155,2.3513518690924475,0.07786971940629261,11,0.059818346768156144
5.237649638998846,2.3513518690924475,0.07786971940629261,11,0.059818346768156144
5.238815488999535,2.3513518690924475,0.07786971940629261,11,0.059818346768156144
5.239221058000112,2.3513518690924475,0.07786971940629261,11,0.059818346768156144
5.240273123999941,2.3513518690924475,0.07786971940629261,11,0.059818346768156144
5.241224291996332,2.3513518690924475,0.07786971940629261,11,0.059818346768156144
5.241605456001707,2.3513518690924475,0.07786971940629261,11,0.059818346768156144
5.242685457000334,2.3513518690924475,0.07786971940629261,11,0.059818346768156144
5.2438764329999685,2.3513518690924475,0.07786971940629261,11,0.059818346768156144
5.2448030520026805,2.3513518690924475,0.07786971940629261,11,0.059818346768156144
5.2458678519979,2.3513518690924475,0.07786971940629261,11,0.059818346768156144
5.2466481200026465,2.3513518690924475,0.07786971940629261,11,0.059818346768156144
5.24811828500242,2.3513518690924475,0.07786971940629261,11,0.059818346768156144
5.249151167001401,2.3513518690924475,0.07786971940629261,11,0.059818346768156144
5.250321020001138,2.3513518690924475,0.07786971940629261,11,0.059818346768156144
5.251877285001683,2.3513518690924475,0.07786971940629261,11,0.059818346768156144
5.252888429997256,2.3565896260023464,0.07813020905003279,11,0.05875957449998526
5.253278311000031,2.3565896260023464,0.07813020905003279,11,0.05875957449998526
5.254308809999202,2.3565896260023464,0.07813020905003279,11,0.05875957449998526
5.255335180998372,2.3565896260023464,0.07813020905003279,11,0.05875957449998526
5.256396734002919,2.3565896260023464,0.07813020905003279,11,0.05875957449998526
5.2573529060027795,2.3565896260023464,0.07813020905003279,11,0.05875957449998526
5.257701772003202,2.3565896260023464,0.07813020905003279,11,0.05875957449998526
5.258618220999779,2.3618229625522416,0.0783804189478334,11,0.05814653301062594
5.259623466001358,2.3618229625522416,0.0783804189478334,11,0.05814653301062594
5.260759746000986,2.3618229625522416,0.0783804189478334,11,0.05814653301062594
5.261714539003151,2.3618229625522416,0.0783804189478334,11,0.05814653301062594
5.2626755259989295,2.3618229625522416,0.0783804189478334,11,0.05814653301062594
5.263076397997793,2.3618229625522416,0.0783804189478334,11,0.05814653301062594
5.264071862002311,2.3670514298443135,0.07864843757046272,11,0.05802011877209804
5.264987132002716,2.3670514298443135,0.07864843757046272,11,0.05802011877209804
5.265937916999974,2.3670514298443135,0.07864843757046272,11,0.05802011877209804
5.266352125996491,2.3670514298443135,0.07864843757046272,11,0.05802011877209804
5.267363705999742,2.3670514298443135,0.07864843757046272,11,0.05802011877209804
5.268355243002588,2.3670514298443135,0.07864843757046272,11,0.05802011877209804
5.2693524150017765,2.3670514298443135,0.07864843757046272,11,0.05802011877209804
5.270272105997719,2.3670514298443135,0.07864843757046272,11,0.05802011877209804
5.27119304399821,2.3670514298443135,0.07864843757046272,11,0.05802011877209804
5.271613418000925,2.3670514298443135,0.07864843757046272,11,0.05802011877209804
5.272928206002689,2.3670514298443135,0.07864843757046272,11,0.05802011877209804
5.273947845998919,2.3670514298443135,0.07864843757046272,11,0.05802011877209804
5.274353923996387,2.3670514298443135,0.07864843757046272,11,0.05802011877209804
5.275304410999524,2.3670514298443135,0.07864843757046272,11,0.05802011877209804
5.276325255996198,2.3670514298443135,0.07864843757046272,11,0.05802011877209804
5.277285969001241,2.3670514298443135,0.07864843757046272,11,0.05802011877209804
5.278125095996074,2.3670514298443135,0.07864843757046272,11,0.05802011877209804
5.278977706999285,2.3670514298443135,0.07864843757046272,11,0.05802011877209804
5.279924672999186,2.372247433805276,0.0789047527845888,11,0.05835133669429474
5.280788495998422,2.372247433805276,0.0789047527845888,11,0.05835133669429474
5.2816698320020805,2.372247433805276,0.0789047527845888,11,0.05835133669429474
5.282555170997512,2.372247433805276,0.0789047527845888,11,0.05835133669429474
5.283440318999055,2.372247433805276,0.0789047527845888,11,0.05835133669429474
5.283848779996333,2.372247433805276,0.0789047527845888,11,0.05835133669429474
5.284726928999589,2.372247433805276,0.0789047527845888,11,0.05835133669429474
5.285101180998026,2.372247433805276,0.0789047527845888,11,0.05835133669429474
5.286040530001628,2.372247433805276,0.0789047527845888,11,0.05835133669429474
5.286948963002942,2.372247433805276,0.0789047527845888,11,0.05835133669429474
5.287902996999037,2.386669555254859,0.07768345062682988,11,0.0597604267431595
5.288262021000264,2.386669555254859,0.07768345062682988,11,0.0597604267431595
5.289125930998125,2.386669555254859,0.07768345062682988,11,0.0597604267431595
5.29006120700069,2.386669555254859,0.07768345062682988,11,0.0597604267431595
5.29093447500054,2.386669555254859,0.07768345062682988,11,0.0597604267431595
5.291893148001691,2.386669555254859,0.07768345062682988,11,0.0597604267431595
5.292777723996551,2.386669555254859,0.07768345062682988,11,0.0597604267431595
5.2936283870003535,2.386669555254859,0.07768345062682988,11,0.0597604267431595
5.294517474001623,2.391796757324032,0.07794968384625937,11,0.06173490267506829
5.295440964997397,2.391796757324032,0.07794968384625937,11,0.06173490267506829
5.296411841001827,2.391796757324032,0.07794968384625937,11,0.06173490267506829
5.297255516001314,2.391796757324032,0.07794968384625937,11,0.06173490267506829
5.298137129000679,2.391796757324032,0.07794968384625937,11,0.06173490267506829
5.299000968996552,2.391796757324032,0.07794968384625937,11,0.06173490267506829
5.299956279995968,2.391796757324032,0.07794968384625937,11,0.06173490267506829
5.3009083139986615,2.391796757324032,0.07794968384625937,11,0.06173490267506829
5.301289158996951,2.391796757324032,0.07794968384625937,11,0.06173490267506829
5.302287491998868,2.391796757324032,0.07794968384625937,11,0.06173490267506829
5.30270218700025,2.391796757324032,0.07794968384625937,11,0.06173490267506829
5.303824456001166,2.391796757324032,0.07794968384625937,11,0.06173490267506829
5.304731955002353,2.3968515322458184,0.07823767641442744,11,0.06404876176943973
5.305675595998764,2.3968515322458184,0.07823767641442744,11,0.06404876176943973
5.306044336997729,2.3968515322458184,0.07823767641442744,11,0.06404876176943973
5.306913909997093,2.3968515322458184,0.07823767641442744,11,0.06404876176943973
5.307832373000565,2.3968515322458184,0.07823767641442744,11,0.06404876176943973
5.308693899998616,2.3968515322458184,0.07823767641442746,11,0.06404876176943974
5.309550329999183,2.3968515322458184,0.07823767641442746,11,0.06404876176943974
5.310504066001158,2.3968515322458184,0.07823767641442746,11,0.06404876176943974
5.311365900997771,2.3968515322458184,0.07823767641442746,11,0.06404876176943974
5.311805553996237,2.3968515322458184,0.07823767641442746,11,0.06404876176943974
5.312797097001749,2.3968515322458184,0.07823767641442746,11,0.06404876176943974
5.313925862996257,2.3968515322458184,0.07823767641442746,11,0.06404876176943974
5.314388314000098,2.3968515322458184,0.07823767641442746,11,0.06404876176943974
5.315402710999479,2.401876937752388,0.07851332366765261,11,0.06664221561866504
5.316500353997981,2.401876937752388,0.07851332366765261,11,0.06664221561866504
5.317504915998143,2.401876937752388,0.07851332366765261,11,0.06664221561866504
5.317920654000773,2.401876937752388,0.07851332366765261,11,0.06664221561866504
5.31894738599658,2.401876937752388,0.07851332366765261,11,0.06664221561866504
5.319719605999126,2.401876937752388,0.07851332366765261,11,0.06664221561866504
5.320426475998829,2.401876937752388,0.07851332366765261,11,0.06664221561866504
5.320780059002573,2.401876937752388,0.07851332366765261,11,0.06664221561866504
5.321643713999947,2.401876937752388,0.07851332366765261,11,0.06664221561866504
5.322479649999877,2.401876937752388,0.07851332366765261,11,0.06664221561866504
5.323463788001391,2.401876937752388,0.07851332366765261,11,0.06664221561866504
5.324507591998554,2.401876937752388,0.07851332366765261,11,0.06664221561866504
5.325862259000132,2.406878063896106,0.07878374460943464,11,0.06948618863483084
5.326374334996217,2.406878063896106,0.07878374460943464,11,0.06948618863483084
5.327661008996074,2.406878063896106,0.07878374460943464,11,0.06948618863483084
5.328857840999262,2.406878063896106,0.07878374460943464,11,0.06948618863483084
5.329253793999669,2.406878063896106,0.07878374460943464,11,0.06948618863483084
5.329898265998054,2.406878063896106,0.07878374460943464,11,0.06948618863483084
5.330761302997416,2.406878063896106,0.07878374460943464,11,0.06948618863483084
5.331784014000732,2.406878063896106,0.07878374460943464,11,0.06948618863483084
5.332689016002405,2.406878063896106,0.07878374460943464,11,0.06948618863483084
5.3336383670030045,2.406878063896106,0.07878374460943464,11,0.06948618863483084
5.3340631460014265,2.406878063896106,0.07878374460943464,11,0.06948618863483084
5.335079154996492,2.406878063896106,0.07878374460943464,11,0.06948618863483084
5.336092890000145,2.406878063896106,0.07878374460943464,11,0.06948618863483084
5.336967169998388,2.41186426935443,0.07895031577260107,11,0.07247234567295999
5.337854261000757,2.41186426935443,0.07895031577260107,11,0.07247234567295999
5.33872669399716,2.41186426935443,0.07895031577260107,11,0.07247234567295999
5.339668904001883,2.41186426935443,0.07895031577260107,11,0.07247234567295999
5.340013439003087,2.41186426935443,0.07895031577260107,11,0.07247234567295999
5.340934011997888,2.41186426935443,0.07895031577260107,11,0.07247234567295999
5.3418195089980145,2.41186426935443,0.07895031577260107,11,0.07247234567295999
5.342694719001884,2.41186426935443,0.07895031577260107,11,0.07247234567295999
5.343584893002117,2.41186426935443,0.07895031577260107,11,0.07247234567295999
5.344432694000716,2.41186426935443,0.07895031577260107,11,0.07247234567295999
5.345270651996543,2.41186426935443,0.07895031577260107,11,0.07247234567295999
5.346098248002818,2.4168344097489642,0.07912035740360411,11,0.07566236692998579
5.346982777999074,2.4168344097489642,0.07912035740360411,11,0.07566236692998579
5.347347754999646,2.4168344097489642,0.07912035740360411,11,0.07566236692998579
5.350976994996017,2.4168344097489642,0.07912035740360411,11,0.07566236692998579
5.352198731001408,2.4168344097489642,0.07912035740360411,11,0.07566236692998579
5.3532022579966,2.4168344097489642,0.07912035740360411,11,0.07566236692998579
5.354133157998149,2.4168344097489642,0.07912035740360411,11,0.07566236692998579
5.3550442490013666,2.4168344097489642,0.07912035740360411,11,0.07566236692998579
5.356475649001368,2.4168344097489642,0.07912035740360411,11,0.07566236692998579
5.357947440999851,2.4168344097489642,0.07912035740360411,11,0.07566236692998579
5.358858733001398,2.4168344097489642,0.07912035740360411,11,0.07566236692998579
5.359830520996184,2.4217915406558492,0.07929314117419688,11,0.0790300695445978
5.360803040995961,2.4217915406558492,0.07929314117419688,11,0.0790300695445978
5.361186492002162,2.4217915406558492,0.07929314117419688,11,0.0790300695445978
5.361873003996152,2.4217915406558492,0.07929314117419688,11,0.0790300695445978
5.362157115996524,2.4217915406558492,0.07929314117419688,11,0.0790300695445978
5.362865353003144,2.4217915406558492,0.07929314117419688,11,0.0790300695445978
5.3632045129998005,2.4217915406558492,0.07929314117419688,11,0.0790300695445978
5.36431947699748,2.4217915406558492,0.07929314117419688,11,0.0790300695445978
5.365218567996635,2.4217915406558492,0.07929314117419688,11,0.0790300695445978
5.36599137000303,2.4217915406558492,0.07929314117419688,11,0.0790300695445978
5.366670242001419,2.4217915406558492,0.07929314117419688,11,0.0790300695445978
5.3669403469975805,2.4217915406558492,0.07929314117419688,11,0.0790300695445978
5.367608542997914,2.4217915406558492,0.07929314117419688,11,0.0790300695445978
5.368370964002679,2.4217915406558492,0.07929314117419688,11,0.0790300695445978
5.369354296999518,2.4267380860249457,0.07946952361945524,11,0.08255369615402945
5.370313523002551,2.4267380860249457,0.07946952361945524,11,0.08255369615402945
5.371321649996389,2.4267380860249457,0.07946952361945524,11,0.08255369615402945
5.371835749996535,2.4267380860249457,0.07946952361945524,11,0.08255369615402945
5.3728401490006945,2.4267380860249457,0.07946952361945524,11,0.08255369615402945
5.373829953001405,2.4267380860249457,0.07946952361945524,11,0.08255369615402945
5.374748711998109,2.4267380860249457,0.07946952361945524,11,0.08255369615402945
5.375119121999887,2.4267380860249457,0.07946952361945524,11,0.08255369615402945
5.375883241998963,2.4267380860249457,0.07946952361945524,11,0.08255369615402945
5.376633109000977,2.4267380860249457,0.07946952361945524,11,0.08255369615402945
5.3773381409992,2.4267380860249457,0.07946952361945524,11,0.08255369615402945
5.378221430000849,2.4267380860249457,0.07946952361945524,11,0.08255369615402945
5.379085874999873,2.4267380860249457,0.07946952361945524,11,0.08255369615402945
5.380057139998826,2.4267380860249457,0.07946952361945524,11,0.08255369615402945
5.38092265999876,2.4267380860249457,0.07946952361945524,11,0.08255369615402945
5.381802058996982,2.4267380860249457,0.07946952361945524,11,0.08255369615402945
5.382687963996432,2.431689547636315,0.0796492565723425,11,0.08622346561302485
5.3866425969972624,2.431689547636315,0.0796492565723425,11,0.08622346561302485
5.387112083000829,2.431689547636315,0.0796492565723425,11,0.08622346561302485
5.388173457002267,2.431689547636315,0.0796492565723425,11,0.08622346561302485
5.392206481999892,2.431689547636315,0.0796492565723425,11,0.08622346561302485
5.3933758979983395,2.431689547636315,0.0796492565723425,11,0.08622346561302485
5.393792918002873,2.431689547636315,0.0796492565723425,11,0.08622346561302485
5.394750034000026,2.4318029280832527,0.08095982307666451,11,0.08720726865734699
5.395773866002855,2.4318029280832527,0.08095982307666451,11,0.08720726865734699
5.396138413001609,2.4318029280832527,0.08095982307666451,11,0.08720726865734699
5.397016142000211,2.4318029280832527,0.08095982307666451,11,0.08720726865734699
5.397916410001926,2.4318029280832527,0.08095982307666451,11,0.08720726865734699
5.398808822996216,2.4318029280832527,0.08095982307666451,11,0.08720726865734699
5.399762888999248,2.4318029280832527,0.08095982307666451,11,0.08720726865734699
5.400810081002419,2.4318029280832527,0.08095982307666451,11,0.08720726865734699
5.40181873900292,2.4318029280832527,0.08095982307666451,11,0.08720726865734699
5.4021344799984945,2.4318029280832527,0.08095982307666451,11,0.08720726865734699
5.4029528589962865,2.4318029280832527,0.08095982307666451,11,0.08720726865734699
5.4040184339974076,2.4367900144137478,0.08116993536180618,11,0.09101478874807149
5.404421582003124,2.4367900144137478,0.08116993536180618,11,0.09101478874807149
5.405408115002501,2.4367900144137478,0.08116993536180618,11,0.09101478874807149
5.406252911001502,2.4367900144137478,0.08116993536180618,11,0.09101478874807149
5.4071941139991395,2.4367900144137478,0.08116993536180618,11,0.09101478874807149
5.407942899997579,2.4367900144137478,0.08116993536180618,11,0.09101478874807149
5.4082006239987095,2.4367900144137478,0.08116993536180618,11,0.09101478874807149
5.409066763000737,2.4367900144137478,0.08116993536180618,11,0.09101478874807149
5.409861549997004,2.4367900144137478,0.08116993536180618,11,0.09101478874807149
5.410490836002282,2.4367900144137478,0.08116993536180618,11,0.09101478874807149
5.411163356002362,2.441788180703946,0.0814980419394772,11,0.09501614429705445
5.41142883199791,2.441788180703946,0.0814980419394772,11,0.09501614429705445
5.4123213150014635,2.441788180703946,0.08149804193947718,11,0.09501614429705445
5.41299439699651,2.441788180703946,0.08149804193947718,11,0.09501614429705445
5.413239392997639,2.441788180703946,0.08149804193947718,11,0.09501614429705445
5.413851106000948,2.441788180703946,0.08149804193947718,11,0.09501614429705445
5.414696170002571,2.441788180703946,0.08149804193947718,11,0.09501614429705445
5.415702042999328,2.441788180703946,0.0814980419394772,11,0.09501614429705445
5.416625990001194,2.441788180703946,0.0814980419394772,11,0.09501614429705445
5.4175917739994475,2.441788180703946,0.0814980419394772,11,0.09501614429705445
5.4179503900013515,2.441788180703946,0.0814980419394772,11,0.09501614429705445
5.418875982002646,2.441788180703946,0.0814980419394772,11,0.09501614429705445
5.419962025996938,2.441788180703946,0.0814980419394772,11,0.09501614429705445
5.420998128000065,2.441788180703946,0.0814980419394772,11,0.09501614429705445
5.421964041997853,2.441788180703946,0.0814980419394772,11,0.09501614429705445
5.422905592000461,2.4468035810969444,0.08181339447732129,11,0.0991148329626483
5.423795968003105,2.4468035810969444,0.08181339447732129,11,0.0991148329626483
5.424060842997278,2.4468035810969444,0.08181339447732129,11,0.0991148329626483
5.424914107003133,2.4468035810969444,0.08181339447732129,11,0.0991148329626483
5.425797069998225,2.4468035810969444,0.08181339447732129,11,0.0991148329626483
5.426643394996063,2.4468035810969444,0.08181339447732129,11,0.0991148329626483
5.427605479002523,2.4468035810969444,0.08181339447732128,11,0.0991148329626483
5.428332882998802,2.4468035810969444,0.08181339447732128,11,0.0991148329626483
5.429139332998602,2.4468035810969444,0.08181339447732128,11,0.0991148329626483
5.429462013999,2.4468035810969444,0.08181339447732128,11,0.0991148329626483
5.43001239199657,2.4468035810969444,0.08181339447732128,11,0.0991148329626483
5.4306015690017375,2.4468035810969444,0.08181339447732128,11,0.0991148329626483
5.431452466000337,2.4518334969595137,0.0821460858272944,11,0.1033173853016424
5.432537284999853,2.4518334969595137,0.0821460858272944,11,0.1033173853016424
5.433579718999681,2.4518334969595137,0.0821460858272944,11,0.1033173853016424
5.434413975999632,2.4518334969595137,0.0821460858272944,11,0.1033173853016424
5.434797955000249,2.4518334969595137,0.0821460858272944,11,0.1033173853016424
5.435851347996504,2.4518334969595137,0.0821460858272944,11,0.1033173853016424
5.436788373001036,2.4518334969595137,0.0821460858272944,11,0.1033173853016424
5.437515760000679,2.4518334969595137,0.0821460858272944,11,0.1033173853016424
5.438197229996149,2.4518334969595137,0.0821460858272944,11,0.1033173853016424
5.438854350999463,2.4518334969595137,0.0821460858272944,11,0.1033173853016424
5.440470310000819,2.4518334969595137,0.0821460858272944,11,0.1033173853016424
5.44085655699746,2.4518334969595137,0.0821460858272944,11,0.1033173853016424
5.442566245001217,2.4568789402769484,0.08246902123312978,11,0.10759909003462885
5.443768348995945,2.4568789402769484,0.08246902123312978,11,0.10759909003462885
5.444668135998654,2.4568789402769484,0.08246902123312978,11,0.10759909003462885
5.445016730001953,2.4568789402769484,0.08246902123312978,11,0.10759909003462885
5.445865198998945,2.4568789402769484,0.08246902123312978,11,0.10759909003462885
5.446973874997639,2.4619373582529116,0.08281034401284872,11,0.11196637762579348
5.4482781309998245,2.4619373582529116,0.08281034401284872,11,0.11196637762579348
5.449382004000654,2.4619373582529116,0.08281034401284872,11,0.11196637762579348
5.449761695999769,2.4619373582529116,0.08281034401284872,11,0.11196637762579348
5.450727488998382,2.4619373582529116,0.08281034401284872,11,0.11196637762579348
5.45190363599977,2.4619373582529116,0.08281034401284872,11,0.11196637762579348
5.4640133819993935,2.4619373582529116,0.08281034401284872,11,0.11196637762579348
5.465289515996119,2.467009911381878,0.08314227865164471,12,0.11171226769238754
5.465730124000402,2.467009911381878,0.08314227865164471,12,0.11171226769238754
5.466708626001491,2.467009911381878,0.08314227865164471,12,0.11171226769238754
5.467085129996121,2.467009911381878,0.08314227865164471,12,0.11171226769238754
5.468099099001847,2.467009911381878,0.08314227865164471,12,0.11171226769238754
5.468502700998215,2.467009911381878,0.08314227865164471,12,0.11171226769238754
5.469463599998562,2.467009911381878,0.08314227865164471,12,0.11171226769238754
5.469807155997842,2.467009911381878,0.08314227865164471,12,0.11171226769238754
5.47067861600226,2.467009911381878,0.08314227865164471,12,0.11171226769238754
5.4716008879986475,2.467009911381878,0.08314227865164471,12,0.11171226769238754
5.47249800300051,2.467009911381878,0.08314227865164471,12,0.11171226769238754
5.4733598769962555,2.467009911381878,0.08314227865164471,12,0.11171226769238754
5.474228692997713,2.467009911381878,0.08314227865164471,12,0.11171226769238754
5.4751016500013066,2.4720940899628294,0.08349270717139524,12,0.10727798171455795
5.477590046997648,2.4720940899628294,0.08349270717139524,12,0.10727798171455795
5.478825247002533,2.4720940899628294,0.08349270717139524,12,0.10727798171455795
5.47983677299635,2.4720940899628294,0.08349270717139524,12,0.10727798171455795
5.48071365999931,2.4720940899628294,0.08349270717139524,12,0.10727798171455795
5.481565690002753,2.4720940899628294,0.08349270717139526,12,0.10727798171455796
5.482492262002779,2.4720940899628294,0.08349270717139526,12,0.10727798171455796
5.482852499000728,2.4720940899628294,0.08349270717139526,12,0.10727798171455796
5.483789885001897,2.4720940899628294,0.08349270717139526,12,0.10727798171455796
5.484689643999445,2.4720940899628294,0.08349270717139526,12,0.10727798171455796
5.485679183999309,2.477176918078241,0.0838328129809202,12,0.10290142249889375
5.4864412120005,2.477176918078241,0.0838328129809202,12,0.10290142249889375
5.48712641900056,2.477176918078241,0.0838328129809202,12,0.10290142249889375
5.4875846700015245,2.477176918078241,0.0838328129809202,12,0.10290142249889375
5.488601183998981,2.477176918078241,0.0838328129809202,12,0.10290142249889375
5.489764587000536,2.4830696136338033,0.08404861173593052,12,0.09782673931856624
5.490958410999156,2.4830696136338033,0.08404861173593052,12,0.09782673931856624
5.491910119999375,2.4830696136338033,0.08404861173593052,12,0.09782673931856624
5.492207308001525,2.4830696136338033,0.08404861173593052,12,0.09782673931856624
5.492941645003157,2.4830696136338033,0.08404861173593052,12,0.09782673931856624
5.493789015003131,2.4830696136338033,0.08404861173593052,12,0.09782673931856624
5.494407813996077,2.484669361859632,0.08377448035729118,12,0.0962998635815783
5.494640545999573,2.484669361859632,0.08377448035729118,12,0.0962998635815783
5.4952104019976105,2.484669361859632,0.08377448035729118,12,0.0962998635815783
5.49612751800305,2.484669361859632,0.08377448035729118,12,0.0962998635815783
5.496768243996485,2.484669361859632,0.08377448035729118,12,0.0962998635815783
5.4970132329981425,2.484669361859632,0.08377448035729118,12,0.0962998635815783
5.497838278002746,2.4917027942103065,0.08376132260905392,12,0.09025147965058879
5.498808809003094,2.4917027942103065,0.08376132260905392,12,0.09025147965058879
5.499825453996891,2.4917027942103065,0.08376132260905392,12,0.09025147965058879
5.500642462997348,2.492351391560036,0.08364664586368858,12,0.08964065153686354
5.5009684749966254,2.492351391560036,0.08364664586368858,12,0.08964065153686354
5.501593718996446,2.492351391560036,0.08364664586368858,12,0.08964065153686354
5.5023836649997975,2.492351391560036,0.08364664586368858,12,0.08964065153686354
5.503360137998243,2.492351391560036,0.08364664586368858,12,0.08964065153686354
5.5043738710010075,2.492351391560036,0.08364664586368858,12,0.08964065153686354
5.505275782998069,2.492351391560036,0.08364664586368857,12,0.08964065153686353
5.505635276000248,2.492351391560036,0.08364664586368857,12,0.08964065153686353
5.506579695000255,2.492351391560036,0.08364664586368857,12,0.08964065153686353
5.507546715998615,2.492351391560036,0.08364664586368857,12,0.08964065153686353
5.508454691000225,2.492351391560036,0.08364664586368857,12,0.08964065153686353
5.509297873002652,2.492351391560036,0.08364664586368857,12,0.08964065153686353
5.5101441020015045,2.49739695335728,0.08398819712914932,12,0.08559812932649592
5.510979751998093,2.49739695335728,0.08398819712914932,12,0.08559812932649592
5.511883229999512,2.49739695335728,0.08398819712914932,12,0.08559812932649592
5.5122337130014785,2.49739695335728,0.08398819712914932,12,0.08559812932649592
5.513059357996099,2.49739695335728,0.08398819712914932,12,0.08559812932649592
5.51389761199971,2.49739695335728,0.08398819712914932,12,0.08559812932649592
5.514742865001608,2.49739695335728,0.08398819712914932,12,0.08559812932649592
5.5150657709964435,2.49739695335728,0.08398819712914932,12,0.08559812932649592
5.515934438997647,2.49739695335728,0.08398819712914932,12,0.08559812932649592
5.51683049499843,2.49739695335728,0.08398819712914932,12,0.08559812932649592
5.517759834998287,2.49739695335728,0.08398819712914932,12,0.08559812932649592
5.518700879001699,2.49739695335728,0.08398819712914932,12,0.08559812932649592
5.519634035001218,2.49739695335728,0.08398819712914932,12,0.08559812932649592
5.5205656309990445,2.49739695335728,0.08398819712914932,12,0.08559812932649592
5.5214619300022605,2.49739695335728,0.08398819712914932,12,0.08559812932649592
5.522308608997264,2.49739695335728,0.08398819712914932,12,0.08559812932649592
5.522688917997584,2.49739695335728,0.08398819712914932,12,0.08559812932649592
5.5235696520030615,2.5024352429250407,0.08431876410679251,12,0.0816681039821579
5.524499220002326,2.5024352429250407,0.08431876410679251,12,0.0816681039821579
5.524845464999089,2.5024352429250407,0.08431876410679251,12,0.0816681039821579
5.5258995149997645,2.5024352429250407,0.08431876410679251,12,0.0816681039821579
5.526770293996378,2.5024352429250407,0.08431876410679251,12,0.0816681039821579
5.527664260000165,2.5024352429250407,0.08431876410679251,12,0.0816681039821579
5.528505417998531,2.507465875640322,0.08466673988208248,12,0.07788408180144542
5.528842355997767,2.507465875640322,0.08466673988208248,12,0.07788408180144542
5.529679690000194,2.507465875640322,0.08466673988208248,12,0.07788408180144542
5.530534322002495,2.507465875640322,0.08466673988208248,12,0.07788408180144542
5.531384731002618,2.507465875640322,0.08466673988208248,12,0.07788408180144542
5.532263415996567,2.507465875640322,0.08466673988208248,12,0.07788408180144542
5.533140460000141,2.507465875640322,0.08466673988208247,12,0.0778840818014454
5.534073057002388,2.507465875640322,0.08466673988208247,12,0.0778840818014454
5.53483739499643,2.507465875640322,0.08466673988208247,12,0.0778840818014454
5.535108201002004,2.507465875640322,0.08466673988208247,12,0.0778840818014454
5.535804400002235,2.507465875640322,0.08466673988208247,12,0.0778840818014454
5.536544194997987,2.507465875640322,0.08466673988208247,12,0.0778840818014454
5.5374981819986715,2.512491995291037,0.08500390867017482,12,0.07424610008343697
5.538449298001069,2.512491995291037,0.08500390867017482,12,0.07424610008343697
5.5393444759974955,2.512491995291037,0.08500390867017482,12,0.07424610008343697
5.539787868998246,2.512491995291037,0.08500390867017482,12,0.07424610008343697
5.540556127001764,2.512491995291037,0.08500390867017482,12,0.07424610008343697
5.541357549001987,2.512491995291037,0.08500390867017482,12,0.07424610008343697
5.542516986999544,2.512491995291037,0.08500390867017481,12,0.07424610008343696
5.542817153997021,2.512491995291037,0.08500390867017481,12,0.07424610008343696
5.543673576998117,2.512491995291037,0.08500390867017481,12,0.07424610008343696
5.54441811000288,2.512491995291037,0.08500390867017481,12,0.07424610008343696
5.544659344996035,2.512491995291037,0.08500390867017481,12,0.07424610008343696
5.545245490000525,2.517512656274581,0.08535859242806429,12,0.07079596984268757
5.545963454998855,2.517512656274581,0.08535859242806429,12,0.07079596984268757
5.546844882002915,2.517512656274581,0.08535859242806429,12,0.07079596984268757
5.547766848001629,2.517512656274581,0.08535859242806429,12,0.07079596984268757
5.548587211997074,2.517512656274581,0.08535859242806429,12,0.07079596984268757
5.549461472000985,2.517512656274581,0.08535859242806429,12,0.07079596984268757
5.550369748998492,2.517512656274581,0.08535859242806429,12,0.07079596984268757
5.551235560997156,2.517512656274581,0.08535859242806429,12,0.07079596984268757
5.5522539599987795,2.517512656274581,0.08535859242806429,12,0.07079596984268757
5.553199670997856,2.517512656274581,0.08535859242806429,12,0.07079596984268757
5.554112730998895,2.517512656274581,0.08535859242806429,12,0.07079596984268757
5.554486282002472,2.517512656274581,0.08535859242806429,12,0.07079596984268757
5.555389499000739,2.517512656274581,0.08535859242806429,12,0.07079596984268757
5.556347215999267,2.517512656274581,0.08535859242806429,12,0.07079596984268757
5.55727039300109,2.517512656274581,0.08535859242806429,12,0.07079596984268757
5.558165239002847,2.517512656274581,0.08535859242806429,12,0.07079596984268757
5.559087627996632,2.5225306188233647,0.08570258600432562,12,0.06753892386223462
5.560060386000259,2.5225306188233647,0.08570258600432562,12,0.06753892386223462
5.56096293200244,2.5225306188233647,0.08570258600432562,12,0.06753892386223462
5.561911908000184,2.5225306188233647,0.08570258600432562,12,0.06753892386223462
5.562846897002601,2.5225306188233647,0.08570258600432562,12,0.06753892386223462
5.563774700000067,2.527525323149901,0.08604080793414612,12,0.06452022249656765
5.564644632002455,2.527525323149901,0.08604080793414612,12,0.06452022249656765
5.565442820996395,2.527525323149901,0.08604080793414612,12,0.06452022249656765
5.566318798002612,2.527525323149901,0.08604080793414612,12,0.06452022249656765
5.567208171996754,2.527525323149901,0.08604080793414612,12,0.06452022249656765
5.568159267000738,2.527525323149901,0.08604080793414612,12,0.06452022249656765
5.5692287830024725,2.527525323149901,0.08604080793414612,12,0.06452022249656765
5.569707347000076,2.527525323149901,0.08604080793414612,12,0.06452022249656765
5.570818831001816,2.527525323149901,0.08604080793414612,12,0.06452022249656765
5.571955619998334,2.527525323149901,0.08604080793414612,12,0.06452022249656765
5.572336085002462,2.527525323149901,0.08604080793414612,12,0.06452022249656765
5.573408283002209,2.527525323149901,0.08604080793414612,12,0.06452022249656765
5.574414212998818,2.5324866934981807,0.08627420772940719,12,0.06169425268855763
5.574810065998463,2.5324866934981807,0.08627420772940719,12,0.06169425268855763
5.575632421001501,2.5324866934981807,0.08627420772940719,12,0.06169425268855763
5.576241342001595,2.5324866934981807,0.08627420772940719,12,0.06169425268855763
5.5768796729971655,2.5324866934981807,0.08627420772940719,12,0.06169425268855763
5.577473366000049,2.5324866934981807,0.08627420772940719,12,0.06169425268855763
5.578114639996784,2.5324866934981807,0.08627420772940719,12,0.06169425268855763
5.578746443003183,2.5324866934981807,0.08627420772940719,12,0.06169425268855763
5.579064252997341,2.5324866934981807,0.08627420772940719,12,0.06169425268855763
5.580016339001304,2.5324866934981807,0.08627420772940719,12,0.06169425268855763
5.580646112000977,2.5324866934981807,0.08627420772940719,12,0.06169425268855763
5.581410439997853,2.5324866934981807,0.08627420772940719,12,0.06169425268855763
5.58168576600292,2.5324866934981807,0.08627420772940719,12,0.06169425268855763
5.582271530998696,2.537415907143016,0.08651004914806701,12,0.059169874876051375
5.582853207997687,2.537415907143016,0.08651004914806701,12,0.059169874876051375
5.5836924579998595,2.537415907143016,0.08651004914806701,12,0.059169874876051375
5.584677446000569,2.537415907143016,0.08651004914806701,12,0.059169874876051375
5.585610290996556,2.537415907143016,0.08651004914806701,12,0.059169874876051375
5.5864825769967865,2.537415907143016,0.08651004914806701,12,0.059169874876051375
5.587454116001027,2.537415907143016,0.08651004914806701,12,0.059169874876051375
5.588391876997775,2.537415907143016,0.08651004914806701,12,0.059169874876051375
5.588760630998877,2.537415907143016,0.08651004914806701,12,0.059169874876051375
5.5896706209969125,2.537415907143016,0.08651004914806701,12,0.059169874876051375
5.590611261002778,2.537415907143016,0.08651004914806701,12,0.059169874876051375
5.591596010999638,2.537415907143016,0.08651004914806701,12,0.059169874876051375
5.592482724998263,2.537415907143016,0.08651004914806701,12,0.059169874876051375
5.592894610002986,2.537415907143016,0.08651004914806701,12,0.059169874876051375
5.5938684069988085,2.537415907143016,0.08651004914806701,12,0.059169874876051375
5.594834527997591,2.537415907143016,0.08651004914806701,12,0.059169874876051375
5.595740632998059,2.537415907143016,0.08651004914806701,12,0.059169874876051375
5.596595882001566,2.5423190825649367,0.08674777248679108,12,0.05697557831698793
5.59744870600116,2.5423190825649367,0.08674777248679108,12,0.05697557831698793
5.598370229003194,2.5423190825649367,0.08674777248679108,12,0.05697557831698793
5.599300023997785,2.5423190825649367,0.08674777248679108,12,0.05697557831698793
5.600617518000945,2.5423190825649367,0.08674777248679108,12,0.05697557831698793
5.601256818998081,2.5423190825649367,0.08674777248679108,12,0.05697557831698793
5.601998831996752,2.5423190825649367,0.08674777248679108,12,0.05697557831698793
5.6029179679972,2.5423190825649367,0.08674777248679108,12,0.05697557831698793
5.603903757997614,2.5423190825649367,0.08674777248679108,12,0.05697557831698793
5.604807206997066,2.5423190825649367,0.08674777248679108,12,0.05697557831698793
5.60569019200193,2.5423190825649367,0.08674777248679108,12,0.05697557831698793
5.606552384000679,2.535645989308441,0.08616138298159834,12,0.05982051521723424
5.607435218000319,2.535645989308441,0.08616138298159834,12,0.05982051521723424
5.6083707159996266,2.535645989308441,0.08616138298159834,12,0.05982051521723424
5.608765477998531,2.535645989308441,0.08616138298159834,12,0.05982051521723424
5.609738366001693,2.535645989308441,0.08616138298159834,12,0.05982051521723424
5.610109886001737,2.535645989308441,0.08616138298159834,12,0.05982051521723424
5.6106990490006865,2.535645989308441,0.08616138298159834,12,0.05982051521723424
5.611407632000919,2.535645989308441,0.08616138298159834,12,0.05982051521723424
5.612253592997149,2.535645989308441,0.08616138298159834,12,0.05982051521723424
5.612906265996571,2.535645989308441,0.08616138298159834,12,0.05982051521723424
5.613537764002103,2.535645989308441,0.08616138298159834,12,0.05982051521723424
5.614236914996582,2.535645989308441,0.08616138298159834,12,0.05982051521723424
5.6144934379990445,2.535645989308441,0.08616138298159834,12,0.05982051521723424
5.615117620996898,2.5405125650957716,0.08636778388589425,12,0.05748907877006817
5.615784415997041,2.5405125650957716,0.08636778388589425,12,0.05748907877006817
5.616372587996011,2.5405125650957716,0.08636778388589425,12,0.05748907877006817
5.617138469002384,2.5405125650957716,0.08636778388589425,12,0.05748907877006817
5.617795854996075,2.5405125650957716,0.08636778388589425,12,0.05748907877006817
5.618730834001326,2.5405125650957716,0.08636778388589425,12,0.05748907877006817
5.619654625996191,2.5405125650957716,0.08636778388589425,12,0.05748907877006817
5.620052161000785,2.5405125650957716,0.08636778388589425,12,0.05748907877006817
5.620999043996562,2.5405125650957716,0.08636778388589425,12,0.05748907877006817
5.621966318001796,2.5405125650957716,0.08636778388589425,12,0.05748907877006817
5.62291472099605,2.5405125650957716,0.08636778388589425,12,0.05748907877006817
5.623291520001658,2.5405125650957716,0.08636778388589425,12,0.05748907877006817
5.624238935000903,2.545365226443682,0.08657741785735767,12,0.055496951989757924
5.625278897998214,2.545365226443682,0.08657741785735767,12,0.055496951989757924
5.625962803002039,2.545365226443682,0.08657741785735767,12,0.055496951989757924
5.626287077997404,2.545365226443682,0.08657741785735767,12,0.055496951989757924
5.62713687899668,2.545365226443682,0.08657741785735767,12,0.055496951989757924
5.6280547580026905,2.545365226443682,0.08657741785735767,12,0.055496951989757924
5.628894941000908,2.545365226443682,0.08657741785735767,12,0.055496951989757924
5.629759980001836,2.545365226443682,0.08657741785735767,12,0.055496951989757924
5.630628106999211,2.545365226443682,0.08657741785735767,12,0.055496951989757924
5.631496290996438,2.545365226443682,0.08657741785735767,12,0.055496951989757924
5.632392159997835,2.545365226443682,0.08657741785735767,12,0.055496951989757924
5.63324342299893,2.545365226443682,0.08657741785735767,12,0.055496951989757924
5.634144101997663,2.545365226443682,0.08657741785735767,12,0.055496951989757924
5.635013576000347,2.545365226443682,0.08657741785735767,12,0.055496951989757924
5.6360046549962135,2.545365226443682,0.08657741785735767,12,0.055496951989757924
5.636852158997499,2.545365226443682,0.08657741785735767,12,0.055496951989757924
5.637787282998033,2.550206620382597,0.08678960795221077,12,0.05387653419960654
5.638195719002397,2.550206620382597,0.08678960795221077,12,0.05387653419960654
5.639122230000794,2.550206620382597,0.08678960795221077,12,0.05387653419960654
5.6401211749980575,2.550206620382597,0.08678960795221077,12,0.05387653419960654
5.641009525003028,2.550206620382597,0.08678960795221077,12,0.05387653419960654
5.641894059997867,2.550206620382597,0.08678960795221077,12,0.05387653419960654
5.642791528996895,2.550206620382597,0.08678960795221077,12,0.05387653419960654
5.643735338002443,2.550206620382597,0.08678960795221077,12,0.05387653419960654
5.644084915998974,2.550206620382597,0.08678960795221077,12,0.05387653419960654
5.644964377999713,2.550206620382597,0.08678960795221077,12,0.05387653419960654
5.646023763998528,2.550206620382597,0.08678960795221077,12,0.05387653419960654
5.646900933003053,2.550206620382597,0.08678960795221077,12,0.05387653419960654
5.648170672997367,2.5550388299736886,0.0870051854478315,12,0.05265935185115107
5.649042873003054,2.5550388299736886,0.0870051854478315,12,0.05265935185115107
5.64995556500071,2.5550388299736886,0.0870051854478315,12,0.05265935185115107
5.651065805002872,2.5550388299736886,0.0870051854478315,12,0.05265935185115107
5.652182671998162,2.5550388299736886,0.0870051854478315,12,0.05265935185115107
5.652633901001536,2.5550388299736886,0.0870051854478315,12,0.05265935185115107
5.653692551000859,2.5550388299736886,0.0870051854478315,12,0.05265935185115107
5.654702829000598,2.5550388299736886,0.0870051854478315,12,0.05265935185115107
5.655125281002256,2.5550388299736886,0.0870051854478315,12,0.05265935185115107
5.6562348829975235,2.5550388299736886,0.0870051854478315,12,0.05265935185115107
5.6572310339979595,2.5550388299736886,0.0870051854478315,12,0.05265935185115107
5.658440303996031,2.5550388299736886,0.0870051854478315,12,0.05265935185115107
5.659622769002453,2.5598457759145687,0.08722263982875347,12,0.05187240377954296
5.6600214740028605,2.5598457759145687,0.08722263982875347,12,0.05187240377954296
5.660946381998656,2.5598457759145687,0.08722263982875347,12,0.05187240377954296
5.661920849001035,2.5598457759145687,0.08722263982875347,12,0.05187240377954296
5.6628290959997685,2.5598457759145687,0.08722263982875347,12,0.05187240377954296
5.6631928509959835,2.5598457759145687,0.08722263982875347,12,0.05187240377954296
5.664125543000409,2.5598457759145687,0.08722263982875347,12,0.05187240377954296
5.6650120909980615,2.5598457759145687,0.08722263982875347,12,0.05187240377954296
5.665867281997635,2.5598457759145687,0.08722263982875347,12,0.05187240377954296
5.666734765996807,2.5598457759145687,0.08722263982875347,12,0.05187240377954296
5.667695714000729,2.5598457759145687,0.08722263982875347,12,0.05187240377954296
5.668573782997555,2.5598457759145687,0.08722263982875347,12,0.05187240377954296
5.669439099001465,2.5598457759145687,0.08722263982875347,12,0.05187240377954296
5.670579017998534,2.5598457759145687,0.08722263982875347,12,0.05187240377954296
5.671610844001407,2.5598457759145687,0.08722263982875347,12,0.05187240377954296
5.671980772000097,2.5598457759145687,0.08722263982875347,12,0.05187240377954296
5.672983110001951,2.5598457759145687,0.08722263982875347,12,0.05187240377954296
5.673418521997519,2.5598457759145687,0.08722263982875347,12,0.05187240377954296
5.674354709997715,2.5598457759145687,0.08722263982875347,12,0.05187240377954296
5.675267024002096,2.5646143777062984,0.0874420623318127,12,0.051529383967654406
5.675662747999013,2.5646143777062984,0.0874420623318127,12,0.051529383967654406
5.677335626001877,2.5646143777062984,0.0874420623318127,12,0.051529383967654406
5.678288745999453,2.5646143777062984,0.0874420623318127,12,0.051529383967654406
5.679151090000232,2.5646143777062984,0.0874420623318127,12,0.051529383967654406
5.680350401999021,2.5646143777062984,0.0874420623318127,12,0.051529383967654406
5.681303584002308,2.5646143777062984,0.0874420623318127,12,0.051529383967654406
5.681961233000038,2.5646143777062984,0.0874420623318127,12,0.051529383967654406
5.682259018001787,2.5646143777062984,0.0874420623318127,12,0.051529383967654406
5.683123534996412,2.5646143777062984,0.0874420623318127,12,0.051529383967654406
5.684025891998317,2.5646143777062984,0.0874420623318127,12,0.051529383967654406
5.684952117000648,2.5693519310018913,0.08766297724559557,12,0.05162821233884803
5.685850800997287,2.5693519310018913,0.08766297724559557,12,0.05162821233884803
5.686704945001111,2.5693519310018913,0.08766297724559557,12,0.05162821233884803
5.687609232998511,2.5693519310018913,0.08766297724559557,12,0.05162821233884803
5.688501757002086,2.5693519310018913,0.08766297724559557,12,0.05162821233884803
5.689371697000752,2.5693519310018913,0.08766297724559557,12,0.05162821233884803
5.689717834000476,2.5693519310018913,0.08766297724559557,12,0.05162821233884803
5.69060534399614,2.57406428184801,0.08788632872818333,12,0.052159520020283574
5.690958022001723,2.57406428184801,0.08788632872818333,12,0.052159520020283574
5.691808014002163,2.57406428184801,0.08788632872818333,12,0.052159520020283574
5.692770533001749,2.57406428184801,0.08788632872818333,12,0.052159520020283574
5.6935081080009695,2.57406428184801,0.08788632872818333,12,0.052159520020283574
5.693755385997065,2.57406428184801,0.08788632872818333,12,0.052159520020283574
5.69434099499631,2.57406428184801,0.08788632872818333,12,0.052159520020283574
5.694882384996163,2.57406428184801,0.08788632872818333,12,0.052159520020283574
5.695415602996945,2.57406428184801,0.08788632872818333,12,0.052159520020283574
5.6960738569978275,2.57406428184801,0.08788632872818333,12,0.052159520020283574
5.69683610300126,2.57406428184801,0.08788632872818333,12,0.052159520020283574
5.6975157799970475,2.57406428184801,0.08788632872818333,12,0.052159520020283574
5.6977491630023,2.57406428184801,0.08788632872818333,12,0.052159520020283574
5.6985038359998725,2.578128096173868,0.08708049523095225,12,0.051971201659506354
5.699438383002416,2.578128096173868,0.08708049523095225,12,0.051971201659506354
5.700286232000508,2.578128096173868,0.08708049523095225,12,0.051971201659506354
5.700962711998727,2.578128096173868,0.08708049523095225,12,0.051971201659506354
5.701679983001668,2.578128096173868,0.08708049523095225,12,0.051971201659506354
5.702088954996725,2.578128096173868,0.08708049523095225,12,0.051971201659506354
5.702703454000584,2.578128096173868,0.08708049523095225,12,0.051971201659506354
5.703378635997069,2.578128096173868,0.08708049523095225,12,0.051971201659506354
5.704081458003202,2.578128096173868,0.08708049523095225,12,0.051971201659506354
5.704673984000692,2.578128096173868,0.08708049523095225,12,0.051971201659506354
5.70552870699612,2.578128096173868,0.08708049523095225,12,0.051971201659506354
5.705891589997918,2.578128096173868,0.08708049523095225,12,0.051971201659506354
5.706783171001007,2.578128096173868,0.08708049523095225,12,0.051971201659506354
5.707704738000757,2.578128096173868,0.08708049523095225,12,0.051971201659506354
5.708624491999217,2.578128096173868,0.08708049523095225,12,0.051971201659506354
5.709494032002112,2.578128096173868,0.08708049523095225,12,0.051971201659506354
5.710343605001981,2.578128096173868,0.08708049523095225,12,0.051971201659506354
5.710682277996966,2.578128096173868,0.08708049523095225,12,0.051971201659506354
5.711600378002913,2.5828034917041984,0.08730770911382406,12,0.05327217733410325
5.712466365002911,2.5828034917041984,0.08730770911382406,12,0.05327217733410325
5.713316057997872,2.5828034917041984,0.08730770911382406,12,0.05327217733410325
5.714159092000045,2.5828034917041984,0.08730770911382406,12,0.05327217733410325
5.714513558996259,2.5828034917041984,0.08730770911382406,12,0.05327217733410325
5.715394421000383,2.5828034917041984,0.08730770911382406,12,0.05327217733410325
5.716405909995956,2.587465456969591,0.0875370947159518,12,0.05493973759217916
5.717287303996272,2.587465456969591,0.0875370947159518,12,0.05493973759217916
5.718154752001283,2.587465456969591,0.0875370947159518,12,0.05493973759217916
5.7190944899994065,2.587465456969591,0.0875370947159518,12,0.05493973759217916
5.7200602809971315,2.587465456969591,0.0875370947159518,12,0.05493973759217916
5.720931675998145,2.5921164844755786,0.08776945662607467,12,0.05694018524498857
5.721790907002287,2.5921164844755786,0.08776945662607467,12,0.05694018524498857
5.722558378998656,2.5921164844755786,0.08776945662607467,12,0.05694018524498857
5.723111138999229,2.5921164844755786,0.08776945662607467,12,0.05694018524498857
5.723762251000153,2.5921164844755786,0.08776945662607467,12,0.05694018524498857
5.723985817996436,2.5921164844755786,0.08776945662607467,12,0.05694018524498857
5.724805411999114,2.5921164844755786,0.08776945662607467,12,0.05694018524498857
5.72569798999757,2.5921164844755786,0.08776945662607467,12,0.05694018524498857
5.726571243001672,2.5921164844755786,0.08776945662607467,12,0.05694018524498857
5.72691764299816,2.5921164844755786,0.08776945662607467,12,0.05694018524498857
5.72781757300254,2.5921164844755786,0.08776945662607467,12,0.05694018524498857
5.728678790997947,2.5921164844755786,0.08776945662607467,12,0.05694018524498857
5.729523921996588,2.5967586553164894,0.08800417571729809,12,0.05923772154153697
5.730369716999121,2.5967586553164894,0.08800417571729809,12,0.05923772154153697
5.731207919998269,2.5967586553164894,0.08800417571729809,12,0.05923772154153697
5.732095419996767,2.5967586553164894,0.08800417571729809,12,0.05923772154153697
5.73295002499799,2.5967586553164894,0.08800417571729809,12,0.05923772154153697
5.733412611996755,2.5967586553164894,0.08800417571729809,12,0.05923772154153697
5.73449705800158,2.5967586553164894,0.08800417571729809,12,0.05923772154153697
5.734936164000828,2.5967586553164894,0.08800417571729809,12,0.05923772154153697
5.736096902001009,2.5967586553164894,0.08800417571729809,12,0.05923772154153697
5.737126913001703,2.5967586553164894,0.08800417571729809,12,0.05923772154153697
5.737954570999136,2.5967586553164894,0.08800417571729809,12,0.05923772154153697
5.738370564999059,2.5967586553164894,0.08800417571729809,12,0.05923772154153697
5.739361865002138,2.5967586553164894,0.08800417571729809,12,0.05923772154153697
5.740448739998101,2.5967586553164894,0.08800417571729809,12,0.05923772154153697
5.741569088997494,2.5967586553164894,0.08800417571729809,12,0.05923772154153697
5.7420064699981594,2.5967586553164894,0.08800417571729809,12,0.05923772154153697
5.743011190003017,2.5967586553164894,0.08800417571729809,12,0.05923772154153697
5.743982425003196,2.5967586553164894,0.08800417571729809,12,0.05923772154153697
5.744941206001386,2.6013935906099253,0.0882420185187703,12,0.061798766653988174
5.745308853998722,2.6013935906099253,0.0882420185187703,12,0.061798766653988174
5.746228056996188,2.6013935906099253,0.0882420185187703,12,0.061798766653988174
5.747183949002647,2.6013935906099253,0.0882420185187703,12,0.061798766653988174
5.748144343000604,2.6013935906099253,0.0882420185187703,12,0.061798766653988174
5.748497423999652,2.6013935906099253,0.0882420185187703,12,0.061798766653988174
5.749384073998954,2.6013935906099253,0.0882420185187703,12,0.061798766653988174
5.75029834399902,2.6013935906099253,0.0882420185187703,12,0.061798766653988174
5.751163572997029,2.6013935906099253,0.0882420185187703,12,0.061798766653988174
5.752049852999335,2.6013935906099253,0.0882420185187703,12,0.061798766653988174
5.752952000002551,2.6013935906099253,0.0882420185187703,12,0.061798766653988174
5.753829663997749,2.6013935906099253,0.0882420185187703,12,0.061798766653988174
5.754740889999084,2.6013935906099253,0.0882420185187703,12,0.061798766653988174
5.755686568001693,2.6060226670550994,0.08848234422372543,12,0.0645907446130157
5.756649135000771,2.6060226670550994,0.08848234422372543,12,0.0645907446130157
5.757015643997875,2.6060226670550994,0.08848234422372543,12,0.0645907446130157
5.757875481998781,2.6060226670550994,0.08848234422372543,12,0.0645907446130157
5.75871683099831,2.6060226670550994,0.08848234422372543,12,0.0645907446130157
5.759578484998201,2.6060226670550994,0.08848234422372543,12,0.0645907446130157
5.760412919997179,2.6060226670550994,0.08848234422372545,12,0.06459074461301571
5.761239633000514,2.6060226670550994,0.08848234422372545,12,0.06459074461301571
5.762071295001078,2.6060226670550994,0.08848234422372545,12,0.06459074461301571
5.762913730002765,2.6060226670550994,0.08848234422372545,12,0.06459074461301571
5.763767231001111,2.6060226670550994,0.08848234422372545,12,0.06459074461301571
5.764618070999859,2.6106617638668355,0.08872667965791471,12,0.0675950025506417
5.765490949001105,2.6106617638668355,0.08872667965791471,12,0.0675950025506417
5.765846925001824,2.6106617638668355,0.08872667965791471,12,0.0675950025506417
5.766616038999928,2.6106617638668355,0.08872667965791471,12,0.0675950025506417
5.766955926002993,2.6106617638668355,0.08872667965791471,12,0.0675950025506417
5.767807199001254,2.6106617638668355,0.08872667965791471,12,0.0675950025506417
5.7687165980023565,2.6106617638668355,0.08872667965791471,12,0.0675950025506417
5.769625688000815,2.6106617638668355,0.08872667965791471,12,0.0675950025506417
5.770635431996197,2.6106617638668355,0.08872667965791471,12,0.0675950025506417
5.77163043100154,2.6106617638668355,0.08872667965791471,12,0.0675950025506417
5.772233734998736,2.6106617638668355,0.08872667965791471,12,0.0675950025506417
5.773412650996761,2.6106617638668355,0.08872667965791471,12,0.0675950025506417
5.774428479002381,2.6106617638668355,0.08872667965791471,12,0.0675950025506417
5.774875597999198,2.6106617638668355,0.08872667965791471,12,0.0675950025506417
5.7759967660022085,2.6153256236004,0.08897513613276388,12,0.07079640137622054
5.776875887000642,2.6153256236004,0.08897513613276388,12,0.07079640137622054
5.777623046000372,2.6153256236004,0.08897513613276388,12,0.07079640137622054
5.778211005999765,2.6153256236004,0.08897513613276388,12,0.07079640137622054
5.778465930001403,2.6153256236004,0.08897513613276388,12,0.07079640137622054
5.779183289996581,2.6153256236004,0.08897513613276388,12,0.07079640137622054
5.779996452001797,2.6153256236004,0.08897513613276388,12,0.07079640137622054
5.780643878002593,2.6153256236004,0.08897513613276388,12,0.07079640137622054
5.780878700003086,2.6153256236004,0.08897513613276388,12,0.07079640137622054
5.78142375999596,2.6153256236004,0.08897513613276388,12,0.07079640137622054
5.781957794999471,2.6153256236004,0.08897513613276388,12,0.07079640137622054
5.782616978001897,2.6153256236004,0.08897513613276388,12,0.07079640137622054
5.783257616996707,2.6153256236004,0.08897513613276388,12,0.07079640137622054
5.78400566700293,2.6153256236004,0.08897513613276388,12,0.07079640137622054
5.784272313001566,2.6153256236004,0.08897513613276388,12,0.07079640137622054
5.784960769000463,2.6153256236004,0.08897513613276388,12,0.07079640137622054
5.786022745996888,2.6153256236004,0.08897513613276388,12,0.07079640137622054
5.787139499996556,2.6153256236004,0.08897513613276388,12,0.07079640137622054
5.788133736001328,2.620012980513605,0.08922911990740286,12,0.07417425632181482
5.789039864001097,2.620012980513605,0.08922911990740286,12,0.07417425632181482
5.78941083799873,2.620012980513605,0.08922911990740286,12,0.07417425632181482
5.7933191470001475,2.620012980513605,0.08922911990740286,12,0.07417425632181482
5.794372213997121,2.620012980513605,0.08922911990740286,12,0.07417425632181482
5.795271094997588,2.620012980513605,0.08922911990740286,12,0.07417425632181482
5.796149037996656,2.620012980513605,0.08922911990740286,12,0.07417425632181482
5.7970071119998465,2.620012980513605,0.08922911990740286,12,0.07417425632181482
5.797899001998303,2.620012980513605,0.08922911990740286,12,0.07417425632181482
5.798808307001309,2.620012980513605,0.08922911990740286,12,0.07417425632181482
5.799631057001534,2.620012980513605,0.08922911990740286,12,0.07417425632181482
5.800480496000091,2.6263308090350206,0.09005221334666141,12,0.07926712441441389
5.801358944998356,2.6263308090350206,0.09005221334666141,12,0.07926712441441389
5.802246004997869,2.6263308090350206,0.09005221334666141,12,0.07926712441441389
5.804537536998396,2.6263308090350206,0.09005221334666141,12,0.07926712441441389
5.8048838789982256,2.6263308090350206,0.09005221334666141,12,0.07926712441441389
5.805525069998112,2.6263308090350206,0.09005221334666141,12,0.07926712441441389
5.80607652800245,2.630794068912365,0.09161375763888928,12,0.08361959890688314
5.806769960996462,2.630794068912365,0.09161375763888928,12,0.08361959890688314
5.807709715998499,2.630794068912365,0.09161375763888928,12,0.08361959890688314
5.808575905000907,2.630794068912365,0.09161375763888928,12,0.08361959890688314
5.809573450998869,2.630794068912365,0.09161375763888928,12,0.08361959890688314
5.810531155002536,2.638993348430374,0.09307930709655698,12,0.09082485936414439
5.811409399997501,2.638993348430374,0.09307930709655698,12,0.09082485936414439
5.81229808399803,2.638993348430374,0.09307930709655698,12,0.09082485936414439
5.812639007002872,2.638993348430374,0.09307930709655698,12,0.09082485936414439
5.813475499002379,2.638993348430374,0.09307930709655698,12,0.09082485936414439
5.813867293996736,2.638993348430374,0.09307930709655698,12,0.09082485936414439
5.814802567998413,2.638993348430374,0.09307930709655698,12,0.09082485936414439
5.815083189998404,2.638993348430374,0.09307930709655698,12,0.09082485936414439
5.81571235100273,2.638993348430374,0.09307930709655698,12,0.09082485936414439
5.81639462900057,2.638993348430374,0.09307930709655698,12,0.09082485936414439
5.817285896002431,2.638993348430374,0.09307930709655698,12,0.09082485936414439
5.8181274739981745,2.638993348430374,0.09307930709655698,12,0.09082485936414439
5.819235684997693,2.638993348430374,0.09307930709655698,12,0.09082485936414439
5.819797354000912,2.638993348430374,0.09307930709655698,12,0.09082485936414439
5.820799998000439,2.6437453030101037,0.09333718458747903,12,0.09472589852525638
5.82147939800052,2.6437453030101037,0.09333718458747903,12,0.09472589852525638
5.821716131998983,2.6437453030101037,0.09333718458747903,12,0.09472589852525638
5.822700206001173,2.6437453030101037,0.09333718458747903,12,0.09472589852525638
5.823920937000366,2.6437453030101037,0.09333718458747903,12,0.09472589852525638
5.824868900002912,2.6437453030101037,0.09333718458747903,12,0.09472589852525638
5.825270995999745,2.6437453030101037,0.09333718458747903,12,0.09472589852525638
5.825930929000606,2.6437453030101037,0.09333718458747903,12,0.09472589852525638
5.826523696996446,2.6437453030101037,0.09333718458747903,12,0.09472589852525638
5.827228062997165,2.6437453030101037,0.09333718458747903,12,0.09472589852525638
5.827922424999997,2.6437453030101037,0.09333718458747903,12,0.09472589852525638
5.828262499002449,2.6437453030101037,0.09333718458747903,12,0.09472589852525638
5.829139034001855,2.6437453030101037,0.09333718458747903,12,0.09472589852525638
5.830000495996501,2.6437453030101037,0.09333718458747903,12,0.09472589852525638
5.83089943700179,2.6437453030101037,0.09333718458747903,12,0.09472589852525638
5.83184061099746,2.6437453030101037,0.09333718458747903,12,0.09472589852525638
5.832741671001713,2.6437453030101037,0.09333718458747903,12,0.09472589852525638
5.833627990003151,2.6437453030101037,0.09333718458747903,12,0.09472589852525638
5.834530453001207,2.6485164994412864,0.09360127655249137,12,0.09872149413139404
5.835444122996705,2.6485164994412864,0.09360127655249137,12,0.09872149413139404
5.836401287000626,2.6485164994412864,0.09360127655249137,12,0.09872149413139404
5.837270989002718,2.6485164994412864,0.09360127655249137,12,0.09872149413139404
5.838194885000121,2.6485164994412864,0.09360127655249137,12,0.09872149413139404
5.839072028000373,2.6485164994412864,0.09360127655249137,12,0.09872149413139404
5.840067955999984,2.6485164994412864,0.09360127655249137,12,0.09872149413139404
5.840950726997107,2.6485164994412864,0.09360127655249137,12,0.09872149413139404
5.841845623996051,2.6485164994412864,0.09360127655249137,12,0.09872149413139404
5.842805218999274,2.6485164994412864,0.09360127655249137,12,0.09872149413139404
5.843784448996303,2.6533059582370586,0.09387233881604135,12,0.10280296361381908
5.844151012999646,2.6533059582370586,0.09387233881604135,12,0.10280296361381908
5.8450705080031184,2.6533059582370586,0.09387233881604135,12,0.10280296361381908
5.845422731996223,2.6533059582370586,0.09387233881604135,12,0.10280296361381908
5.84636418500304,2.6533059582370586,0.09387233881604135,12,0.10280296361381908
5.846652269996412,2.6533059582370586,0.09387233881604135,12,0.10280296361381908
5.847582048001641,2.6533059582370586,0.09387233881604135,12,0.10280296361381908
5.847982476996549,2.6533059582370586,0.09387233881604135,12,0.10280296361381908
5.84890999700292,2.6533059582370586,0.09387233881604135,12,0.10280296361381908
5.849800527998013,2.6533059582370586,0.09387233881604135,12,0.10280296361381908
5.850700504997803,2.6533059582370586,0.09387233881604135,12,0.10280296361381908
5.851727891997143,2.6533059582370586,0.09387233881604135,12,0.10280296361381908
5.852089820997207,2.6533059582370586,0.09387233881604135,12,0.10280296361381908
5.852930371998809,2.6533059582370586,0.09387233881604135,12,0.10280296361381908
5.853845603996888,2.6533059582370586,0.09387233881604135,12,0.10280296361381908
5.854716896996251,2.658112827435952,0.09414963742943788,12,0.10696186914157844
5.855655530001968,2.658112827435952,0.09414963742943788,12,0.10696186914157844
5.856554746002075,2.658112827435952,0.09414963742943788,12,0.10696186914157844
5.857539999000437,2.658112827435952,0.09414963742943788,12,0.10696186914157844
5.857969630000298,2.658112827435952,0.09414963742943788,12,0.10696186914157844
5.859123825997813,2.658112827435952,0.09414963742943788,12,0.10696186914157844
5.8603334259969415,2.658112827435952,0.09414963742943788,12,0.10696186914157844
5.861313244000485,2.658112827435952,0.09414963742943788,12,0.10696186914157844
5.862169635001919,2.658112827435952,0.09414963742943788,12,0.10696186914157844
5.862563479000528,2.658112827435952,0.09414963742943788,12,0.10696186914157844
5.8635696679994,2.658112827435952,0.09414963742943788,12,0.10696186914157844
5.86461855199741,2.658112827435952,0.09414963742943788,12,0.10696186914157844
5.865141529997345,2.658112827435952,0.09414963742943788,12,0.10696186914157844
5.866207981998741,2.662936211494449,0.09443393652464985,13,0.11014493095243262
5.867206472001271,2.662936211494449,0.09443393652464985,13,0.11014493095243262
5.868223190998833,2.662936211494449,0.09443393652464985,13,0.11014493095243262
5.8692775270028505,2.662936211494449,0.09443393652464985,13,0.11014493095243262
5.869669368003088,2.662936211494449,0.09443393652464985,13,0.11014493095243262
5.870608949997404,2.662936211494449,0.09443393652464985,13,0.11014493095243262
5.871603145002155,2.662936211494449,0.09443393652464985,13,0.11014493095243262
5.8725173589991755,2.662936211494449,0.09443393652464985,13,0.11014493095243262
5.873384534999786,2.662936211494449,0.09443393652464985,13,0.11014493095243262
5.874246523002512,2.662936211494449,0.09443393652464985,13,0.11014493095243262
5.875109868000436,2.662936211494449,0.09443393652464985,13,0.11014493095243262
5.876018436996674,2.662936211494449,0.09443393652464985,13,0.11014493095243262
5.876857201001258,2.662936211494449,0.09443393652464985,13,0.11014493095243262
5.87769628699607,2.662936211494449,0.09443393652464985,13,0.11014493095243262
5.8828040750013315,2.6677725482268637,0.09472431923341915,13,0.10569852214998965
5.88714544299728,2.6677725482268637,0.09472431923341915,13,0.10569852214998965
5.887789291002264,2.6677725482268637,0.09472431923341915,13,0.10569852214998965
5.88912179399631,2.6677725482268637,0.09472431923341915,13,0.10569852214998965
5.889531902001181,2.6677725482268637,0.09472431923341915,13,0.10569852214998965
5.89049956099916,2.6677725482268637,0.09472431923341915,13,0.10569852214998965
5.891448171998491,2.672618356948378,0.09502138184244974,13,0.10128233996546149
5.891890885002795,2.672618356948378,0.09502138184244974,13,0.10128233996546149
5.893183047999628,2.672618356948378,0.09502138184244974,13,0.10128233996546149
5.8980423219982185,2.672618356948378,0.09502138184244974,13,0.10128233996546149
5.899864209997759,2.672618356948378,0.09502138184244974,13,0.10128233996546149
5.900839408997854,2.672618356948378,0.09502138184244974,13,0.10128233996546149
5.901225292000163,2.672618356948378,0.09502138184244974,13,0.10128233996546149
5.902146125001309,2.672618356948378,0.09502138184244974,13,0.10128233996546149
5.902561413000512,2.672618356948378,0.09502138184244974,13,0.10128233996546149
5.903515543002868,2.677473207781772,0.09532436433641042,13,0.09690210100322356
5.9039233139992575,2.677473207781772,0.09532436433641042,13,0.09690210100322356
5.904741917001957,2.677473207781772,0.09532436433641042,13,0.09690210100322356
5.905656830997032,2.682336598337248,0.09563403869769471,13,0.09256516339579283
5.906049698998686,2.682336598337248,0.09563403869769471,13,0.09256516339579283
5.9069591220031725,2.682336598337248,0.09563403869769471,13,0.09256516339579283
5.907933604998107,2.682336598337248,0.09563403869769471,13,0.09256516339579283
5.9089041339975665,2.682336598337248,0.09563403869769471,13,0.09256516339579283
5.91000704599719,2.682336598337248,0.09563403869769471,13,0.09256516339579283
5.910833283000102,2.682336598337248,0.09563403869769471,13,0.09256516339579283
5.91183404000185,2.682336598337248,0.09563403869769471,13,0.09256516339579283
5.912243202001264,2.682336598337248,0.09563403869769471,13,0.09256516339579283
5.913175002999196,2.682336598337248,0.09563403869769471,13,0.09256516339579283
5.91354532600235,2.682336598337248,0.09563403869769471,13,0.09256516339579283
5.917685945998528,2.682336598337248,0.09563403869769471,13,0.09256516339579283
5.918757690997154,2.687208144454258,0.09594963783078592,13,0.08827940537434839
5.9191513109981315,2.687208144454258,0.09594963783078592,13,0.08827940537434839
5.920111494000594,2.687208144454258,0.09594963783078592,13,0.08827940537434839
5.921002178998606,2.687208144454258,0.09594963783078592,13,0.08827940537434839
5.925342886002909,2.687208144454258,0.09594963783078592,13,0.08827940537434839
5.925748084002407,2.687208144454258,0.09594963783078592,13,0.08827940537434839
5.926762189999863,2.692087383041362,0.09627193782351215,13,0.08405490823125877
5.93029025800206,2.692087383041362,0.09627193782351215,13,0.08405490823125877
5.931580247000966,2.692087383041362,0.09627193782351215,13,0.08405490823125877
5.931997701998625,2.692087383041362,0.09627193782351215,13,0.08405490823125877
5.932970214002125,2.692087383041362,0.09627193782351215,13,0.08405490823125877
5.933606063001207,2.6911955889335606,0.09596141652222874,13,0.08470784728766578
5.933826913998928,2.6911955889335606,0.09596141652222874,13,0.08470784728766578
5.934607907001919,2.6911955889335606,0.09596141652222874,13,0.08470784728766578
5.935407518001739,2.6911955889335606,0.09596141652222874,13,0.08470784728766578
5.936376628997095,2.6911955889335606,0.09596141652222874,13,0.08470784728766578
5.937295855001139,2.6911955889335606,0.09596141652222874,13,0.08470784728766578
5.937648865998199,2.6911955889335606,0.09596141652222874,13,0.08470784728766578
5.938519176001137,2.6941638665026524,0.09562451241555486,13,0.08191356371986148
5.939406847995997,2.6941638665026524,0.09562451241555486,13,0.08191356371986148
5.9403283770006965,2.6941638665026524,0.09562451241555486,13,0.08191356371986148
5.940673265999067,2.6941638665026524,0.09562451241555486,13,0.08191356371986148
5.941543918001116,2.6941638665026524,0.09562451241555486,13,0.08191356371986148
5.942439712998748,2.6941638665026524,0.09562451241555486,13,0.08191356371986148
5.943305127999338,2.6941638665026524,0.09562451241555486,13,0.08191356371986148
5.944322265000665,2.6941638665026524,0.09562451241555486,13,0.08191356371986148
5.94516734899662,2.6941638665026524,0.09562451241555486,13,0.08191356371986148
5.945530138997128,2.6941638665026524,0.09562451241555486,13,0.08191356371986148
5.946438416001911,2.699057193363128,0.09596212554030692,13,0.07777361850744174
5.9474218579998706,2.699057193363128,0.09596212554030692,13,0.07777361850744174
5.9484682100010104,2.699057193363128,0.09596212554030692,13,0.07777361850744174
5.949445346996072,2.699057193363128,0.09596212554030692,13,0.07777361850744174
5.949847755997325,2.699057193363128,0.09596212554030692,13,0.07777361850744174
5.950917916998151,2.699057193363128,0.09596212554030692,13,0.07777361850744174
5.952024778001942,2.699057193363128,0.09596212554030692,13,0.07777361850744174
5.965802820996032,2.699057193363128,0.09596212554030692,13,0.07777361850744174
5.967018864997954,2.7088632948716076,0.09665593020156066,13,0.06978601329465757
5.967505428001459,2.7088632948716076,0.09665593020156066,13,0.06978601329465757
5.968620441002713,2.7088632948716076,0.09665593020156066,13,0.06978601329465757
5.969057852002152,2.7088632948716076,0.09665593020156066,13,0.06978601329465757
5.970365287997993,2.7088632948716076,0.09665593020156066,13,0.06978601329465757
5.971411769001861,2.7088632948716076,0.09665593020156066,13,0.06978601329465757
5.972526249999646,2.7088632948716076,0.09665593020156066,13,0.06978601329465757
5.973666088000755,2.7088632948716076,0.09665593020156066,13,0.06978601329465757
5.97468544000003,2.7088632948716076,0.09665593020156066,13,0.06978601329465757
5.9751072239960195,2.7088632948716076,0.09665593020156066,13,0.06978601329465757
5.976110723997408,2.7088632948716076,0.09665593020156066,13,0.06978601329465757
5.977178244997049,2.7088632948716076,0.09665593020156066,13,0.06978601329465757
5.978152196999872,2.7088632948716076,0.09665593020156066,13,0.06978601329465757
5.979115198999352,2.7137606148357674,0.09701103921636509,13,0.0659886102928805
5.979553589997522,2.7137606148357674,0.09701103921636509,13,0.0659886102928805
5.980446688001393,2.7137606148357674,0.09701103921636509,13,0.0659886102928805
5.981388512002013,2.7137606148357674,0.09701103921636509,13,0.0659886102928805
5.982390750999912,2.7137606148357674,0.09701103921636509,13,0.0659886102928805
5.983449931998621,2.718636315181421,0.09737080256116831,13,0.06236646453611578
5.984535299998242,2.718636315181421,0.09737080256116831,13,0.06236646453611578
5.984934271000384,2.718636315181421,0.09737080256116831,13,0.06236646453611578
5.985898124003143,2.718636315181421,0.09737080256116831,13,0.06236646453611578
5.986842867001542,2.718636315181421,0.09737080256116831,13,0.06236646453611578
5.987816875996941,2.718636315181421,0.09737080256116831,13,0.06236646453611578
5.988206797999737,2.718636315181421,0.09737080256116831,13,0.06236646453611578
5.989174066999112,2.718636315181421,0.09737080256116831,13,0.06236646453611578
5.990200154999911,2.718636315181421,0.09737080256116831,13,0.06236646453611578
5.990600318000361,2.718636315181421,0.09737080256116831,13,0.06236646453611578
5.991594109997095,2.718636315181421,0.09737080256116831,13,0.06236646453611578
5.992789176001679,2.718636315181421,0.09737080256116831,13,0.06236646453611578
5.997987198003102,2.723494476809067,0.0977346731672267,13,0.058943241639677464
5.998561751002853,2.723494476809067,0.0977346731672267,13,0.058943241639677464
5.999673395002901,2.723494476809067,0.0977346731672267,13,0.058943241639677464
6.000708031999238,2.723494476809067,0.0977346731672267,13,0.058943241639677464
6.001681631001702,2.723494476809067,0.0977346731672267,13,0.058943241639677464
6.00599559800321,2.723494476809067,0.0977346731672267,13,0.058943241639677464
6.009245592002117,2.723494476809067,0.0977346731672267,13,0.058943241639677464
6.010530933002883,2.723494476809067,0.0977346731672267,13,0.058943241639677464
6.010942120999971,2.723494476809067,0.0977346731672267,13,0.058943241639677464
6.0120134570024675,2.7283382989933136,0.09810360941846868,13,0.05574957649444347
6.012410709001415,2.7283382989933136,0.09810360941846868,13,0.05574957649444347
6.0133969629969215,2.7283382989933136,0.09810360941846868,13,0.05574957649444347
6.014362176996656,2.7283382989933136,0.0981036094184687,13,0.055749576494443474
6.015305050997995,2.7283382989933136,0.0981036094184687,13,0.055749576494443474
6.016425690999313,2.7283382989933136,0.0981036094184687,13,0.055749576494443474
6.017357377000735,2.7283382989933136,0.0981036094184687,13,0.055749576494443474
6.018424126996251,2.7283382989933136,0.0981036094184687,13,0.055749576494443474
6.018824316000973,2.7283382989933136,0.0981036094184687,13,0.055749576494443474
6.019964022001659,2.733170476033783,0.09847700210168406,13,0.05282109618219073
6.021063631000288,2.733170476033783,0.09847700210168406,13,0.05282109618219073
6.022137360996567,2.733170476033783,0.09847700210168406,13,0.05282109618219073
6.02256322500034,2.733170476033783,0.09847700210168406,13,0.05282109618219073
6.0237828609970165,2.733170476033783,0.09847700210168406,13,0.05282109618219073
6.024226574001659,2.733170476033783,0.09847700210168406,13,0.05282109618219073
6.025186400001985,2.733170476033783,0.09847700210168406,13,0.05282109618219073
6.026170295001066,2.7379930823378427,0.09885574157593147,13,0.05020050415923665
6.026576267999189,2.7379930823378427,0.09885574157593147,13,0.05020050415923665
6.027707615001418,2.7379930823378427,0.09885574157593147,13,0.05020050415923665
6.028723821997119,2.7379930823378427,0.09885574157593147,13,0.05020050415923665
6.0296803649980575,2.7379930823378427,0.09885574157593147,13,0.05020050415923665
6.030065407998336,2.7379930823378427,0.09885574157593147,13,0.05020050415923665
6.031023331997858,2.7379930823378427,0.09885574157593147,13,0.05020050415923665
6.032127484999364,2.7379930823378427,0.09885574157593147,13,0.05020050415923665
6.033110302996647,2.7379930823378427,0.09885574157593147,13,0.05020050415923665
6.033535941998707,2.7379930823378427,0.09885574157593147,13,0.05020050415923665
6.034540781998658,2.7379930823378427,0.09885574157593147,13,0.05020050415923665
6.035608913000033,2.7379930823378427,0.09885574157593147,13,0.05020050415923665
6.036565805996361,2.7379930823378427,0.09885574157593147,13,0.05020050415923665
6.037501685001189,2.7379930823378427,0.09885574157593147,13,0.05020050415923665
6.038433253001131,2.742807903618702,0.0992391755433582,13,0.04793410008336445
6.039355922002869,2.742807903618702,0.0992391755433582,13,0.04793410008336445
6.040408722998109,2.742807903618702,0.0992391755433582,13,0.04793410008336445
6.041384905001905,2.742807903618702,0.0992391755433582,13,0.04793410008336445
6.042337305996625,2.742807903618702,0.0992391755433582,13,0.04793410008336445
6.043276734999381,2.742807903618702,0.0992391755433582,13,0.04793410008336445
6.04431025699887,2.742807903618702,0.0992391755433582,13,0.04793410008336445
6.045253707998199,2.742807903618702,0.0992391755433582,13,0.04793410008336445
6.046211645996664,2.742807903618702,0.0992391755433582,13,0.04793410008336445
6.047143944997515,2.742807903618702,0.0992391755433582,13,0.04793410008336445
6.048146838998946,2.7441131405333596,0.09984406128511608,13,0.0478263715133264
6.0490834969969,2.7441131405333596,0.09984406128511608,13,0.0478263715133264
6.0500182489995495,2.7441131405333596,0.09984406128511608,13,0.0478263715133264
6.050983934001124,2.7441131405333596,0.09984406128511608,13,0.0478263715133264
6.052049505000468,2.742026868700657,0.0999702247606483,13,0.04895880146460167
6.053029422997497,2.742026868700657,0.0999702247606483,13,0.04895880146460167
6.053987457002222,2.742026868700657,0.0999702247606483,13,0.04895880146460167
6.054960077002761,2.742026868700657,0.0999702247606483,13,0.04895880146460167
6.055364672996802,2.742026868700657,0.0999702247606483,13,0.04895880146460167
6.0563754359973245,2.742026868700657,0.0999702247606483,13,0.04895880146460167
6.057354252996447,2.742026868700657,0.0999702247606483,13,0.04895880146460167
6.058312941997428,2.742026868700657,0.0999702247606483,13,0.04895880146460167
6.059295815000951,2.742026868700657,0.0999702247606483,13,0.04895880146460167
6.059743416997662,2.742026868700657,0.0999702247606483,13,0.04895880146460167
6.060696777996782,2.742026868700657,0.0999702247606483,13,0.04895880146460167
6.0617050399960135,2.742026868700657,0.0999702247606483,13,0.04895880146460167
6.0627256559964735,2.742026868700657,0.0999702247606483,13,0.04895880146460167
6.063153957002214,2.742026868700657,0.0999702247606483,13,0.04895880146460167
6.064195719998679,2.746827345086213,0.10039500073408249,13,0.04709934457742129
6.065180320001673,2.746827345086213,0.10039500073408249,13,0.04709934457742129
6.06623890499759,2.746827345086213,0.10039500073408249,13,0.04709934457742129
6.066678786999546,2.746827345086213,0.10039500073408249,13,0.04709934457742129
6.067741296996246,2.746827345086213,0.10039500073408249,13,0.04709934457742129
6.06868012999621,2.746827345086213,0.10039500073408249,13,0.04709934457742129
6.069644834002247,2.746827345086213,0.10039500073408249,13,0.04709934457742129
6.070056719996501,2.746827345086213,0.10039500073408249,13,0.04709934457742129
6.071010450003087,2.746827345086213,0.10039500073408249,13,0.04709934457742129
6.072012208998785,2.746827345086213,0.10039500073408249,13,0.04709934457742129
6.072961705001944,2.746827345086213,0.10039500073408249,13,0.04709934457742129
6.073867444996722,2.746827345086213,0.10039500073408249,13,0.04709934457742129
6.074276740000641,2.746827345086213,0.10039500073408249,13,0.04709934457742129
6.0751848250001785,2.7516233785095494,0.10082541666631971,13,0.04568153953438187
6.076178465002158,2.7516233785095494,0.10082541666631971,13,0.04568153953438187
6.077086810997571,2.7516233785095494,0.10082541666631971,13,0.04568153953438187
6.0780127749967505,2.7516233785095494,0.10082541666631971,13,0.04568153953438187
6.078977643002872,2.7516233785095494,0.10082541666631971,13,0.04568153953438187
6.079371601001185,2.7516233785095494,0.10082541666631971,13,0.04568153953438187
6.080382512001961,2.7516233785095494,0.10082541666631971,13,0.04568153953438187
6.081307439002558,2.7516233785095494,0.10082541666631971,13,0.04568153953438187
6.082232123997528,2.7516233785095494,0.10082541666631971,13,0.04568153953438187
6.083175681000284,2.7516233785095494,0.10082541666631971,13,0.04568153953438187
6.083601935999468,2.7516233785095494,0.10082541666631971,13,0.04568153953438187
6.084576863999246,2.7516233785095494,0.10082541666631971,13,0.04568153953438187
6.085567080001056,2.7516233785095494,0.10082541666631971,13,0.04568153953438187
6.086549305000517,2.7516233785095494,0.10082541666631971,13,0.04568153953438187
6.087539662999916,2.7516233785095494,0.10082541666631971,13,0.04568153953438187
6.088519320997875,2.7516233785095494,0.10082541666631971,13,0.04568153953438187
6.089465739998559,2.7516233785095494,0.10082541666631971,13,0.04568153953438187
6.090408044998185,2.7564334811189912,0.10126239434316057,13,0.044742730170294516
6.091334928998549,2.7564334811189912,0.10126239434316057,13,0.044742730170294516
6.09236453199992,2.7564334811189912,0.10126239434316057,13,0.044742730170294516
6.092753716999141,2.7564334811189912,0.10126239434316057,13,0.044742730170294516
6.094362126001215,2.7564334811189912,0.10126239434316057,13,0.044742730170294516
6.095318081002915,2.7564334811189912,0.10126239434316057,13,0.044742730170294516
6.096337948998553,2.7564334811189912,0.10126239434316057,13,0.044742730170294516
6.097327231000236,2.7564334811189912,0.10126239434316057,13,0.044742730170294516
6.097738420001406,2.7564334811189912,0.10126239434316057,13,0.044742730170294516
6.098715526997694,2.7564334811189912,0.10126239434316057,13,0.044742730170294516
6.099738003998937,2.7564334811189912,0.10126239434316057,13,0.044742730170294516
6.100734471998294,2.7564334811189912,0.10126239434316057,13,0.044742730170294516
6.101714577998791,2.761274835731591,0.1017083400549369,13,0.04431839288869635
6.102669546002289,2.761274835731591,0.1017083400549369,13,0.04431839288869635
6.103060112000094,2.761274835731591,0.1017083400549369,13,0.04431839288869635
6.1040805599986925,2.761274835731591,0.1017083400549369,13,0.04431839288869635
6.105104987000232,2.761274835731591,0.1017083400549369,13,0.04431839288869635
6.10550756000157,2.761274835731591,0.1017083400549369,13,0.04431839288869635
6.106482062998111,2.761274835731591,0.1017083400549369,13,0.04431839288869635
6.107630259000871,2.761274835731591,0.10170834005493688,13,0.04431839288869634
6.108607927002595,2.761274835731591,0.10170834005493688,13,0.04431839288869634
6.108994076996169,2.761274835731591,0.10170834005493688,13,0.04431839288869634
6.109939413996472,2.761274835731591,0.10170834005493688,13,0.04431839288869634
6.1109075939966715,2.761274835731591,0.10170834005493688,13,0.04431839288869634
6.111905129000661,2.761274835731591,0.10170834005493688,13,0.04431839288869634
6.112843374001386,2.7661460198622523,0.10216207111405287,13,0.04443259759771151
6.113779931998579,2.7661460198622523,0.10216207111405287,13,0.04443259759771151
6.114172112997039,2.7661460198622523,0.10216207111405287,13,0.04443259759771151
6.1151300279962015,2.7661460198622523,0.10216207111405287,13,0.04443259759771151
6.116179060001741,2.7661460198622523,0.10216207111405287,13,0.04443259759771151
6.117150641002809,2.7661460198622523,0.10216207111405287,13,0.04443259759771151
6.118092721997527,2.7661460198622523,0.10216207111405286,13,0.044432597597711496
6.119027415996243,2.7661460198622523,0.10216207111405286,13,0.044432597597711496
6.119424643999082,2.7661460198622523,0.10216207111405286,13,0.044432597597711496
6.120500944001833,2.7661460198622523,0.10216207111405286,13,0.044432597597711496
6.121472316997824,2.7661460198622523,0.10216207111405286,13,0.044432597597711496
6.122419054998318,2.7661460198622523,0.10216207111405286,13,0.044432597597711496
6.123362117003126,2.7661460198622523,0.10216207111405286,13,0.044432597597711496
6.124388115997135,2.7661460198622523,0.10216207111405286,13,0.044432597597711496
6.124772923998535,2.7661460198622523,0.10216207111405286,13,0.044432597597711496
6.1257923129960545,2.7661460198622523,0.10216207111405286,13,0.044432597597711496
6.126787244997104,2.7661460198622523,0.10216207111405286,13,0.044432597597711496
6.127822625996487,2.7661460198622523,0.10216207111405286,13,0.044432597597711496
6.128758453000046,2.77104561607487,0.10262315561643574,13,0.04509059127581024
6.12967894400208,2.77104561607487,0.10262315561643574,13,0.04509059127581024
6.1306047449979815,2.77104561607487,0.10262315561643574,13,0.04509059127581024
6.131649028000538,2.77104561607487,0.10262315561643574,13,0.04509059127581024
6.132576033000078,2.77104561607487,0.10262315561643574,13,0.04509059127581024
6.133512485997926,2.77104561607487,0.10262315561643574,13,0.04509059127581024
6.134503519999271,2.77104561607487,0.10262315561643574,13,0.04509059127581024
6.134924723002769,2.77104561607487,0.10262315561643574,13,0.04509059127581024
6.136056470997573,2.77104561607487,0.10262315561643574,13,0.04509059127581024
6.136470225996163,2.77104561607487,0.10262315561643574,13,0.04509059127581024
6.137456156997359,2.77104561607487,0.10262315561643574,13,0.04509059127581024
6.138445374002913,2.77104561607487,0.10262315561643574,13,0.04509059127581024
6.139563689997885,2.7759722406613854,0.10309154474565192,13,0.046278102443879116
6.140563086002658,2.7759722406613854,0.10309154474565192,13,0.046278102443879116
6.140996834001271,2.7759722406613854,0.10309154474565192,13,0.046278102443879116
6.1419901350018336,2.7759722406613854,0.10309154474565192,13,0.046278102443879116
6.143013701999735,2.7759722406613854,0.10309154474565192,13,0.046278102443879116
6.1434080920007546,2.7759722406613854,0.10309154474565192,13,0.046278102443879116
6.144464422002784,2.7759722406613854,0.10309154474565192,13,0.046278102443879116
6.1454362090007635,2.780924575425079,0.1035671911480598,13,0.04796392006598275
6.14584342300077,2.780924575425079,0.1035671911480598,13,0.04796392006598275
6.1468029340030625,2.780924575425079,0.1035671911480598,13,0.04796392006598275
6.147844863997307,2.780924575425079,0.1035671911480598,13,0.04796392006598275
6.148785725003108,2.780924575425079,0.1035671911480598,13,0.04796392006598275
6.149749834999966,2.780924575425079,0.1035671911480598,13,0.04796392006598275
6.150708004002809,2.785888741572947,0.10416371445124707,13,0.05020535816578219
6.1517226259966264,2.785888741572947,0.10416371445124707,13,0.05020535816578219
6.1526882230027695,2.785888741572947,0.10416371445124707,13,0.05020535816578219
6.153680732000794,2.785888741572947,0.10416371445124707,13,0.05020535816578219
6.154645460002939,2.785888741572947,0.10416371445124707,13,0.05020535816578219
6.155703798998729,2.785888741572947,0.10416371445124707,13,0.05020535816578219
6.156698598002549,2.785888741572947,0.10416371445124707,13,0.05020535816578219
6.157662316996721,2.785888741572947,0.10416371445124707,13,0.05020535816578219
6.158671862001938,2.785888741572947,0.10416371445124707,13,0.05020535816578219
6.1590678459979245,2.785888741572947,0.10416371445124707,13,0.05020535816578219
6.160109866999846,2.785888741572947,0.10416371445124707,13,0.05020535816578219
6.160487439999997,2.785888741572947,0.10416371445124707,13,0.05020535816578219
6.161523451002722,2.795007298156848,0.10501203033651829,13,0.05505975514735622
6.1626305719983066,2.795007298156848,0.10501203033651829,13,0.05505975514735622
6.163766885998484,2.795007298156848,0.10501203033651829,13,0.05505975514735622
6.164182920998428,2.795007298156848,0.10501203033651829,13,0.05505975514735622
6.165328855997359,2.795007298156848,0.10501203033651829,13,0.05505975514735622
6.166419866000069,2.795007298156848,0.10501203033651829,13,0.05505975514735622
6.16685716399661,2.795007298156848,0.10501203033651829,13,0.05505975514735622
6.167990654001187,2.7973971024502053,0.10513033731490945,13,0.056421356236998614
6.169091222000134,2.7973971024502053,0.10513033731490945,13,0.056421356236998614
6.170506832000683,2.807427471968497,0.1060183207336089,13,0.06311099490203952
6.1708986980011105,2.807427471968497,0.1060183207336089,13,0.06311099490203952
6.172079769996344,2.807427471968497,0.1060183207336089,13,0.06311099490203952
6.173143813000934,2.807427471968497,0.1060183207336089,13,0.06311099490203952
6.1735339910010225,2.807427471968497,0.1060183207336089,13,0.06311099490203952
6.174534204998054,2.8084957464530755,0.10606959765904228,13,0.06384295717755907
6.175618961999135,2.8084957464530755,0.10606959765904228,13,0.06384295717755907
6.176565396999649,2.8084957464530755,0.10606959765904228,13,0.06384295717755907
6.177512893002131,2.8084957464530755,0.10606959765904228,13,0.06384295717755907
6.17789478499617,2.8084957464530755,0.10606959765904228,13,0.06384295717755907
6.1788997190014925,2.8084957464530755,0.10606959765904228,13,0.06384295717755907
6.1799942959987675,2.8135230517805874,0.10671682455969159,13,0.06770189913841151
6.180413210997358,2.8135230517805874,0.10671682455969159,13,0.06770189913841151
6.181380677000561,2.8135230517805874,0.10671682455969159,13,0.06770189913841151
6.182351274997927,2.8135230517805874,0.10671682455969159,13,0.06770189913841151
6.183354538996355,2.8135230517805874,0.10671682455969159,13,0.06770189913841151
6.184485352998308,2.818570946894498,0.10737239551877545,13,0.07173225790704438
6.184887789000641,2.818570946894498,0.10737239551877545,13,0.07173225790704438
6.185842678998597,2.818570946894498,0.10737239551877545,13,0.07173225790704438
6.18681246000051,2.818570946894498,0.10737239551877545,13,0.07173225790704438
6.187869743996998,2.818570946894498,0.10737239551877545,13,0.07173225790704438
6.18882234099874,2.818570946894498,0.10737239551877545,13,0.07173225790704438
6.189770042001328,2.818570946894498,0.10737239551877545,13,0.07173225790704438
6.190183519000129,2.818570946894498,0.10737239551877545,13,0.07173225790704438
6.191303355000855,2.818570946894498,0.10737239551877545,13,0.07173225790704438
6.192349124001339,2.818570946894498,0.10737239551877545,13,0.07173225790704438
6.19329305300198,2.823639805337536,0.10802538468946349,13,0.07590409771140334
6.194236360002833,2.823639805337536,0.10802538468946349,13,0.07590409771140334
6.194620490001398,2.823639805337536,0.10802538468946349,13,0.07590409771140334
6.19567055600055,2.823639805337536,0.10802538468946349,13,0.07590409771140334
6.196661864996713,2.823639805337536,0.10802538468946349,13,0.07590409771140334
6.197616076999111,2.823639805337536,0.10802538468946349,13,0.07590409771140334
6.198542544996599,2.823639805337536,0.10802538468946349,13,0.07590409771140334
6.199603216002288,2.823639805337536,0.10802538468946349,13,0.07590409771140334
6.200617387999955,2.823639805337536,0.10802538468946349,13,0.07590409771140334
6.201616824000666,2.823639805337536,0.10802538468946349,13,0.07590409771140334
6.20256543099822,2.823639805337536,0.10802538468946349,13,0.07590409771140334
6.202955799002666,2.823639805337536,0.10802538468946349,13,0.07590409771140334
6.203994413997862,2.823639805337536,0.10802538468946349,13,0.07590409771140334
6.20495361200301,2.828731127676301,0.1086560262187514,13,0.08018785909222646
6.20589430599648,2.828731127676301,0.1086560262187514,13,0.08018785909222646
6.206819605999044,2.828731127676301,0.1086560262187514,13,0.08018785909222646
6.207203896003193,2.828731127676301,0.1086560262187514,13,0.08018785909222646
6.2082522150012664,2.828731127676301,0.1086560262187514,13,0.08018785909222646
6.209204566999688,2.828731127676301,0.1086560262187514,13,0.08018785909222646
6.21018155800266,2.828731127676301,0.1086560262187514,13,0.08018785909222646
6.211137364000024,2.828731127676301,0.1086560262187514,13,0.08018785909222646
6.211622119997628,2.828731127676301,0.1086560262187514,13,0.08018785909222646
6.212613062998571,2.828731127676301,0.1086560262187514,13,0.08018785909222646
6.213600210001459,2.828731127676301,0.1086560262187514,13,0.08018785909222646
6.214566864997323,2.8338393717069232,0.10930102879748402,13,0.0845880717135667
6.214950675996079,2.8338393717069232,0.10930102879748402,13,0.0845880717135667
6.216008939001767,2.8338393717069232,0.10930102879748402,13,0.0845880717135667
6.217044593999162,2.8338393717069232,0.10930102879748402,13,0.0845880717135667
6.218272908998188,2.8338393717069232,0.10930102879748402,13,0.0845880717135667
6.218700607001665,2.8338393717069232,0.10930102879748402,13,0.0845880717135667
6.219803052001225,2.8338393717069232,0.10930102879748402,13,0.0845880717135667
6.220820955000818,2.838966664655482,0.10993621629162326,13,0.0890782580839798
6.22123048499634,2.838966664655482,0.10993621629162326,13,0.0890782580839798
6.2221825559972785,2.838966664655482,0.10993621629162326,13,0.0890782580839798
6.223139355002786,2.838966664655482,0.10993621629162326,13,0.0890782580839798
6.2242098479982815,2.838966664655482,0.10993621629162326,13,0.0890782580839798
6.225169623998227,2.838966664655482,0.10993621629162326,13,0.0890782580839798
6.225569706999522,2.838966664655482,0.10993621629162326,13,0.0890782580839798
6.226520017997245,2.838966664655482,0.10993621629162326,13,0.0890782580839798
6.227569959002722,2.838966664655482,0.10993621629162326,13,0.0890782580839798
6.228507713996805,2.838966664655482,0.10993621629162326,13,0.0890782580839798
6.2294547659985255,2.838966664655482,0.10993621629162326,13,0.0890782580839798
6.230393227000604,2.838966664655482,0.10993621629162326,13,0.0890782580839798
6.231321428997035,2.838966664655482,0.10993621629162326,13,0.0890782580839798
6.231808516997262,2.838966664655482,0.10993621629162326,13,0.0890782580839798
6.2327270039968425,2.838966664655482,0.10993621629162326,13,0.0890782580839798
6.233672383001249,2.838966664655482,0.10993621629162326,13,0.0890782580839798
6.2347198909992585,2.838966664655482,0.10993621629162326,13,0.0890782580839798
6.236090956001135,2.844108558206873,0.11059032541054506,13,0.09366094703560242
6.23718111099879,2.844108558206873,0.11059032541054506,13,0.09366094703560242
6.237580257002264,2.844108558206873,0.11059032541054506,13,0.09366094703560242
6.238559247001831,2.844108558206873,0.11059032541054506,13,0.09366094703560242
6.239605525996012,2.844108558206873,0.11059032541054506,13,0.09366094703560242
6.240693794003164,2.844108558206873,0.11059032541054506,13,0.09366094703560242
6.241680897997867,2.844108558206873,0.11059032541054506,13,0.09366094703560242
6.242755530998693,2.844108558206873,0.11059032541054506,13,0.09366094703560242
6.243879848996585,2.844108558206873,0.11059032541054506,13,0.09366094703560242
6.244971863998217,2.844108558206873,0.11059032541054506,13,0.09366094703560242
6.245947493996937,2.849267655945255,0.11123624553210446,13,0.09831330118287998
6.246984748999239,2.849267655945255,0.11123624553210446,13,0.09831330118287998
6.247387251998589,2.849267655945255,0.11123624553210446,13,0.09831330118287998
6.2485430800006725,2.849267655945255,0.11123624553210446,13,0.09831330118287998
6.2495655640013865,2.849267655945255,0.11123624553210446,13,0.09831330118287998
6.250610533999861,2.849267655945255,0.11123624553210446,13,0.09831330118287998
6.2510246120000375,2.849267655945255,0.11123624553210446,13,0.09831330118287998
6.25210645700281,2.849267655945255,0.11123624553210446,13,0.09831330118287998
6.252506776996597,2.849267655945255,0.11123624553210446,13,0.09831330118287998
6.2535479810030665,2.8544396876526243,0.11190161179340752,13,0.1030392057693692
6.254587513001752,2.8544396876526243,0.11190161179340752,13,0.1030392057693692
6.255705310999474,2.8544396876526243,0.11190161179340752,13,0.1030392057693692
6.256706275002216,2.8544396876526243,0.11190161179340752,13,0.1030392057693692
6.25768565099861,2.8544396876526243,0.11190161179340752,13,0.1030392057693692
6.258661296997161,2.8544396876526243,0.11190161179340752,13,0.1030392057693692
6.259726010001032,2.8544396876526243,0.11190161179340752,13,0.1030392057693692
6.260138174999156,2.8544396876526243,0.11190161179340752,13,0.1030392057693692
6.261068637999415,2.8544396876526243,0.11190161179340752,13,0.1030392057693692
6.262007356999675,2.8596274204998156,0.11255892055450292,13,0.10781960624713771
6.262410484996508,2.8596274204998156,0.11255892055450292,13,0.10781960624713771
6.263387838000199,2.8596274204998156,0.11255892055450292,13,0.10781960624713771
6.264458689001913,2.8596274204998156,0.11255892055450292,13,0.10781960624713771
6.265393094996398,2.8596274204998156,0.11255892055450292,13,0.10781960624713771
6.266321256996889,2.8596274204998156,0.11255892055450292,13,0.10781960624713771
6.267276469996432,2.8596274204998156,0.11255892055450292,13,0.10781960624713771
6.268326081997657,2.8596274204998156,0.11255892055450292,13,0.10781960624713771
6.269273673999123,2.8596274204998156,0.11255892055450292,13,0.10781960624713771
6.270226608001394,2.8596274204998156,0.11255892055450292,13,0.10781960624713771
6.271183304997976,2.8596274204998156,0.11255892055450292,13,0.10781960624713771
6.271652320996509,2.8596274204998156,0.11255892055450292,13,0.10781960624713771
6.272605099999055,2.8612840883632593,0.11195949570374908,14,0.10693703492962957
6.273545226998976,2.8612840883632593,0.11195949570374908,14,0.10693703492962957
6.274468483999954,2.8612840883632593,0.11195949570374908,14,0.10693703492962957
6.275432135000301,2.8612840883632593,0.11195949570374908,14,0.10693703492962957
6.276483722998819,2.8612840883632593,0.11195949570374908,14,0.10693703492962957
6.2774042270029895,2.8684766625128892,0.11190916319209276,14,0.10000720671002912
6.278328738997516,2.8684766625128892,0.11190916319209276,14,0.10000720671002912
6.279268350001075,2.8684766625128892,0.11190916319209276,14,0.10000720671002912
6.280314607000037,2.8684766625128892,0.11190916319209276,14,0.10000720671002912
6.281261896001524,2.8684766625128892,0.11190916319209276,14,0.10000720671002912
6.28218473400193,2.8684766625128892,0.11190916319209276,14,0.10000720671002912
6.282561979001912,2.8684766625128892,0.11190916319209276,14,0.10000720671002912
6.283598586000153,2.8684766625128892,0.11190916319209276,14,0.10000720671002912
6.283993769000517,2.8684766625128892,0.11190916319209276,14,0.10000720671002912
6.284945731997141,2.8684766625128892,0.11190916319209276,14,0.10000720671002912
6.285927737997554,2.8684766625128892,0.11190916319209276,14,0.10000720671002912
6.286922514002072,2.8684766625128892,0.11190916319209276,14,0.10000720671002912
6.28798016699875,2.8736821415046827,0.1125722531900662,14,0.09522723781904326
6.28838648799865,2.8736821415046827,0.1125722531900662,14,0.09522723781904326
6.289345767996565,2.8736821415046827,0.1125722531900662,14,0.09522723781904326
6.29033580399846,2.8736821415046827,0.1125722531900662,14,0.09522723781904326
6.291306214996439,2.8736821415046827,0.1125722531900662,14,0.09522723781904326
6.292315685997892,2.8736821415046827,0.1125722531900662,14,0.09522723781904326
6.2932717529984075,2.8736821415046827,0.1125722531900662,14,0.09522723781904326
6.293668222002452,2.8736821415046827,0.1125722531900662,14,0.09522723781904326
6.294676389996312,2.8736821415046827,0.1125722531900662,14,0.09522723781904326
6.295800646003045,2.8736821415046827,0.1125722531900662,14,0.09522723781904326
6.296235624999099,2.8736821415046827,0.1125722531900662,14,0.09522723781904326
6.297179394998238,2.8788923434539226,0.11325401355998482,14,0.0905007602376429
6.298121897001693,2.8788923434539226,0.11325401355998482,14,0.0905007602376429
6.298488720996829,2.8788923434539226,0.11325401355998482,14,0.0905007602376429
6.29940326599899,2.8788923434539226,0.11325401355998482,14,0.0905007602376429
6.300425103996531,2.8788923434539226,0.11325401355998482,14,0.0905007602376429
6.301371372996073,2.8788923434539226,0.11325401355998482,14,0.0905007602376429
6.302310612001747,2.8788923434539226,0.11325401355998482,14,0.0905007602376429
6.302684659996885,2.8788923434539226,0.11325401355998482,14,0.0905007602376429
6.303706949001935,2.8788923434539226,0.11325401355998482,14,0.0905007602376429
6.304644454001391,2.8788923434539226,0.11325401355998482,14,0.0905007602376429
6.306064832002448,2.8788923434539226,0.11325401355998482,14,0.0905007602376429
6.307012017998204,2.8788923434539226,0.11325401355998482,14,0.0905007602376429
6.308047427999554,2.8788923434539226,0.11325401355998482,14,0.0905007602376429
6.308962215996871,2.884113170208331,0.11390575728150648,14,0.08581515329940824
6.310224626002309,2.884113170208331,0.11390575728150648,14,0.08581515329940824
6.311237918002007,2.884113170208331,0.11390575728150648,14,0.08581515329940824
6.311694265998085,2.884113170208331,0.11390575728150648,14,0.08581515329940824
6.312938433999079,2.884113170208331,0.11390575728150648,14,0.08581515329940824
6.313913780999428,2.884113170208331,0.11390575728150648,14,0.08581515329940824
6.31514144600078,2.884113170208331,0.11390575728150648,14,0.08581515329940824
6.3161739759962074,2.884113170208331,0.11390575728150648,14,0.08581515329940824
6.316544510998938,2.884113170208331,0.11390575728150648,14,0.08581515329940824
6.317453629999363,2.884113170208331,0.11390575728150648,14,0.08581515329940824
6.318421433999902,2.884113170208331,0.11390575728150648,14,0.08581515329940824
6.319551157001115,2.884113170208331,0.11390575728150648,14,0.08581515329940824
6.320586588997685,2.884113170208331,0.11390575728150648,14,0.08581515329940824
6.321536636998644,2.884113170208331,0.11390575728150648,14,0.08581515329940824
6.321966064002481,2.884113170208331,0.11390575728150648,14,0.08581515329940824
6.323019641997234,2.884113170208331,0.11390575728150648,14,0.08581515329940824
6.32409176100191,2.889345551105675,0.11451528744646244,14,0.08117330658661061
6.324472300002526,2.889345551105675,0.11451528744646244,14,0.08117330658661061
6.3254087879977305,2.889345551105675,0.11451528744646244,14,0.08117330658661061
6.3263524349968066,2.889345551105675,0.11451528744646244,14,0.08117330658661061
6.327288007996685,2.889345551105675,0.11451528744646244,14,0.08117330658661061
6.327765672001988,2.889345551105675,0.11451528744646244,14,0.08117330658661061
6.328687911998713,2.889345551105675,0.11451528744646244,14,0.08117330658661061
6.329617588999099,2.889345551105675,0.11451528744646244,14,0.08117330658661061
6.330596309002431,2.894583600586477,0.1151291021371772,14,0.076609066104272
6.330998794997868,2.894583600586477,0.1151291021371772,14,0.076609066104272
6.332068019997678,2.894583600586477,0.1151291021371772,14,0.076609066104272
6.332984307999141,2.894583600586477,0.1151291021371772,14,0.076609066104272
6.333361197001068,2.894583600586477,0.1151291021371772,14,0.076609066104272
6.33426561899978,2.894583600586477,0.1151291021371772,14,0.076609066104272
6.3352457560031326,2.894583600586477,0.1151291021371772,14,0.076609066104272
6.336284192002495,2.894583600586477,0.1151291021371772,14,0.076609066104272
6.337211778001802,2.894583600586477,0.1151291021371772,14,0.076609066104272
6.338123526002164,2.899829383895714,0.1157266830458174,14,0.07212750015034577
6.339066380001896,2.899829383895714,0.1157266830458174,14,0.07212750015034577
6.339724372999626,2.899829383895714,0.1157266830458174,14,0.07212750015034577
6.340711969001859,2.899829383895714,0.1157266830458174,14,0.07212750015034577
6.341628581001714,2.899829383895714,0.1157266830458174,14,0.07212750015034577
6.342534436997084,2.899829383895714,0.1157266830458174,14,0.07212750015034577
6.343549165998411,2.899829383895714,0.1157266830458174,14,0.07212750015034577
6.344543706996774,2.899829383895714,0.1157266830458174,14,0.07212750015034577
6.34491582299961,2.899829383895714,0.1157266830458174,14,0.07212750015034577
6.345862490998115,2.899829383895714,0.1157266830458174,14,0.07212750015034577
6.3467905599973164,2.899829383895714,0.1157266830458174,14,0.07212750015034577
6.3478768069981015,2.899829383895714,0.1157266830458174,14,0.07212750015034577
6.348839969003166,2.905079123717016,0.11633838900755228,14,0.06776438263869561
6.349771708002663,2.905079123717016,0.11633838900755228,14,0.06776438263869561
6.350686737001524,2.905079123717016,0.11633838900755228,14,0.06776438263869561
6.351666075999674,2.905079123717016,0.11633838900755228,14,0.06776438263869561
6.35257570000249,2.905079123717016,0.11633838900755228,14,0.06776438263869561
6.353490474000864,2.905079123717016,0.11633838900755228,14,0.06776438263869561
6.354425479003112,2.905079123717016,0.11633838900755228,14,0.06776438263869561
6.355367333999311,2.905079123717016,0.11633838900755228,14,0.06776438263869561
6.356370278001123,2.905079123717016,0.11633838900755228,14,0.06776438263869561
6.357277050999983,2.905079123717016,0.11633838900755228,14,0.06776438263869561
6.358181007999519,2.905079123717016,0.11633838900755228,14,0.06776438263869561
6.359069165999244,2.905079123717016,0.11633838900755228,14,0.06776438263869561
6.360080298996763,2.905079123717016,0.11633838900755228,14,0.06776438263869561
6.360445705002348,2.905079123717016,0.11633838900755228,14,0.06776438263869561
6.361348031001398,2.905079123717016,0.11633838900755228,14,0.06776438263869561
6.361706203002541,2.905079123717016,0.11633838900755228,14,0.06776438263869561
6.362601248001738,2.905079123717016,0.11633838900755228,14,0.06776438263869561
6.362959772995964,2.905079123717016,0.11633838900755228,14,0.06776438263869561
6.363996528001735,2.9103356238779368,0.11693757031274135,14,0.06352910480520507
6.364904993999517,2.9103356238779368,0.11693757031274135,14,0.06352910480520507
6.365868995002529,2.9103356238779368,0.11693757031274135,14,0.06352910480520507
6.366256094996061,2.9103356238779368,0.11693757031274135,14,0.06352910480520507
6.367161754002154,2.9103356238779368,0.11693757031274135,14,0.06352910480520507
6.368199215001368,2.9103356238779368,0.11693757031274135,14,0.06352910480520507
6.369163114999537,2.915595398761715,0.11755225675432496,14,0.05946929949981971
6.370073799000238,2.915595398761715,0.11755225675432496,14,0.05946929949981971
6.3704164840019075,2.915595398761715,0.11755225675432496,14,0.05946929949981971
6.371323143001064,2.915595398761715,0.11755225675432496,14,0.05946929949981971
6.372386278999329,2.915595398761715,0.11755225675432496,14,0.05946929949981971
6.373269557996537,2.915595398761715,0.11755225675432496,14,0.05946929949981971
6.374174671000219,2.915595398761715,0.11755225675432496,14,0.05946929949981971
6.375066038002842,2.915595398761715,0.11755225675432496,14,0.05946929949981971
6.3760701669962145,2.915595398761715,0.11755225675432496,14,0.05946929949981971
6.376435928999854,2.915595398761715,0.11755225675432496,14,0.05946929949981971
6.377330946997972,2.915595398761715,0.11755225675432496,14,0.05946929949981971
6.378234454001358,2.9208340332945038,0.1181517520398628,14,0.055624837942834696
6.379108881999855,2.9208340332945038,0.1181517520398628,14,0.055624837942834696
6.380111765000038,2.9208340332945038,0.1181517520398628,14,0.055624837942834696
6.380997699998261,2.9208340332945038,0.1181517520398628,14,0.055624837942834696
6.381880193999677,2.9208340332945038,0.1181517520398628,14,0.055624837942834696
6.38225312600116,2.9208340332945038,0.1181517520398628,14,0.055624837942834696
6.383145537998644,2.9208340332945038,0.1181517520398628,14,0.055624837942834696
6.384119429996645,2.9208340332945038,0.1181517520398628,14,0.055624837942834696
6.3850693330023205,2.9208340332945038,0.1181517520398628,14,0.055624837942834696
6.386008415996912,2.9208340332945038,0.1181517520398628,14,0.055624837942834696
6.386918794996745,2.9208340332945038,0.1181517520398628,14,0.055624837942834696
6.3879067939997185,2.9234176009021553,0.11808281356895803,14,0.0535822057625492
6.388799237996864,2.9234176009021553,0.11808281356895803,14,0.0535822057625492
6.389839388997643,2.9234176009021553,0.11808281356895803,14,0.0535822057625492
6.390856441998039,2.9234176009021553,0.11808281356895803,14,0.0535822057625492
6.391876790003153,2.9177552686829693,0.11660961295876161,14,0.057160355044000716
6.39276392100146,2.9177552686829693,0.11660961295876161,14,0.057160355044000716
6.393637109002157,2.9177552686829693,0.11660961295876161,14,0.057160355044000716
6.394567308998376,2.9177552686829693,0.11660961295876161,14,0.057160355044000716
6.394943744999182,2.9177552686829693,0.11660961295876161,14,0.057160355044000716
6.395970689001842,2.9177552686829693,0.11660961295876161,14,0.057160355044000716
6.396358325997426,2.9177552686829693,0.11660961295876161,14,0.057160355044000716
6.397272985996096,2.9177552686829693,0.11660961295876161,14,0.057160355044000716
6.398230895996676,2.9210270604329995,0.11670313531470863,14,0.054581620584834734
6.399148131000402,2.9210270604329995,0.11670313531470863,14,0.054581620584834734
6.399621388998639,2.9210270604329995,0.11670313531470863,14,0.054581620584834734
6.40052104699862,2.9210270604329995,0.11670313531470863,14,0.054581620584834734
6.401496826001676,2.9210270604329995,0.11670313531470863,14,0.054581620584834734
6.402466646999528,2.9210270604329995,0.11670313531470863,14,0.054581620584834734
6.40284173800319,2.9210270604329995,0.11670313531470863,14,0.054581620584834734
6.403907952000736,2.9210270604329995,0.11670313531470863,14,0.054581620584834734
6.404905424999015,2.9210270604329995,0.11670313531470863,14,0.054581620584834734
6.405419789000007,2.9210270604329995,0.11670313531470863,14,0.054581620584834734
6.4063758639968,2.9210270604329995,0.11670313531470863,14,0.054581620584834734
6.407425712997792,2.9210270604329995,0.11670313531470863,14,0.054581620584834734
6.408523885998875,2.926152894839843,0.11729924586927956,14,0.05099951539185427
6.4095224760021665,2.926152894839843,0.11729924586927956,14,0.05099951539185427
6.409910510999907,2.926152894839843,0.11729924586927956,14,0.05099951539185427
6.4108176969966735,2.926152894839843,0.11729924586927956,14,0.05099951539185427
6.4118117460020585,2.926152894839843,0.11729924586927956,14,0.05099951539185427
6.412539689001278,2.926152894839843,0.11729924586927956,14,0.05099951539185427
6.413063770000008,2.926152894839843,0.11729924586927956,14,0.05099951539185427
6.41387121599837,2.926152894839843,0.11729924586927956,14,0.05099951539185427
6.4146842539994395,2.926152894839843,0.11729924586927956,14,0.05099951539185427
6.415549484998337,2.926152894839843,0.11729924586927956,14,0.05099951539185427
6.416375038999831,2.926152894839843,0.11729924586927956,14,0.05099951539185427
6.41719897800067,2.926152894839843,0.11729924586927956,14,0.05099951539185427
6.41810513100063,2.926152894839843,0.11729924586927958,14,0.05099951539185429
6.41892839600041,2.926152894839843,0.11729924586927958,14,0.05099951539185429
6.419900494001922,2.926152894839843,0.11729924586927958,14,0.05099951539185429
6.42099720799888,2.926152894839843,0.11729924586927958,14,0.05099951539185429
6.421363832996576,2.926152894839843,0.11729924586927958,14,0.05099951539185429
6.422340397002699,2.926152894839843,0.11729924586927958,14,0.05099951539185429
6.42330985100125,2.931256157283809,0.1178796513399884,14,0.04771186840697405
6.424298701000225,2.931256157283809,0.1178796513399884,14,0.04771186840697405
6.425150846000179,2.931256157283809,0.1178796513399884,14,0.04771186840697405
6.425551519001601,2.931256157283809,0.1178796513399884,14,0.04771186840697405
6.426381930003117,2.931256157283809,0.1178796513399884,14,0.04771186840697405
6.427261062002799,2.931256157283809,0.1178796513399884,14,0.04771186840697405
6.428258588995959,2.931256157283809,0.1178796513399884,14,0.04771186840697405
6.429146725000464,2.931256157283809,0.1178796513399884,14,0.04771186840697405
6.42944759799866,2.931256157283809,0.1178796513399884,14,0.04771186840697405
6.430415898001229,2.931256157283809,0.1178796513399884,14,0.04771186840697405
6.431349897997279,2.931256157283809,0.1178796513399884,14,0.04771186840697405
6.4323762970016105,2.931256157283809,0.1178796513399884,14,0.04771186840697405
6.433279190001485,2.9363381550091807,0.11847326204870084,14,0.04479697540507456
6.433639586000936,2.9363381550091807,0.11847326204870084,14,0.04479697540507456
6.434557136999501,2.9363381550091807,0.11847326204870084,14,0.04479697540507456
6.435658470996714,2.9363381550091807,0.11847326204870084,14,0.04479697540507456
6.436624609996215,2.9363381550091807,0.11847326204870084,14,0.04479697540507456
6.437543334002839,2.9363381550091807,0.11847326204870086,14,0.044796975405074574
6.437920379001298,2.9363381550091807,0.11847326204870086,14,0.044796975405074574
6.438832542000455,2.9363381550091807,0.11847326204870086,14,0.044796975405074574
6.439840205996006,2.9363381550091807,0.11847326204870086,14,0.044796975405074574
6.440778370997577,2.9363381550091807,0.11847326204870086,14,0.044796975405074574
6.441162894996523,2.9363381550091807,0.11847326204870086,14,0.044796975405074574
6.442057187996397,2.9363381550091807,0.11847326204870086,14,0.044796975405074574
6.442960428001243,2.9363381550091807,0.11847326204870086,14,0.044796975405074574
6.443908401000954,2.9414058642680097,0.11905216497795658,14,0.0422975757708798
6.444808827996894,2.9414058642680097,0.11905216497795658,14,0.0422975757708798
6.445702666002035,2.9414058642680097,0.11905216497795658,14,0.0422975757708798
6.45047882200015,2.9414058642680097,0.11905216497795658,14,0.0422975757708798
6.45171438199759,2.9414058642680097,0.11905216497795658,14,0.0422975757708798
6.46791782299988,2.9414058642680097,0.11905216497795658,14,0.0422975757708798
6.468498574002297,2.9414058642680097,0.11905216497795658,14,0.0422975757708798
6.469598882002174,2.9464590167462332,0.11964496787442949,14,0.04031078623955779
6.470010896999156,2.9464590167462332,0.11964496787442949,14,0.04031078623955779
6.471007430001919,2.9464590167462332,0.11964496787442949,14,0.04031078623955779
6.4713907729965285,2.9464590167462332,0.11964496787442949,14,0.04031078623955779
6.4724710950031294,2.9464590167462332,0.11964496787442949,14,0.04031078623955779
6.472855059997528,2.9464590167462332,0.11964496787442949,14,0.04031078623955779
6.473767283001507,2.9515033154023125,0.12022371391891387,14,0.03888189464601154
6.4741507889993954,2.9515033154023125,0.12022371391891387,14,0.03888189464601154
6.475155831001757,2.9515033154023125,0.12022371391891387,14,0.03888189464601154
6.476268960002926,2.9515033154023125,0.12022371391891387,14,0.03888189464601154
6.477288602000044,2.9515033154023125,0.12022371391891387,14,0.03888189464601154
6.477682315999118,2.9515033154023125,0.12022371391891387,14,0.03888189464601154
6.478575136003201,2.9515033154023125,0.12022371391891387,14,0.03888189464601154
6.479534405996674,2.9515033154023125,0.12022371391891387,14,0.03888189464601154
6.480407417002425,2.9515033154023125,0.12022371391891387,14,0.03888189464601154
6.481330752998474,2.9565218340214523,0.1208149918231233,14,0.038099110276802815
6.481688473999384,2.9565218340214523,0.1208149918231233,14,0.038099110276802815
6.4825609249965055,2.9565218340214523,0.1208149918231233,14,0.038099110276802815
6.4835586580011295,2.9565218340214523,0.1208149918231233,14,0.038099110276802815
6.484416441999201,2.9565218340214523,0.1208149918231233,14,0.038099110276802815
6.485311067997827,2.9565218340214523,0.1208149918231233,14,0.038099110276802815
6.48624641400238,2.9565218340214523,0.1208149918231233,14,0.038099110276802815
6.487170528998831,2.9565218340214523,0.1208149918231233,14,0.038099110276802815
6.488136127998587,2.9565218340214523,0.1208149918231233,14,0.038099110276802815
6.489002811998944,2.9565218340214523,0.1208149918231233,14,0.038099110276802815
6.489885458999197,2.9565218340214523,0.1208149918231233,14,0.038099110276802815
6.490764868001861,2.9615839725513133,0.12104841626104365,14,0.03761821538008277
6.4917395140000735,2.9615839725513133,0.12104841626104365,14,0.03761821538008277
6.492630266002379,2.9615839725513133,0.12104841626104365,14,0.03761821538008277
6.493520750998869,2.9615839725513133,0.12104841626104365,14,0.03761821538008277
6.494432945997687,2.9615839725513133,0.12104841626104365,14,0.03761821538008277
6.494807698996738,2.9615839725513133,0.12104841626104365,14,0.03761821538008277
6.495794955000747,2.966666426720082,0.12070420948269954,14,0.03724103945748358
6.496689683001023,2.966666426720082,0.12070420948269954,14,0.03724103945748358
6.497564885998145,2.966666426720082,0.12070420948269954,14,0.03724103945748358
6.4984826919971965,2.966666426720082,0.12070420948269954,14,0.03724103945748358
6.500173849002749,2.966666426720082,0.12070420948269954,14,0.03724103945748358
6.500597323996772,2.966666426720082,0.12070420948269954,14,0.03724103945748358
6.501594979999936,2.966666426720082,0.12070420948269954,14,0.03724103945748358
6.502623984997626,2.966666426720082,0.12070420948269954,14,0.03724103945748358
6.50375123500271,2.966666426720082,0.12070420948269954,14,0.03724103945748358
6.504026522001368,2.966666426720082,0.12070420948269954,14,0.03724103945748358
6.504698705000919,2.966666426720082,0.12070420948269954,14,0.03724103945748358
6.505465338996146,2.966666426720082,0.12070420948269954,14,0.03724103945748358
6.506142514001112,2.966666426720082,0.12070420948269954,14,0.03724103945748358
6.5070390830005636,2.966666426720082,0.12070420948269954,14,0.03724103945748358
6.507790188996296,2.966666426720082,0.12070420948269954,14,0.03724103945748358
6.50801290399977,2.966666426720082,0.12070420948269954,14,0.03724103945748358
6.508523497002898,2.966666426720082,0.12070420948269954,14,0.03724103945748358
6.509228752001945,2.966666426720082,0.12070420948269954,14,0.03724103945748358
6.510307520002243,2.971607774069964,0.1212007906717218,14,0.03835532714400532
6.51098715000262,2.971607774069964,0.1212007906717218,14,0.03835532714400532
6.511260690997005,2.971607774069964,0.1212007906717218,14,0.03835532714400532
6.512043452996295,2.971607774069964,0.1212007906717218,14,0.03835532714400532
6.512922529000207,2.971607774069964,0.1212007906717218,14,0.03835532714400532
6.5136600810001255,2.971607774069964,0.1212007906717218,14,0.03835532714400532
6.514365272996656,2.976530316212257,0.12169707470562639,14,0.04005264025482879
6.5147006010010955,2.976530316212257,0.12169707470562639,14,0.04005264025482879
6.51564722799958,2.976530316212257,0.12169707470562639,14,0.04005264025482879
6.516494285002409,2.976530316212257,0.12169707470562639,14,0.04005264025482879
6.51743620599882,2.976530316212257,0.12169707470562639,14,0.04005264025482879
6.518370254001638,2.976530316212257,0.12169707470562639,14,0.04005264025482879
6.519330073999299,2.976530316212257,0.12169707470562639,14,0.04005264025482879
6.519771040002524,2.976530316212257,0.12169707470562639,14,0.04005264025482879
6.52060637500108,2.976530316212257,0.12169707470562639,14,0.04005264025482879
6.521447266000905,2.976530316212257,0.12169707470562639,14,0.04005264025482879
6.52225794900005,2.976530316212257,0.12169707470562639,14,0.04005264025482879
6.523261351001565,2.981437679878215,0.12219261967278007,14,0.04225727064334264
6.524202788998082,2.981437679878215,0.12219261967278007,14,0.04225727064334264
6.525677498000732,2.981437679878215,0.12219261967278007,14,0.04225727064334264
6.526561585000309,2.981437679878215,0.12219261967278007,14,0.04225727064334264
6.52738407599827,2.981437679878215,0.12219261967278007,14,0.04225727064334264
6.528929544001585,2.981437679878215,0.12219261967278007,14,0.04225727064334264
6.52931138099666,2.981437679878215,0.12219261967278007,14,0.04225727064334264
6.529881654001656,2.981437679878215,0.12219261967278007,14,0.04225727064334264
6.530439371003013,2.981437679878215,0.12219261967278007,14,0.04225727064334264
6.531049848003022,2.981437679878215,0.12219261967278007,14,0.04225727064334264
6.531858657996054,2.981437679878215,0.12219261967278007,14,0.04225727064334264
6.532689004998247,2.981437679878215,0.12219261967278007,14,0.04225727064334264
6.533504717997857,2.986332658608853,0.12268848814143883,14,0.04489183314474043
6.534326765002334,2.986332658608853,0.12268848814143883,14,0.04489183314474043
6.535206909000408,2.986332658608853,0.12268848814143883,14,0.04489183314474043
6.536153376000584,2.986332658608853,0.12268848814143883,14,0.04489183314474043
6.536981639997975,2.986332658608853,0.12268848814143883,14,0.04489183314474043
6.537805407999258,2.986332658608853,0.12268848814143883,14,0.04489183314474043
6.538646947003144,2.986332658608853,0.12268848814143883,14,0.04489183314474043
6.539018251998641,2.986332658608853,0.12268848814143883,14,0.04489183314474043
6.540002615998674,2.986332658608853,0.12268848814143883,14,0.04489183314474043
6.540394384996034,2.986332658608853,0.12268848814143883,14,0.04489183314474043
6.54136275700148,2.986332658608853,0.12268848814143883,14,0.04489183314474043
6.542295576997276,2.986332658608853,0.12268848814143883,14,0.04489183314474043
6.5426553880024585,2.986332658608853,0.12268848814143883,14,0.04489183314474043
6.543702461000066,2.986332658608853,0.12268848814143883,14,0.04489183314474043
6.544607775998884,2.986332658608853,0.12268848814143883,14,0.04489183314474043
6.545457457999873,2.986332658608853,0.12268848814143883,14,0.04489183314474043
6.545772938996379,2.986332658608853,0.12268848814143883,14,0.04489183314474043
6.546655961996294,2.986332658608853,0.12268848814143883,14,0.04489183314474043
6.547673251996457,2.9912176573171076,0.12318412931169949,14,0.04788252208714559
6.54874431299686,2.9912176573171076,0.12318412931169949,14,0.04788252208714559
6.549706313002389,2.9912176573171076,0.12318412931169949,14,0.04788252208714559
6.550078280997695,2.9912176573171076,0.12318412931169949,14,0.04788252208714559
6.550998594997509,2.9912176573171076,0.12318412931169949,14,0.04788252208714559
6.55209221199766,2.9912176573171076,0.12318412931169949,14,0.04788252208714559
6.552949201999581,2.9912176573171076,0.12318412931169949,14,0.04788252208714559
6.553799235000042,2.9960944808994094,0.12368050307162963,14,0.05116593613057006
6.554655125000863,2.9960944808994094,0.12368050307162963,14,0.05116593613057006
6.555582014996617,2.9960944808994094,0.12368050307162963,14,0.05116593613057006
6.556458330000169,2.9960944808994094,0.12368050307162963,14,0.05116593613057006
6.55729114299902,2.9960944808994094,0.12368050307162963,14,0.05116593613057006
6.558093963001738,3.0009647331930713,0.12417698678830925,14,0.05468782045458171
6.558904835997964,3.0009647331930713,0.12417698678830925,14,0.05468782045458171
6.559229204998701,3.0009647331930713,0.12417698678830925,14,0.05468782045458171
6.560100581998995,3.0009647331930713,0.12417698678830925,14,0.05468782045458171
6.560918292001588,3.0009647331930713,0.12417698678830925,14,0.05468782045458171
6.561719958001049,3.0009647331930713,0.12417698678830925,14,0.05468782045458171
6.562578174001828,3.0009647331930713,0.12417698678830925,14,0.05468782045458171
6.562904330996389,3.0009647331930713,0.12417698678830925,14,0.05468782045458171
6.563824662996922,3.0009647331930713,0.12417698678830925,14,0.05468782045458171
6.56464514000254,3.0009647331930713,0.12417698678830925,14,0.05468782045458171
6.565470567002194,3.0009647331930713,0.12417698678830925,14,0.05468782045458171
6.566272816999117,3.0009647331930713,0.12417698678830925,14,0.05468782045458171
6.566878621997603,3.0058295706736726,0.12467447269166902,14,0.05840485922016284
6.5677366759991855,3.0058295706736726,0.12467447269166902,14,0.05840485922016284
6.56845540899667,3.0058295706736726,0.12467447269166902,14,0.05840485922016284
6.572658903001866,3.0058295706736726,0.12467447269166902,14,0.05840485922016284
6.573737553997489,3.0058295706736726,0.12467447269166902,14,0.05840485922016284
6.574715910996019,3.0058295706736726,0.12467447269166902,14,0.05840485922016284
6.5751182899985,3.0058295706736726,0.12467447269166902,14,0.05840485922016284
6.576049536997743,3.0058295706736726,0.12467447269166902,14,0.05840485922016284
6.5767803479975555,3.0058295706736726,0.12467447269166902,14,0.05840485922016284
6.577570777997607,3.0058295706736726,0.12467447269166902,14,0.05840485922016284
6.577923395001562,3.0058295706736726,0.12467447269166902,14,0.05840485922016284
6.578797174995998,3.0058295706736726,0.12467447269166902,14,0.05840485922016284
6.57973059899814,3.0058295706736726,0.12467447269166902,14,0.05840485922016284
6.580359569001303,3.0058295706736726,0.12467447269166902,14,0.05840485922016284
6.580967604000762,3.0058295706736726,0.12467447269166902,14,0.05840485922016284
6.581207133996941,3.0058295706736726,0.12467447269166902,14,0.05840485922016284
6.581768964002549,3.0058295706736726,0.12467447269166902,14,0.05840485922016284
6.582319859997369,3.0058295706736726,0.12467447269166902,14,0.05840485922016284
6.583146978002333,3.0083698662585556,0.1224623422692264,14,0.05874586326058126
6.584049183999014,3.0083698662585556,0.1224623422692264,14,0.05874586326058126
6.5849958670005435,3.0083698662585556,0.1224623422692264,14,0.05874586326058126
6.585356085000967,3.0083698662585556,0.1224623422692264,14,0.05874586326058126
6.585996362002334,3.0083698662585556,0.1224623422692264,14,0.05874586326058126
6.586679745996662,3.0083698662585556,0.1224623422692264,14,0.05874586326058126
6.587647168998956,3.008229053249427,0.12229787607289871,14,0.05853142797093043
6.58851498200238,3.008229053249427,0.12229787607289871,14,0.05853142797093043
6.5893684629991185,3.008229053249427,0.12229787607289871,14,0.05853142797093043
6.590219411002181,3.008229053249427,0.12229787607289871,14,0.05853142797093043
6.590565660997527,3.008229053249427,0.12229787607289871,14,0.05853142797093043
6.591400070996315,3.008229053249427,0.12229787607289871,14,0.05853142797093043
6.5923772340029245,3.008229053249427,0.12229787607289871,14,0.05853142797093043
6.593176830996526,3.008229053249427,0.12229787607289871,14,0.05853142797093043
6.594009410997387,3.008229053249427,0.12229787607289871,14,0.05853142797093043
6.594828052002413,3.008229053249427,0.12229787607289871,14,0.05853142797093043
6.595166533996235,3.008229053249427,0.12229787607289871,14,0.05853142797093043
6.596050861997355,3.008229053249427,0.12229787607289871,14,0.05853142797093043
6.59682975600299,3.0130679208288202,0.12279476998227357,14,0.06255023124199115
6.597631851996994,3.0130679208288202,0.12279476998227357,14,0.06255023124199115
6.598445803996583,3.0130679208288202,0.12279476998227357,14,0.06255023124199115
6.599247019999893,3.0130679208288202,0.12279476998227357,14,0.06255023124199115
6.60033288699924,3.0130679208288202,0.12279476998227357,14,0.06255023124199115
6.600693006999791,3.0130679208288202,0.12279476998227357,14,0.06255023124199115
6.601586140997824,3.0130679208288202,0.12279476998227357,14,0.06255023124199115
6.602806918002898,3.0130679208288202,0.12279476998227357,14,0.06255023124199115
6.603764182000305,3.0130679208288202,0.12279476998227357,14,0.06255023124199115
6.604426837999199,3.0130679208288202,0.12279476998227357,14,0.06255023124199115
6.60527116299636,3.0130679208288202,0.12279476998227357,14,0.06255023124199115
6.605623527997523,3.0130679208288202,0.12279476998227357,14,0.06255023124199115
6.606464482996671,3.017871244285228,0.12328877409307612,14,0.0666515101907929
6.607319474001997,3.017871244285228,0.12328877409307612,14,0.0666515101907929
6.608263907000946,3.017871244285228,0.12328877409307612,14,0.0666515101907929
6.60907397599658,3.017871244285228,0.12328877409307612,14,0.0666515101907929
6.609868938998261,3.017871244285228,0.12328877409307612,14,0.0666515101907929
6.610201347000839,3.017871244285228,0.12328877409307612,14,0.0666515101907929
6.610979404998943,3.017871244285228,0.12328877409307612,14,0.0666515101907929
6.611874406997231,3.017871244285228,0.12328877409307612,14,0.0666515101907929
6.612703275997774,3.017871244285228,0.12328877409307612,14,0.0666515101907929
6.6137312299979385,3.0226456941882685,0.12378130963942358,14,0.07081994090717253
6.614167230000021,3.0226456941882685,0.12378130963942358,14,0.07081994090717253
6.615204668996739,3.0226456941882685,0.12378130963942358,14,0.07081994090717253
6.616183609003201,3.0226456941882685,0.12378130963942358,14,0.07081994090717253
6.616874537998228,3.0226456941882685,0.12378130963942358,14,0.07081994090717253
6.617850921000354,3.0226456941882685,0.12378130963942358,14,0.07081994090717253
6.618758632001118,3.0226456941882685,0.12378130963942358,14,0.07081994090717253
6.619123340999067,3.0226456941882685,0.12378130963942358,14,0.07081994090717253
6.620189729997946,3.0226456941882685,0.12378130963942358,14,0.07081994090717253
6.621228153002448,3.027396811036494,0.12427218099257448,14,0.07504334081988875
6.622156240002369,3.027396811036494,0.12427218099257448,14,0.07504334081988875
6.622595481996541,3.027396811036494,0.12427218099257448,14,0.07504334081988875
6.623505324001599,3.027396811036494,0.12427218099257448,14,0.07504334081988875
6.624426135000249,3.027396811036494,0.12427218099257448,14,0.07504334081988875
6.625172817002749,3.027396811036494,0.12427218099257448,14,0.07504334081988875
6.625441784999566,3.027396811036494,0.12427218099257448,14,0.07504334081988875
6.626014512999973,3.027396811036494,0.12427218099257448,14,0.07504334081988875
6.6266716070022085,3.027396811036494,0.12427218099257448,14,0.07504334081988875
6.627257020998513,3.027396811036494,0.12427218099257448,14,0.07504334081988875
6.628074710999499,3.027396811036494,0.12427218099257448,14,0.07504334081988875
6.6286179660019116,3.027396811036494,0.12427218099257448,14,0.07504334081988875
6.629297234998376,3.027396811036494,0.12427218099257448,14,0.07504334081988875
6.629848292002862,3.027396811036494,0.12427218099257448,14,0.07504334081988875
6.630673432999174,3.027396811036494,0.12427218099257448,14,0.07504334081988875
6.631576544001291,3.027396811036494,0.12427218099257448,14,0.07504334081988875
6.631906511996931,3.027396811036494,0.12427218099257448,14,0.07504334081988875
6.632750149001367,3.027396811036494,0.12427218099257448,14,0.07504334081988875
6.633605670001998,3.0321289437006875,0.12476256419556894,14,0.07931303136292234
6.634439754001505,3.0321289437006875,0.12476256419556894,14,0.07931303136292234
6.635352095996495,3.0321289437006875,0.12476256419556894,14,0.07931303136292234
6.636365708996891,3.0321289437006875,0.12476256419556894,14,0.07931303136292234
6.637201400997583,3.0321289437006875,0.12476256419556894,14,0.07931303136292234
6.638055153001915,3.0321289437006875,0.12476256419556894,14,0.07931303136292234
6.638402981996478,3.0321289437006875,0.12476256419556894,14,0.07931303136292234
6.63924730099825,3.0321289437006875,0.12476256419556894,14,0.07931303136292234
6.640281300002243,3.0321289437006875,0.12476256419556894,14,0.07931303136292234
6.641215998999542,3.0321289437006875,0.12476256419556894,14,0.07931303136292234
6.642184256001201,3.0321289437006875,0.12476256419556894,14,0.07931303136292234
6.643303065000509,3.0368457505308197,0.12525209084407152,14,0.08362167727516602
6.644235421998019,3.0368457505308197,0.12525209084407152,14,0.08362167727516602
6.645064513999387,3.0368457505308197,0.12525209084407152,14,0.08362167727516602
6.645896285997878,3.0368457505308197,0.12525209084407152,14,0.08362167727516602
6.646865672999411,3.0368457505308197,0.12525209084407152,14,0.08362167727516602
6.647767449001549,3.0368457505308197,0.12525209084407152,14,0.08362167727516602
6.650721732999955,3.0368457505308197,0.12525209084407152,14,0.08362167727516602
6.651239961000101,3.0368457505308197,0.12525209084407152,14,0.08362167727516602
6.652511918000528,3.0368457505308197,0.12525209084407152,14,0.08362167727516602
6.652895300001546,3.0368457505308197,0.12525209084407152,14,0.08362167727516602
6.6537458219972905,3.0368457505308197,0.12525209084407152,14,0.08362167727516602
6.654058400003123,3.0368457505308197,0.12525209084407152,14,0.08362167727516602
6.654870199003199,3.0368457505308197,0.12525209084407152,14,0.08362167727516602
6.655619598001067,3.0415500578490695,0.1257417754647626,14,0.08796404113715156
6.655928531996324,3.0415500578490695,0.1257417754647626,14,0.08796404113715156
6.656951844001014,3.0415500578490695,0.1257417754647626,14,0.08796404113715156
6.657789607997984,3.0415500578490695,0.1257417754647626,14,0.08796404113715156
6.658505154002341,3.0415500578490695,0.1257417754647626,14,0.08796404113715156
6.659132253997086,3.0415500578490695,0.1257417754647626,14,0.08796404113715156
6.6593685150000965,3.0415500578490695,0.1257417754647626,14,0.08796404113715156
6.659976885996002,3.046244289913364,0.12623113565787333,14,0.0923353844246472
6.660587879996456,3.046244289913364,0.12623113565787333,14,0.0923353844246472
6.661240378001821,3.046244289913364,0.12623113565787333,14,0.0923353844246472
6.661463500000536,3.046244289913364,0.12623113565787333,14,0.0923353844246472
6.6622260290023405,3.046244289913364,0.12623113565787333,14,0.0923353844246472
6.663100013000076,3.046244289913364,0.12623113565787333,14,0.0923353844246472
6.663926868997805,3.046244289913364,0.12623113565787333,14,0.0923353844246472
6.664763581000443,3.046244289913364,0.12623113565787333,14,0.0923353844246472
6.665604572997836,3.046244289913364,0.12623113565787333,14,0.0923353844246472
6.666434589002165,3.046244289913364,0.12623113565787333,14,0.0923353844246472
6.667249534002622,3.046244289913364,0.12623113565787333,14,0.0923353844246472
6.668087617996207,3.050948136132211,0.1267229491485471,14,0.09674916519562969
6.668938082999375,3.050948136132211,0.1267229491485471,14,0.09674916519562969
6.669804097000451,3.050948136132211,0.1267229491485471,14,0.09674916519562969
6.670658130002266,3.050948136132211,0.1267229491485471,14,0.09674916519562969
6.671470964996843,3.050948136132211,0.1267229491485471,14,0.09674916519562969
6.672288244997617,3.050948136132211,0.1267229491485471,14,0.09674916519562969
6.673119835002581,3.050948136132211,0.1267229491485471,14,0.09674916519562969
6.673919515997113,3.050948136132211,0.1267229491485471,14,0.09674916519562969
6.674259346000326,3.050948136132211,0.1267229491485471,14,0.09674916519562969
6.675085718998162,3.050948136132211,0.1267229491485471,14,0.09674916519562969
6.676045323998551,3.050948136132211,0.1267229491485471,14,0.09674916519562969
6.677022712996404,3.042892144397554,0.12485984088516759,14,0.08872968138405869
6.677933824998036,3.042892144397554,0.12485984088516759,14,0.08872968138405869
6.678777093999088,3.042892144397554,0.12485984088516759,14,0.08872968138405869
6.6791203760003555,3.042892144397554,0.12485984088516759,14,0.08872968138405869
6.679930600999796,3.042892144397554,0.12485984088516759,14,0.08872968138405869
6.680748045997461,3.042892144397554,0.12485984088516759,14,0.08872968138405869
6.68156156999612,3.0418423243119195,0.12466624343066568,14,0.0877110863457323
6.682370005000848,3.0418423243119195,0.12466624343066568,14,0.0877110863457323
6.683186449001369,3.0418423243119195,0.12466624343066568,14,0.0877110863457323
6.6839926120010205,3.0418423243119195,0.12466624343066568,14,0.0877110863457323
6.684330420997867,3.0418423243119195,0.12466624343066568,14,0.0877110863457323
6.685131858001114,3.0418423243119195,0.12466624343066568,14,0.0877110863457323
6.685845335996419,3.0465995014634117,0.12517270084369245,14,0.09216749752212365
6.686085971996363,3.0465995014634117,0.12517270084369245,14,0.09216749752212365
6.687075399000605,3.0465995014634117,0.12517270084369245,14,0.09216749752212365
6.688100503000896,3.0465995014634117,0.12517270084369245,14,0.09216749752212365
6.689185846000328,3.0465995014634117,0.12517270084369245,14,0.09216749752212365
6.690145843000209,3.0465995014634117,0.12517270084369245,14,0.09216749752212365
6.6906775219977135,3.0465995014634117,0.12517270084369245,14,0.09216749752212365
6.691637427000387,3.0465995014634117,0.12517270084369245,14,0.09216749752212365
6.692515583003114,3.0465995014634117,0.12517270084369245,14,0.09216749752212365
6.693207466996682,3.0465995014634117,0.12517270084369245,14,0.09216749752212365
6.693866180998157,3.0465995014634117,0.12517270084369245,14,0.09216749752212365
6.694099950000236,3.0465995014634117,0.12517270084369245,14,0.09216749752212365
6.694605463002517,3.0465995014634117,0.12517270084369245,14,0.09216749752212365
6.695126819002326,3.0513818133130366,0.12568258362147663,14,0.09667935115555414
6.695958828997391,3.0513818133130366,0.12568258362147663,14,0.09667935115555414
6.696929238001758,3.0513818133130366,0.12568258362147663,14,0.09667935115555414
6.697553874000732,3.0513818133130366,0.12568258362147663,14,0.09667935115555414
6.697780510003213,3.0513818133130366,0.12568258362147663,14,0.09667935115555414
6.698386930002016,3.0513818133130366,0.12568258362147663,14,0.09667935115555414
6.699171580003167,3.0513818133130366,0.12568258362147663,14,0.09667935115555414
6.6997819850003,3.0513818133130366,0.12568258362147663,14,0.09667935115555414
6.700535691001278,3.0513818133130366,0.12568258362147663,14,0.09667935115555414
6.700766896996356,3.0513818133130366,0.12568258362147663,14,0.09667935115555414
6.701299749001919,3.0513818133130366,0.12568258362147663,14,0.09667935115555414
6.701844110997627,3.0513818133130366,0.12568258362147663,14,0.09667935115555414
6.702713143000437,3.0513818133130366,0.12568258362147663,14,0.09667935115555414
6.70364777299983,3.0513818133130366,0.12568258362147663,14,0.09667935115555414
6.7053185690019745,3.0513818133130366,0.12568258362147663,14,0.09667935115555414
6.706297714001266,3.0513818133130366,0.12568258362147663,14,0.09667935115555414
6.707204042999365,3.0513818133130366,0.12568258362147663,14,0.09667935115555414
6.7075640719995135,3.0513818133130366,0.12568258362147663,14,0.09667935115555414
6.708409560000291,3.056187979611902,0.12619652427761185,14,0.10124195403965776
6.7095289819990285,3.056187979611902,0.12619652427761185,14,0.10124195403965776
6.711277226997481,3.056187979611902,0.12619652427761185,14,0.10124195403965776
6.712246402996243,3.056187979611902,0.12619652427761185,14,0.10124195403965776
6.713121216998843,3.056187979611902,0.12619652427761185,14,0.10124195403965776
6.714318197002285,3.056187979611902,0.12619652427761185,14,0.10124195403965776
6.714694804002647,3.056187979611902,0.12619652427761185,14,0.10124195403965776
6.715566705002857,3.056187979611902,0.12619652427761185,14,0.10124195403965776
6.716459429997485,3.056187979611902,0.12619652427761185,14,0.10124195403965776
6.717396947002271,3.056187979611902,0.12619652427761185,14,0.10124195403965776
6.718290530996455,3.056187979611902,0.12619652427761185,14,0.10124195403965776
6.719592237997858,3.0610169367292652,0.1267136665328054,15,0.10293579963060413
6.720455994000076,3.0610169367292652,0.1267136665328054,15,0.10293579963060413
6.721359893999761,3.0610169367292652,0.1267136665328054,15,0.10293579963060413
6.722389264999947,3.0610169367292652,0.1267136665328054,15,0.10293579963060413
6.723295450996375,3.0610169367292652,0.1267136665328054,15,0.10293579963060413
6.724310887002503,3.0658675139956864,0.1272346674256573,15,0.0982161707710848
6.724672276999627,3.0658675139956864,0.1272346674256573,15,0.0982161707710848
6.725630387998535,3.0658675139956864,0.1272346674256573,15,0.0982161707710848
6.726581456998247,3.0658675139956864,0.1272346674256573,15,0.0982161707710848
6.7274800289960694,3.0658675139956864,0.1272346674256573,15,0.0982161707710848
6.728391944998293,3.0658675139956864,0.1272346674256573,15,0.0982161707710848
6.728781010999228,3.0658675139956864,0.1272346674256573,15,0.0982161707710848
6.729746609002177,3.0658675139956864,0.1272346674256573,15,0.0982161707710848
6.730676877996302,3.0658675139956864,0.1272346674256573,15,0.0982161707710848
6.731551937999029,3.0658675139956864,0.1272346674256573,15,0.0982161707710848
6.7319125040012295,3.0658675139956864,0.1272346674256573,15,0.0982161707710848
6.732680515000538,3.0658675139956864,0.1272346674256573,15,0.0982161707710848
6.733513858998776,3.0658675139956864,0.1272346674256573,15,0.0982161707710848
6.7343556659980095,3.0658675139956864,0.1272346674256573,15,0.0982161707710848
6.735185026998806,3.0658675139956864,0.1272346674256573,15,0.0982161707710848
6.7359900059964275,3.0658675139956864,0.1272346674256573,15,0.0982161707710848
6.73681061300158,3.0658675139956864,0.1272346674256573,15,0.0982161707710848
6.73761681799806,3.0658675139956864,0.1272346674256573,15,0.0982161707710848
6.738436708001245,3.0707387558331027,0.12775866615032128,15,0.09349297927919806
6.7392822039983,3.0707387558331027,0.12775866615032128,15,0.09349297927919806
6.740130685000622,3.0707387558331027,0.12775866615032128,15,0.09349297927919806
6.741002729002503,3.0707387558331027,0.12775866615032128,15,0.09349297927919806
6.74188687500282,3.0707387558331027,0.12775866615032128,15,0.09349297927919806
6.742736207001144,3.0707387558331027,0.12775866615032128,15,0.09349297927919806
6.743561477996991,3.0707387558331027,0.12775866615032128,15,0.09349297927919806
6.744402424999862,3.0707387558331027,0.12775866615032128,15,0.09349297927919806
6.745295916000032,3.0707387558331027,0.12775866615032128,15,0.09349297927919806
6.746117780996428,3.0707387558331027,0.12775866615032128,15,0.09349297927919806
6.746912668000732,3.070738755833103,0.12775866615032128,15,0.09349297927919761
6.7477736880027805,3.070738755833103,0.12775866615032128,15,0.09349297927919761
6.7486659819987835,3.070738755833103,0.12775866615032128,15,0.09349297927919761
6.749028193000413,3.070738755833103,0.12775866615032128,15,0.09349297927919761
6.749896068999078,3.070738755833103,0.12775866615032128,15,0.09349297927919761
6.750747366000724,3.070738755833103,0.12775866615032128,15,0.09349297927919761
6.751570824002556,3.0756295909151037,0.1282863421278717,15,0.08877028899776936
6.752459985000314,3.0756295909151037,0.1282863421278717,15,0.08877028899776936
6.753312895998533,3.0756295909151037,0.1282863421278717,15,0.08877028899776936
6.754117046999454,3.0756295909151037,0.1282863421278717,15,0.08877028899776936
6.754423662998306,3.0756295909151037,0.1282863421278717,15,0.08877028899776936
6.755166609997104,3.0756295909151037,0.1282863421278717,15,0.08877028899776936
6.755956861998129,3.080535922669415,0.12881647997614876,15,0.084055446138895
6.756799050002883,3.080535922669415,0.12881647997614876,15,0.084055446138895
6.757624569996551,3.080535922669415,0.12881647997614876,15,0.084055446138895
6.758431116002612,3.080535922669415,0.12881647997614876,15,0.084055446138895
6.758792367996648,3.080535922669415,0.12881647997614876,15,0.084055446138895
6.759494521000306,3.080535922669415,0.12881647997614876,15,0.084055446138895
6.760220415999356,3.080535922669415,0.12881647997614876,15,0.084055446138895
6.760982040003,3.080535922669415,0.12881647997614876,15,0.084055446138895
6.761775140999816,3.080535922669415,0.12881647997614876,15,0.084055446138895
6.762436739001714,3.080535922669415,0.12881647997614876,15,0.084055446138895
6.763023626997892,3.080535922669415,0.12881647997614876,15,0.084055446138895
6.763637522002682,3.085453685243866,0.12934944146116484,15,0.0793568204167305
6.76392181400297,3.085453685243866,0.12934944146116484,15,0.0793568204167305
6.76473430400074,3.085453685243866,0.12934944146116484,15,0.0793568204167305
6.765375363997009,3.085453685243866,0.12934944146116484,15,0.0793568204167305
6.7660608570004115,3.085453685243866,0.12934944146116484,15,0.0793568204167305
6.76693842199893,3.085453685243866,0.12934944146116484,15,0.0793568204167305
6.76733684699866,3.085453685243866,0.12934944146116484,15,0.0793568204167305
6.7682720009979676,3.085453685243866,0.12934944146116484,15,0.0793568204167305
6.7691115100024035,3.085453685243866,0.12934944146116484,15,0.0793568204167305
6.769897411002603,3.085453685243866,0.12934944146116484,15,0.0793568204167305
6.770848394000495,3.085453685243866,0.12934944146116484,15,0.0793568204167305
6.77124127499701,3.085453685243866,0.12934944146116484,15,0.0793568204167305
6.772132074002002,3.085453685243866,0.12934944146116484,15,0.0793568204167305
6.772968356002821,3.0903824110343145,0.1298843888690955,15,0.07468004585215722
6.773788856000465,3.0903824110343145,0.1298843888690955,15,0.07468004585215722
6.77466501500021,3.0903824110343145,0.1298843888690955,15,0.07468004585215722
6.775019168002473,3.0903824110343145,0.1298843888690955,15,0.07468004585215722
6.775872416998027,3.0903824110343145,0.1298843888690955,15,0.07468004585215722
6.776952348998748,3.0903824110343145,0.1298843888690955,15,0.07468004585215722
6.777816741996503,3.0903824110343145,0.1298843888690955,15,0.07468004585215722
6.778768267999112,3.0903824110343145,0.1298843888690955,15,0.07468004585215722
6.779630997996719,3.0903824110343145,0.1298843888690955,15,0.07468004585215722
6.780501866000122,3.0903824110343145,0.1298843888690955,15,0.07468004585215722
6.780915549003112,3.0903824110343145,0.1298843888690955,15,0.07468004585215722
6.781852373998845,3.0903824110343145,0.1298843888690955,15,0.07468004585215722
6.782689507002942,3.0903824110343145,0.1298843888690955,15,0.07468004585215722
6.783012548003171,3.0903824110343145,0.1298843888690955,15,0.07468004585215722
6.783977469000092,3.0903824110343145,0.1298843888690955,15,0.07468004585215722
6.78527363199828,3.0903824110343145,0.1298843888690955,15,0.07468004585215722
6.785654398001498,3.0903824110343145,0.1298843888690955,15,0.07468004585215722
6.786806370000704,3.0903824110343145,0.1298843888690955,15,0.07468004585215722
6.787889646002441,3.0903824110343145,0.1298843888690955,15,0.07468004585215722
6.7889157149984385,3.0953214878246564,0.13042206248834837,15,0.07003264557737382
6.789702802998363,3.0953214878246564,0.13042206248834837,15,0.07003264557737382
6.790082599996822,3.0953214878246564,0.13042206248834837,15,0.07003264557737382
6.791154304002703,3.0953214878246564,0.13042206248834837,15,0.07003264557737382
6.791875030001393,3.0953214878246564,0.13042206248834837,15,0.07003264557737382
6.792838435001613,3.0953214878246564,0.13042206248834837,15,0.07003264557737382
6.793518551996385,3.0953214878246564,0.13042206248834837,15,0.07003264557737382
6.794381125000655,3.104019955190552,0.13315002725494055,15,0.06254682575520963
6.795218703999126,3.104019955190552,0.13315002725494055,15,0.06254682575520963
6.796017553002457,3.104019955190552,0.13315002725494055,15,0.06254682575520963
6.79732635399705,3.104019955190552,0.13315002725494055,15,0.06254682575520963
6.797923985002853,3.104019955190552,0.13315002725494055,15,0.06254682575520963
6.79866457299795,3.1089752769013157,0.1337195327966155,15,0.058115560809164454
6.799020815000404,3.1089752769013157,0.1337195327966155,15,0.058115560809164454
6.7999052759987535,3.1089752769013157,0.1337195327966155,15,0.058115560809164454
6.800752704999468,3.1089752769013157,0.1337195327966155,15,0.058115560809164454
6.801451015002385,3.1089752769013157,0.1337195327966155,15,0.058115560809164454
6.801678468000318,3.1089752769013157,0.1337195327966155,15,0.058115560809164454
6.802413972996874,3.1089752769013157,0.1337195327966155,15,0.058115560809164454
6.80329480599903,3.1089752769013157,0.1337195327966155,15,0.058115560809164454
6.804284798003209,3.1089752769013157,0.1337195327966155,15,0.058115560809164454
6.805207480996614,3.1089752769013157,0.1337195327966155,15,0.058115560809164454
6.8061489519968745,3.1089752769013157,0.1337195327966155,15,0.058115560809164454
6.807049570001254,3.1089752769013157,0.1337195327966155,15,0.058115560809164454
6.807425090999459,3.1089752769013157,0.1337195327966155,15,0.058115560809164454
6.808349161998194,3.1089752769013157,0.1337195327966155,15,0.058115560809164454
6.809238356996502,3.1089752769013157,0.1337195327966155,15,0.058115560809164454
6.810096720000729,3.1089752769013157,0.1337195327966155,15,0.058115560809164454
6.810451530000137,3.1089752769013157,0.1337195327966155,15,0.058115560809164454
6.811292815000343,3.1089752769013157,0.1337195327966155,15,0.058115560809164454
6.812128710000252,3.1089752769013157,0.1337195327966155,15,0.058115560809164454
6.812945578996732,3.1139385935436428,0.1342991837083974,15,0.05377879301877357
6.813783069002966,3.1139385935436428,0.1342991837083974,15,0.05377879301877357
6.814635499998985,3.1139385935436428,0.1342991837083974,15,0.05377879301877357
6.815506444996572,3.1139385935436428,0.1342991837083974,15,0.05377879301877357
6.816545499998028,3.1139385935436428,0.1342991837083974,15,0.05377879301877357
6.817454604002705,3.1139385935436428,0.1342991837083974,15,0.05377879301877357
6.81782905,3.1139385935436428,0.1342991837083974,15,0.05377879301877357
6.8187292919974425,3.1139385935436428,0.1342991837083974,15,0.05377879301877357
6.82024132800143,3.1139385935436428,0.1342991837083974,15,0.05377879301877357
6.821336422995955,3.1139385935436428,0.1342991837083974,15,0.05377879301877357
6.822277387997019,3.1139385935436428,0.1342991837083974,15,0.05377879301877357
6.823133126999892,3.1189047600453295,0.13492773541959363,15,0.04958651886291486
6.823992008001369,3.1189047600453295,0.13492773541959363,15,0.04958651886291486
6.8248531010031,3.1189047600453295,0.13492773541959363,15,0.04958651886291486
6.825771217001602,3.1189047600453295,0.13492773541959363,15,0.04958651886291486
6.826793102998636,3.1189047600453295,0.13492773541959363,15,0.04958651886291486
6.827619188996323,3.1189047600453295,0.13492773541959363,15,0.04958651886291486
6.828458463998686,3.1189047600453295,0.13492773541959363,15,0.04958651886291486
6.829336468996189,3.1189047600453295,0.13492773541959363,15,0.04958651886291486
6.830223361001117,3.1189047600453295,0.13492773541959363,15,0.04958651886291486
6.830584976996761,3.1189047600453295,0.13492773541959363,15,0.04958651886291486
6.831429589998152,3.1189047600453295,0.13492773541959363,15,0.04958651886291486
6.832306062999123,3.123881324630375,0.13553992657559738,15,0.045541440193101586
6.832683870998153,3.123881324630375,0.13553992657559738,15,0.045541440193101586
6.833624083003087,3.123881324630375,0.13553992657559738,15,0.045541440193101586
6.834558659000322,3.123881324630375,0.13553992657559738,15,0.045541440193101586
6.835515740000119,3.123881324630375,0.13553992657559738,15,0.045541440193101586
6.835876161996566,3.123881324630375,0.13553992657559738,15,0.045541440193101586
6.836794385002577,3.123881324630375,0.13553992657559738,15,0.045541440193101586
6.837738748996344,3.123881324630375,0.13553992657559738,15,0.045541440193101586
6.838686839997536,3.123881324630375,0.13553992657559738,15,0.045541440193101586
6.8396271059973515,3.123881324630375,0.13553992657559738,15,0.045541440193101586
6.840582823002478,3.123881324630375,0.13553992657559738,15,0.045541440193101586
6.840989493997768,3.123881324630375,0.13553992657559738,15,0.045541440193101586
6.841969998997229,3.123881324630375,0.13553992657559738,15,0.045541440193101586
6.842716993000067,3.1288415230466793,0.13612245304839207,15,0.04170360882304172
6.84327185699658,3.1288415230466793,0.13612245304839207,15,0.04170360882304172
6.843797939000069,3.1288415230466793,0.13612245304839207,15,0.04170360882304172
6.8444995539975935,3.1288415230466793,0.13612245304839207,15,0.04170360882304172
6.844856069001253,3.1288415230466793,0.13612245304839207,15,0.04170360882304172
6.845721022997168,3.1288415230466793,0.13612245304839207,15,0.04170360882304172
6.846580847995938,3.1288415230466793,0.13612245304839207,15,0.04170360882304172
6.847417431999929,3.1288415230466793,0.13612245304839207,15,0.04170360882304172
6.848248321002757,3.1288415230466793,0.13612245304839207,15,0.04170360882304172
6.849085148998711,3.1288415230466793,0.13612245304839207,15,0.04170360882304172
6.849873054001364,3.1288415230466793,0.1361224530483921,15,0.041703608823041735
6.850660367999808,3.1288415230466793,0.1361224530483921,15,0.041703608823041735
6.852091685999767,3.1288415230466793,0.1361224530483921,15,0.041703608823041735
6.8531462980026845,3.1288415230466793,0.1361224530483921,15,0.041703608823041735
6.853555551999307,3.1288415230466793,0.1361224530483921,15,0.041703608823041735
6.854540066000482,3.1288415230466793,0.1361224530483921,15,0.041703608823041735
6.854863437001768,3.1288415230466793,0.1361224530483921,15,0.041703608823041735
6.855691147000471,3.1288415230466793,0.1361224530483921,15,0.041703608823041735
6.856014996999875,3.1288415230466793,0.1361224530483921,15,0.041703608823041735
6.856860125997628,3.133759697029751,0.1366933142332195,15,0.038159115035504516
6.857709705996967,3.133759697029751,0.1366933142332195,15,0.038159115035504516
6.858725389996835,3.133759697029751,0.1366933142332195,15,0.038159115035504516
6.8596360640003695,3.133759697029751,0.1366933142332195,15,0.038159115035504516
6.86039355200046,3.133759697029751,0.1366933142332195,15,0.038159115035504516
6.860621649000677,3.133759697029751,0.1366933142332195,15,0.038159115035504516
6.861215723001806,3.133759697029751,0.1366933142332195,15,0.038159115035504516
6.861812397000904,3.133759697029751,0.1366933142332195,15,0.038159115035504516
6.8626844850005,3.133759697029751,0.1366933142332195,15,0.038159115035504516
6.86350949700136,3.133759697029751,0.1366933142332195,15,0.038159115035504516
6.863830185997358,3.133759697029751,0.1366933142332195,15,0.038159115035504516
6.864631903001282,3.133759697029751,0.1366933142332195,15,0.038159115035504516
6.865449229997466,3.1386429132285896,0.13726248124079368,15,0.03498118682821141
6.866248731996166,3.1386429132285896,0.13726248124079368,15,0.03498118682821141
6.86705111899937,3.1386429132285896,0.13726248124079368,15,0.03498118682821141
6.867373463996046,3.1386429132285896,0.13726248124079368,15,0.03498118682821141
6.868234886002028,3.1386429132285896,0.13726248124079368,15,0.03498118682821141
6.869164522002393,3.1386429132285896,0.13726248124079368,15,0.03498118682821141
6.86985819000256,3.1386429132285896,0.13726248124079368,15,0.03498118682821141
6.870492294998257,3.1386429132285896,0.13726248124079368,15,0.03498118682821141
6.871225057999254,3.1386429132285896,0.13726248124079368,15,0.03498118682821141
6.87147051699867,3.1386429132285896,0.13726248124079368,15,0.03498118682821141
6.872379061998799,3.1386429132285896,0.13726248124079368,15,0.03498118682821141
6.873129421001067,3.1386429132285896,0.13726248124079368,15,0.03498118682821141
6.873896422002872,3.1386429132285896,0.13726248124079368,15,0.03498118682821141
6.874272264001775,3.1386429132285896,0.13726248124079368,15,0.03498118682821141
6.875141942997288,3.1386429132285896,0.13726248124079368,15,0.03498118682821141
6.876076335000107,3.1386429132285896,0.13726248124079368,15,0.03498118682821141
6.876984105001611,3.1386429132285896,0.13726248124079368,15,0.03498118682821141
6.8778951420026715,3.1386429132285896,0.13726248124079368,15,0.03498118682821141
6.8788567559968214,3.143497591870057,0.13783222228117215,15,0.032260265658313324
6.879245135001838,3.143497591870057,0.13783222228117215,15,0.032260265658313324
6.880027271996369,3.143497591870057,0.13783222228117215,15,0.032260265658313324
6.8806530669971835,3.143497591870057,0.13783222228117215,15,0.032260265658313324
6.881243564996112,3.143497591870057,0.13783222228117215,15,0.032260265658313324
6.881494018001831,3.143497591870057,0.13783222228117215,15,0.032260265658313324
6.882310907996725,3.143497591870057,0.13783222228117215,15,0.032260265658313324
6.883178252996004,3.143497591870057,0.13783222228117215,15,0.032260265658313324
6.8840268589992775,3.143497591870057,0.13783222228117215,15,0.032260265658313324
6.884874557996227,3.143497591870057,0.13783222228117215,15,0.032260265658313324
6.885843639000086,3.143497591870057,0.13783222228117215,15,0.032260265658313324
6.886731323997083,3.143497591870057,0.13783222228117215,15,0.032260265658313324
6.887590439997439,3.148329168807416,0.13840234090297693,15,0.03010388453865189
6.888596728997072,3.148329168807416,0.13840234090297693,15,0.03010388453865189
6.890121989999898,3.148329168807416,0.13840234090297693,15,0.03010388453865189
6.890488775999984,3.148329168807416,0.13840234090297693,15,0.03010388453865189
6.891392769000959,3.148329168807416,0.13840234090297693,15,0.03010388453865189
6.892287449998548,3.148329168807416,0.13840234090297693,15,0.03010388453865189
6.892626998997002,3.148329168807416,0.13840234090297693,15,0.03010388453865189
6.894044104003115,3.1672067519620755,0.14062091325376502,15,0.028880824816173815
6.895004188998428,3.1672067519620755,0.14062091325376502,15,0.028880824816173815
6.895959790999768,3.1672067519620755,0.14062091325376502,15,0.028880824816173815
6.8968152750021545,3.1672067519620755,0.14062091325376502,15,0.028880824816173815
6.897170333999384,3.1672067519620755,0.14062091325376502,15,0.028880824816173815
6.897775792000175,3.1672067519620755,0.14062091325376502,15,0.028880824816173815
6.89841499299655,3.1672067519620755,0.14062091325376502,15,0.028880824816173815
6.899240024999017,3.1672067519620755,0.14062091325376502,15,0.028880824816173815
6.900087401998462,3.1672067519620755,0.14062091325376502,15,0.028880824816173815
6.900927119997505,3.1672067519620755,0.14062091325376502,15,0.028880824816173815
6.901766418995976,3.1672067519620755,0.14062091325376502,15,0.028880824816173815
6.902641984997899,3.1720051147618196,0.14118612160227959,15,0.030512530762926763
6.902987829998892,3.1720051147618196,0.14118612160227959,15,0.030512530762926763
6.90383324099821,3.1720051147618196,0.14118612160227959,15,0.030512530762926763
6.904174527000578,3.1720051147618196,0.14118612160227959,15,0.030512530762926763
6.905017407996638,3.1720051147618196,0.14118612160227959,15,0.030512530762926763
6.905931829001929,3.1720051147618196,0.14118612160227959,15,0.030512530762926763
6.90682017099607,3.1720051147618196,0.14118612160227959,15,0.030512530762926763
6.907806613002322,3.1720051147618196,0.14118612160227959,15,0.030512530762926763
6.908262851997279,3.1720051147618196,0.14118612160227959,15,0.030512530762926763
6.909369175002212,3.1720051147618196,0.14118612160227959,15,0.030512530762926763
6.910250232001999,3.1720051147618196,0.14118612160227959,15,0.030512530762926763
6.911109752996708,3.1720051147618196,0.14118612160227959,15,0.030512530762926763
6.911975914998038,3.1720051147618196,0.14118612160227959,15,0.030512530762926763
6.912319950002711,3.1720051147618196,0.14118612160227959,15,0.030512530762926763
6.913213166997593,3.176790959156036,0.1417536413341747,15,0.03277810158583113
6.914119485998526,3.176790959156036,0.1417536413341747,15,0.03277810158583113
6.914507665998826,3.176790959156036,0.1417536413341747,15,0.03277810158583113
6.915596665996418,3.176790959156036,0.1417536413341747,15,0.03277810158583113
6.916610635002144,3.176790959156036,0.1417536413341747,15,0.03277810158583113
6.917516581001109,3.176790959156036,0.1417536413341747,15,0.03277810158583113
6.9185693740000715,3.176790959156036,0.1417536413341747,15,0.03277810158583113
6.919522830998176,3.176790959156036,0.1417536413341747,15,0.03277810158583113
6.919893345999299,3.176790959156036,0.1417536413341747,15,0.03277810158583113
6.920732500002487,3.176790959156036,0.1417536413341747,15,0.03277810158583113
6.921615738996479,3.176790959156036,0.1417536413341747,15,0.03277810158583113
6.922475122999458,3.176790959156036,0.1417536413341747,15,0.03277810158583113
6.92281882899988,3.176790959156036,0.1417536413341747,15,0.03277810158583113
6.923665114998585,3.176790959156036,0.1417536413341747,15,0.03277810158583113
6.9246076729978085,3.176790959156036,0.1417536413341747,15,0.03277810158583113
6.925514059003035,3.176790959156036,0.1417536413341747,15,0.03277810158583113
6.925897494002129,3.176790959156036,0.1417536413341747,15,0.03277810158583113
6.926723643002333,3.176790959156036,0.1417536413341747,15,0.03277810158583113
6.927538778996677,3.176790959156036,0.1417536413341747,15,0.03277810158583113
6.9284298319980735,3.1815666709241692,0.14232297450289402,15,0.03555246236401413
6.929287106002448,3.1815666709241692,0.14232297450289402,15,0.03555246236401413
6.930230259000382,3.1815666709241692,0.14232297450289402,15,0.03555246236401413
6.931384682000498,3.1815666709241692,0.14232297450289402,15,0.03555246236401413
6.931708607000473,3.1815666709241692,0.14232297450289402,15,0.03555246236401413
6.932681735001097,3.1815666709241692,0.14232297450289402,15,0.03555246236401413
6.933627391998016,3.1815666709241692,0.14232297450289402,15,0.03555246236401413
6.9345136310003,3.1815666709241692,0.14232297450289402,15,0.03555246236401413
6.935510516996146,3.1815666709241692,0.14232297450289402,15,0.03555246236401413
6.935877490002895,3.1815666709241692,0.14232297450289402,15,0.03555246236401413
6.936826190998545,3.1815666709241692,0.14232297450289402,15,0.03555246236401413
6.937714801999391,3.1815666709241692,0.14232297450289402,15,0.03555246236401413
6.9386788139963755,3.1815666709241692,0.14232297450289402,15,0.03555246236401413
6.939605929997924,3.1815666709241692,0.14232297450289402,15,0.03555246236401413
6.939944978003041,3.1815666709241692,0.14232297450289402,15,0.03555246236401413
6.940758719996666,3.1815666709241692,0.14232297450289402,15,0.03555246236401413
6.941649155996856,3.1815666709241692,0.14232297450289402,15,0.03555246236401413
6.94254950100003,3.186334021083685,0.1428950678721484,15,0.03872457438242799
6.943530235999788,3.186334021083685,0.1428950678721484,15,0.03872457438242799
6.943860756000504,3.186334021083685,0.1428950678721484,15,0.03872457438242799
6.944676070001151,3.186334021083685,0.1428950678721484,15,0.03872457438242799
6.945500401001482,3.186334021083685,0.1428950678721484,15,0.03872457438242799
6.946397321000404,3.186334021083685,0.1428950678721484,15,0.03872457438242799
6.947247170995979,3.186334021083685,0.1428950678721484,15,0.03872457438242799
6.94811345099879,3.186334021083685,0.1428950678721484,15,0.03872457438242799
6.9489946870016865,3.186334021083685,0.1428950678721484,15,0.03872457438242799
6.9493771199995535,3.186334021083685,0.1428950678721484,15,0.03872457438242799
6.950273643997207,3.186334021083685,0.1428950678721484,15,0.03872457438242799
6.95114562499657,3.186334021083685,0.1428950678721484,15,0.03872457438242799
6.963250084001629,3.186334021083685,0.1428950678721484,15,0.03872457438242799
6.964423366000119,3.1910946040110537,0.14346934552106316,15,0.042202762901432905
6.96479939299752,3.1910946040110537,0.14346934552106316,15,0.042202762901432905
6.9656877480010735,3.1910946040110537,0.14346934552106316,15,0.042202762901432905
6.966049549999298,3.1910946040110537,0.14346934552106316,15,0.042202762901432905
6.96695273899968,3.1910946040110537,0.14346934552106316,15,0.042202762901432905
6.967311501997756,3.1910946040110537,0.14346934552106316,15,0.042202762901432905
6.968174684996484,3.1958675863434642,0.1440488778457853,15,0.045931394909981015
6.968534899002407,3.1958675863434642,0.1440488778457853,15,0.045931394909981015
6.969470457996067,3.1958675863434642,0.1440488778457853,15,0.045931394909981015
6.969823626997822,3.1958675863434642,0.1440488778457853,15,0.045931394909981015
6.970648401998915,3.1958675863434642,0.1440488778457853,15,0.045931394909981015
6.971381099996506,3.1958675863434642,0.1440488778457853,15,0.045931394909981015
6.972122405000846,3.1958675863434642,0.1440488778457853,15,0.045931394909981015
6.97287279000011,3.1958675863434642,0.1440488778457853,15,0.045931394909981015
6.973693250001816,3.1958675863434642,0.1440488778457853,15,0.045931394909981015
6.974609623001015,3.1958675863434642,0.1440488778457853,15,0.045931394909981015
6.975470539997332,3.1958675863434642,0.1440488778457853,15,0.045931394909981015
6.976352452002175,3.1958675863434642,0.1440488778457853,15,0.045931394909981015
6.977219551998132,3.1958675863434642,0.1440488778457853,15,0.045931394909981015
6.97755832799885,3.1958675863434642,0.1440488778457853,15,0.045931394909981015
6.978409025003202,3.200670886912265,0.1446351314695259,15,0.04987257987947171
6.979278865001106,3.200670886912265,0.1446351314695259,15,0.04987257987947171
6.9800995719997445,3.200670886912265,0.1446351314695259,15,0.04987257987947171
6.980872612002713,3.200670886912265,0.1446351314695259,15,0.04987257987947171
6.981645166000817,3.200670886912265,0.1446351314695259,15,0.04987257987947171
6.982449140996323,3.200670886912265,0.1446351314695259,15,0.04987257987947171
6.983344672997191,3.200670886912265,0.1446351314695259,15,0.04987257987947171
6.984194700999069,3.200670886912265,0.1446351314695259,15,0.04987257987947171
6.985153075998824,3.200670886912265,0.1446351314695259,15,0.04987257987947171
6.985527771998022,3.200670886912265,0.1446351314695259,15,0.04987257987947171
6.98641602799762,3.200670886912265,0.1446351314695259,15,0.04987257987947171
6.987367987996549,3.200670886912265,0.1446351314695259,15,0.04987257987947171
6.988269547997334,3.200670886912265,0.1446351314695259,15,0.04987257987947171
6.989018284002668,3.200670886912265,0.1446351314695259,15,0.04987257987947171
6.989766430997406,3.200670886912265,0.1446351314695259,15,0.04987257987947171
6.990633973997319,3.200670886912265,0.1446351314695259,15,0.04987257987947171
6.991352946002735,3.2055029448714567,0.14522874382064876,15,0.05398725277171312
6.9916036810027435,3.2055029448714567,0.14522874382064876,15,0.05398725277171312
6.992153942999721,3.2055029448714567,0.14522874382064876,15,0.05398725277171312
6.9930293360012,3.2055029448714567,0.14522874382064876,15,0.05398725277171312
6.99393007800245,3.2055029448714567,0.14522874382064876,15,0.05398725277171312
6.994493901001988,3.2055029448714567,0.14522874382064876,15,0.05398725277171312
6.994705534001696,3.2055029448714567,0.14522874382064876,15,0.05398725277171312
6.995262142001593,3.2055029448714567,0.14522874382064876,15,0.05398725277171312
6.99575887699757,3.2055029448714567,0.14522874382064876,15,0.05398725277171312
6.996497007996368,3.2055029448714567,0.14522874382064876,15,0.05398725277171312
6.997141833002388,3.2055029448714567,0.14522874382064876,15,0.05398725277171312
6.997701296997548,3.2055029448714567,0.14522874382064876,15,0.05398725277171312
6.998540437001793,3.210362454534419,0.1458288428791079,15,0.0582444665479546
6.998868604001473,3.210362454534419,0.1458288428791079,15,0.0582444665479546
6.999704750996898,3.210362454534419,0.1458288428791079,15,0.0582444665479546
7.000554671001737,3.210362454534419,0.1458288428791079,15,0.0582444665479546
7.001383804003126,3.210362454534419,0.1458288428791079,15,0.0582444665479546
7.002231020996987,3.210362454534419,0.1458288428791079,15,0.0582444665479546
7.003143854002701,3.210362454534419,0.1458288428791079,15,0.0582444665479546
7.003946828997869,3.210362454534419,0.1458288428791079,15,0.0582444665479546
7.004785382996488,3.210362454534419,0.1458288428791079,15,0.0582444665479546
7.005640834002406,3.210362454534419,0.1458288428791079,15,0.0582444665479546
7.006508685997687,3.210362454534419,0.1458288428791079,15,0.0582444665479546
7.00736057299946,3.210362454534419,0.1458288428791079,15,0.0582444665479546
7.0083474330022,3.210362454534419,0.1458288428791079,15,0.0582444665479546
7.00917168900196,3.210362454534419,0.1458288428791079,15,0.0582444665479546
7.0099639230029425,3.210362454534419,0.1458288428791079,15,0.0582444665479546
7.010825256998942,3.210362454534419,0.1458288428791079,15,0.0582444665479546
7.011667402999592,3.2152479879026954,0.14643609337435531,15,0.06262090273548714
7.0124976160004735,3.2152479879026954,0.14643609337435531,15,0.06262090273548714
7.013317425997229,3.2152479879026954,0.14643609337435531,15,0.06262090273548714
7.014165512002364,3.2152479879026954,0.14643609337435531,15,0.06262090273548714
7.014526790000673,3.2152479879026954,0.14643609337435531,15,0.06262090273548714
7.015401354001369,3.2152479879026954,0.14643609337435531,15,0.06262090273548714
7.016103107001982,3.215247017340616,0.14641726710451683,15,0.06260975921801787
7.026500425999984,3.215247017340616,0.14641726710451683,15,0.06260975921801787
7.0269997069990495,3.215247017340616,0.14641726710451683,15,0.06260975921801787
7.028025795996655,3.215247017340616,0.14641726710451683,15,0.06260975921801787
7.029419100996165,3.215247017340616,0.14641726710451683,15,0.06260975921801787
7.030482346999634,3.215247017340616,0.14641726710451683,15,0.06260975921801787
7.03098598899669,3.215247017340616,0.14641726710451683,15,0.06260975921801787
7.032141308001883,3.2201292722792743,0.14648341379468952,15,0.0667792239204145
7.032437141002447,3.2201292722792743,0.14648341379468952,15,0.0667792239204145
7.033186260996445,3.2201292722792743,0.14648341379468952,15,0.0667792239204145
7.033431812997151,3.2201292722792743,0.14648341379468952,15,0.0667792239204145
7.034165471995948,3.2201292722792743,0.14648341379468952,15,0.0667792239204145
7.034790491998137,3.2201292722792743,0.14648341379468952,15,0.0667792239204145
7.03532057099801,3.2201292722792743,0.14648341379468952,15,0.0667792239204145
7.0359343879972585,3.2201076546148313,0.14606965352892212,15,0.06654831410868009
7.036946086998796,3.2201076546148313,0.14606965352892212,15,0.06654831410868009
7.0380044280027505,3.2201076546148313,0.14606965352892212,15,0.06654831410868009
7.03894198800117,3.2201076546148313,0.14606965352892212,15,0.06654831410868009
7.039852770001744,3.2201076546148313,0.14606965352892212,15,0.06654831410868009
7.0402217419978115,3.2201076546148313,0.14606965352892212,15,0.06654831410868009
7.041153314996336,3.225013886749525,0.1461499061360862,15,0.07084854247460798
7.042426432999491,3.225013886749525,0.1461499061360862,15,0.07084854247460798
7.043357495997043,3.225013886749525,0.1461499061360862,15,0.07084854247460798
7.043724370996642,3.225013886749525,0.1461499061360862,15,0.07084854247460798
7.044603351998376,3.225013886749525,0.1461499061360862,15,0.07084854247460798
7.046107133995974,3.225013886749525,0.1461499061360862,15,0.07084854247460798
7.047129610997217,3.2249911185948745,0.14572244951298652,15,0.07062385602028963
7.0480454200005624,3.2249911185948745,0.14572244951298652,15,0.07062385602028963
7.048815720998391,3.2249911185948745,0.14572244951298652,15,0.07062385602028963
7.051819385997078,3.2249911185948745,0.14572244951298652,15,0.07062385602028963
7.053911536000669,3.2249911185948745,0.14572244951298652,15,0.07062385602028963
7.054352869003196,3.2249911185948745,0.14572244951298652,15,0.07062385602028963
7.0557373560004635,3.2249911185948745,0.14572244951298652,15,0.07062385602028963
7.056164624002122,3.2249911185948745,0.14572244951298652,15,0.07062385602028963
7.057248281002103,3.2249881335740174,0.14566684356861964,15,0.07059474536248923
7.058947737998096,3.2249881335740174,0.14566684356861964,15,0.07059474536248923
7.061255836997589,3.2249881335740174,0.14566684356861964,15,0.07059474536248923
7.06201159000193,3.2249881335740174,0.14566684356861964,15,0.07059474536248923
7.063967526002671,3.2249881335740174,0.14566684356861964,15,0.07059474536248923
7.0650642620021245,3.2299443559992613,0.14629463301170076,15,0.0752739536620954
7.065428155998234,3.2299443559992613,0.14629463301170076,15,0.0752739536620954
7.066330633999314,3.2299443559992613,0.14629463301170076,15,0.0752739536620954
7.067529040003137,3.2299443559992613,0.14629463301170076,15,0.0752739536620954
7.068797660002019,3.2299443559992613,0.14629463301170076,15,0.0752739536620954
7.069679473999713,3.2299443559992613,0.14629463301170076,15,0.0752739536620954
7.070566952999798,3.2299443559992613,0.14629463301170076,15,0.0752739536620954
7.07240455399733,3.2299443559992613,0.14629463301170076,15,0.0752739536620954
7.0733358610013966,3.2299443559992613,0.14629463301170076,15,0.0752739536620954
7.074213252999471,3.2299443559992613,0.14629463301170076,15,0.0752739536620954
7.075146351002331,3.2299443559992613,0.14629463301170076,15,0.0752739536620954
7.075952706996759,3.234910098285178,0.1470154505544334,15,0.08004061541422586
7.076223409996601,3.234910098285178,0.1470154505544334,15,0.08004061541422586
7.076804053001979,3.234910098285178,0.1470154505544334,15,0.08004061541422586
7.077499348000856,3.234910098285178,0.1470154505544334,15,0.08004061541422586
7.07821182099724,3.234910098285178,0.1470154505544334,15,0.08004061541422586
7.079012936002982,3.234910098285178,0.1470154505544334,15,0.08004061541422586
7.07932056899881,3.234910098285178,0.1470154505544334,15,0.08004061541422586
7.080239568997058,3.234910098285178,0.1470154505544334,15,0.08004061541422586
7.0812438930006465,3.234910098285178,0.1470154505544334,15,0.08004061541422586
7.081903637001233,3.234910098285178,0.1470154505544334,15,0.08004061541422586
7.082694685996103,3.239895059078399,0.14774981729825495,15,0.08485937945763006
7.083536564998212,3.239895059078399,0.14774981729825495,15,0.08485937945763006
7.083886423002696,3.239895059078399,0.14774981729825495,15,0.08485937945763006
7.084741681996093,3.239895059078399,0.14774981729825495,15,0.08485937945763006
7.085531434997392,3.239895059078399,0.14774981729825495,15,0.08485937945763006
7.086248717001581,3.239895059078399,0.14774981729825495,15,0.08485937945763006
7.086947085001157,3.239895059078399,0.14774981729825495,15,0.08485937945763006
7.0878340729977936,3.239895059078399,0.14774981729825495,15,0.08485937945763006
7.088730770003167,3.2448929868293015,0.1485116457951282,15,0.0897253252214594
7.089634878997458,3.2448929868293015,0.1485116457951282,15,0.0897253252214594
7.089993264999066,3.2448929868293015,0.1485116457951282,15,0.0897253252214594
7.0910445819972665,3.2448929868293015,0.1485116457951282,15,0.0897253252214594
7.092573445996095,3.2448929868293015,0.1485116457951282,15,0.0897253252214594
7.092975883999316,3.2448929868293015,0.1485116457951282,15,0.0897253252214594
7.093892571996548,3.2448929868293015,0.1485116457951282,15,0.0897253252214594
7.094941540999571,3.2448929868293015,0.1485116457951282,15,0.0897253252214594
7.095861984998919,3.2448929868293015,0.1485116457951282,15,0.0897253252214594
7.0966906620014925,3.2448929868293015,0.1485116457951282,15,0.0897253252214594
7.097024162998423,3.2448929868293015,0.1485116457951282,15,0.0897253252214594
7.097905214002822,3.2448929868293015,0.1485116457951282,15,0.0897253252214594
7.09886219100008,3.2448929868293015,0.1485116457951282,15,0.0897253252214594
7.099754647002555,3.2499049505620934,0.14926807245784318,15,0.09462194831037801
7.100635889997648,3.2499049505620934,0.14926807245784318,15,0.09462194831037801
7.101011122002092,3.2499049505620934,0.14926807245784318,15,0.09462194831037801
7.101900258996466,3.2499049505620934,0.14926807245784318,15,0.09462194831037801
7.102761207002914,3.2499049505620934,0.14926807245784318,15,0.09462194831037801
7.103452180002932,3.2499049505620934,0.14926807245784318,15,0.09462194831037801
7.104508673000964,3.2499049505620934,0.14926807245784318,15,0.09462194831037801
7.10551378299715,3.2499049505620934,0.14926807245784318,15,0.09462194831037801
7.106409280997468,3.2499049505620934,0.14926807245784318,15,0.09462194831037801
7.1072638889963855,3.2499049505620934,0.14926807245784318,15,0.09462194831037801
7.108113697999215,3.254926381817419,0.1500448922386789,15,0.09955233416488048
7.109694935003063,3.254926381817419,0.1500448922386789,15,0.09955233416488048
7.110485807999794,3.254926381817419,0.1500448922386789,15,0.09955233416488048
7.1113411449987325,3.254926381817419,0.1500448922386789,15,0.09955233416488048
7.112157784002193,3.2599641465155544,0.15079299242057256,16,0.09988163142129287
7.1129576550010825,3.2599641465155544,0.15079299242057256,16,0.09988163142129287
7.1137539929986815,3.2599641465155544,0.15079299242057256,16,0.09988163142129287
7.1141505659979885,3.2599641465155544,0.15079299242057256,16,0.09988163142129287
7.11496369499946,3.2599641465155544,0.15079299242057256,16,0.09988163142129287
7.115788673996576,3.2599641465155544,0.15079299242057256,16,0.09988163142129287
7.116119161997631,3.2599641465155544,0.15079299242057256,16,0.09988163142129287
7.116905595998105,3.2599641465155544,0.15079299242057256,16,0.09988163142129287
7.117682244999742,3.2650191229059238,0.15150078849174795,16,0.09492049738492049
7.118525298996246,3.2650191229059238,0.15150078849174795,16,0.09492049738492049
7.119253110999125,3.2650191229059238,0.15150078849174795,16,0.09492049738492049
7.11985670899594,3.2650191229059238,0.15150078849174795,16,0.09492049738492049
7.120716566001647,3.2650191229059238,0.15150078849174795,16,0.09492049738492049
7.121134590997826,3.2650191229059238,0.15150078849174795,16,0.09492049738492049
7.122028024998144,3.2650191229059238,0.15150078849174795,16,0.09492049738492049
7.1228475000025355,3.2650191229059238,0.15150078849174795,16,0.09492049738492049
7.123183513998811,3.2650191229059238,0.15150078849174795,16,0.09492049738492049
7.124048724996101,3.2650191229059238,0.15150078849174795,16,0.09492049738492049
7.12493546600308,3.2700841630838324,0.1522143212047261,16,0.08996606251186678
7.125794118997874,3.2700841630838324,0.1522143212047261,16,0.08996606251186678
7.126170777002699,3.2700841630838324,0.1522143212047261,16,0.08996606251186678
7.127078439996694,3.2700841630838324,0.1522143212047261,16,0.08996606251186678
7.128095685002336,3.2700841630838324,0.1522143212047261,16,0.08996606251186678
7.129123674996663,3.2700841630838324,0.1522143212047261,16,0.08996606251186678
7.130069305996585,3.2700841630838324,0.1522143212047261,16,0.08996606251186678
7.1304253400012385,3.2700841630838324,0.1522143212047261,16,0.08996606251186678
7.1313484170023,3.2700841630838324,0.1522143212047261,16,0.08996606251186678
7.132266150001669,3.2700841630838324,0.1522143212047261,16,0.08996606251186678
7.132622545999766,3.2700841630838324,0.1522143212047261,16,0.08996606251186678
7.133476105002046,3.2700841630838324,0.1522143212047261,16,0.08996606251186678
7.134332510999229,3.2700841630838324,0.1522143212047261,16,0.08996606251186678
7.135153531999094,3.2700841630838324,0.1522143212047261,16,0.08996606251186678
7.136021444996004,3.2700841630838324,0.1522143212047261,16,0.08996606251186678
7.136904617997061,3.275161650107361,0.15291267405656742,16,0.08501629289033752
7.137773340997228,3.275161650107361,0.15291267405656742,16,0.08501629289033752
7.138663249999809,3.275161650107361,0.15291267405656742,16,0.08501629289033752
7.139499766999506,3.275161650107361,0.15291267405656742,16,0.08501629289033752
7.140300320999813,3.275161650107361,0.15291267405656742,16,0.08501629289033752
7.141247822000878,3.275161650107361,0.15291267405656742,16,0.08501629289033752
7.142053010000382,3.275161650107361,0.15291267405656742,16,0.08501629289033752
7.142862779001007,3.275161650107361,0.15291267405656742,16,0.08501629289033752
7.143672644997423,3.275161650107361,0.15291267405656742,16,0.08501629289033752
7.144477415997244,3.275161650107361,0.15291267405656742,16,0.08501629289033752
7.145284395002818,3.2751697882607824,0.1529056808022468,16,0.08500729658547392
7.146096750002471,3.2751697882607824,0.1529056808022468,16,0.08500729658547392
7.146425181002996,3.2751697882607824,0.1529056808022468,16,0.08500729658547392
7.147256060001382,3.2751697882607824,0.1529056808022468,16,0.08500729658547392
7.148015478000161,3.2751697882607824,0.1529056808022468,16,0.08500729658547392
7.148642310996365,3.2751697882607824,0.1529056808022468,16,0.08500729658547392
7.149255347001599,3.2751697882607824,0.1529056808022468,16,0.08500729658547392
7.149935102999734,3.2751697882607824,0.1529056808022468,16,0.08500729658547392
7.150282394999522,3.2751697882607824,0.1529056808022468,16,0.08500729658547392
7.151112122002814,3.2751697882607824,0.1529056808022468,16,0.08500729658547392
7.15197839600296,3.2751697882607824,0.1529056808022468,16,0.08500729658547392
7.152806778998638,3.2751697882607824,0.1529056808022468,16,0.08500729658547392
7.153627605999645,3.2802643440814796,0.15361955161294477,16,0.08006496415495443
7.154420858001686,3.2802643440814796,0.15361955161294477,16,0.08006496415495443
7.155219303997001,3.2802643440814796,0.15361955161294477,16,0.08006496415495443
7.156041738999193,3.2802643440814796,0.15361955161294477,16,0.08006496415495443
7.156824926001718,3.2802643440814796,0.15361955161294477,16,0.08006496415495443
7.15718580000248,3.2802643440814796,0.15361955161294477,16,0.08006496415495443
7.158064798997657,3.2802643440814796,0.15361955161294477,16,0.08006496415495443
7.158984693996899,3.2802643440814796,0.15361955161294477,16,0.08006496415495443
7.159955130002345,3.2802643440814796,0.15361955161294477,16,0.08006496415495443
7.160880518997146,3.285365551185121,0.15434954550310984,16,0.07514592790155708
7.161751013001776,3.285365551185121,0.15434954550310984,16,0.07514592790155708
7.1621199660003185,3.285365551185121,0.15434954550310984,16,0.07514592790155708
7.1630082269985,3.285365551185121,0.15434954550310984,16,0.07514592790155708
7.1638900300022215,3.285365551185121,0.15434954550310984,16,0.07514592790155708
7.164768975999323,3.285365551185121,0.15434954550310984,16,0.07514592790155708
7.165144861995941,3.285365551185121,0.15434954550310984,16,0.07514592790155708
7.166040985001018,3.285365551185121,0.15434954550310984,16,0.07514592790155708
7.166972444996645,3.285365551185121,0.15434954550310984,16,0.07514592790155708
7.167911473996355,3.2904641946940067,0.1550662945693724,16,0.07026044036254031
7.1688457319978625,3.2904641946940067,0.1550662945693724,16,0.07026044036254031
7.169732551999914,3.2904641946940067,0.1550662945693724,16,0.07026044036254031
7.170125987999199,3.2904641946940067,0.1550662945693724,16,0.07026044036254031
7.171018007000384,3.2904641946940067,0.1550662945693724,16,0.07026044036254031
7.171914493999793,3.2904641946940067,0.1550662945693724,16,0.07026044036254031
7.172832001997449,3.2904641946940067,0.1550662945693724,16,0.07026044036254031
7.173656603001291,3.2904641946940067,0.1550662945693724,16,0.07026044036254031
7.17451230900042,3.2904641946940067,0.1550662945693724,16,0.07026044036254031
7.175426633002644,3.2904641946940067,0.1550662945693724,16,0.07026044036254031
7.176370688997849,3.2904641946940067,0.1550662945693724,16,0.07026044036254031
7.177323338997667,3.2904641946940067,0.1550662945693724,16,0.07026044036254031
7.178221397000016,3.2904641946940067,0.1550662945693724,16,0.07026044036254031
7.179129475996888,3.2904641946940067,0.1550662945693724,16,0.07026044036254031
7.1800737689991365,3.2904641946940067,0.1550662945693724,16,0.07026044036254031
7.180460483003117,3.2904641946940067,0.1550662945693724,16,0.07026044036254031
7.181389372002741,3.2904641946940067,0.1550662945693724,16,0.07026044036254031
7.181741093998426,3.2904641946940067,0.1550662945693724,16,0.07026044036254031
7.182668312001624,3.2955450598311504,0.15579606281182365,16,0.06543553109864249
7.18360730400309,3.2955450598311504,0.15579606281182365,16,0.06543553109864249
7.1840003870020155,3.2955450598311504,0.15579606281182365,16,0.06543553109864249
7.185007631996996,3.2955450598311504,0.15579606281182365,16,0.06543553109864249
7.185994125000434,3.2955450598311504,0.15579606281182365,16,0.06543553109864249
7.18691666599625,3.2955450598311504,0.15579606281182365,16,0.06543553109864249
7.187854937001248,3.2955450598311504,0.15579606281182365,16,0.06543553109864249
7.1888422109987005,3.2955450598311504,0.15579606281182365,16,0.06543553109864249
7.189248886003043,3.2955450598311504,0.15579606281182365,16,0.06543553109864249
7.190211282002565,3.2955450598311504,0.15579606281182365,16,0.06543553109864249
7.1911407570005395,3.2955450598311504,0.15579606281182365,16,0.06543553109864249
7.192092491997755,3.2955450598311504,0.15579606281182365,16,0.06543553109864249
7.192493513997761,3.2955450598311504,0.15579606281182365,16,0.06543553109864249
7.193479369998386,3.2955450598311504,0.15579606281182365,16,0.06543553109864249
7.194382494999445,3.2955450598311504,0.15579606281182365,16,0.06543553109864249
7.195242009001959,3.2955450598311504,0.15579606281182365,16,0.06543553109864249
7.195608390000416,3.2955450598311504,0.15579606281182365,16,0.06543553109864249
7.196547519997694,3.2955450598311504,0.15579606281182365,16,0.06543553109864249
7.19748628600064,3.300615108976295,0.15651119835707555,16,0.06066810366640165
7.198419334999926,3.300615108976295,0.15651119835707555,16,0.06066810366640165
7.199346583001898,3.300615108976295,0.15651119835707555,16,0.06066810366640165
7.19972862299619,3.300615108976295,0.15651119835707555,16,0.06066810366640165
7.200715191000199,3.300615108976295,0.15651119835707555,16,0.06066810366640165
7.201734451999073,3.300615108976295,0.15651119835707555,16,0.06066810366640165
7.20274206600152,3.300615108976295,0.15651119835707555,16,0.06066810366640165
7.203145845000108,3.300615108976295,0.15651119835707555,16,0.06066810366640165
7.2040966549975565,3.3056727412988303,0.15724015371067995,16,0.05597882901838721
7.205002697999589,3.3056727412988303,0.15724015371067995,16,0.05597882901838721
7.205950294002832,3.3056727412988303,0.15724015371067995,16,0.05597882901838721
7.2063567509976565,3.3056727412988303,0.15724015371067995,16,0.05597882901838721
7.207405866996851,3.3056727412988303,0.15724015371067995,16,0.05597882901838721
7.208404431003146,3.3056727412988303,0.15724015371067995,16,0.05597882901838721
7.209264924000308,3.3056727412988303,0.15724015371067995,16,0.05597882901838721
7.209911860998545,3.3056727412988303,0.15724015371067995,16,0.05597882901838721
7.210580913997546,3.3056727412988303,0.15724015371067995,16,0.05597882901838721
7.210834106997936,3.3056727412988303,0.15724015371067995,16,0.05597882901838721
7.211671370001568,3.3056727412988303,0.15724015371067995,16,0.05597882901838721
7.212552953998966,3.3056727412988303,0.15724015371067995,16,0.05597882901838721
7.21339474299748,3.3056727412988303,0.15724015371067995,16,0.05597882901838721
7.214253120000649,3.3056727412988303,0.15724015371067995,16,0.05597882901838721
7.21511249300238,3.3056727412988303,0.15724015371067995,16,0.05597882901838721
7.215946468997572,3.3056727412988303,0.15724015371067995,16,0.05597882901838721
7.216786602999491,3.3056727412988303,0.15724015371067995,16,0.05597882901838721
7.2176445739969495,3.3107239079840656,0.157955152343282,16,0.05137153614933104
7.218507420002425,3.3107239079840656,0.157955152343282,16,0.05137153614933104
7.219330257001275,3.3107239079840656,0.157955152343282,16,0.05137153614933104
7.220195996000257,3.3107239079840656,0.157955152343282,16,0.05137153614933104
7.221115025997278,3.3107239079840656,0.157955152343282,16,0.05137153614933104
7.221480015003181,3.3107239079840656,0.157955152343282,16,0.05137153614933104
7.222361000996898,3.3107239079840656,0.157955152343282,16,0.05137153614933104
7.222707604996685,3.3107239079840656,0.157955152343282,16,0.05137153614933104
7.223588756998652,3.3107239079840656,0.157955152343282,16,0.05137153614933104
7.224489211999753,3.3107239079840656,0.157955152343282,16,0.05137153614933104
7.225357830000576,3.3107239079840656,0.157955152343282,16,0.05137153614933104
7.226225236998289,3.3107239079840656,0.157955152343282,16,0.05137153614933104
7.227101800999662,3.3157661784546653,0.15868444400281026,16,0.04688023110307009
7.227984668999852,3.3157661784546653,0.15868444400281026,16,0.04688023110307009
7.228398988001572,3.3157661784546653,0.15868444400281026,16,0.04688023110307009
7.229349068998999,3.3157661784546653,0.15868444400281026,16,0.04688023110307009
7.23024588899716,3.3157661784546653,0.15868444400281026,16,0.04688023110307009
7.231110613000055,3.3157661784546653,0.15868444400281026,16,0.04688023110307009
7.23145146099705,3.3157661784546653,0.15868444400281026,16,0.04688023110307009
7.2323056850000285,3.3208048409724684,0.15940020389549328,16,0.04252277958048232
7.233166871999856,3.3208048409724684,0.15940020389549328,16,0.04252277958048232
7.2340108409989625,3.3208048409724684,0.15940020389549328,16,0.04252277958048232
7.234863607001898,3.3208048409724684,0.15940020389549328,16,0.04252277958048232
7.235706517996732,3.3208048409724684,0.15940020389549328,16,0.04252277958048232
7.236633016000269,3.3208048409724684,0.15940020389549328,16,0.04252277958048232
7.237508616999548,3.3208048409724684,0.15940020389549328,16,0.04252277958048232
7.2378714559963555,3.3208048409724684,0.15940020389549328,16,0.04252277958048232
7.238629369996488,3.3208048409724684,0.15940020389549328,16,0.04252277958048232
7.239303934002237,3.3208048409724684,0.15940020389549328,16,0.04252277958048232
7.240026551000483,3.3208048409724684,0.15940020389549328,16,0.04252277958048232
7.240961229996174,3.325836914295067,0.1601305607802532,16,0.038358854899247743
7.2418667929960066,3.325836914295067,0.1601305607802532,16,0.038358854899247743
7.242798098995991,3.325836914295067,0.1601305607802532,16,0.038358854899247743
7.2431850520006265,3.325836914295067,0.1601305607802532,16,0.038358854899247743
7.244069068998215,3.325836914295067,0.1601305607802532,16,0.038358854899247743
7.245000493996486,3.325836914295067,0.1601305607802532,16,0.038358854899247743
7.245933004996914,3.3245461449216376,0.16067528059091427,16,0.039752424626075714
7.246306264998566,3.3245461449216376,0.16067528059091427,16,0.039752424626075714
7.247242630000983,3.3245461449216376,0.16067528059091427,16,0.039752424626075714
7.248161490999337,3.3245461449216376,0.16067528059091427,16,0.039752424626075714
7.249101364002854,3.3245461449216376,0.16067528059091427,16,0.039752424626075714
7.250011404998077,3.3245461449216376,0.16067528059091427,16,0.039752424626075714
7.250913650997973,3.3266933744661435,0.1626079534707021,16,0.03889179475877688
7.251889589999337,3.3266933744661435,0.1626079534707021,16,0.03889179475877688
7.2523015109982225,3.3266933744661435,0.1626079534707021,16,0.03889179475877688
7.253329344996018,3.3266933744661435,0.1626079534707021,16,0.03889179475877688
7.254329431001679,3.3266933744661435,0.1626079534707021,16,0.03889179475877688
7.254696914002125,3.3266933744661435,0.1626079534707021,16,0.03889179475877688
7.25579483799811,3.3266933744661435,0.1626079534707021,16,0.03889179475877688
7.257473938996554,3.3266933744661435,0.1626079534707021,16,0.03889179475877688
7.258801534000668,3.3266933744661435,0.1626079534707021,16,0.03889179475877688
7.259695337001176,3.3266933744661435,0.1626079534707021,16,0.03889179475877688
7.260714547999669,3.3266933744661435,0.1626079534707021,16,0.03889179475877688
7.261581601000216,3.3266933744661435,0.1626079534707021,16,0.03889179475877688
7.262438186000509,3.3316949883666656,0.163335238329305,16,0.035231944493618765
7.263300660000823,3.3316949883666656,0.163335238329305,16,0.035231944493618765
7.264246694001486,3.3316949883666656,0.163335238329305,16,0.035231944493618765
7.265305718996387,3.3316949883666656,0.163335238329305,16,0.035231944493618765
7.265671701003157,3.3316949883666656,0.163335238329305,16,0.035231944493618765
7.266603342002782,3.3316949883666656,0.163335238329305,16,0.035231944493618765
7.267642567996518,3.3316949883666656,0.163335238329305,16,0.035231944493618765
7.268633537998539,3.3316949883666656,0.163335238329305,16,0.035231944493618765
7.269751136998821,3.3316949883666656,0.163335238329305,16,0.035231944493618765
7.270137999999861,3.3316949883666656,0.163335238329305,16,0.035231944493618765
7.271069772003102,3.3316949883666656,0.163335238329305,16,0.035231944493618765
7.271972966998874,3.3316949883666656,0.163335238329305,16,0.035231944493618765
7.273093819996575,3.3316949883666656,0.163335238329305,16,0.035231944493618765
7.273604068002896,3.3316949883666656,0.163335238329305,16,0.035231944493618765
7.2751145899965195,3.3316949883666656,0.163335238329305,16,0.035231944493618765
7.2763076859992,3.3316949883666656,0.163335238329305,16,0.035231944493618765
7.277840019996802,3.3316949883666656,0.163335238329305,16,0.035231944493618765
7.278809229996114,3.3316949883666656,0.163335238329305,16,0.035231944493618765
7.27916484799789,3.3316949883666656,0.163335238329305,16,0.035231944493618765
7.279966597001476,3.3366537101036107,0.1640380818205768,16,0.03196798452629992
7.280772967002122,3.3366537101036107,0.1640380818205768,16,0.03196798452629992
7.2815450619964395,3.3366537101036107,0.1640380818205768,16,0.03196798452629992
7.282304007996572,3.3366537101036107,0.1640380818205768,16,0.03196798452629992
7.283039813999494,3.3366537101036107,0.1640380818205768,16,0.03196798452629992
7.28399189600168,3.3366537101036107,0.1640380818205768,16,0.03196798452629992
7.284757788002025,3.3366537101036107,0.1640380818205768,16,0.03196798452629992
7.285020709001401,3.3366537101036107,0.1640380818205768,16,0.03196798452629992
7.2856590270021115,3.3366537101036107,0.1640380818205768,16,0.03196798452629992
7.286052481002116,3.3366537101036107,0.1640380818205768,16,0.03196798452629992
7.287070507001772,3.3366537101036107,0.1640380818205768,16,0.03196798452629992
7.288054641998315,3.3366537101036107,0.1640380818205768,16,0.03196798452629992
7.288968508000835,3.3415792727772105,0.16470962084117224,16,0.02919784492197809
7.289932412997587,3.3415792727772105,0.16470962084117224,16,0.02919784492197809
7.290330807998544,3.3415792727772105,0.16470962084117224,16,0.02919784492197809
7.2912530609974056,3.3415792727772105,0.16470962084117224,16,0.02919784492197809
7.292186115999357,3.3415792727772105,0.16470962084117224,16,0.02919784492197809
7.293078164002509,3.3415792727772105,0.16470962084117224,16,0.02919784492197809
7.297654146997957,3.3415792727772105,0.16470962084117224,16,0.02919784492197809
7.298111427000549,3.3415792727772105,0.16470962084117224,16,0.02919784492197809
7.299067785999796,3.3415792727772105,0.16470962084117224,16,0.02919784492197809
7.299983974000497,3.3415792727772105,0.16470962084117224,16,0.02919784492197809
7.300911341000756,3.3415792727772105,0.16470962084117224,16,0.02919784492197809
7.301274600999022,3.3415792727772105,0.16470962084117224,16,0.02919784492197809
7.30219905100239,3.3415792727772105,0.16470962084117224,16,0.02919784492197809
7.30528651199711,3.3415792727772105,0.16470962084117224,16,0.02919784492197809
7.306383315000858,3.3415792727772105,0.16470962084117224,16,0.02919784492197809
7.3070750670012785,3.3464748934480926,0.16537787621072092,16,0.02707616566649321
7.307443530000455,3.3464748934480926,0.16537787621072092,16,0.02707616566649321
7.308341443000245,3.3464748934480926,0.16537787621072092,16,0.02707616566649321
7.309228350000922,3.3464748934480926,0.16537787621072092,16,0.02707616566649321
7.310123930001282,3.3464748934480926,0.16537787621072092,16,0.02707616566649321
7.3109787270004745,3.3464748934480926,0.16537787621072092,16,0.02707616566649321
7.311825306998799,3.3464748934480926,0.16537787621072092,16,0.02707616566649321
7.31268936899869,3.3464748934480926,0.16537787621072092,16,0.02707616566649321
7.313045732000319,3.3464748934480926,0.16537787621072092,16,0.02707616566649321
7.3138509369964595,3.3513461421949886,0.1660443851945262,16,0.025746035133741015
7.3142608249982,3.3513461421949886,0.1660443851945262,16,0.025746035133741015
7.315147870001965,3.3513461421949886,0.1660443851945262,16,0.025746035133741015
7.316118026996264,3.3513461421949886,0.1660443851945262,16,0.025746035133741015
7.3172105889971135,3.3513461421949886,0.1660443851945262,16,0.025746035133741015
7.318082817000686,3.3513461421949886,0.1660443851945262,16,0.025746035133741015
7.318411271000514,3.3513461421949886,0.1660443851945262,16,0.025746035133741015
7.319170025002677,3.3513461421949886,0.1660443851945262,16,0.025746035133741015
7.319902012000966,3.3513461421949886,0.1660443851945262,16,0.025746035133741015
7.320588367998425,3.3561977218058603,0.16670898651674526,16,0.025317486514344713
7.320826438997756,3.3561977218058603,0.16670898651674526,16,0.025317486514344713
7.32139408600051,3.3561977218058603,0.16670898651674526,16,0.025317486514344713
7.3223070629974245,3.3561977218058603,0.16670898651674526,16,0.025317486514344713
7.323405098999501,3.3561977218058603,0.16670898651674526,16,0.025317486514344713
7.324046403999091,3.3561977218058603,0.16670898651674526,16,0.025317486514344713
7.324798053996346,3.3561977218058603,0.16670898651674526,16,0.025317486514344713
7.3254109879999305,3.3561977218058603,0.16670898651674526,16,0.025317486514344713
7.325641019000614,3.3561977218058603,0.16670898651674526,16,0.025317486514344713
7.326184090001334,3.3561977218058603,0.16670898651674526,16,0.025317486514344713
7.326729751002858,3.3561977218058603,0.16670898651674526,16,0.025317486514344713
7.327343554003164,3.3561977218058603,0.16670898651674526,16,0.025317486514344713
7.328229967999505,3.3610332494568858,0.16737294527076677,16,0.02582568174897071
7.328863449998607,3.3610332494568858,0.16737294527076677,16,0.02582568174897071
7.329441884998232,3.3610332494568858,0.16737294527076677,16,0.02582568174897071
7.330077441998583,3.3610332494568858,0.16737294527076677,16,0.02582568174897071
7.3309620799991535,3.3610332494568858,0.16737294527076677,16,0.02582568174897071
7.331332481000572,3.3610332494568858,0.16737294527076677,16,0.02582568174897071
7.332485731996712,3.3610332494568858,0.16737294527076677,16,0.02582568174897071
7.333330258996284,3.3610332494568858,0.16737294527076677,16,0.02582568174897071
7.333892057002231,3.3610332494568858,0.16737294527076677,16,0.02582568174897071
7.334523830999387,3.3610332494568858,0.16737294527076677,16,0.02582568174897071
7.334754171999521,3.3610332494568858,0.16737294527076677,16,0.02582568174897071
7.335518444000627,3.3610332494568858,0.16737294527076677,16,0.02582568174897071
7.3365470270000515,3.3658558441023514,0.168035902041664,16,0.027209985520299292
7.3375848369978485,3.3658558441023514,0.168035902041664,16,0.027209985520299292
7.338537996998639,3.3658558441023514,0.168035902041664,16,0.027209985520299292
7.339446657002554,3.3658558441023514,0.168035902041664,16,0.027209985520299292
7.340373163999175,3.3658558441023514,0.168035902041664,16,0.027209985520299292
7.340725367997948,3.3658558441023514,0.168035902041664,16,0.027209985520299292
7.341750095998577,3.3658558441023514,0.168035902041664,16,0.027209985520299292
7.342854237998836,3.3658558441023514,0.168035902041664,16,0.027209985520299292
7.343872673998703,3.3658558441023514,0.168035902041664,16,0.027209985520299292
7.3442013879976,3.3658558441023514,0.168035902041664,16,0.027209985520299292
7.344783993001329,3.3658558441023514,0.168035902041664,16,0.027209985520299292
7.345450478998828,3.3658558441023514,0.168035902041664,16,0.027209985520299292
7.346132079997915,3.3706678422184355,0.16869894280790712,16,0.029342132608715037
7.34700373600208,3.3706678422184355,0.16869894280790712,16,0.029342132608715037
7.34786480099865,3.3706678422184355,0.16869894280790712,16,0.029342132608715037
7.348707261000527,3.3706678422184355,0.16869894280790712,16,0.029342132608715037
7.349551254999824,3.3706678422184355,0.16869894280790712,16,0.029342132608715037
7.350390897001489,3.3849848480539255,0.17045473765602548,16,0.038551446727267256
7.351313628998469,3.3849848480539255,0.17045473765602548,16,0.038551446727267256
7.351683512002637,3.3849848480539255,0.17045473765602548,16,0.038551446727267256
7.352803326000867,3.3849848480539255,0.17045473765602548,16,0.038551446727267256
7.353231800996582,3.3849848480539255,0.17045473765602548,16,0.038551446727267256
7.354214334998687,3.3849848480539255,0.17045473765602548,16,0.038551446727267256
7.355160888997489,3.3849848480539255,0.17045473765602548,16,0.038551446727267256
7.3561144069972215,3.3849848480539255,0.17045473765602548,16,0.038551446727267256
7.356513591003022,3.3849848480539255,0.17045473765602548,16,0.038551446727267256
7.357451258001674,3.3849848480539255,0.17045473765602548,16,0.038551446727267256
7.358413756999653,3.3849848480539255,0.17045473765602548,16,0.038551446727267256
7.359278400996118,3.3897973710395997,0.17113571667429128,16,0.04236965662964735
7.359562290002941,3.3897973710395997,0.17113571667429128,16,0.04236965662964735
7.360300950997043,3.3897973710395997,0.17113571667429128,16,0.04236965662964735
7.361053230997641,3.3897973710395997,0.17113571667429128,16,0.04236965662964735
7.361858527998265,3.3897973710395997,0.17113571667429128,16,0.04236965662964735
7.362477978997049,3.3897973710395997,0.17113571667429128,16,0.04236965662964735
7.3627346889988985,3.3897973710395997,0.17113571667429128,16,0.04236965662964735
7.363517814002989,3.3897973710395997,0.17113571667429128,16,0.04236965662964735
7.3644762149997405,3.3897973710395997,0.17113571667429128,16,0.04236965662964735
7.364863105998666,3.3897973710395997,0.17113571667429128,16,0.04236965662964735
7.36576675499964,3.3897973710395997,0.17113571667429128,16,0.04236965662964735
7.366348408002523,3.3897973710395997,0.17113571667429128,16,0.04236965662964735
7.367026353000256,3.3897973710395997,0.17113571667429128,16,0.04236965662964735
7.368062574998476,3.3897973710395997,0.17113571667429128,16,0.04236965662964735
7.368942647997756,3.39463934846488,0.17182164143976453,16,0.04640886216972077
7.3693040709986235,3.39463934846488,0.17182164143976453,16,0.04640886216972077
7.37121447899699,3.39463934846488,0.17182164143976453,16,0.04640886216972077
7.372292009000375,3.39463934846488,0.17182164143976453,16,0.04640886216972077
7.373450188002607,3.39463934846488,0.17182164143976453,16,0.04640886216972077
7.374362153997936,3.39463934846488,0.17182164143976453,16,0.04640886216972077
7.374809724999068,3.39463934846488,0.17182164143976453,16,0.04640886216972077
7.375686696002958,3.39463934846488,0.17182164143976453,16,0.04640886216972077
7.376695528997516,3.39463934846488,0.17182164143976453,16,0.04640886216972077
7.377565271999629,3.39463934846488,0.17182164143976453,16,0.04640886216972077
7.3784399700016365,3.3995092630755175,0.17251309837361511,16,0.05062399402008101
7.378786820001551,3.3995092630755175,0.17251309837361511,16,0.05062399402008101
7.37965192199772,3.3995092630755175,0.17251309837361511,16,0.05062399402008101
7.380672637998941,3.3995092630755175,0.17251309837361511,16,0.05062399402008101
7.381543960000272,3.3995092630755175,0.17251309837361511,16,0.05062399402008101
7.3824078800025745,3.3995092630755175,0.17251309837361511,16,0.05062399402008101
7.382757669998682,3.3995092630755175,0.17251309837361511,16,0.05062399402008101
7.3836214510010905,3.3995092630755175,0.17251309837361511,16,0.05062399402008101
7.384489828000369,3.3995092630755175,0.17251309837361511,16,0.05062399402008101
7.385413457996037,3.3995092630755175,0.17251309837361511,16,0.05062399402008101
7.3863707249984145,3.404405994207292,0.17320835958448932,16,0.054980322331770984
7.38682491399959,3.404405994207292,0.17320835958448932,16,0.054980322331770984
7.387768171000062,3.404405994207292,0.17320835958448932,16,0.054980322331770984
7.388741447000939,3.404405994207292,0.17320835958448932,16,0.054980322331770984
7.389697134996823,3.404405994207292,0.17320835958448932,16,0.054980322331770984
7.390558275998046,3.404405994207292,0.17320835958448932,16,0.054980322331770984
7.391418412000348,3.404405994207292,0.17320835958448932,16,0.054980322331770984
7.392291099000431,3.404405994207292,0.17320835958448932,16,0.054980322331770984
7.393159767998441,3.404405994207292,0.17320835958448932,16,0.054980322331770984
7.394014461999177,3.404405994207292,0.17320835958448932,16,0.054980322331770984
7.394905535998987,3.404405994207292,0.17320835958448932,16,0.054980322331770984
7.395859559997916,3.409328490004554,0.17390566987264416,16,0.059451737138811314
7.396913219999988,3.409328490004554,0.17390566987264416,16,0.059451737138811314
7.397872879002534,3.409328490004554,0.17390566987264416,16,0.059451737138811314
7.3982579369985615,3.409328490004554,0.17390566987264416,16,0.059451737138811314
7.399119672001689,3.409328490004554,0.17390566987264416,16,0.059451737138811314
7.40002212899708,3.409328490004554,0.17390566987264416,16,0.059451737138811314
7.400918418999936,3.409328490004554,0.17390566987264416,16,0.059451737138811314
7.4019386200016015,3.409328490004554,0.17390566987264416,16,0.059451737138811314
7.402348522999091,3.409328490004554,0.17390566987264416,16,0.059451737138811314
7.403532989999803,3.409328490004554,0.17390566987264416,16,0.059451737138811314
7.404770164001093,3.409328490004554,0.17390566987264416,16,0.059451737138811314
7.405746336997254,3.409328490004554,0.17390566987264416,16,0.059451737138811314
7.406143408996286,3.409328490004554,0.17390566987264416,16,0.059451737138811314
7.406914724000671,3.409328490004554,0.17390566987264416,16,0.059451737138811314
7.407756417000201,3.409328490004554,0.17390566987264416,16,0.059451737138811314
7.408453771997301,3.409328490004554,0.17390566987264416,16,0.059451737138811314
7.408815173999756,3.409328490004554,0.17390566987264416,16,0.059451737138811314
7.409730321000097,3.409328490004554,0.17390566987264416,16,0.059451737138811314
7.410648917997605,3.409328490004554,0.17390566987264416,16,0.059451737138811314
7.411557505001838,3.4142745786094624,0.17461147743198913,16,0.0640216007721185
7.412442146000103,3.4142745786094624,0.17461147743198913,16,0.0640216007721185
7.413308814000629,3.4142745786094624,0.17461147743198913,16,0.0640216007721185
7.4136551699994016,3.4142745786094624,0.17461147743198913,16,0.0640216007721185
7.4145435219979845,3.4142745786094624,0.17461147743198913,16,0.0640216007721185
7.415405419000308,3.4142745786094624,0.17461147743198913,16,0.0640216007721185
7.416255784999521,3.4142745786094624,0.17461147743198913,16,0.0640216007721185
7.41712731699954,3.4142745786094624,0.17461147743198913,16,0.0640216007721185
7.417954156997439,3.4142745786094624,0.17461147743198913,16,0.0640216007721185
7.419245190001675,3.4142745786094624,0.17461147743198913,16,0.0640216007721185
7.420353736000834,3.4142745786094624,0.17461147743198913,16,0.0640216007721185
7.421290243997646,3.419246607831759,0.17530053757952663,16,0.06866527188877557
7.421705524000572,3.419246607831759,0.17530053757952663,16,0.06866527188877557
7.422579983001924,3.419246607831759,0.17530053757952663,16,0.06866527188877557
7.424291946001176,3.419246607831759,0.17530053757952663,16,0.06866527188877557
7.425343502996839,3.419246607831759,0.17530053757952663,16,0.06866527188877557
7.426073474998702,3.419246607831759,0.17530053757952663,16,0.06866527188877557
7.426632830996823,3.419246607831759,0.17530053757952663,16,0.06866527188877557
7.42745310600003,3.419246607831759,0.17530053757952663,16,0.06866527188877557
7.4283863969976665,3.419246607831759,0.17530053757952663,16,0.06866527188877557
7.429296731002978,3.419246607831759,0.17530053757952663,16,0.06866527188877557
7.429657014996337,3.419246607831759,0.17530053757952663,16,0.06866527188877557
7.430522994996863,3.419246607831759,0.17530053757952663,16,0.06866527188877557
7.431426661998557,3.4242420958549316,0.17598301544619321,16,0.07337610972439522
7.4323680660018,3.4242420958549316,0.17598301544619321,16,0.07337610972439522
7.433084297997993,3.4242420958549316,0.17598301544619321,16,0.07337610972439522
7.433315438000136,3.4242420958549316,0.17598301544619321,16,0.07337610972439522
7.433866671002761,3.4242420958549316,0.17598301544619321,16,0.07337610972439522
7.434422345002531,3.4242420958549316,0.17598301544619321,16,0.07337610972439522
7.4354766870019375,3.4242420958549316,0.17598301544619321,16,0.07337610972439522
7.437169684002583,3.4242420958549316,0.17598301544619321,16,0.07337610972439522
7.4377869149975595,3.4242420958549316,0.17598301544619321,16,0.07337610972439522
7.438392759002454,3.4242420958549316,0.17598301544619321,16,0.07337610972439522
7.438621328998124,3.4242420958549316,0.17598301544619321,16,0.07337610972439522
7.4393351589969825,3.4242420958549316,0.17598301544619321,16,0.07337610972439522
7.439966268000717,3.4242420958549316,0.17598301544619321,16,0.07337610972439522
7.440635574996122,3.4242420958549316,0.17598301544619321,16,0.07337610972439522
7.441262118998566,3.4242420958549316,0.17598301544619321,16,0.07337610972439522
7.441532539996842,3.4242420958549316,0.17598301544619321,16,0.07337610972439522
7.442222603000118,3.4242420958549316,0.17598301544619321,16,0.07337610972439522
7.443152792999172,3.4242420958549316,0.17598301544619321,16,0.07337610972439522
7.444189376998111,3.4292617253293156,0.17664516206508768,16,0.07814073657651731
7.445104229998833,3.4292617253293156,0.17664516206508768,16,0.07814073657651731
7.445994205998431,3.4292617253293156,0.17664516206508768,16,0.07814073657651731
7.446934601997782,3.4292617253293156,0.17664516206508768,16,0.07814073657651731
7.4473168830008944,3.4292617253293156,0.17664516206508768,16,0.07814073657651731
7.44822310499876,3.4292617253293156,0.17664516206508768,16,0.07814073657651731
7.449157312999887,3.4292617253293156,0.17664516206508768,16,0.07814073657651731
7.450082934999955,3.4292617253293156,0.17664516206508768,16,0.07814073657651731
7.450930464998237,3.4292617253293156,0.17664516206508768,16,0.07814073657651731
7.451856924002641,3.4292617253293156,0.17664516206508768,16,0.07814073657651731
7.452725021001243,3.4292617253293156,0.17664516206508768,16,0.07814073657651731
7.453772346001642,3.429520454601202,0.1766530192120216,16,0.07837558186406679
7.454625541002315,3.429520454601202,0.1766530192120216,16,0.07837558186406679
7.45550301700132,3.429520454601202,0.1766530192120216,16,0.07837558186406679
7.456129895996128,3.429520454601202,0.1766530192120216,16,0.07837558186406679
7.457008147001034,3.429520454601202,0.1766530192120216,16,0.07837558186406679
7.457887661999848,3.4464968566722036,0.17766068011293717,16,0.0942477908057385
7.45873645300162,3.4464968566722036,0.17766068011293717,16,0.0942477908057385
7.459611314996437,3.4464968566722036,0.17766068011293717,16,0.0942477908057385
7.460499722998065,3.4464968566722036,0.17766068011293717,16,0.0942477908057385
7.461403879999125,3.4464968566722036,0.17766068011293717,16,0.0942477908057385
7.462315994998789,3.4487734382075157,0.17772399135402964,16,0.09637876915237374
7.463186859997222,3.4487734382075157,0.17772399135402964,16,0.09637876915237374
7.4640599280028255,3.4487734382075157,0.17772399135402964,16,0.09637876915237374
7.476692586998979,3.4487734382075157,0.17772399135402964,16,0.09637876915237374
7.4772703330017976,3.4487734382075157,0.17772399135402964,16,0.09637876915237374
7.478346919000614,3.4487734382075157,0.17772399135402964,16,0.09637876915237374
7.478702421998605,3.4487734382075157,0.17772399135402964,16,0.09637876915237374
7.479479326997534,3.4487734382075157,0.17772399135402964,16,0.09637876915237374
7.479738112997438,3.4487734382075157,0.17772399135402964,16,0.09637876915237374
7.480634633997397,3.4538397001938232,0.1783522267012124,16,0.10131969319020019
7.481006506000995,3.4538397001938232,0.1783522267012124,16,0.10131969319020019
7.482005678997666,3.4538397001938232,0.1783522267012124,16,0.10131969319020019
7.482417696999619,3.4538397001938232,0.1783522267012124,16,0.10131969319020019
7.483362393002608,3.4538397001938232,0.1783522267012124,16,0.10131969319020019
7.483751307998318,3.4538397001938232,0.1783522267012124,16,0.10131969319020019
7.484720635002304,3.4538397001938232,0.1783522267012124,16,0.10131969319020019
7.485125309001887,3.4538397001938232,0.1783522267012124,16,0.10131969319020019
7.4860923789965454,3.4538397001938232,0.1783522267012124,16,0.10131969319020019
7.486941041999671,3.4538397001938232,0.1783522267012124,16,0.10131969319020019
7.487600225998904,3.4538397001938232,0.1783522267012124,16,0.10131969319020019
7.4882646319965716,3.4538397001938232,0.1783522267012124,16,0.10131969319020019
7.489050878000853,3.4538397001938232,0.1783522267012124,16,0.10131969319020019
7.489941899002588,3.4538397001938232,0.1783522267012124,16,0.10131969319020019
7.4908279629962635,3.4538397001938232,0.1783522267012124,16,0.10131969319020019
7.4916867630017805,3.4538397001938232,0.1783522267012124,16,0.10131969319020019
7.492542394000338,3.4538397001938232,0.1783522267012124,16,0.10131969319020019
7.492886309999449,3.4538397001938232,0.1783522267012124,16,0.10131969319020019
7.493735374002426,3.4589274334058597,0.17899543690625536,17,0.09892289965000929
7.49456869399728,3.4589274334058597,0.17899543690625536,17,0.09892289965000929
7.495455955999205,3.4589274334058597,0.17899543690625536,17,0.09892289965000929
7.4963215719981235,3.4589274334058597,0.17899543690625536,17,0.09892289965000929
7.497143583997968,3.464038950086261,0.17962624341256464,17,0.09388025163678679
7.497989449999295,3.464038950086261,0.17962624341256464,17,0.09388025163678679
7.498868490998575,3.464038950086261,0.17962624341256464,17,0.09388025163678679
7.499752228002762,3.464038950086261,0.17962624341256464,17,0.09388025163678679
7.500658308999846,3.464038950086261,0.17962624341256464,17,0.09388025163678679
7.501555454000481,3.464038950086261,0.17962624341256464,17,0.09388025163678679
7.502569090996985,3.464038950086261,0.17962624341256464,17,0.09388025163678679
7.503393899001821,3.464038950086261,0.17962624341256464,17,0.09388025163678679
7.503666949000035,3.464038950086261,0.17962624341256464,17,0.09388025163678679
7.504564581002342,3.464038950086261,0.17962624341256464,17,0.09388025163678679
7.505494035001902,3.464038950086261,0.17962624341256464,17,0.09388025163678679
7.506402763996448,3.464038950086261,0.17962624341256464,17,0.09388025163678679
7.507313023001188,3.4691697726163313,0.18027206139556284,17,0.08883223826218824
7.5123851129974355,3.4691697726163313,0.18027206139556284,17,0.08883223826218824
7.512883461997262,3.4691697726163313,0.18027206139556284,17,0.08883223826218824
7.513984361001349,3.4691697726163313,0.18027206139556284,17,0.08883223826218824
7.514381143999344,3.4691697726163313,0.18027206139556284,17,0.08883223826218824
7.515233070997056,3.4691697726163313,0.18027206139556284,17,0.08883223826218824
7.515620630001649,3.4691697726163313,0.18027206139556284,17,0.08883223826218824
7.516633045997878,3.4691697726163313,0.18027206139556284,17,0.08883223826218824
7.517676835996099,3.4691697726163313,0.18027206139556284,17,0.08883223826218824
7.518461261999619,3.4691697726163313,0.18027206139556284,17,0.08883223826218824
7.51876873299625,3.4691697726163313,0.18027206139556284,17,0.08883223826218824
7.519513888000802,3.4691697726163313,0.18027206139556284,17,0.08883223826218824
7.520278434996726,3.4743223258290294,0.1809053218460947,17,0.08377624854117781
7.520571148997988,3.4743223258290294,0.1809053218460947,17,0.08377624854117781
7.521605957001157,3.4743223258290294,0.1809053218460947,17,0.08377624854117781
7.522646682002232,3.4743223258290294,0.1809053218460947,17,0.08377624854117781
7.523665813998377,3.4743223258290294,0.1809053218460947,17,0.08377624854117781
7.524649323997437,3.4743223258290294,0.1809053218460947,17,0.08377624854117781
7.525631359996623,3.479492253439699,0.18155336710519648,17,0.07872254515216054
7.526027216998045,3.479492253439699,0.18155336710519648,17,0.07872254515216054
7.527038241001719,3.479492253439699,0.18155336710519648,17,0.07872254515216054
7.528083185003197,3.479492253439699,0.18155336710519648,17,0.07872254515216054
7.528700943999866,3.479492253439699,0.18155336710519648,17,0.07872254515216054
7.529353828002058,3.479492253439699,0.18155336710519648,17,0.07872254515216054
7.5300249360007,3.479492253439699,0.18155336710519648,17,0.07872254515216054
7.530677714996273,3.479492253439699,0.18155336710519648,17,0.07872254515216054
7.531287630998122,3.479492253439699,0.18155336710519648,17,0.07872254515216054
7.5319362959999125,3.479492253439699,0.18155336710519648,17,0.07872254515216054
7.532818494000821,3.479492253439699,0.18155336710519648,17,0.07872254515216054
7.533205214000191,3.479492253439699,0.18155336710519648,17,0.07872254515216054
7.534125840997149,3.4846820612223435,0.18218861690433127,17,0.07366913086277635
7.535088133001409,3.4846820612223435,0.18218861690433127,17,0.07366913086277635
7.535858244998963,3.4846820612223435,0.18218861690433127,17,0.07366913086277635
7.536838660002104,3.4846820612223435,0.18218861690433127,17,0.07366913086277635
7.537800903999596,3.4846820612223435,0.18218861690433127,17,0.07366913086277635
7.538765530996898,3.4846820612223435,0.18218861690433127,17,0.07366913086277635
7.539788376001525,3.4846820612223435,0.18218861690433127,17,0.07366913086277635
7.540756112997769,3.4846820612223435,0.18218861690433127,17,0.07366913086277635
7.541847152002447,3.4846820612223435,0.18218861690433127,17,0.07366913086277635
7.54279466799926,3.4846820612223435,0.18218861690433127,17,0.07366913086277635
7.543790137999167,3.4846820612223435,0.18218861690433127,17,0.07366913086277635
7.544191585999215,3.4846820612223435,0.18218861690433127,17,0.07366913086277635
7.545215993995953,3.4846820612223435,0.18218861690433127,17,0.07366913086277635
7.546099505998427,3.4846820612223435,0.18218861690433127,17,0.07366913086277635
7.547051756002475,3.4846820612223435,0.18218861690433127,17,0.07366913086277635
7.547942122000677,3.4846820612223435,0.18218861690433127,17,0.07366913086277635
7.548311140002625,3.4846820612223435,0.18218861690433127,17,0.07366913086277635
7.549201811001694,3.4898874962025603,0.18283841088405275,17,0.06862896262383014
7.550183455001388,3.4898874962025603,0.18283841088405275,17,0.06862896262383014
7.551114322996,3.4898874962025603,0.18283841088405275,17,0.06862896262383014
7.552110830001766,3.4898874962025603,0.18283841088405275,17,0.06862896262383014
7.552564464996976,3.4898874962025603,0.18283841088405275,17,0.06862896262383014
7.553684124999563,3.4898874962025603,0.18283841088405275,17,0.06862896262383014
7.554740847001085,3.4898874962025603,0.18283841088405275,17,0.06862896262383014
7.555700259996229,3.4898874962025603,0.18283841088405275,17,0.06862896262383014
7.555984676997468,3.4898874962025603,0.18283841088405275,17,0.06862896262383014
7.55674426099722,3.4898874962025603,0.18283841088405275,17,0.06862896262383014
7.5575885829966865,3.4898874962025603,0.18283841088405275,17,0.06862896262383014
7.558256443997379,3.4898874962025603,0.18283841088405275,17,0.06862896262383014
7.558961768001609,3.4951111336480793,0.18347517938752478,17,0.0636017118148102
7.559325369002181,3.4951111336480793,0.18347517938752478,17,0.0636017118148102
7.56017878199782,3.4951111336480793,0.18347517938752478,17,0.0636017118148102
7.561131123002269,3.4951111336480793,0.18347517938752478,17,0.0636017118148102
7.561804898999981,3.4951111336480793,0.18347517938752478,17,0.0636017118148102
7.562509007999324,3.4951111336480793,0.18347517938752478,17,0.0636017118148102
7.562763581001491,3.4951111336480793,0.18347517938752478,17,0.0636017118148102
7.5634361620032,3.5003488143740706,0.184126270001825,17,0.05860513135838507
7.564244799003063,3.5003488143740706,0.184126270001825,17,0.05860513135838507
7.565168973997061,3.5003488143740706,0.184126270001825,17,0.05860513135838507
7.565845003002323,3.5003488143740706,0.184126270001825,17,0.05860513135838507
7.566092913002649,3.5003488143740706,0.184126270001825,17,0.05860513135838507
7.566755790998286,3.5003488143740706,0.184126270001825,17,0.05860513135838507
7.570891085997573,3.4988590499374563,0.18515592042035137,17,0.06028656609199054
7.571409003998269,3.4988590499374563,0.18515592042035137,17,0.06028656609199054
7.572502324997913,3.4988590499374563,0.18515592042035137,17,0.06028656609199054
7.5734958890025155,3.4988590499374563,0.18515592042035137,17,0.06028656609199054
7.577659198999754,3.4988590499374563,0.18515592042035137,17,0.06028656609199054
7.578100924001774,3.4988590499374563,0.18515592042035137,17,0.06028656609199054
7.579074763998506,3.4988590499374563,0.18515592042035137,17,0.06028656609199054
7.584091767996142,3.4988590499374563,0.18515592042035137,17,0.06028656609199054
7.584700409999641,3.4988590499374563,0.18515592042035137,17,0.06028656609199054
7.585816361999605,3.4988590499374563,0.18515592042035137,17,0.06028656609199054
7.5861235830016085,3.4988590499374563,0.18515592042035137,17,0.06028656609199054
7.587065466999775,3.504125708630696,0.18579559861419756,17,0.05533423178339039
7.588006336001854,3.504125708630696,0.18579559861419756,17,0.05533423178339039
7.588957952000783,3.509404141608014,0.18642137002807552,17,0.050438343944750066
7.589901925995946,3.509404141608014,0.18642137002807552,17,0.050438343944750066
7.590833959999145,3.509404141608014,0.18642137002807552,17,0.050438343944750066
7.591759492002893,3.509404141608014,0.18642137002807552,17,0.050438343944750066
7.592679955996573,3.509404141608014,0.18642137002807552,17,0.050438343944750066
7.593054231001588,3.509404141608014,0.18642137002807552,17,0.050438343944750066
7.593942170002265,3.509404141608014,0.18642137002807552,17,0.050438343944750066
7.5948689069991815,3.509404141608014,0.18642137002807552,17,0.050438343944750066
7.595842882001307,3.509404141608014,0.18642137002807552,17,0.050438343944750066
7.596245419998013,3.509404141608014,0.18642137002807552,17,0.050438343944750066
7.597236348003207,3.509404141608014,0.18642137002807552,17,0.050438343944750066
7.598245244000282,3.509404141608014,0.18642137002807552,17,0.050438343944750066
7.599303406997933,3.509404141608014,0.18642137002807552,17,0.050438343944750066
7.600455624997267,3.514690576404501,0.187060697045181,17,0.045633545829099016
7.600827395996021,3.514690576404501,0.187060697045181,17,0.045633545829099016
7.601930748001905,3.514690576404501,0.187060697045181,17,0.045633545829099016
7.602750619997096,3.514690576404501,0.187060697045181,17,0.045633545829099016
7.603504179001902,3.514690576404501,0.187060697045181,17,0.045633545829099016
7.603897337998205,3.514690576404501,0.187060697045181,17,0.045633545829099016
7.604864483000711,3.514690576404501,0.187060697045181,17,0.045633545829099016
7.605930341000203,3.519987855818547,0.18768598094986993,17,0.04094206449817691
7.606373590999283,3.519987855818547,0.18768598094986993,17,0.04094206449817691
7.607080895002582,3.519987855818547,0.18768598094986993,17,0.04094206449817691
7.6076951799987,3.519987855818547,0.18768598094986993,17,0.04094206449817691
7.60835007300193,3.519987855818547,0.18768598094986993,17,0.04094206449817691
7.609179904000484,3.519987855818547,0.18768598094986993,17,0.04094206449817691
7.609909662998689,3.519987855818547,0.18768598094986993,17,0.04094206449817691
7.610780431998137,3.519987855818547,0.18768598094986993,17,0.04094206449817691
7.614620439999271,3.519987855818547,0.18768598094986993,17,0.04094206449817691
7.615779690997442,3.519987855818547,0.18768598094986993,17,0.04094206449817691
7.616188202002377,3.519987855818547,0.18768598094986993,17,0.04094206449817691
7.6171579389992985,3.519987855818547,0.18768598094986993,17,0.04094206449817691
7.621236487997521,3.519987855818547,0.18768598094986993,17,0.04094206449817691
7.622439942002529,3.519987855818547,0.18768598094986993,17,0.04094206449817691
7.626523263003037,3.519987855818547,0.18768598094986993,17,0.04094206449817691
7.627748931998212,3.525292264623018,0.18832469782320044,17,0.03642777695380112
7.628083891002461,3.525292264623018,0.18832469782320044,17,0.03642777695380112
7.6290547230019,3.525292264623018,0.18832469782320044,17,0.03642777695380112
7.629975137002475,3.525292264623018,0.18832469782320044,17,0.03642777695380112
7.630882270001166,3.525292264623018,0.18832469782320044,17,0.03642777695380112
7.631817342000431,3.525292264623018,0.18832469782320044,17,0.03642777695380112
7.632192334996944,3.525292264623018,0.18832469782320044,17,0.03642777695380112
7.633108460002404,3.525292264623018,0.18832469782320044,17,0.03642777695380112
7.634025505001773,3.525292264623018,0.18832469782320044,17,0.03642777695380112
7.634936663002009,3.525292264623018,0.18832469782320044,17,0.03642777695380112
7.63584557500144,3.525292264623018,0.18832469782320044,17,0.03642777695380112
7.636764128001232,3.530606673012295,0.1889492552812228,17,0.03215224534299227
7.637195581002743,3.530606673012295,0.1889492552812228,17,0.03215224534299227
7.63826635699661,3.5359274195713586,0.1895871378308152,17,0.02824936425654035
7.639314888998342,3.5359274195713586,0.1895871378308152,17,0.02824936425654035
7.64032400999713,3.5359274195713586,0.1895871378308152,17,0.02824936425654035
7.640699078001489,3.5359274195713586,0.1895871378308152,17,0.02824936425654035
7.641763826002716,3.5359274195713586,0.1895871378308152,17,0.02824936425654035
7.642657928001427,3.5359274195713586,0.1895871378308152,17,0.02824936425654035
7.643429554998875,3.5359274195713586,0.1895871378308152,17,0.02824936425654035
7.643689456999709,3.5359274195713586,0.1895871378308152,17,0.02824936425654035
7.644455636997009,3.5359274195713586,0.1895871378308152,17,0.02824936425654035
7.645224783998856,3.541257398220213,0.19021075663613507,17,0.024877366983184008
7.6454799420025665,3.541257398220213,0.19021075663613507,17,0.024877366983184008
7.646260472996801,3.541257398220213,0.19021075663613507,17,0.024877366983184008
7.647067177997087,3.541257398220213,0.19021075663613507,17,0.024877366983184008
7.647744738002075,3.541257398220213,0.19021075663613507,17,0.024877366983184008
7.648700398000074,3.541257398220213,0.19021075663613507,17,0.024877366983184008
7.64943008699629,3.541257398220213,0.19021075663613507,17,0.024877366983184008
7.649784278997686,3.541257398220213,0.19021075663613507,17,0.024877366983184008
7.65081682500022,3.541257398220213,0.19021075663613507,17,0.024877366983184008
7.651814523997018,3.541257398220213,0.19021075663613507,17,0.024877366983184008
7.652826826997625,3.541257398220213,0.19021075663613507,17,0.024877366983184008
7.65325555200252,3.541257398220213,0.19021075663613507,17,0.024877366983184008
7.6542533399988315,3.541257398220213,0.19021075663613507,17,0.024877366983184008
7.6552376769977855,3.541257398220213,0.19021075663613507,17,0.024877366983184008
7.65624253799615,3.541257398220213,0.19021075663613507,17,0.024877366983184008
7.657165903998248,3.541257398220213,0.19021075663613507,17,0.024877366983184008
7.6580715289965156,3.5465929977753574,0.19084760361117314,17,0.022309770204814425
7.6589438160008285,3.5465929977753574,0.19084760361117314,17,0.022309770204814425
7.659894650998467,3.5465929977753574,0.19084760361117314,17,0.022309770204814425
7.660920403999626,3.5465929977753574,0.19084760361117314,17,0.022309770204814425
7.661883219996525,3.5465929977753574,0.19084760361117314,17,0.022309770204814425
7.66280636999727,3.5465929977753574,0.19084760361117314,17,0.022309770204814425
7.66381758100033,3.5465929977753574,0.19084760361117314,17,0.022309770204814425
7.664814219002437,3.5465929977753574,0.19084760361117314,17,0.022309770204814425
7.665209252998466,3.5465929977753574,0.19084760361117314,17,0.022309770204814425
7.6666099689973635,3.5465929977753574,0.19084760361117314,17,0.022309770204814425
7.667640378000215,3.5465929977753574,0.19084760361117314,17,0.022309770204814425
7.669145845997264,3.5519371323756,0.19147009247058022,17,0.02082413647103424
7.669547965000675,3.5519371323756,0.19147009247058022,17,0.02082413647103424
7.670567948000098,3.5519371323756,0.19147009247058022,17,0.02082413647103424
7.6718362719984725,3.5519371323756,0.19147009247058022,17,0.02082413647103424
7.672765329996764,3.5519371323756,0.19147009247058022,17,0.02082413647103424
7.67384114000015,3.5519371323756,0.19147009247058022,17,0.02082413647103424
7.67421037099848,3.5519371323756,0.19147009247058022,17,0.02082413647103424
7.675228904998221,3.5519371323756,0.19147009247058022,17,0.02082413647103424
7.676223239002866,3.5519371323756,0.19147009247058022,17,0.02082413647103424
7.677206334003131,3.5519371323756,0.19147009247058022,17,0.02082413647103424
7.677816768002231,3.5519371323756,0.19147009247058022,17,0.02082413647103424
7.6787844720020075,3.5519371323756,0.19147009247058022,17,0.02082413647103424
7.679573815003096,3.5714876988016906,0.1930901738542185,17,0.02576060566972012
7.6802993759993115,3.5714876988016906,0.1930901738542185,17,0.02576060566972012
7.680557949999638,3.5714876988016906,0.1930901738542185,17,0.02576060566972012
7.681379274996289,3.5714876988016906,0.1930901738542185,17,0.02576060566972012
7.68217004500184,3.5714876988016906,0.1930901738542185,17,0.02576060566972012
7.682975818999694,3.572620165179314,0.19316873488065273,17,0.02645464358265048
7.6833556439960375,3.572620165179314,0.19316873488065273,17,0.02645464358265048
7.684390369999164,3.572620165179314,0.19316873488065273,17,0.02645464358265048
7.685284136998234,3.572620165179314,0.19316873488065273,17,0.02645464358265048
7.6859632580017205,3.572620165179314,0.19316873488065273,17,0.02645464358265048
7.686618671999895,3.5779386273709233,0.19377661425542686,17,0.03025130797630007
7.686869240998931,3.5779386273709233,0.19377661425542686,17,0.03025130797630007
7.687541637998947,3.5779386273709233,0.19377661425542686,17,0.03025130797630007
7.688438432996918,3.5779386273709233,0.19377661425542686,17,0.03025130797630007
7.689294923002308,3.5779386273709233,0.19377661425542686,17,0.03025130797630007
7.690180459001567,3.5779386273709233,0.19377661425542686,17,0.03025130797630007
7.690559240996663,3.5779386273709233,0.19377661425542686,17,0.03025130797630007
7.691390902000421,3.5779386273709233,0.19377661425542686,17,0.03025130797630007
7.692284541997651,3.5779386273709233,0.19377661425542686,17,0.03025130797630007
7.693098393996479,3.5779386273709233,0.19377661425542686,17,0.03025130797630007
7.693981270997028,3.5779386273709233,0.19377661425542686,17,0.03025130797630007
7.694357998996566,3.5779386273709233,0.19377661425542686,17,0.03025130797630007
7.695251940996968,3.5779386273709233,0.19377661425542686,17,0.03025130797630007
7.696186239998497,3.5779386273709233,0.19377661425542686,17,0.03025130797630007
7.697088877997885,3.5779386273709233,0.19377661425542686,17,0.03025130797630007
7.697979140000825,3.5779386273709233,0.19377661425542686,17,0.03025130797630007
7.698898278998968,3.5779386273709233,0.19377661425542686,17,0.03025130797630007
7.699878113002342,3.5779386273709233,0.19377661425542686,17,0.03025130797630007
7.7007872710019,3.5779386273709233,0.19377661425542686,17,0.03025130797630007
7.701680448997649,3.5779386273709233,0.19377661425542686,17,0.03025130797630007
7.70254440500139,3.583239825974151,0.19439534509689332,17,0.03445805837722922
7.703518953996536,3.583239825974151,0.19439534509689332,17,0.03445805837722922
7.704455494000285,3.583239825974151,0.19439534509689332,17,0.03445805837722922
7.705383802996948,3.583239825974151,0.19439534509689332,17,0.03445805837722922
7.706324024999049,3.583239825974151,0.19439534509689332,17,0.03445805837722922
7.706704140000511,3.583239825974151,0.19439534509689332,17,0.03445805837722922
7.7076693330018315,3.583239825974151,0.19439534509689332,17,0.03445805837722922
7.708611752997967,3.583239825974151,0.19439534509689332,17,0.03445805837722922
7.709582262003096,3.583239825974151,0.19439534509689332,17,0.03445805837722922
7.710536491002131,3.583239825974151,0.19439534509689332,17,0.03445805837722922
7.711840773998119,3.583239825974151,0.19439534509689332,17,0.03445805837722922
7.712854031000461,3.5885299994864646,0.1949972424794273,17,0.038923873294112184
7.717700993001927,3.5885299994864646,0.1949972424794273,17,0.038923873294112184
7.718066446999728,3.5885299994864646,0.1949972424794273,17,0.038923873294112184
7.7189938930023345,3.5885299994864646,0.1949972424794273,17,0.038923873294112184
7.719429370001308,3.5885299994864646,0.1949972424794273,17,0.038923873294112184
7.720133618997352,3.5885299994864646,0.1949972424794273,17,0.038923873294112184
7.7204650760031654,3.5885299994864646,0.1949972424794273,17,0.038923873294112184
7.721432956001081,3.5885299994864646,0.1949972424794273,17,0.038923873294112184
7.722483177996764,3.593808360920364,0.19561056475778335,17,0.04357947476892716
7.7235623149972525,3.593808360920364,0.19561056475778335,17,0.04357947476892716
7.723903361002158,3.593808360920364,0.19561056475778335,17,0.04357947476892716
7.724672563999775,3.593808360920364,0.19561056475778335,17,0.04357947476892716
7.725346943996556,3.593808360920364,0.19561056475778335,17,0.04357947476892716
7.726241063995985,3.593808360920364,0.19561056475778335,17,0.04357947476892716
7.726753823997569,3.593808360920364,0.19561056475778335,17,0.04357947476892716
7.727899047000392,3.593808360920364,0.19561056475778335,17,0.04357947476892716
7.728786945001048,3.593808360920364,0.19561056475778335,17,0.04357947476892716
7.729529948002892,3.599080088574128,0.19620760458240283,17,0.04835689660945908
7.729777403001208,3.599080088574128,0.19620760458240283,17,0.04835689660945908
7.7303920359991025,3.599080088574128,0.19620760458240283,17,0.04835689660945908
7.731217708002077,3.599080088574128,0.19620760458240283,17,0.04835689660945908
7.732169351002085,3.599080088574128,0.19620760458240283,17,0.04835689660945908
7.7331016620009905,3.599080088574128,0.19620760458240283,17,0.04835689660945908
7.7340019490002305,3.599080088574128,0.19620760458240283,17,0.04835689660945908
7.734917426998436,3.599080088574128,0.19620760458240283,17,0.04835689660945908
7.735326745001657,3.599080088574128,0.19620760458240283,17,0.04835689660945908
7.736314429996128,3.599080088574128,0.19620760458240283,17,0.04835689660945908
7.737243689996831,3.599080088574128,0.19620760458240283,17,0.04835689660945908
7.738209151000774,3.599080088574128,0.19620760458240283,17,0.04835689660945908
7.739238886002568,3.599080088574128,0.19620760458240283,17,0.04835689660945908
7.740432329002942,3.599080088574128,0.19620760458240283,17,0.04835689660945908
7.740835580996645,3.599080088574128,0.19620760458240283,17,0.04835689660945908
7.741958778999106,3.599080088574128,0.19620760458240283,17,0.04835689660945908
7.742967539001256,3.6043435796663315,0.1968164600748086,17,0.053232816009594036
7.743924524998874,3.6043435796663315,0.1968164600748086,17,0.053232816009594036
7.744933296002273,3.6043435796663315,0.1968164600748086,17,0.053232816009594036
7.745908750999661,3.6043435796663315,0.1968164600748086,17,0.053232816009594036
7.747077697997156,3.6043435796663315,0.1968164600748086,17,0.053232816009594036
7.74746677299845,3.6043435796663315,0.1968164600748086,17,0.053232816009594036
7.748419602001377,3.6043435796663315,0.1968164600748086,17,0.053232816009594036
7.749523001999478,3.6043435796663315,0.1968164600748086,17,0.053232816009594036
7.750546345996554,3.6043435796663315,0.1968164600748086,17,0.053232816009594036
7.751473547999922,3.6043435796663315,0.1968164600748086,17,0.053232816009594036
7.751871259002655,3.6043435796663315,0.1968164600748086,17,0.053232816009594036
7.752870554002584,3.6043435796663315,0.1968164600748086,17,0.053232816009594036
7.7538459679999505,3.6096033135119283,0.1974093986207414,17,0.058172221265586986
7.754939699996612,3.6096033135119283,0.1974093986207414,17,0.058172221265586986
7.756472843000665,3.6096033135119283,0.1974093986207414,17,0.058172221265586986
7.7579220609986805,3.6096033135119283,0.1974093986207414,17,0.058172221265586986
7.758927447001042,3.6096033135119283,0.1974093986207414,17,0.058172221265586986
7.759325205995992,3.6096033135119283,0.1974093986207414,17,0.058172221265586986
7.760382950997155,3.6096033135119283,0.1974093986207414,17,0.058172221265586986
7.761487559997477,3.6096033135119283,0.1974093986207414,17,0.058172221265586986
7.761899516997801,3.6096033135119283,0.1974093986207414,17,0.058172221265586986
7.7629619970030035,3.6096033135119283,0.1974093986207414,17,0.058172221265586986
7.763732524996158,3.6096033135119283,0.1974093986207414,17,0.058172221265586986
7.764447567999014,3.6148571575935238,0.19801441057238733,17,0.06316867716317588
7.76509800599888,3.6148571575935238,0.19801441057238733,17,0.06316867716317588
7.765342268998211,3.6148571575935238,0.19801441057238733,17,0.06316867716317588
7.765909861002001,3.6148571575935238,0.19801441057238733,17,0.06316867716317588
7.766536973998882,3.6148571575935238,0.19801441057238733,17,0.06316867716317588
7.767311418996542,3.6148571575935238,0.19801441057238733,17,0.06316867716317588
7.768110425997293,3.6201091281510336,0.19860374478497492,17,0.06820122472165792
7.76883313399594,3.6201091281510336,0.19860374478497492,17,0.06820122472165792
7.7696720020030625,3.6201091281510336,0.19860374478497492,17,0.06820122472165792
7.770089639001526,3.6201091281510336,0.19860374478497492,17,0.06820122472165792
7.77109156500228,3.6201091281510336,0.19860374478497492,17,0.06820122472165792
7.772092421000707,3.6201091281510336,0.19860374478497492,17,0.06820122472165792
7.77307959600148,3.6201091281510336,0.19860374478497492,17,0.06820122472165792
7.773367830995994,3.6201091281510336,0.19860374478497492,17,0.06820122472165792
7.7739637560007395,3.6201091281510336,0.19860374478497492,17,0.06820122472165792
7.774679535999894,3.6201091281510336,0.19860374478497492,17,0.06820122472165792
7.775643692999438,3.6201091281510336,0.19860374478497492,17,0.06820122472165792
7.776580999001453,3.6201091281510336,0.19860374478497492,17,0.06820122472165792
7.777510166000866,3.624465206592383,0.19939850958766248,17,0.07252009379896392
7.778426247998141,3.624465206592383,0.19939850958766248,17,0.07252009379896392
7.779328746997635,3.624465206592383,0.19939850958766248,17,0.07252009379896392
7.780231293996621,3.624465206592383,0.19939850958766248,17,0.07252009379896392
7.7811606179966475,3.624465206592383,0.19939850958766248,17,0.07252009379896392
7.781556005000311,3.624465206592383,0.19939850958766248,17,0.07252009379896392
7.78245735100063,3.6389538493426024,0.20175049201252454,17,0.0868617661060275
7.782817029001308,3.6389538493426024,0.20175049201252454,17,0.0868617661060275
7.783787421001762,3.6389538493426024,0.20175049201252454,17,0.0868617661060275
7.784739329996228,3.6389538493426024,0.20175049201252454,17,0.0868617661060275
7.785773914001766,3.6389538493426024,0.20175049201252454,17,0.0868617661060275
7.786828354997851,3.6389538493426024,0.20175049201252454,17,0.0868617661060275
7.7872343310009455,3.6389538493426024,0.20175049201252454,17,0.0868617661060275
7.788280717002635,3.6389538493426024,0.20175049201252454,17,0.0868617661060275
7.789439293999749,3.6389538493426024,0.20175049201252454,17,0.0868617661060275
7.790418573997158,3.6442268029888916,0.20239074962111211,17,0.09203474292043039
7.7915007949995925,3.6442268029888916,0.20239074962111211,17,0.09203474292043039
7.791898240997398,3.6442268029888916,0.20239074962111211,17,0.09203474292043039
7.793241954997939,3.6442268029888916,0.20239074962111211,17,0.09203474292043039
7.794532469997648,3.6442268029888916,0.20239074962111211,17,0.09203474292043039
7.795487311996112,3.6495159868278617,0.2030454930079404,17,0.0972427378001438
7.79645567300031,3.6495159868278617,0.2030454930079404,17,0.0972427378001438
7.797490340999502,3.6495159868278617,0.2030454930079404,17,0.0972427378001438
7.798423020001792,3.6495159868278617,0.2030454930079404,17,0.0972427378001438
7.7994129299986525,3.6495159868278617,0.2030454930079404,17,0.0972427378001438
7.799796722996689,3.6495159868278617,0.2030454930079404,17,0.0972427378001438
7.800771524001902,3.6495159868278617,0.2030454930079404,17,0.0972427378001438
7.801701215001231,3.6495159868278617,0.2030454930079404,17,0.0972427378001438
7.8026051619963255,3.6495159868278617,0.2030454930079404,17,0.0972427378001438
7.803596429002937,3.6495159868278617,0.2030454930079404,17,0.0972427378001438
7.804414995996922,3.6495159868278617,0.2030454930079404,17,0.0972427378001438
7.804790390000562,3.6495159868278617,0.2030454930079404,17,0.0972427378001438
7.805581758002518,3.6495159868278617,0.2030454930079404,17,0.0972427378001438
7.806660615002329,3.6548239081427805,0.20368725336418317,18,0.0997975390727807
7.807495134002238,3.6548239081427805,0.20368725336418317,18,0.0997975390727807
7.808243631996447,3.6548239081427805,0.20368725336418317,18,0.0997975390727807
7.808976143001928,3.6548239081427805,0.20368725336418317,18,0.0997975390727807
7.809249434998492,3.6548239081427805,0.20368725336418317,18,0.0997975390727807
7.809831343998667,3.6548239081427805,0.20368725336418317,18,0.0997975390727807
7.810416772997996,3.6548239081427805,0.20368725336418317,18,0.0997975390727807
7.811160830002336,3.6548239081427805,0.20368725336418317,18,0.0997975390727807
7.811941640997247,3.6548239081427805,0.20368725336418317,18,0.0997975390727807
7.812641409997013,3.6548239081427805,0.20368725336418317,18,0.0997975390727807
7.8135780049997265,3.6548239081427805,0.20368725336418317,18,0.0997975390727807
7.813949377996323,3.6548239081427805,0.20368725336418317,18,0.0997975390727807
7.814689487997384,3.6548239081427805,0.20368725336418317,18,0.0997975390727807
7.815297777000524,3.6548239081427805,0.20368725336418317,18,0.0997975390727807
7.815926873001445,3.6548239081427805,0.20368725336418317,18,0.0997975390727807
7.8170585699990625,3.6548239081427805,0.20368725336418317,18,0.0997975390727807
7.818018398000277,3.6548239081427805,0.20368725336418317,18,0.0997975390727807
7.818758665001951,3.6601464195399838,0.20434329464882756,18,0.09450744734987285
7.819022130999656,3.6601464195399838,0.20434329464882756,18,0.09450744734987285
7.81996145699668,3.6601464195399838,0.20434329464882756,18,0.09450744734987285
7.82068985299702,3.6601464195399838,0.20434329464882756,18,0.09450744734987285
7.821475491997262,3.6601464195399838,0.20434329464882756,18,0.09450744734987285
7.822685102000833,3.6601464195399838,0.20434329464882756,18,0.09450744734987285
7.82360152900219,3.6601464195399838,0.20434329464882756,18,0.09450744734987285
7.824635880999267,3.6601464195399838,0.20434329464882756,18,0.09450744734987285
7.825632692001818,3.6601464195399838,0.20434329464882756,18,0.09450744734987285
7.827531486997032,3.6601464195399838,0.20434329464882756,18,0.09450744734987285
7.82796302800125,3.6601464195399838,0.20434329464882756,18,0.09450744734987285
7.829663536998851,3.6601464195399838,0.20434329464882756,18,0.09450744734987285
7.831752514997788,3.665486094110527,0.20498614288988376,18,0.0892081504189253
7.832236756999919,3.665486094110527,0.20498614288988376,18,0.0892081504189253
7.833732881001197,3.665486094110527,0.20498614288988376,18,0.0892081504189253
7.834796064002148,3.665486094110527,0.20498614288988376,18,0.0892081504189253
7.83581220999622,3.665486094110527,0.20498614288988376,18,0.0892081504189253
7.837011436000466,3.665486094110527,0.20498614288988376,18,0.0892081504189253
7.839287445000082,3.665486094110527,0.20498614288988376,18,0.0892081504189253
7.844359110000369,3.665486094110527,0.20498614288988376,18,0.0892081504189253
7.84594129800098,3.665486094110527,0.20498614288988376,18,0.0892081504189253
7.847191890999966,3.670838873474931,0.20564307018007824,18,0.08390678178058454
7.84759319099976,3.670838873474931,0.20564307018007824,18,0.08390678178058454
7.848379861003195,3.670838873474931,0.20564307018007824,18,0.08390678178058454
7.849275788998057,3.670838873474931,0.20564307018007824,18,0.08390678178058454
7.8502689259985345,3.670838873474931,0.20564307018007824,18,0.08390678178058454
7.851261871001043,3.670838873474931,0.20564307018007824,18,0.08390678178058454
7.852108810999198,3.670838873474931,0.20564307018007824,18,0.08390678178058454
7.852445871001692,3.670838873474931,0.20564307018007824,18,0.08390678178058454
7.853413648001151,3.670838873474931,0.20564307018007824,18,0.08390678178058454
7.854172398001538,3.676207387896506,0.20628660727218234,18,0.07860110193486107
7.854605904998607,3.676207387896506,0.20628660727218234,18,0.07860110193486107
7.855835711998225,3.676207387896506,0.20628660727218234,18,0.07860110193486107
7.856840861997625,3.676207387896506,0.20628660727218234,18,0.07860110193486107
7.857826806000958,3.676207387896506,0.20628660727218234,18,0.07860110193486107
7.8581334490008885,3.676207387896506,0.20628660727218234,18,0.07860110193486107
7.8590925649987184,3.676207387896506,0.20628660727218234,18,0.07860110193486107
7.860106282001652,3.676207387896506,0.20628660727218234,18,0.07860110193486107
7.861070430997643,3.681587660509894,0.20694403880917794,18,0.07329984702687416
7.8620704830027535,3.681587660509894,0.20694403880917794,18,0.07329984702687416
7.862491293999483,3.681587660509894,0.20694403880917794,18,0.07329984702687416
7.863421722999192,3.681587660509894,0.20694403880917794,18,0.07329984702687416
7.864342546999978,3.681587660509894,0.20694403880917794,18,0.07329984702687416
7.865276313998038,3.681587660509894,0.20694403880917794,18,0.07329984702687416
7.865669528000581,3.681587660509894,0.20694403880917794,18,0.07329984702687416
7.866597098000057,3.681587660509894,0.20694403880917794,18,0.07329984702687416
7.8675143549990025,3.681587660509894,0.20694403880917794,18,0.07329984702687416
7.868427198001882,3.681587660509894,0.20694403880917794,18,0.07329984702687416
7.869413353000709,3.681587660509894,0.20694403880917794,18,0.07329984702687416
7.870327251002891,3.6869778661490855,0.20758735637489642,18,0.06800589645967899
7.8712771970022,3.6869778661490855,0.20758735637489642,18,0.06800589645967899
7.872222259997216,3.6869778661490855,0.20758735637489642,18,0.06800589645967899
7.873196385000483,3.6869778661490855,0.20758735637489642,18,0.06800589645967899
7.874208258996077,3.6869778661490855,0.20758735637489642,18,0.06800589645967899
7.874598363996483,3.6869778661490855,0.20758735637489642,18,0.06800589645967899
7.875535075996595,3.6869778661490855,0.20758735637489645,18,0.06800589645967899
7.876520543999504,3.6869778661490855,0.20758735637489645,18,0.06800589645967899
7.877515268999559,3.6869778661490855,0.20758735637489645,18,0.06800589645967899
7.877898259997892,3.6869778661490855,0.20758735637489645,18,0.06800589645967899
7.878857167997921,3.6869778661490855,0.20758735637489645,18,0.06800589645967899
7.879809550002392,3.6869778661490855,0.20758735637489645,18,0.06800589645967899
7.880516771998373,3.6898752945426856,0.20868531726867437,18,0.06526608223403071
7.881426605999877,3.6898752945426856,0.20868531726867437,18,0.06526608223403071
7.882320707001782,3.6898752945426856,0.20868531726867437,18,0.06526608223403071
7.883215260997531,3.6898752945426856,0.20868531726867437,18,0.06526608223403071
7.884123411000473,3.6898752945426856,0.20868531726867437,18,0.06526608223403071
7.885014573999797,3.702253718983963,0.21205092150432583,18,0.053684715987165496
7.885986269000568,3.702253718983963,0.21205092150432583,18,0.053684715987165496
7.886372458997357,3.702253718983963,0.21205092150432583,18,0.053684715987165496
7.887295961998461,3.702253718983963,0.21205092150432583,18,0.053684715987165496
7.888202458998421,3.702253718983963,0.21205092150432583,18,0.053684715987165496
7.888950856002339,3.702253718983963,0.21205092150432583,18,0.053684715987165496
7.889960936001444,3.702253718983963,0.21205092150432583,18,0.053684715987165496
7.890983202996722,3.702253718983963,0.21205092150432583,18,0.053684715987165496
7.891953498998191,3.702253718983963,0.21205092150432583,18,0.053684715987165496
7.892341624996334,3.702253718983963,0.21205092150432583,18,0.053684715987165496
7.89327318299911,3.702253718983963,0.21205092150432583,18,0.053684715987165496
7.894214890999137,3.702253718983963,0.21205092150432583,18,0.053684715987165496
7.895143102003203,3.707645763467409,0.21273121905689216,18,0.048622174956024625
7.895542498998111,3.707645763467409,0.21273121905689216,18,0.048622174956024625
7.896306228998583,3.707645763467409,0.21273121905689216,18,0.048622174956024625
7.897212955998839,3.707645763467409,0.21273121905689216,18,0.048622174956024625
7.897998489999736,3.707645763467409,0.21273121905689216,18,0.048622174956024625
7.898725933999231,3.707645763467409,0.21273121905689216,18,0.048622174956024625
7.899011260000407,3.707645763467409,0.21273121905689216,18,0.048622174956024625
7.899706126001547,3.713039153855976,0.21342423609593839,18,0.04365190185050068
7.900314676000562,3.713039153855976,0.21342423609593839,18,0.04365190185050068
7.900910634998581,3.713039153855976,0.21342423609593839,18,0.04365190185050068
7.9017266599985305,3.713039153855976,0.21342423609593839,18,0.04365190185050068
7.902707164997992,3.713039153855976,0.21342423609593839,18,0.04365190185050068
7.903612715002964,3.713039153855976,0.21342423609593839,18,0.04365190185050068
7.90459876699606,3.713039153855976,0.21342423609593839,18,0.04365190185050068
7.905539544997737,3.713039153855976,0.21342423609593839,18,0.04365190185050068
7.906471551999857,3.713039153855976,0.21342423609593839,18,0.04365190185050068
7.906841641997744,3.713039153855976,0.21342423609593839,18,0.04365190185050068
7.907756025000708,3.713039153855976,0.21342423609593839,18,0.04365190185050068
7.9087332999988575,3.7184372528142617,0.2141024208864862,18,0.038797397645310226
7.909678365002037,3.7184372528142617,0.2141024208864862,18,0.038797397645310226
7.913656436998281,3.7184372528142617,0.2141024208864862,18,0.038797397645310226
7.914777846002835,3.7184372528142617,0.2141024208864862,18,0.038797397645310226
7.915830735000782,3.7184372528142617,0.2141024208864862,18,0.038797397645310226
7.919384947999788,3.7184372528142617,0.2141024208864862,18,0.038797397645310226
7.920584307001263,3.7184372528142617,0.2141024208864862,18,0.038797397645310226
7.921043139998801,3.7184372528142617,0.2141024208864862,18,0.038797397645310226
7.922344034996058,3.7184372528142617,0.2141024208864862,18,0.038797397645310226
7.923572450003121,3.7184372528142617,0.2141024208864862,18,0.038797397645310226
7.923987968002621,3.7184372528142617,0.2141024208864862,18,0.038797397645310226
7.9249690500000725,3.7184372528142617,0.2141024208864862,18,0.038797397645310226
7.925908746998175,3.7184372528142617,0.2141024208864862,18,0.038797397645310226
7.926832454002579,3.7184372528142617,0.2141024208864862,18,0.038797397645310226
7.927771139002289,3.7184372528142617,0.2141024208864862,18,0.038797397645310226
7.928705259997514,3.7184372528142617,0.2141024208864862,18,0.038797397645310226
7.929619834001642,3.7184372528142617,0.2141024208864862,18,0.038797397645310226
7.929988652002066,3.7184372528142617,0.2141024208864862,18,0.038797397645310226
7.930891454001539,3.7184372528142617,0.2141024208864862,18,0.038797397645310226
7.931682497997826,3.7238364333830614,0.214793290594633,18,0.034124728289324065
7.932448375002423,3.7238364333830614,0.214793290594633,18,0.034124728289324065
7.933080823997443,3.7238364333830614,0.214793290594633,18,0.034124728289324065
7.933979879002436,3.7238364333830614,0.214793290594633,18,0.034124728289324065
7.934438454998599,3.7238364333830614,0.214793290594633,18,0.034124728289324065
7.935453090001829,3.7238364333830614,0.214793290594633,18,0.034124728289324065
7.936466027997085,3.7238364333830614,0.214793290594633,18,0.034124728289324065
7.937459865002893,3.7238364333830614,0.214793290594633,18,0.034124728289324065
7.938218328003131,3.7238364333830614,0.214793290594633,18,0.034124728289324065
7.938885507996019,3.7238364333830614,0.214793290594633,18,0.034124728289324065
7.9397695180014125,3.7238364333830614,0.214793290594633,18,0.034124728289324065
7.94007732099999,3.7238364333830614,0.214793290594633,18,0.034124728289324065
7.940793298999779,3.7292400569351587,0.21546929092856829,18,0.02970396442229762
7.941732970000885,3.7292400569351587,0.21546929092856829,18,0.02970396442229762
7.942683389999729,3.7292400569351587,0.21546929092856829,18,0.02970396442229762
7.9437401609975495,3.7292400569351587,0.21546929092856829,18,0.02970396442229762
7.944148075999692,3.7292400569351587,0.21546929092856829,18,0.02970396442229762
7.9450212989977445,3.7292400569351587,0.21546929092856829,18,0.02970396442229762
7.945668663996912,3.734644523237743,0.21615794256891388,18,0.02568741455339932
7.946568742998352,3.734644523237743,0.21615794256891388,18,0.02568741455339932
7.946889045000717,3.734644523237743,0.21615794256891388,18,0.02568741455339932
7.947836371000449,3.734644523237743,0.21615794256891388,18,0.02568741455339932
7.948737844999414,3.734644523237743,0.21615794256891388,18,0.02568741455339932
7.949670417001471,3.734644523237743,0.21615794256891388,18,0.02568741455339932
7.9506417629963835,3.734644523237743,0.21615794256891388,18,0.02568741455339932
7.951633844000753,3.734644523237743,0.21615794256891388,18,0.02568741455339932
7.952676255001279,3.734644523237743,0.21615794256891388,18,0.02568741455339932
7.9536000290027005,3.734644523237743,0.21615794256891388,18,0.02568741455339932
7.954522066000209,3.734644523237743,0.21615794256891388,18,0.02568741455339932
7.955465091996302,3.740053190952243,0.2168316902079356,18,0.0222733008165973
7.9558399520028615,3.740053190952243,0.2168316902079356,18,0.0222733008165973
7.956768315998488,3.740053190952243,0.2168316902079356,18,0.0222733008165973
7.969859990000259,3.740053190952243,0.2168316902079356,18,0.0222733008165973
7.971124837000389,3.740053190952243,0.2168316902079356,18,0.0222733008165973
7.971556001000863,3.740053190952243,0.2168316902079356,18,0.0222733008165973
7.97259314799885,3.740053190952243,0.2168316902079356,18,0.0222733008165973
7.972958853002638,3.740053190952243,0.2168316902079356,18,0.0222733008165973
7.973900088996743,3.740053190952243,0.2168316902079356,18,0.0222733008165973
7.974868092001998,3.740053190952243,0.2168316902079356,18,0.0222733008165973
7.97583563200169,3.740053190952243,0.2168316902079356,18,0.0222733008165973
7.976831282001513,3.740053190952243,0.2168316902079356,18,0.0222733008165973
7.977250317999278,3.740053190952243,0.2168316902079356,18,0.0222733008165973
7.978110766001919,3.740053190952243,0.2168316902079356,18,0.0222733008165973
7.978714618002414,3.740053190952243,0.2168316902079356,18,0.0222733008165973
7.979424174998712,3.740053190952243,0.2168316902079356,18,0.0222733008165973
7.980019201997493,3.740053190952243,0.2168316902079356,18,0.0222733008165973
7.980798591997882,3.740053190952243,0.2168316902079356,18,0.0222733008165973
7.981078666001849,3.740053190952243,0.2168316902079356,18,0.0222733008165973
7.981688687999849,3.7454624853707927,0.21751805848196012,18,0.019804151787565272
7.982322953997937,3.7454624853707927,0.21751805848196012,18,0.019804151787565272
7.983077329998196,3.7454624853707927,0.21751805848196012,18,0.019804151787565272
7.984013283996319,3.7454624853707927,0.21751805848196012,18,0.019804151787565272
7.98497576200316,3.7454624853707927,0.21751805848196012,18,0.019804151787565272
7.985857562998717,3.7454624853707927,0.21751805848196012,18,0.019804151787565272
7.9861529909976525,3.7454624853707927,0.21751805848196012,18,0.019804151787565272
7.987085925997235,3.7454624853707927,0.21751805848196012,18,0.019804151787565272
7.987985321997257,3.7454624853707927,0.21751805848196012,18,0.019804151787565272
7.988907746002951,3.7454624853707927,0.21751805848196012,18,0.019804151787565272
7.989848680997966,3.7454624853707927,0.21751805848196012,18,0.019804151787565272
7.9907896389995585,3.7508505910202947,0.21818633177796012,18,0.01863510386579586
7.991716789001657,3.7508505910202947,0.21818633177796012,18,0.01863510386579586
7.992641472999821,3.7508505910202947,0.21818633177796012,18,0.01863510386579586
7.993559602997266,3.7508505910202947,0.21818633177796012,18,0.01863510386579586
7.994485190996784,3.7508505910202947,0.21818633177796012,18,0.01863510386579586
7.995379558997229,3.757275042226188,0.22007304307194323,18,0.020334211363384834
7.996244649999426,3.757275042226188,0.22007304307194323,18,0.020334211363384834
7.997161763996701,3.757275042226188,0.22007304307194323,18,0.020334211363384834
7.997556123002141,3.757275042226188,0.22007304307194323,18,0.020334211363384834
7.998471111997787,3.757275042226188,0.22007304307194323,18,0.020334211363384834
7.998834935999184,3.757275042226188,0.22007304307194323,18,0.020334211363384834
7.999750613998913,3.7579384918335754,0.22081824205720155,18,0.021168933367769798
8.000682088000758,3.7579384918335754,0.22081824205720155,18,0.021168933367769798
