time_s,x_m,y_m,nearest_index,error_m
0.00017195600230479613,0.2988933347096148,0.5926083999999949,0,0.0003645347096148388
0.0006856520049041137,0.2988933347096148,0.5926083999999949,0,0.0003645347096148388
0.0014990370036684908,0.2988933347096148,0.5926083999999949,0,0.0003645347096148388
0.001966160001757089,0.2988933347096148,0.5926083999999949,0,0.0003645347096148388
0.003161488006298896,0.2988933347096148,0.5926083999999949,0,0.0003645347096148388
0.003661953000118956,0.2988933347096148,0.5926083999999949,0,0.0003645347096148388
0.004778584006999154,0.2988933347096148,0.5926083999999949,0,0.0003645347096148388
0.005197495003812946,0.2988933347096148,0.5926083999999949,0,0.0003645347096148388
0.006241652001335751,0.2988933347096148,0.5926083999999949,0,0.0003645347096148388
0.006663726002443582,0.2988933347096148,0.5926083999999949,0,0.0003645347096148388
0.007670082006370649,0.2988933347096148,0.5926083999999949,0,0.0003645347096148388
0.00834332100203028,0.2988933347096148,0.5926083999999949,0,0.0003645347096148388
0.009461739005928393,0.2988933347096148,0.5926083999999949,0,0.0003645347096148388
0.009873213006358128,0.2988933347096148,0.5926083999999949,0,0.0003645347096148388
0.010875269006646704,0.2988933347096148,0.5926083999999949,0,0.0003645347096148388
0.01127123100013705,0.2988933347096148,0.5926083999999949,0,0.0003645347096148388
0.018610604005516507,0.2988933347096148,0.5926083999999949,0,0.0003645347096148388
0.019110085006104782,0.2988933347096148,0.5926083999999949,0,0.0003645347096148388
0.02016780700068921,0.2988933347096148,0.5926083999999949,0,0.0003645347096148388
0.020631995001167525,0.2988933347096148,0.5926083999999949,0,0.0003645347096148388
0.021735247006290592,0.2988933347096148,0.5926083999999949,0,0.0003645347096148388
0.02216377400327474,0.2988933347096148,0.5926083999999949,0,0.0003645347096148388
0.023197884002001956,0.2988933347096148,0.5926083999999949,0,0.0003645347096148388
0.02347326100425562,0.2988933347096148,0.5926083999999949,0,0.0003645347096148388
0.024368955004320014,0.2988933347096148,0.5926083999999949,0,0.0003645347096148388
0.02567917900159955,0.2988933347096148,0.5926083999999949,0,0.0003645347096148388
0.02608628400048474,0.2988933347096148,0.5926083999999949,0,0.0003645347096148388
0.027101700005005114,0.2988933347096148,0.5926083999999949,0,0.0003645347096148388
0.028108468002756126,0.2988933347096148,0.5926083999999949,0,0.0003645347096148388
0.028495764003309887,0.2988933347096148,0.5926083999999949,0,0.0003645347096148388
0.029530956002417952,0.2988933347096148,0.5926083999999949,0,0.0003645347096148388
0.030538174003595486,0.2988933347096148,0.5926083999999949,0,0.0003645347096148388
0.03153365300386213,0.2988933347096148,0.5926083999999949,0,0.0003645347096148388
0.0326040810032282,0.2988933347096148,0.5926083999999949,0,0.0003645347096148388
0.03378507600427838,0.2988933347096148,0.5926083999999949,0,0.0003645347096148388
0.034206375006760936,0.2988933347096148,0.5926083999999949,0,0.0003645347096148388
0.03532001500570914,0.2988933347096148,0.5926083999999949,0,0.0003645347096148388
0.03634807200432988,0.2988933347096148,0.5926083999999949,0,0.0003645347096148388
0.0367507300034049,0.2988933347096148,0.5926083999999949,0,0.0003645347096148388
0.037633394000295084,0.2988933347096148,0.5926083999999949,0,0.0003645347096148388
0.03831502899993211,0.2988933347096148,0.5926083999999949,0,0.0003645347096148388
0.03898376600409392,0.2988933347096148,0.5926083999999949,0,0.0003645347096148388
0.03961724000691902,0.2988933347096148,0.5926083999999949,0,0.0003645347096148388
0.03987534300540574,0.2988933347096148,0.5926083999999949,0,0.0003645347096148388
0.04061505600111559,0.2988933347096148,0.5926083999999949,0,0.0003645347096148388
0.04143038800248178,0.2988933347096148,0.5926083999999949,0,0.0003645347096148388
0.04225546200177632,0.2988933347096148,0.5926083999999949,0,0.0003645347096148388
0.04296079200139502,0.2988933347096148,0.5926083999999949,0,0.0003645347096148388
0.0435906700004125,0.2988933347096148,0.5926083999999949,0,0.0003645347096148388
0.04465929700381821,0.2988933347096148,0.5926083999999949,0,0.0003645347096148388
0.04507664200355066,0.2988933347096148,0.5926083999999949,0,0.0003645347096148388
0.046078134000708815,0.2988933347096148,0.5926083999999949,0,0.0003645347096148388
0.047088699000596534,0.2988933347096148,0.5926083999999949,0,0.0003645347096148388
0.048089455005538184,0.2988933347096148,0.5926083999999949,0,0.0003645347096148388
0.049282809006399475,0.2988933347096148,0.5926083999999949,0,0.0003645347096148388
0.05037311000342015,0.2988933347096148,0.5926083999999949,0,0.0003645347096148388
0.05081037800118793,0.2988933347096148,0.5926083999999949,0,0.0003645347096148388
0.051818756001011934,0.2988933347096148,0.5926083999999949,0,0.0003645347096148388
0.052915892003511544,0.2988933347096148,0.5926083999999949,0,0.0003645347096148388
0.05330791900632903,0.2988933347096148,0.5926083999999949,0,0.0003645347096148388
0.05435615300666541,0.2988933347096148,0.5926083999999949,0,0.0003645347096148388
0.05537466300302185,0.2988933347096148,0.5926083999999949,0,0.0003645347096148388
0.05728609700599918,0.2988933347096148,0.5926083999999949,0,0.0003645347096148388
0.05771485000150278,0.2988933347096148,0.5926083999999949,0,0.0003645347096148388
0.05877003400382819,0.2988933347096148,0.5926083999999949,0,0.0003645347096148388
0.05980951100355014,0.2988933347096148,0.5926083999999949,0,0.0003645347096148388
0.06019960500270827,0.2988933347096148,0.5926083999999949,0,0.0003645347096148388
0.061210885003674775,0.2988933347096148,0.5926083999999949,0,0.0003645347096148388
0.06222313600301277,0.2988933347096148,0.5926083999999949,0,0.0003645347096148388
0.06407889600086492,0.2988933347096148,0.5926083999999949,0,0.0003645347096148388
0.06647238400182687,0.2988933347096148,0.5926083999999949,0,0.0003645347096148388
0.06691752100596204,0.2988933347096148,0.5926083999999949,0,0.0003645347096148388
0.0679666990035912,0.2988933347096148,0.5926083999999949,0,0.0003645347096148388
0.06839116000628565,0.2988933347096148,0.5926083999999949,0,0.0003645347096148388
0.06943435100401985,0.2988933347096148,0.5926083999999949,0,0.0003645347096148388
0.07039997399988351,0.2988933347096148,0.5926083999999949,0,0.0003645347096148388
0.07137836400215747,0.2988933347096148,0.5926083999999949,0,0.0003645347096148388
0.0724863070063293,0.2988933347096148,0.5926083999999949,0,0.0003645347096148388
0.07359654500032775,0.2988933347096148,0.5926083999999949,0,0.0003645347096148388
0.0745980120045715,0.2988933347096148,0.5926083999999949,0,0.0003645347096148388
0.07554958000400802,0.2988933347096148,0.5926083999999949,0,0.0003645347096148388
0.07653933900292031,0.2988933347096148,0.5926083999999949,0,0.0003645347096148388
0.07754436300456291,0.2988933347096148,0.5926083999999949,0,0.0003645347096148388
0.07849870300560724,0.2988933347096148,0.5926083999999949,0,0.0003645347096148388
0.07947807700111298,0.2988933347096148,0.5926083999999949,0,0.0003645347096148388
0.08045744400442345,0.2988933347096148,0.5926083999999949,0,0.0003645347096148388
0.0813760410019313,0.2988933347096148,0.5926083999999949,0,0.0003645347096148388
0.08169894599996042,0.2988933347096148,0.5926083999999949,0,0.0003645347096148388
0.08250071100337664,0.2988933347096148,0.5926083999999949,0,0.0003645347096148388
0.0828210880063125,0.2988933347096148,0.5926083999999949,0,0.0003645347096148388
0.08369564100576099,0.2988933347096148,0.5926083999999949,0,0.0003645347096148388
0.08415883900306653,0.2988933347096148,0.5926083999999949,0,0.0003645347096148388
0.08501926900498802,0.2988933347096148,0.5926083999999949,0,0.0003645347096148388
0.08531122400017921,0.2988933347096148,0.5926083999999949,0,0.0003645347096148388
0.08612882099987473,0.2988933347096148,0.5926083999999949,0,0.0003645347096148388
0.086821796001459,0.2988933347096148,0.5926083999999949,0,0.0003645347096148388
0.08765287999995053,0.2988933347096148,0.5926083999999949,0,0.0003645347096148388
0.08829077200061874,0.2988933347096148,0.5926083999999949,0,0.0003645347096148388
0.08861792800598778,0.2988933347096148,0.5926083999999949,0,0.0003645347096148388
0.08924333900358761,0.2988933347096148,0.5926083999999949,0,0.0003645347096148388
0.08992984500218881,0.2988933347096148,0.5926083999999949,0,0.0003645347096148388
0.09086004600248998,0.2988933347096148,0.5926083999999949,0,0.0003645347096148388
0.09200158700696193,0.2988933347096148,0.5926083999999949,0,0.0003645347096148388
0.09299370300141163,0.2988933347096148,0.5926083999999949,0,0.0003645347096148388
0.09328660200117156,0.2988933347096148,0.5926083999999949,0,0.0003645347096148388
0.09406512600253336,0.2988933347096148,0.5926083999999949,0,0.0003645347096148388
0.09482413100340636,0.2988933347096148,0.5926083999999949,0,0.0003645347096148388
0.09585059200617252,0.2988933347096148,0.5926083999999949,0,0.0003645347096148388
0.09693764300027397,0.2988933347096148,0.5926083999999949,0,0.0003645347096148388
0.09800294900196604,0.2988933347096148,0.5926083999999949,0,0.0003645347096148388
0.0990291820053244,0.2988933347096148,0.5926083999999949,0,0.0003645347096148388
0.10012432000075933,0.2988933347096148,0.5926083999999949,0,0.0003645347096148388
0.10120524100057082,0.2988933347096148,0.5926083999999949,0,0.0003645347096148388
0.10161768000398297,0.2988933347096148,0.5926083999999949,0,0.0003645347096148388
0.10259080600371817,0.2988933347096148,0.5926083999999949,0,0.0003645347096148388
0.102989206003258,0.2988933347096148,0.5926083999999949,0,0.0003645347096148388
0.1039517910030554,0.2988933347096148,0.5926083999999949,0,0.0003645347096148388
0.10501393900631228,0.2988933347096148,0.5926083999999949,0,0.0003645347096148388
0.1054063120027422,0.2988933347096148,0.5926083999999949,0,0.0003645347096148388
0.1064227020033286,0.2988933347096148,0.5926083999999949,0,0.0003645347096148388
0.10743882500537438,0.2988933347096148,0.5926083999999949,0,0.0003645347096148388
0.10841639900172595,0.2988933347096148,0.5926083999999949,0,0.0003645347096148388
0.10889541800133884,0.2988933347096148,0.5926083999999949,0,0.0003645347096148388
0.10989267200056929,0.2988933347096148,0.5926083999999949,0,0.0003645347096148388
0.11085174500476569,0.2988933347096148,0.5926083999999949,0,0.0003645347096148388
0.11183349900238682,0.2988933347096148,0.5926083999999949,0,0.0003645347096148388
0.11287621000519721,0.2988933347096148,0.5926083999999949,0,0.0003645347096148388
0.1138902840029914,0.2988933347096148,0.5926083999999949,0,0.0003645347096148388
0.11488093600200955,0.2988933347096148,0.5926083999999949,0,0.0003645347096148388
0.11573402100475505,0.2988933347096148,0.5926083999999949,0,0.0003645347096148388
0.11646889100666158,0.2988933347096148,0.5926083999999949,0,0.0003645347096148388
0.11753113300073892,0.2988933347096148,0.5926083999999949,0,0.0003645347096148388
0.11793701300484827,0.2988933347096148,0.5926083999999949,0,0.0003645347096148388
0.11895594100496965,0.2988933347096148,0.5926083999999949,0,0.0003645347096148388
0.11991924000176368,0.2988933347096148,0.5926083999999949,0,0.0003645347096148388
0.12091454900655663,0.2988933347096148,0.5926083999999949,0,0.0003645347096148388
0.12189811000280315,0.2988933347096148,0.5926083999999949,0,0.0003645347096148388
0.12287941700196825,0.2988933347096148,0.5926083999999949,0,0.0003645347096148388
0.12326351500087185,0.2988933347096148,0.5926083999999949,0,0.0003645347096148388
0.12423595800646581,0.2988933347096148,0.5926083999999949,0,0.0003645347096148388
0.1252724530058913,0.2988933347096148,0.5926083999999949,0,0.0003645347096148388
0.12555445100588258,0.2988933347096148,0.5926083999999949,0,0.0003645347096148388
0.1263275900055305,0.2988933347096148,0.5926083999999949,0,0.0003645347096148388
0.12732984600006603,0.2988933347096148,0.5926083999999949,0,0.0003645347096148388
0.1282554900026298,0.2988933347096148,0.5926083999999949,0,0.0003645347096148388
0.12913431500055594,0.2988933347096148,0.5926083999999949,0,0.0003645347096148388
0.12953131200629286,0.2988933347096148,0.5926083999999949,0,0.0003645347096148388
0.1305992440029513,0.2988933347096148,0.5926083999999949,0,0.0003645347096148388
0.13165373700030614,0.2988933347096148,0.5926083999999949,0,0.0003645347096148388
0.13274942900170572,0.2988933347096148,0.5926083999999949,0,0.0003645347096148388
0.13355204600520665,0.2988933347096148,0.5926083999999949,0,0.0003645347096148388
0.13385955700505292,0.2988933347096148,0.5926083999999949,0,0.0003645347096148388
0.13461809900036315,0.2988933347096148,0.5926083999999949,0,0.0003645347096148388
0.13527146900014486,0.2988933347096148,0.5926083999999949,0,0.0003645347096148388
0.13598030100547476,0.2988933347096148,0.5926083999999949,0,0.0003645347096148388
0.13624562000040896,0.2988933347096148,0.5926083999999949,0,0.0003645347096148388
0.13695482900220668,0.2988933347096148,0.5926083999999949,0,0.0003645347096148388
0.13775546600663802,0.2988933347096148,0.5926083999999949,0,0.0003645347096148388
0.13841894900542684,0.2988933347096148,0.5926083999999949,0,0.0003645347096148388
0.13943657900381368,0.2988933347096148,0.5926083999999949,0,0.0003645347096148388
0.14040872300392948,0.2988933347096148,0.5926083999999949,0,0.0003645347096148388
0.1408653120015515,0.2988933347096148,0.5926083999999949,0,0.0003645347096148388
0.14183944500109646,0.2988933347096148,0.5926083999999949,0,0.0003645347096148388
0.14283743900159607,0.2988933347096148,0.5926083999999949,0,0.0003645347096148388
0.14382591600588057,0.2988933347096148,0.5926083999999949,0,0.0003645347096148388
0.14485905900073703,0.2988933347096148,0.5926083999999949,0,0.0003645347096148388
0.14525009200588102,0.2988933347096148,0.5926083999999949,0,0.0003645347096148388
0.1462619869998889,0.2988933347096148,0.5926083999999949,0,0.0003645347096148388
0.1472664560060366,0.2988933347096148,0.5926083999999949,0,0.0003645347096148388
0.148254892003024,0.2988933347096148,0.5926083999999949,0,0.0003645347096148388
0.14928287100337911,0.2988933347096148,0.5926083999999949,0,0.0003645347096148388
0.15034539000043878,0.2988933347096148,0.5926083999999949,0,0.0003645347096148388
0.15139728100621141,0.2988933347096148,0.5926083999999949,0,0.0003645347096148388
0.15620838000177173,0.2988933347096148,0.5926083999999949,0,0.0003645347096148388
0.15674974100693362,0.2988933347096148,0.5926083999999949,0,0.0003645347096148388
0.15783250400272664,0.2988933347096148,0.5926083999999949,0,0.0003645347096148388
0.15823530800116714,0.2988933347096148,0.5926083999999949,0,0.0003645347096148388
0.15923495600145543,0.2988933347096148,0.5926083999999949,0,0.0003645347096148388
0.15967733000434237,0.2988933347096148,0.5926083999999949,0,0.0003645347096148388
0.16079438200540608,0.2988933347096148,0.5926083999999949,0,0.0003645347096148388
0.1611924290045863,0.2988933347096148,0.5926083999999949,0,0.0003645347096148388
0.1622057160057011,0.2988933347096148,0.5926083999999949,0,0.0003645347096148388
0.16439048700704006,0.2988933347096148,0.5926083999999949,0,0.0003645347096148388
0.16556786100409226,0.2988933347096148,0.5926083999999949,0,0.0003645347096148388
0.16601176100084558,0.2988933347096148,0.5926083999999949,0,0.0003645347096148388
0.16707296400272753,0.2989395349024518,0.5925754941157234,0,0.00041205091592195163
0.1674623930011876,0.2989395349024518,0.5925754941157234,0,0.00041205091592195163
0.16848789600044256,0.2989395349024518,0.5925754941157234,0,0.00041205091592195163
0.16947764200449456,0.2989395349024518,0.5925754941157234,0,0.00041205091592195163
0.17022791700583184,0.2989395349024518,0.5925754941157234,0,0.00041205091592195163
0.171172321002814,0.2989395349024518,0.5925754941157234,0,0.00041205091592195163
0.17182956100441515,0.29903610066265085,0.5925067158957755,0,0.0005173911666988038
0.1726533110049786,0.29903610066265085,0.5925067158957755,0,0.0005173911666988038
0.1729528800060507,0.29903610066265085,0.5925067158957755,0,0.0005173911666988038
0.173633342004905,0.29903610066265085,0.5925067158957755,0,0.0005173911666988038
0.17448255300405435,0.29903610066265085,0.5925067158957755,0,0.0005173911666988038
0.17526680800074246,0.29903610066265085,0.5925067158957755,0,0.0005173911666988038
0.1760694470067392,0.29903610066265085,0.5925067158957755,0,0.0005173911666988038
0.176359509001486,0.29903610066265085,0.5925067158957755,0,0.0005173911666988038
0.17710450200684136,0.29903610066265085,0.5925067158957755,0,0.0005173911666988038
0.17802916900109267,0.29903610066265085,0.5925067158957755,0,0.0005173911666988038
0.17904505200567655,0.29903610066265085,0.5925067158957755,0,0.0005173911666988038
0.17978044900519308,0.29903610066265085,0.5925067158957755,0,0.0005173911666988038
0.18015402700257255,0.29903610066265085,0.5925067158957755,0,0.0005173911666988038
0.18088492400420364,0.29903610066265085,0.5925067158957755,0,0.0005173911666988038
0.18151306200161343,0.29903610066265085,0.5925067158957755,0,0.0005173911666988038
0.1823010730004171,0.29903610066265085,0.5925067158957755,0,0.0005173911666988038
0.18337602100655204,0.2991861720972178,0.5923998323517335,0,0.0006896655262545661
0.1844248300039908,0.2991861720972178,0.5923998323517335,0,0.0006896655262545661
0.18547991800005548,0.2991861720972178,0.5923998323517335,0,0.0006896655262545661
0.18646768300095573,0.2991861720972178,0.5923998323517335,0,0.0006896655262545661
0.1868751050060382,0.2991861720972178,0.5923998323517335,0,0.0006896655262545661
0.18783048300247174,0.2991861720972178,0.5923998323517335,0,0.0006896655262545661
0.1882250090056914,0.2991861720972178,0.5923998323517335,0,0.0006896655262545661
0.18925179800135083,0.2991861720972178,0.5923998323517335,0,0.0006896655262545661
0.19025457000680035,0.2991861720972178,0.5923998323517335,0,0.0006896655262545661
0.19123781000234885,0.2991861720972178,0.5923998323517335,0,0.0006896655262545661
0.19222114700096427,0.29938721015333997,0.5922566626119374,0,0.0009276783825864838
0.1932741890050238,0.29938721015333997,0.5922566626119374,0,0.0009276783825864838
0.19425361100002192,0.29938721015333997,0.5922566626119374,0,0.0009276783825864838
0.19520737700077007,0.29938721015333997,0.5922566626119374,0,0.0009276783825864838
0.19558923900331138,0.29938721015333997,0.5922566626119374,0,0.0009276783825864838
0.1966186940044281,0.29938721015333997,0.5922566626119374,0,0.0009276783825864838
0.1970397130062338,0.29938721015333997,0.5922566626119374,0,0.0009276783825864838
0.19809916100348346,0.29963680155194766,0.5920789463871964,0,0.0012280018596196457
0.19912160700187087,0.29963680155194766,0.5920789463871964,0,0.0012280018596196457
0.20017951300542336,0.29963680155194766,0.5920789463871964,0,0.0012280018596196457
0.2012630240060389,0.29963680155194766,0.5920789463871964,0,0.0012280018596196457
0.2016859060022398,0.29963680155194766,0.5920789463871964,0,0.0012280018596196457
0.2027371479998692,0.29963680155194766,0.5920789463871964,0,0.0012280018596196457
0.20360248500219313,0.29963680155194766,0.5920789463871964,0,0.0012280018596196457
0.2046760590019403,0.29963680155194766,0.5920789463871964,0,0.0012280018596196457
0.2056938750029076,0.29963680155194766,0.5920789463871964,0,0.0012280018596196457
0.2060933790053241,0.29963680155194766,0.5920789463871964,0,0.0012280018596196457
0.2070592640011455,0.29963680155194766,0.5920789463871964,0,0.0012280018596196457
0.208029785004328,0.29963680155194766,0.5920789463871964,0,0.0012280018596196457
0.20840604100521887,0.29963680155194766,0.5920789463871964,0,0.0012280018596196457
0.2094115680010873,0.29963680155194766,0.5920789463871964,0,0.0012280018596196457
0.21037311700638384,0.2999326541636705,0.5918683496584228,0,0.0015869722810822955
0.21141337700100848,0.2999326541636705,0.5918683496584228,0,0.0015869722810822955
0.21242736500425963,0.2999326541636705,0.5918683496584228,0,0.0015869722810822955
0.21329367700673174,0.2999326541636705,0.5918683496584228,0,0.0015869722810822955
0.21371342800557613,0.2999326541636705,0.5918683496584228,0,0.0015869722810822955
0.21479325400287053,0.2999326541636705,0.5918683496584228,0,0.0015869722810822955
0.21568049200141104,0.2999326541636705,0.5918683496584228,0,0.0015869722810822955
0.2168184600013774,0.2999326541636705,0.5918683496584228,0,0.0015869722810822955
0.21726140600367216,0.2999326541636705,0.5918683496584228,0,0.0015869722810822955
0.21844508000503993,0.3002725906770172,0.5916264673915255,0,0.0020012490032072275
0.219544831001258,0.3002725906770172,0.5916264673915255,0,0.0020012490032072275
0.21997704500245163,0.3002725906770172,0.5916264673915255,0,0.0020012490032072275
0.22109844000078738,0.3002725906770172,0.5916264673915255,0,0.0020012490032072275
0.22220709600514965,0.3002725906770172,0.5916264673915255,0,0.0020012490032072275
0.22329189400625182,0.3002725906770172,0.5916264673915255,0,0.0020012490032072275
0.22437968600570457,0.3002725906770172,0.5916264673915255,0,0.0020012490032072275
0.22546190300636226,0.3002725906770172,0.5916264673915255,0,0.0020012490032072275
0.22589132000575773,0.3002725906770172,0.5916264673915255,0,0.0020012490032072275
0.22698894700442906,0.3002725906770172,0.5916264673915255,0,0.0020012490032072275
0.2419277540029725,0.3002725906770172,0.5916264673915255,0,0.0020012490032072275
0.24329820600542007,0.3002725906770172,0.5916264673915255,0,0.0020012490032072275
0.24377667100634426,0.3002725906770172,0.5916264673915255,0,0.0020012490032072275
0.2449258360065869,0.30107651693540255,0.5910548478801277,0,0.002984021744575052
0.24534172000130638,0.30107651693540255,0.5910548478801277,0,0.002984021744575052
0.24639850100356853,0.30107651693540255,0.5910548478801277,0,0.002984021744575052
0.24681801200495102,0.30107651693540255,0.5910548478801277,0,0.002984021744575052
0.2478548800063436,0.30154414810941865,0.5907226141934375,0,0.0035564747052674746
0.2482888990052743,0.30154414810941865,0.5907226141934375,0,0.0035564747052674746
0.24938463500438957,0.30154414810941865,0.5907226141934375,0,0.0035564747052674746
0.2498533590041916,0.30154414810941865,0.5907226141934375,0,0.0035564747052674746
0.2509344530044473,0.30154414810941865,0.5907226141934375,0,0.0035564747052674746
0.2520572140056174,0.30154414810941865,0.5907226141934375,0,0.0035564747052674746
0.2524934410030255,0.30154414810941865,0.5907226141934375,0,0.0035564747052674746
0.2535969170057797,0.30154414810941865,0.5907226141934375,0,0.0035564747052674746
0.2539955300017027,0.30154414810941865,0.5907226141934375,0,0.0035564747052674746
0.25500791200465756,0.30154414810941865,0.5907226141934375,0,0.0035564747052674746
0.2560017050054739,0.30154414810941865,0.5907226141934375,0,0.0035564747052674746
0.2563928290037438,0.30154414810941865,0.5907226141934375,0,0.0035564747052674746
0.25740641000447795,0.30154414810941865,0.5907226141934375,0,0.0035564747052674746
0.2584213920054026,0.30154414810941865,0.5907226141934375,0,0.0035564747052674746
0.2594312230066862,0.30154414810941865,0.5907226141934375,0,0.0035564747052674746
0.2598223420063732,0.30154414810941865,0.5907226141934375,0,0.0035564747052674746
0.2608525450050365,0.30206278746712195,0.5903543718388957,0,0.004191623834366157
0.2618904980045045,0.30206278746712195,0.5903543718388957,0,0.004191623834366157
0.262896759006253,0.30206278746712195,0.5903543718388957,0,0.004191623834366157
0.26394631800212665,0.30206278746712195,0.5903543718388957,0,0.004191623834366157
0.26510813200002303,0.30206278746712195,0.5903543718388957,0,0.004191623834366157
0.26551616900542285,0.30206278746712195,0.5903543718388957,0,0.004191623834366157
0.2667199490024359,0.30206278746712195,0.5903543718388957,0,0.004191623834366157
0.267714364999847,0.3026300517942331,0.5899518926100337,0,0.004886440196364437
0.26799301800201647,0.3026300517942331,0.5899518926100337,0,0.004886440196364437
0.2687078190065222,0.3026300517942331,0.5899518926100337,0,0.004886440196364437
0.2693634840034065,0.3026300517942331,0.5899518926100337,0,0.004886440196364437
0.27008444100647466,0.3026300517942331,0.5899518926100337,0,0.004886440196364437
0.271031201002188,0.3026300517942331,0.5899518926100337,0,0.004886440196364437
0.2717002260033041,0.3026300517942331,0.5899518926100337,0,0.004886440196364437
0.2724553780062706,0.3026300517942331,0.5899518926100337,0,0.004886440196364437
0.2728149540052982,0.3026300517942331,0.5899518926100337,0,0.004886440196364437
0.27342693399987184,0.3026300517942331,0.5899518926100337,0,0.004886440196364437
0.2745533890047227,0.3026300517942331,0.5899518926100337,0,0.004886440196364437
0.2759049740052433,0.3026300517942331,0.5899518926100337,0,0.004886440196364437
0.27711395600636024,0.3026300517942331,0.5899518926100337,0,0.004886440196364437
0.27756989400222665,0.3026300517942331,0.5899518926100337,0,0.004886440196364437
0.27867138700094074,0.3026300517942331,0.5899518926100337,0,0.004886440196364437
0.2797574580035871,0.3026300517942331,0.5899518926100337,0,0.004886440196364437
0.28095455300353933,0.3032436856437797,0.5895168845065347,0,0.00563805060994099
0.28201493300002767,0.3032436856437797,0.5895168845065347,0,0.00563805060994099
0.2824438140014536,0.3032436856437797,0.5895168845065347,0,0.00563805060994099
0.2834437280034763,0.3032436856437797,0.5895168845065347,0,0.00563805060994099
0.2844451080018189,0.3032436856437797,0.5895168845065347,0,0.00563805060994099
0.2854831450022175,0.3032436856437797,0.5895168845065347,0,0.00563805060994099
0.28595484900142765,0.3032436856437797,0.5895168845065347,0,0.00563805060994099
0.287381706002634,0.3039015196412421,0.5890509445566825,0,0.006443726062968432
0.2885682260020985,0.3039015196412421,0.5890509445566825,0,0.006443726062968432
0.28898209700128064,0.3039015196412421,0.5890509445566825,0,0.006443726062968432
0.2900965320004616,0.3039015196412421,0.5890509445566825,0,0.006443726062968432
0.2910793810005998,0.3039015196412421,0.5890509445566825,0,0.006443726062968432
0.2920844130057958,0.3039015196412421,0.5890509445566825,0,0.006443726062968432
0.2930985020066146,0.3039015196412421,0.5890509445566825,0,0.006443726062968432
0.2940808680068585,0.3039015196412421,0.5890509445566825,0,0.006443726062968432
0.2944935850027832,0.3039015196412421,0.5890509445566825,0,0.006443726062968432
0.29549544300243724,0.3039015196412421,0.5890509445566825,0,0.006443726062968432
0.29658528700383613,0.3039015196412421,0.5890509445566825,0,0.006443726062968432
0.2970151320041623,0.3039015196412421,0.5890509445566825,0,0.006443726062968432
0.2980403630062938,0.3039015196412421,0.5890509445566825,0,0.006443726062968432
0.2991343690009671,0.304601512488801,0.5885556291330074,0,0.0073008758838912086
0.3001625580000109,0.304601512488801,0.5885556291330074,0,0.0073008758838912086
0.3005512920062756,0.304601512488801,0.5885556291330074,0,0.0073008758838912086
0.3012335110033746,0.304601512488801,0.5885556291330074,0,0.0073008758838912086
0.301990112006024,0.304601512488801,0.5885556291330074,0,0.0073008758838912086
0.30312113700347254,0.304601512488801,0.5885556291330074,0,0.0073008758838912086
0.30426152600557543,0.304601512488801,0.5885556291330074,0,0.0073008758838912086
0.3053080180034158,0.304601512488801,0.5885556291330074,0,0.0073008758838912086
0.3063222320051864,0.304601512488801,0.5885556291330074,0,0.0073008758838912086
0.30730564200348454,0.304601512488801,0.5885556291330074,0,0.0073008758838912086
0.30828241900599096,0.3053416955642195,0.5880323862680024,0,0.008207036471491576
0.30926082400401356,0.3053416955642195,0.5880323862680024,0,0.008207036471491576
0.31027289100165945,0.3053416955642195,0.5880323862680024,0,0.008207036471491576
0.31306035600573523,0.3053416955642195,0.5880323862680024,0,0.008207036471491576
0.31352706900361227,0.3053416955642195,0.5880323862680024,0,0.008207036471491576
0.31489755700022215,0.3053416955642195,0.5880323862680024,0,0.008207036471491576
0.3154197340045357,0.3053416955642195,0.5880323862680024,0,0.008207036471491576
0.3169076900012442,0.3053416955642195,0.5880323862680024,0,0.008207036471491576
0.31748894000338623,0.3053416955642195,0.5880323862680024,0,0.008207036471491576
0.31842131400480866,0.3053416955642195,0.5880323862680024,0,0.008207036471491576
0.31877063100546366,0.3053416955642195,0.5880323862680024,0,0.008207036471491576
0.3194480320016737,0.30612022465205846,0.5874826388194984,0,0.009159866588953089
0.31980241800192744,0.30612022465205846,0.5874826388194984,0,0.009159866588953089
0.320598994003376,0.30612022465205846,0.5874826388194984,0,0.009159866588953089
0.32137156600219896,0.30612022465205846,0.5874826388194984,0,0.009159866588953089
0.3221783580011106,0.30612022465205846,0.5874826388194984,0,0.009159866588953089
0.3229560130057507,0.30612022465205846,0.5874826388194984,0,0.009159866588953089
0.32369704700249713,0.30612022465205846,0.5874826388194984,0,0.009159866588953089
0.32451508300437126,0.30612022465205846,0.5874826388194984,0,0.009159866588953089
0.32482041400362505,0.30612022465205846,0.5874826388194984,0,0.009159866588953089
0.32568408000224736,0.30612022465205846,0.5874826388194984,0,0.009159866588953089
0.32655557399993995,0.30612022465205846,0.5874826388194984,0,0.009159866588953089
0.3274448250012938,0.30612022465205846,0.5874826388194984,0,0.009159866588953089
0.3284577220038045,0.306935311965155,0.5869076978712002,0,0.010157137794752866
0.3296027010001126,0.306935311965155,0.5869076978712002,0,0.010157137794752866
0.3300247470033355,0.306935311965155,0.5869076978712002,0,0.010157137794752866
0.33098757800325984,0.306935311965155,0.5869076978712002,0,0.010157137794752866
0.3320427130020107,0.306935311965155,0.5869076978712002,0,0.010157137794752866
0.3330719450023025,0.306935311965155,0.5869076978712002,0,0.010157137794752866
0.3341598690021783,0.306935311965155,0.5869076978712002,0,0.010157137794752866
0.33539130400458816,0.306935311965155,0.5869076978712002,0,0.010157137794752866
0.33590147200447973,0.306935311965155,0.5869076978712002,0,0.010157137794752866
0.33696431900170865,0.306935311965155,0.5869076978712002,0,0.010157137794752866
0.3382119580055587,0.306935311965155,0.5869076978712002,0,0.010157137794752866
0.33927806200517807,0.30778529157234424,0.5863088645248479,0,0.01119673092610432
0.3396850550052477,0.30778529157234424,0.5863088645248479,0,0.01119673092610432
0.34068037800170714,0.30778529157234424,0.5863088645248479,0,0.01119673092610432
0.3410670140001457,0.30778529157234424,0.5863088645248479,0,0.01119673092610432
0.3421245230056229,0.30778529157234424,0.5863088645248479,0,0.01119673092610432
0.3432486500023515,0.30778529157234424,0.5863088645248479,0,0.01119673092610432
0.3442689790026634,0.30778529157234424,0.5863088645248479,0,0.01119673092610432
0.3447303470020415,0.30778529157234424,0.5863088645248479,0,0.01119673092610432
0.34597094600030687,0.30778529157234424,0.5863088645248479,0,0.01119673092610432
0.34718499300652184,0.30778529157234424,0.5863088645248479,0,0.01119673092610432
0.3481184470001608,0.3086685387069934,0.5856873241884389,0,0.012276627852772788
0.3484054900036426,0.3086685387069934,0.5856873241884389,0,0.012276627852772788
0.34910609100188594,0.3086685387069934,0.5856873241884389,0,0.012276627852772788
0.34997995900630485,0.3086685387069934,0.5856873241884389,0,0.012276627852772788
0.35112337800092064,0.3086685387069934,0.5856873241884389,0,0.012276627852772788
0.35213797300093574,0.3086685387069934,0.5856873241884389,0,0.012276627852772788
0.35324137499992503,0.3086685387069934,0.5856873241884389,0,0.012276627852772788
0.35416563900071196,0.3086685387069934,0.5856873241884389,0,0.012276627852772788
0.35517401400284143,0.3086685387069934,0.5856873241884389,0,0.012276627852772788
0.3561675040036789,0.3086685387069934,0.5856873241884389,0,0.012276627852772788
0.35716642700572265,0.3086685387069934,0.5856873241884389,0,0.012276627852772788
0.3581431030033855,0.3086685387069934,0.5856873241884389,0,0.012276627852772788
0.3585351660003653,0.3086685387069934,0.5856873241884389,0,0.012276627852772788
0.359499575002701,0.3086685387069934,0.5856873241884389,0,0.012276627852772788
0.36032387200248195,0.3095931820247483,0.5850375012767439,0,0.013406679569057146
0.3606556590020773,0.3095931820247483,0.5850375012767439,0,0.013406679569057146
0.36203339300118387,0.3095931820247483,0.5850375012767439,0,0.013406679569057146
0.36295646000507986,0.3095931820247483,0.5850375012767439,0,0.013406679569057146
0.36412081200251123,0.3095931820247483,0.5850375012767439,0,0.013406679569057146
0.3645574630063493,0.3095931820247483,0.5850375012767439,0,0.013406679569057146
0.3656193670030916,0.3095931820247483,0.5850375012767439,0,0.013406679569057146
0.36662583900033496,0.3095931820247483,0.5850375012767439,0,0.013406679569057146
0.3675267430007807,0.3105669352460473,0.5843540451227258,0,0.014596269202851354
0.36784877300669905,0.3105669352460473,0.5843540451227258,0,0.014596269202851354
0.3685268890039879,0.3105669352460473,0.5843540451227258,0,0.014596269202851354
0.3692125870002201,0.3105669352460473,0.5843540451227258,0,0.014596269202851354
0.36992644400015706,0.3105669352460473,0.5843540451227258,0,0.014596269202851354
0.3706445030038594,0.3105669352460473,0.5843540451227258,0,0.014596269202851354
0.371413028005918,0.3105669352460473,0.5843540451227258,0,0.014596269202851354
0.3723177000065334,0.3105669352460473,0.5843540451227258,0,0.014596269202851354
0.37330756400479004,0.3105669352460473,0.5843540451227258,0,0.014596269202851354
0.3742849790069158,0.3105669352460473,0.5843540451227258,0,0.014596269202851354
0.3753019780051545,0.3105669352460473,0.5843540451227258,0,0.014596269202851354
0.37572835700120777,0.3105669352460473,0.5843540451227258,0,0.014596269202851354
0.3767481820032117,0.3105669352460473,0.5843540451227258,0,0.014596269202851354
0.3771533810067922,0.3105669352460473,0.5843540451227258,0,0.014596269202851354
0.37826137299998663,0.3105669352460473,0.5843540451227258,0,0.014596269202851354
0.3793413150051492,0.3105669352460473,0.5843540451227258,0,0.014596269202851354
0.37976106900168816,0.3105669352460473,0.5843540451227258,0,0.014596269202851354
0.38078957800462376,0.3105669352460473,0.5843540451227258,0,0.014596269202851354
0.38178253800288076,0.3115875727082619,0.5836387118554716,0,0.015842564503770855
0.38294552200386534,0.3115875727082619,0.5836387118554716,0,0.015842564503770855
0.3840777170044021,0.3115875727082619,0.5836387118554716,0,0.015842564503770855
0.3859523330029333,0.3115875727082619,0.5836387118554716,0,0.015842564503770855
0.38647033400047803,0.3115875727082619,0.5836387118554716,0,0.015842564503770855
0.3876210930029629,0.3115875727082619,0.5836387118554716,0,0.015842564503770855
0.38870957500330405,0.3115875727082619,0.5836387118554716,0,0.015842564503770855
0.38910627500445116,0.3115875727082619,0.5836387118554716,0,0.015842564503770855
0.3902227330036112,0.3115875727082619,0.5836387118554716,0,0.015842564503770855
0.3912585360012599,0.3115875727082619,0.5836387118554716,0,0.015842564503770855
0.39203432700014673,0.3115875727082619,0.5836387118554716,0,0.015842564503770855
0.39287171700561885,0.3126529207883883,0.5828930976898962,0,0.017142866942891802
0.39316760900692316,0.3126529207883883,0.5828930976898962,0,0.017142866942891802
0.39411059400299564,0.3126529207883883,0.5828930976898962,0,0.017142866942891802
0.39511792700068327,0.3126529207883883,0.5828930976898962,0,0.017142866942891802
0.39610523100418504,0.3126529207883883,0.5828930976898962,0,0.017142866942891802
0.39732321100018453,0.3126529207883883,0.5828930976898962,0,0.017142866942891802
0.3997556490066927,0.3126529207883883,0.5828930976898962,0,0.017142866942891802
0.4001998480016482,0.3126529207883883,0.5828930976898962,0,0.017142866942891802
0.40126267200685106,0.3137609713397705,0.582118811955624,0,0.018494607350923755
0.40166988100099843,0.3137609713397705,0.582118811955624,0,0.018494607350923755
0.4026718870009063,0.3137609713397705,0.582118811955624,0,0.018494607350923755
0.40354555800149683,0.3137609713397705,0.582118811955624,0,0.018494607350923755
0.40454706700256793,0.3137609713397705,0.582118811955624,0,0.018494607350923755
0.40487658900383394,0.3137609713397705,0.582118811955624,0,0.018494607350923755
0.4058975760053727,0.3137609713397705,0.582118811955624,0,0.018494607350923755
0.40679415900376625,0.3137609713397705,0.582118811955624,0,0.018494607350923755
0.40759628800151404,0.3149097472657316,0.5813172956310791,0,0.01989533792607065
0.4078756800008705,0.3149097472657316,0.5813172956310791,0,0.01989533792607065
0.40862389000540134,0.3149097472657316,0.5813172956310791,0,0.01989533792607065
0.4093076990029658,0.3149097472657316,0.5813172956310791,0,0.01989533792607065
0.4100112420055666,0.3149097472657316,0.5813172956310791,0,0.01989533792607065
0.4109494200019981,0.3149097472657316,0.5813172956310791,0,0.01989533792607065
0.41222846700111404,0.3149097472657316,0.5813172956310791,0,0.01989533792607065
0.4129779499999131,0.3149097472657316,0.5813172956310791,0,0.01989533792607065
0.41327358900161926,0.3149097472657316,0.5813172956310791,0,0.01989533792607065
0.41413110100256745,0.3149097472657316,0.5813172956310791,0,0.01989533792607065
0.41524591200141003,0.3149097472657316,0.5813172956310791,0,0.01989533792607065
0.4163909530034289,0.3149097472657316,0.5813172956310791,0,0.01989533792607065
0.4168489560033777,0.3149097472657316,0.5813172956310791,0,0.01989533792607065
0.4179598610062385,0.3160974371564266,0.580490024175795,0,0.021342728132805574
0.4190003340045223,0.3160974371564266,0.580490024175795,0,0.021342728132805574
0.41939420500420965,0.3160974371564266,0.580490024175795,0,0.021342728132805574
0.4203902100052801,0.3160974371564266,0.580490024175795,0,0.021342728132805574
0.4214368350003497,0.3160974371564266,0.580490024175795,0,0.021342728132805574
0.42243674100609496,0.3160974371564266,0.580490024175795,0,0.021342728132805574
0.4233951540009002,0.3160974371564266,0.580490024175795,0,0.021342728132805574
0.42436845800693845,0.3160974371564266,0.580490024175795,0,0.021342728132805574
0.42535389400291024,0.3160974371564266,0.580490024175795,0,0.021342728132805574
0.4263270130031742,0.3160974371564266,0.580490024175795,0,0.021342728132805574
0.4272943770047277,0.3160974371564266,0.580490024175795,0,0.021342728132805574
0.42831185900286073,0.3173222410068694,0.5796382960369628,0,0.02283455761977172
0.42872780700417934,0.3173222410068694,0.5796382960369628,0,0.02283455761977172
0.4296894409999368,0.3173222410068694,0.5796382960369628,0,0.02283455761977172
0.4300859280047007,0.3173222410068694,0.5796382960369628,0,0.02283455761977172
0.43109377800283255,0.3173222410068694,0.5796382960369628,0,0.02283455761977172
0.43207371700555086,0.3173222410068694,0.5796382960369628,0,0.02283455761977172
0.43305015100486344,0.3173222410068694,0.5796382960369628,0,0.02283455761977172
0.43346828300127527,0.3173222410068694,0.5796382960369628,0,0.02283455761977172
0.43448667300253874,0.3173222410068694,0.5796382960369628,0,0.02283455761977172
0.4354995020039496,0.3173222410068694,0.5796382960369628,0,0.02283455761977172
0.4364482230012072,0.3173222410068694,0.5796382960369628,0,0.02283455761977172
0.43684578600368695,0.3173222410068694,0.5796382960369628,0,0.02283455761977172
0.4378221860024496,0.3173222410068694,0.5796382960369628,0,0.02283455761977172
0.43880961400282104,0.3173222410068694,0.5796382960369628,0,0.02283455761977172
0.4397353330059559,0.31858252541989396,0.5787634647036222,0,0.024368712247006232
0.4401598130061757,0.31858252541989396,0.5787634647036222,0,0.024368712247006232
0.44115983500523726,0.31858252541989396,0.5787634647036222,0,0.024368712247006232
0.4421487520012306,0.31858252541989396,0.5787634647036222,0,0.024368712247006232
0.44312066200654954,0.31858252541989396,0.5787634647036222,0,0.024368712247006232
0.44408131200179923,0.31858252541989396,0.5787634647036222,0,0.024368712247006232
0.4450473820033949,0.31858252541989396,0.5787634647036222,0,0.024368712247006232
0.4460183490009513,0.31858252541989396,0.5787634647036222,0,0.024368712247006232
0.44697757200628985,0.31858252541989396,0.5787634647036222,0,0.024368712247006232
0.4478480820034747,0.31858252541989396,0.5787634647036222,0,0.024368712247006232
0.44872953700541984,0.3198872520852253,0.5778593579884816,0,0.025956072810315495
0.44901009000022896,0.3198872520852253,0.5778593579884816,0,0.025956072810315495
0.4496726600045804,0.3198872520852253,0.5778593579884816,0,0.025956072810315495
0.4500951190057094,0.3198872520852253,0.5778593579884816,0,0.025956072810315495
0.4510615430044709,0.3198872520852253,0.5778593579884816,0,0.025956072810315495
0.45187313300266396,0.3198872520852253,0.5778593579884816,0,0.025956072810315495
0.45274986200092826,0.3198872520852253,0.5778593579884816,0,0.025956072810315495
0.4530775770035689,0.3198872520852253,0.5778593579884816,0,0.025956072810315495
0.4542225840050378,0.3198872520852253,0.5778593579884816,0,0.025956072810315495
0.45505667900579283,0.3198872520852253,0.5778593579884816,0,0.025956072810315495
0.45585761700203875,0.3198872520852253,0.5778593579884816,0,0.025956072810315495
0.45614063600078225,0.3198872520852253,0.5778593579884816,0,0.025956072810315495
0.45695952200185275,0.3198872520852253,0.5778593579884816,0,0.025956072810315495
0.4578282120055519,0.3198872520852253,0.5778593579884816,0,0.025956072810315495
0.4585705100034829,0.3198872520852253,0.5778593579884816,0,0.025956072810315495
0.4594839530036552,0.3198872520852253,0.5778593579884816,0,0.025956072810315495
0.45977568000671454,0.3198872520852253,0.5778593579884816,0,0.025956072810315495
0.4603925400006119,0.3198872520852253,0.5778593579884816,0,0.025956072810315495
0.4610977370030014,0.3198872520852253,0.5778593579884816,0,0.025956072810315495
0.46210692500608275,0.32124507305618727,0.5769202656534572,0,0.02760700311222565
0.4631178859999636,0.32124507305618727,0.5769202656534572,0,0.02760700311222565
0.4641653060025419,0.32124507305618727,0.5769202656534572,0,0.02760700311222565
0.4652783490018919,0.32124507305618727,0.5769202656534572,0,0.02760700311222565
0.465828586005955,0.32124507305618727,0.5769202656534572,0,0.02760700311222565
0.4669463230020483,0.32124507305618727,0.5769202656534572,0,0.02760700311222565
0.4680039690065314,0.32124507305618727,0.5769202656534572,0,0.02760700311222565
0.46842770600051153,0.32124507305618727,0.5769202656534572,0,0.02760700311222565
0.4695466860066517,0.32265348808529076,0.5759478885775966,0,0.029318479088598817
0.47060544800478965,0.32265348808529076,0.5759478885775966,0,0.029318479088598817
0.47163189300044905,0.32265348808529076,0.5759478885775966,0,0.029318479088598817
0.47270691100129625,0.32265348808529076,0.5759478885775966,0,0.029318479088598817
0.4737635310011683,0.32265348808529076,0.5759478885775966,0,0.029318479088598817
0.47475430800113827,0.32265348808529076,0.5759478885775966,0,0.029318479088598817
0.47573518700664863,0.32265348808529076,0.5759478885775966,0,0.029318479088598817
0.47671749500295846,0.32265348808529076,0.5759478885775966,0,0.029318479088598817
0.47770091500569833,0.32265348808529076,0.5759478885775966,0,0.029318479088598817
0.4786811800004216,0.32265348808529076,0.5759478885775966,0,0.029318479088598817
0.4796561500043026,0.32265348808529076,0.5759478885775966,0,0.029318479088598817
0.48077962800016394,0.32265348808529076,0.5759478885775966,0,0.029318479088598817
0.48177739800303243,0.32265348808529076,0.5759478885775966,0,0.029318479088598817
0.4829339150019223,0.32265348808529076,0.5759478885775966,0,0.029318479088598817
0.4832744490049663,0.32265348808529076,0.5759478885775966,0,0.029318479088598817
0.4839066670028842,0.32265348808529076,0.5759478885775966,0,0.029318479088598817
0.4844976520034834,0.32411009711681604,0.5749438194995502,0,0.03108762079085008
0.48539383000024827,0.32411009711681604,0.5749438194995502,0,0.03108762079085008
0.4862788160025957,0.32411009711681604,0.5749438194995502,0,0.03108762079085008
0.4871342400001595,0.32411009711681604,0.5749438194995502,0,0.03108762079085008
0.48813479900127277,0.32411009711681604,0.5749438194995502,0,0.03108762079085008
0.4891480330043123,0.32411009711681604,0.5749438194995502,0,0.03108762079085008
0.4930915200020536,0.32411009711681604,0.5749438194995502,0,0.03108762079085008
0.4935675730012008,0.32411009711681604,0.5749438194995502,0,0.03108762079085008
0.4947644769999897,0.32411009711681604,0.5749438194995502,0,0.03108762079085008
0.4952232030045707,0.32411009711681604,0.5749438194995502,0,0.03108762079085008
0.4965316760062706,0.32411009711681604,0.5749438194995502,0,0.03108762079085008
0.4970750710053835,0.32411009711681604,0.5749438194995502,0,0.03108762079085008
0.4980437160047586,0.32411009711681604,0.5749438194995502,0,0.03108762079085008
0.4988209810035187,0.3256127746472538,0.5739098082206853,0,0.032911685116726326
0.4995858850015793,0.3256127746472538,0.5739098082206853,0,0.032911685116726326
0.49990598700242117,0.3256127746472538,0.5739098082206853,0,0.032911685116726326
0.5005997470070724,0.3256127746472538,0.5739098082206853,0,0.032911685116726326
0.5014960510015953,0.3256127746472538,0.5739098082206853,0,0.032911685116726326
0.5023920120002003,0.3256127746472538,0.5739098082206853,0,0.032911685116726326
0.5036474780063145,0.3256127746472538,0.5739098082206853,0,0.032911685116726326
0.505273817005218,0.3256127746472538,0.5739098082206853,0,0.032911685116726326
0.5057469200037303,0.3256127746472538,0.5739098082206853,0,0.032911685116726326
0.506890625001688,0.3256127746472538,0.5739098082206853,0,0.032911685116726326
0.50794349800708,0.3256127746472538,0.5739098082206853,0,0.032911685116726326
0.5083554870070657,0.3256127746472538,0.5739098082206853,0,0.032911685116726326
0.5093886130052852,0.3256127746472538,0.5739098082206853,0,0.032911685116726326
0.5105569320003269,0.3256127746472538,0.5739098082206853,0,0.032911685116726326
0.5115992270002607,0.3256127746472538,0.5739098082206853,0,0.032911685116726326
0.5127342530031456,0.3256127746472538,0.5739098082206853,0,0.032911685116726326
0.5137715970049612,0.3271593790353364,0.5728473515895001,0,0.03478805959206071
0.5152619710061117,0.3271593790353364,0.5728473515895001,0,0.03478805959206071
0.5165115330019034,0.3271593790353364,0.5728473515895001,0,0.03478805959206071
0.5170319890021347,0.3271593790353364,0.5728473515895001,0,0.03478805959206071
0.5182895290054148,0.3271593790353364,0.5728473515895001,0,0.03478805959206071
0.518766728004266,0.3271593790353364,0.5728473515895001,0,0.03478805959206071
0.5198195220000343,0.32874799612915473,0.5717580585163394,0,0.03671425546947098
0.5204135970052448,0.32874799612915473,0.5717580585163394,0,0.03671425546947098
0.5215380490044481,0.32874799612915473,0.5717580585163394,0,0.03671425546947098
0.5228689700015821,0.32874799612915473,0.5717580585163394,0,0.03671425546947098
0.5239382810032112,0.32874799612915473,0.5717580585163394,0,0.03671425546947098
0.5251071810052963,0.32874799612915473,0.5717580585163394,0,0.03671425546947098
0.5256448590007494,0.32874799612915473,0.5717580585163394,0,0.03671425546947098
0.5268275600028574,0.32874799612915473,0.5717580585163394,0,0.03671425546947098
0.5280845540037262,0.32874799612915473,0.5717580585163394,0,0.03671425546947098
0.528491061006207,0.32874799612915473,0.5717580585163394,0,0.03671425546947098
0.5295711500002653,0.32874799612915473,0.5717580585163394,0,0.03671425546947098
0.5312859360055882,0.32874799612915473,0.5717580585163394,0,0.03671425546947098
0.532676821007044,0.32874799612915473,0.5717580585163394,0,0.03671425546947098
0.5340712610050105,0.32874799612915473,0.5717580585163394,0,0.03671425546947098
0.5353031450067647,0.330376671420364,0.5706432704433879,0,0.038687902895437394
0.5362603390021832,0.330376671420364,0.5706432704433879,0,0.038687902895437394
0.5365611550005269,0.330376671420364,0.5706432704433879,0,0.038687902895437394
0.5376990360018681,0.330376671420364,0.5706432704433879,0,0.038687902895437394
0.5386993760039331,0.330376671420364,0.5706432704433879,0,0.038687902895437394
0.5396699570046621,0.330376671420364,0.5706432704433879,0,0.038687902895437394
0.540738241004874,0.330376671420364,0.5706432704433879,0,0.038687902895437394
0.5411410860033357,0.330376671420364,0.5706432704433879,0,0.038687902895437394
0.542144332001044,0.330376671420364,0.5706432704433879,0,0.038687902895437394
0.5432357280005817,0.330376671420364,0.5706432704433879,0,0.038687902895437394
0.5441675150068477,0.330376671420364,0.5706432704433879,0,0.038687902895437394
0.5444875230023172,0.330376671420364,0.5706432704433879,0,0.038687902895437394
0.5455267710058251,0.3320436821503618,0.5695044681488908,0,0.040706743821304854
0.546490556000208,0.3320436821503618,0.5695044681488908,0,0.040706743821304854
0.5472990440030117,0.3320436821503618,0.5695044681488908,0,0.040706743821304854
0.5484363570067217,0.3320436821503618,0.5695044681488908,0,0.040706743821304854
0.5489251260005403,0.3320436821503618,0.5695044681488908,0,0.040706743821304854
0.5501652600069065,0.3320436821503618,0.5695044681488908,0,0.040706743821304854
0.5513980579999043,0.3320436821503618,0.5695044681488908,0,0.040706743821304854
0.5527247160061961,0.3320436821503618,0.5695044681488908,0,0.040706743821304854
0.5539077840003301,0.3320436821503618,0.5695044681488908,0,0.040706743821304854
0.5551885260065319,0.3320436821503618,0.5695044681488908,0,0.040706743821304854
0.5556817190008587,0.3320436821503618,0.5695044681488908,0,0.040706743821304854
0.5567955990045448,0.3320436821503618,0.5695044681488908,0,0.040706743821304854
0.5572502530048951,0.3320436821503618,0.5695044681488908,0,0.040706743821304854
0.5583422940035234,0.33374724271436407,0.5683428507694136,0,0.04276862853408978
0.5594149160024244,0.33374724271436407,0.5683428507694136,0,0.04276862853408978
0.5598823130058008,0.33374724271436407,0.5683428507694136,0,0.04276862853408978
0.5609348630023305,0.33374724271436407,0.5683428507694136,0,0.04276862853408978
0.562066575002973,0.33374724271436407,0.5683428507694136,0,0.04276862853408978
0.5630730430057156,0.33374724271436407,0.5683428507694136,0,0.04276862853408978
0.5642042010003934,0.33374724271436407,0.5683428507694136,0,0.04276862853408978
0.5652201600023545,0.3354858037192345,0.5671597826299274,0,0.044871508220159874
0.5662968169999658,0.3354858037192345,0.5671597826299274,0,0.044871508220159874
0.5667016510051326,0.3354858037192345,0.5671597826299274,0,0.044871508220159874
0.5676808550051646,0.3354858037192345,0.5671597826299274,0,0.044871508220159874
0.5687264790030895,0.3354858037192345,0.5671597826299274,0,0.044871508220159874
0.5692078590000165,0.3354858037192345,0.5671597826299274,0,0.044871508220159874
0.5737094830037677,0.33725773212138027,0.5659563327088585,0,0.04701343291181808
0.575614494002366,0.33725773212138027,0.5659563327088585,0,0.04701343291181808
0.5769535070066922,0.33725773212138027,0.5659563327088585,0,0.04701343291181808
0.5784204160008812,0.3390706789313161,0.5647276368934379,0,0.04920346429557305
0.5789640690054512,0.3390706789313161,0.5647276368934379,0,0.04920346429557305
0.579912367000361,0.3390706789313161,0.5647276368934379,0,0.04920346429557305
0.5810963480034843,0.3390706789313161,0.5647276368934379,0,0.04920346429557305
0.5815544030047022,0.3390706789313161,0.5647276368934379,0,0.04920346429557305
0.5828320730070118,0.3390706789313161,0.5647276368934379,0,0.04920346429557305
0.5839240080022137,0.3390706789313161,0.5647276368934379,0,0.04920346429557305
0.5850382350035943,0.34093178490291,0.5634688470989018,0,0.05145023490667771
0.5854641890036874,0.34093178490291,0.5634688470989018,0,0.05145023490667771
0.5865334700065432,0.34093178490291,0.5634688470989018,0,0.05145023490667771
0.5894177110021701,0.34093178490291,0.5634688470989018,0,0.05145023490667771
0.5899650760038639,0.34093178490291,0.5634688470989018,0,0.05145023490667771
0.591164542005572,0.34093178490291,0.5634688470989018,0,0.05145023490667771
0.5923826140060555,0.34093178490291,0.5634688470989018,0,0.05145023490667771
0.593566905001353,0.34093178490291,0.5634688470989018,0,0.05145023490667771
0.5939795070007676,0.34093178490291,0.5634688470989018,0,0.05145023490667771
0.5951843170041684,0.34093178490291,0.5634688470989018,0,0.05145023490667771
0.5959801470016828,0.34093178490291,0.5634688470989018,0,0.05145023490667771
0.5970810900034849,0.34093178490291,0.5634688470989018,0,0.05145023490667771
0.5975946670005214,0.34093178490291,0.5634688470989018,0,0.05145023490667771
0.5984515790041769,0.34093178490291,0.5634688470989018,0,0.05145023490667771
0.5993983130028937,0.34093178490291,0.5634688470989018,0,0.05145023490667771
0.6002576350001618,0.3428389981064423,0.5621817500712684,0,0.05375104354445365
0.6005491989999427,0.3428389981064423,0.5621817500712684,0,0.05375104354445365
0.6012143840052886,0.3428389981064423,0.5621817500712684,0,0.05375104354445365
0.6018804000050295,0.3428389981064423,0.5621817500712684,0,0.05375104354445365
0.6027035100050853,0.3428389981064423,0.5621817500712684,0,0.05375104354445365
0.603739846003009,0.3428389981064423,0.5621817500712684,0,0.05375104354445365
0.6047666150043369,0.3447901779614384,0.5608677726929666,0,0.056103319979614895
0.6058670970014646,0.3447901779614384,0.5608677726929666,0,0.056103319979614895
0.607002218006528,0.3447901779614384,0.5608677726929666,0,0.056103319979614895
0.6080703200059361,0.3447901779614384,0.5608677726929666,0,0.056103319979614895
0.6092453470046166,0.3447901779614384,0.5608677726929666,0,0.056103319979614895
0.6105041470000288,0.3447901779614384,0.5608677726929666,0,0.056103319979614895
0.6110305740003241,0.3447901779614384,0.5608677726929666,0,0.056103319979614895
0.6121571420007967,0.3447901779614384,0.5608677726929666,0,0.056103319979614895
0.6126217960045324,0.3447901779614384,0.5608677726929666,0,0.056103319979614895
0.6137309930054471,0.3447901779614384,0.5608677726929666,0,0.056103319979614895
0.6148265440060641,0.3467834808105756,0.5595285642589161,0,0.058504613089803696
0.6152657690035994,0.3467834808105756,0.5595285642589161,0,0.058504613089803696
0.6163487580051878,0.3467834808105756,0.5595285642589161,0,0.058504613089803696
0.6174656530056382,0.3467834808105756,0.5595285642589161,0,0.058504613089803696
0.6185528070054715,0.3467834808105756,0.5595285642589161,0,0.058504613089803696
0.6190055240003858,0.3467834808105756,0.5595285642589161,0,0.058504613089803696
0.6200531190042966,0.3467834808105756,0.5595285642589161,0,0.058504613089803696
0.621058938006172,0.34881694749049824,0.5581653943404402,0,0.06095259155188216
0.6221277760050725,0.34881694749049824,0.5581653943404402,0,0.06095259155188216
0.6232425810012501,0.34881694749049824,0.5581653943404402,0,0.06095259155188216
0.6243966140027624,0.34881694749049824,0.5581653943404402,0,0.06095259155188216
0.6248606030057999,0.34881694749049824,0.5581653943404402,0,0.06095259155188216
0.626058963003743,0.34881694749049824,0.5581653943404402,0,0.06095259155188216
0.6272988960045041,0.34881694749049824,0.5581653943404402,0,0.06095259155188216
0.6283345720003126,0.34881694749049824,0.5581653943404402,0,0.06095259155188216
0.6287935790023766,0.34881694749049824,0.5581653943404402,0,0.06095259155188216
0.629866524002864,0.34881694749049824,0.5581653943404402,0,0.06095259155188216
0.6309393800038379,0.34881694749049824,0.5581653943404402,0,0.06095259155188216
0.6320228320037131,0.34881694749049824,0.5581653943404402,0,0.06095259155188216
0.6341632940020645,0.35088892297552476,0.5567797873353624,0,0.06344503103856686
0.635297155000444,0.35088892297552476,0.5567797873353624,0,0.06344503103856686
0.6356095380033366,0.35088892297552476,0.5567797873353624,0,0.06344503103856686
0.6367097570037004,0.35088892297552476,0.5567797873353624,0,0.06344503103856686
0.6381040980049875,0.35088892297552476,0.5567797873353624,0,0.06344503103856686
0.6386825710069388,0.35088892297552476,0.5567797873353624,0,0.06344503103856686
0.6400626350005041,0.35088892297552476,0.5567797873353624,0,0.06344503103856686
0.6413743600060116,0.35088892297552476,0.5567797873353624,0,0.06344503103856686
0.6419267250021221,0.35088892297552476,0.5567797873353624,0,0.06344503103856686
0.643193585005065,0.35088892297552476,0.5567797873353624,0,0.06344503103856686
0.6443847250047838,0.35088892297552476,0.5567797873353624,0,0.06344503103856686
0.6456220310064964,0.3529976119536868,0.555372868867233,0,0.06597981702297571
0.6468030450050719,0.3529976119536868,0.555372868867233,0,0.06597981702297571
0.6473075450048782,0.3529976119536868,0.555372868867233,0,0.06597981702297571
0.648754280002322,0.3529976119536868,0.555372868867233,0,0.06597981702297571
0.6500482900009956,0.3529976119536868,0.555372868867233,0,0.06597981702297571
0.6505279290067847,0.3529976119536868,0.555372868867233,0,0.06597981702297571
0.6516327839999576,0.3529976119536868,0.555372868867233,0,0.06597981702297571
0.652777381001215,0.3529976119536868,0.555372868867233,0,0.06597981702297571
0.6538913730037166,0.3529976119536868,0.555372868867233,0,0.06597981702297571
0.6550460930011468,0.3551415302836022,0.5539460499183504,0,0.06855493085110599
0.655511942000885,0.3551415302836022,0.5539460499183504,0,0.06855493085110599
0.6566030800022418,0.3551415302836022,0.5539460499183504,0,0.06855493085110599
0.6577992960010306,0.3551415302836022,0.5539460499183504,0,0.06855493085110599
0.6589230120007414,0.3551415302836022,0.5539460499183504,0,0.06855493085110599
0.6600349880027352,0.3551415302836022,0.5539460499183504,0,0.06855493085110599
0.6611526860069716,0.3551415302836022,0.5539460499183504,0,0.06855493085110599
0.6623658890021034,0.3551415302836022,0.5539460499183504,0,0.06855493085110599
0.6635440010068123,0.3551415302836022,0.5539460499183504,0,0.06855493085110599
0.6639982660053647,0.3551415302836022,0.5539460499183504,0,0.06855493085110599
0.6650455680064624,0.3551415302836022,0.5539460499183504,0,0.06855493085110599
0.6654621310008224,0.3551415302836022,0.5539460499183504,0,0.06855493085110599
0.6665035420010099,0.3551415302836022,0.5539460499183504,0,0.06855493085110599
0.667602818000887,0.3551415302836022,0.5539460499183504,0,0.06855493085110599
0.6688202240038663,0.3551415302836022,0.5539460499183504,0,0.06855493085110599
0.6699247670039767,0.3551415302836022,0.5539460499183504,0,0.06855493085110599
0.670978494999872,0.3573220937693219,0.5524982934173363,0,0.07117212967389999
0.6713923600036651,0.3573220937693219,0.5524982934173363,0,0.07117212967389999
0.6724435370051651,0.3573220937693219,0.5524982934173363,0,0.07117212967389999
0.6735551530000521,0.3573220937693219,0.5524982934173363,0,0.07117212967389999
0.6747060370034887,0.3573220937693219,0.5524982934173363,0,0.07117212967389999
0.6758149460001732,0.3573220937693219,0.5524982934173363,0,0.07117212967389999
0.6769014390010852,0.3573220937693219,0.5524982934173363,0,0.07117212967389999
0.677904854004737,0.3573220937693219,0.5524982934173363,0,0.07117212967389999
0.6789411160061718,0.3573220937693219,0.5524982934173363,0,0.07117212967389999
0.6793951700019534,0.3573220937693219,0.5524982934173363,0,0.07117212967389999
0.6804791080066934,0.3573220937693219,0.5524982934173363,0,0.07117212967389999
0.6815607080061454,0.3573220937693219,0.5524982934173363,0,0.07117212967389999
0.6826465500053018,0.3595409002725981,0.551028987668336,0,0.07383308140339333
0.6837220420056838,0.3595409002725981,0.551028987668336,0,0.07383308140339333
0.6847712630042224,0.3595409002725981,0.551028987668336,0,0.07383308140339333
0.6851861090035527,0.3595409002725981,0.551028987668336,0,0.07383308140339333
0.6861965070056613,0.3595409002725981,0.551028987668336,0,0.07383308140339333
0.6872443470056169,0.3595409002725981,0.551028987668336,0,0.07383308140339333
0.6882750320000923,0.3595409002725981,0.551028987668336,0,0.07383308140339333
0.6887014300009469,0.3595409002725981,0.551028987668336,0,0.07383308140339333
0.6898192430016934,0.3595409002725981,0.551028987668336,0,0.07383308140339333
0.6909463720003259,0.3595409002725981,0.551028987668336,0,0.07383308140339333
0.6921941890032031,0.3595409002725981,0.551028987668336,0,0.07383308140339333
0.6936032400044496,0.3595409002725981,0.551028987668336,0,0.07383308140339333
0.6941306550070294,0.3595409002725981,0.551028987668336,0,0.07383308140339333
0.6950929150043521,0.3595409002725981,0.551028987668336,0,0.07383308140339333
0.6958656250062631,0.361796032104255,0.5495390133077611,0,0.07653570884351488
0.6966092640068382,0.361796032104255,0.5495390133077611,0,0.07653570884351488
0.6968991030007601,0.361796032104255,0.5495390133077611,0,0.07653570884351488
0.6976920700035407,0.361796032104255,0.5495390133077611,0,0.07653570884351488
0.6986768300048425,0.361796032104255,0.5495390133077611,0,0.07653570884351488
0.6999439880019054,0.361796032104255,0.5495390133077611,0,0.07653570884351488
0.7008781650001765,0.361796032104255,0.5495390133077611,0,0.07653570884351488
0.7011698720016284,0.361796032104255,0.5495390133077611,0,0.07653570884351488
0.7018924750009319,0.361796032104255,0.5495390133077611,0,0.07653570884351488
0.7025835260064923,0.361796032104255,0.5495390133077611,0,0.07653570884351488
0.7034122070035664,0.361796032104255,0.5495390133077611,0,0.07653570884351488
0.7044115600001533,0.361796032104255,0.5495390133077611,0,0.07653570884351488
0.7055433920031646,0.36408563531693244,0.5480291659490502,0,0.07927803457036994
0.7067005330027314,0.36408563531693244,0.5480291659490502,0,0.07927803457036994
0.7078118500066921,0.36408563531693244,0.5480291659490502,0,0.07927803457036994
0.7090292090069852,0.36408563531693244,0.5480291659490502,0,0.07927803457036994
0.7102092230052222,0.36408563531693244,0.5480291659490502,0,0.07927803457036994
0.7113494650038774,0.36408563531693244,0.5480291659490502,0,0.07927803457036994
0.7118186340012471,0.36408563531693244,0.5480291659490502,0,0.07927803457036994
0.7130784130058601,0.36408563531693244,0.5480291659490502,0,0.07927803457036994
0.7135946180060273,0.36408563531693244,0.5480291659490502,0,0.07927803457036994
0.714701609002077,0.36408563531693244,0.5480291659490502,0,0.07927803457036994
0.715264209000452,0.36408563531693244,0.5480291659490502,0,0.07927803457036994
0.7164922210067743,0.36408563531693244,0.5480291659490502,0,0.07927803457036994
0.7177129900010186,0.36408563531693244,0.5480291659490502,0,0.07927803457036994
0.7182109150016913,0.36408563531693244,0.5480291659490502,0,0.07927803457036994
0.7194653130063671,0.36408563531693244,0.5480291659490502,0,0.07927803457036994
0.7205334870013758,0.3687625197892935,0.5449547299945183,0,0.0848743050659759
0.720991859001515,0.3687625197892935,0.5449547299945183,0,0.0848743050659759
0.7223340060008923,0.3687625197892935,0.5449547299945183,0,0.0848743050659759
0.7237533530060318,0.3687625197892935,0.5449547299945183,0,0.0848743050659759
0.7248932070069714,0.3687625197892935,0.5449547299945183,0,0.0848743050659759
0.7258106610024697,0.3687625197892935,0.5449547299945183,0,0.0848743050659759
0.7263633490001666,0.3687625197892935,0.5449547299945183,0,0.0848743050659759
0.7275660120067187,0.3687625197892935,0.5449547299945183,0,0.0848743050659759
0.7287512310067541,0.3687625197892935,0.5449547299945183,0,0.0848743050659759
0.7292325860034907,0.3687625197892935,0.5449547299945183,0,0.0848743050659759
0.7303979810021701,0.3687625197892935,0.5449547299945183,0,0.0848743050659759
0.7316146320008556,0.3687625197892935,0.5449547299945183,0,0.0848743050659759
0.7327720450048218,0.3687625197892935,0.5449547299945183,0,0.0848743050659759
0.7339327240042621,0.3687625197892935,0.5449547299945183,0,0.0848743050659759
0.7350825900066411,0.3711469788246302,0.5433922512661097,0,0.08772473534871673
0.7362304780035629,0.3711469788246302,0.5433922512661097,0,0.08772473534871673
0.7525693660063553,0.3711469788246302,0.5433922512661097,0,0.08772473534871673
0.7531545720048598,0.3711469788246302,0.5433922512661097,0,0.08772473534871673
0.7544070350049878,0.3711469788246302,0.5433922512661097,0,0.08772473534871673
0.7549104500067187,0.3711469788246302,0.5433922512661097,0,0.08772473534871673
0.7562790500014671,0.3760012136632955,0.5402214393354066,0,0.09352202161250812
0.7567634730003192,0.3760012136632955,0.5402214393354066,0,0.09352202161250812
0.7579890970009728,0.3760012136632955,0.5402214393354066,0,0.09352202161250812
0.7584652060031658,0.3760012136632955,0.5402214393354066,0,0.09352202161250812
0.7596300970035372,0.3760012136632955,0.5402214393354066,0,0.09352202161250812
0.7600658570008818,0.3760012136632955,0.5402214393354066,0,0.09352202161250812
0.7611636940055178,0.3760012136632955,0.5402214393354066,0,0.09352202161250812
0.7616136690048734,0.3760012136632955,0.5402214393354066,0,0.09352202161250812
0.7627203780066338,0.3760012136632955,0.5402214393354066,0,0.09352202161250812
0.7638157510009478,0.3784697084290134,0.5386141595656695,0,0.09646723195228628
0.7648841490008635,0.3784697084290134,0.5386141595656695,0,0.09646723195228628
0.7659379530014121,0.3784697084290134,0.5386141595656695,0,0.09646723195228628
0.7669992920054938,0.3784697084290134,0.5386141595656695,0,0.09646723195228628
0.768090112003847,0.3784697084290134,0.5386141595656695,0,0.09646723195228628
0.7691751740057953,0.38096586089958734,0.5369926262669725,0,0.09944336728855066
0.769646738001029,0.38096586089958734,0.5369926262669725,0,0.09944336728855066
0.7707631170051172,0.38096586089958734,0.5369926262669725,0,0.09944336728855066
0.7718384720064932,0.38096586089958734,0.5369926262669725,0,0.09944336728855066
0.7728981250038487,0.38096586089958734,0.5369926262669725,0,0.09944336728855066
0.7739560900008655,0.38096586089958734,0.5369926262669725,0,0.09944336728855066
0.7751051360028214,0.38096586089958734,0.5369926262669725,0,0.09944336728855066
0.776192641002126,0.38096586089958734,0.5369926262669725,0,0.09944336728855066
0.777207848004764,0.38096586089958734,0.5369926262669725,0,0.09944336728855066
0.7782121160053066,0.38096586089958734,0.5369926262669725,0,0.09944336728855066
0.7793003060069168,0.38096586089958734,0.5369926262669725,0,0.09944336728855066
0.780329305001942,0.3834883263071015,0.535357477036593,1,0.0992919966097621
0.7807646140063298,0.3834883263071015,0.535357477036593,1,0.0992919966097621
0.7817770590045257,0.3834883263071015,0.535357477036593,1,0.0992919966097621
0.782827052003995,0.3834883263071015,0.535357477036593,1,0.0992919966097621
0.7832408870017389,0.3834883263071015,0.535357477036593,1,0.0992919966097621
0.7843047260030289,0.3834883263071015,0.535357477036593,1,0.0992919966097621
0.785423058005108,0.3834883263071015,0.535357477036593,1,0.0992919966097621
0.7865329630003544,0.3834883263071015,0.535357477036593,1,0.0992919966097621
0.7870106260015746,0.3834883263071015,0.535357477036593,1,0.0992919966097621
0.7881208630060428,0.3834883263071015,0.535357477036593,1,0.0992919966097621
0.7891984010057058,0.3834883263071015,0.535357477036593,1,0.0992919966097621
0.7902761140067014,0.3834883263071015,0.535357477036593,1,0.0992919966097621
0.7914477370068198,0.3834883263071015,0.535357477036593,1,0.0992919966097621
0.7919227090023924,0.3834883263071015,0.535357477036593,1,0.0992919966097621
0.7930541710011312,0.3834883263071015,0.535357477036593,1,0.0992919966097621
0.7941700750016025,0.3834883263071015,0.535357477036593,1,0.0992919966097621
0.7952501320032752,0.3834883263071015,0.535357477036593,1,0.0992919966097621
0.7957142910017865,0.3834883263071015,0.535357477036593,1,0.0992919966097621
0.796802970005956,0.3834883263071015,0.535357477036593,1,0.0992919966097621
0.7978837080008816,0.3834883263071015,0.535357477036593,1,0.0992919966097621
0.798950368000078,0.38603613442327306,0.533709798416254,1,0.0962666103277209
0.8000459640024928,0.38603613442327306,0.533709798416254,1,0.0962666103277209
0.8011303350067465,0.38603613442327306,0.533709798416254,1,0.0962666103277209
0.8022005340026226,0.38603613442327306,0.533709798416254,1,0.0962666103277209
0.8032489680044819,0.38603613442327306,0.533709798416254,1,0.0962666103277209
0.8043112370069139,0.38603613442327306,0.533709798416254,1,0.0962666103277209
0.805436805007048,0.38603613442327306,0.533709798416254,1,0.0962666103277209
0.8065626290044747,0.38603613442327306,0.533709798416254,1,0.0962666103277209
0.8070131890053744,0.38603613442327306,0.533709798416254,1,0.0962666103277209
0.8080838180030696,0.38603613442327306,0.533709798416254,1,0.0962666103277209
0.8092978940039757,0.38603613442327306,0.533709798416254,1,0.0962666103277209
0.8104274700017413,0.3886080438707721,0.5320501358174343,1,0.09321537526573387
0.8115297220065258,0.3886080438707721,0.5320501358174343,1,0.09321537526573387
0.8119827400005306,0.3886080438707721,0.5320501358174343,1,0.09321537526573387
0.8131019470019965,0.3886080438707721,0.5320501358174343,1,0.09321537526573387
0.8142530190016259,0.3886080438707721,0.5320501358174343,1,0.09321537526573387
0.8153612580063054,0.3886080438707721,0.5320501358174343,1,0.09321537526573387
0.8164611530010006,0.3886080438707721,0.5320501358174343,1,0.09321537526573387
0.8175454230004107,0.3886080438707721,0.5320501358174343,1,0.09321537526573387
0.8186227750047692,0.3886080438707721,0.5320501358174343,1,0.09321537526573387
0.8196925760057638,0.3886080438707721,0.5320501358174343,1,0.09321537526573387
0.820755883003585,0.3886080438707721,0.5320501358174343,1,0.09321537526573387
0.8218404630024452,0.3886080438707721,0.5320501358174343,1,0.09321537526573387
0.8222791020016302,0.3886080438707721,0.5320501358174343,1,0.09321537526573387
0.8233257220053929,0.3886080438707721,0.5320501358174343,1,0.09321537526573387
0.8244115090055857,0.3886080438707721,0.5320501358174343,1,0.09321537526573387
0.8254861350069405,0.3886080438707721,0.5320501358174343,1,0.09321537526573387
0.8265630980022252,0.3886080438707721,0.5320501358174343,1,0.09321537526573387
0.827018345000397,0.3886080438707721,0.5320501358174343,1,0.09321537526573387
0.8280824500034214,0.3912031936420226,0.5303795067760846,1,0.09013969458287356
0.8291352660016855,0.3912031936420226,0.5303795067760846,1,0.09013969458287356
0.830168346001301,0.3912031936420226,0.5303795067760846,1,0.09013969458287356
0.8312099660033709,0.3912031936420226,0.5303795067760846,1,0.09013969458287356
0.832299880006758,0.3912031936420226,0.5303795067760846,1,0.09013969458287356
0.8334019030007767,0.3912031936420226,0.5303795067760846,1,0.09013969458287356
0.8344946750003146,0.3912031936420226,0.5303795067760846,1,0.09013969458287356
0.8349580830035848,0.3912031936420226,0.5303795067760846,1,0.09013969458287356
0.8360407290019793,0.3912031936420226,0.5303795067760846,1,0.09013969458287356
0.8371337890057475,0.3912031936420226,0.5303795067760846,1,0.09013969458287356
0.8382467210030882,0.39382043610634143,0.5286983727892203,1,0.08704087670191855
0.8387100190011552,0.39382043610634143,0.5286983727892203,1,0.08704087670191855
0.8398041780019412,0.39382043610634143,0.5286983727892203,1,0.08704087670191855
0.8402567010052735,0.39382043610634143,0.5286983727892203,1,0.08704087670191855
0.841449890001968,0.39382043610634143,0.5286983727892203,1,0.08704087670191855
0.8427705909998622,0.39382043610634143,0.5286983727892203,1,0.08704087670191855
0.8432630810057162,0.39382043610634143,0.5286983727892203,1,0.08704087670191855
0.8444379150023451,0.39382043610634143,0.5286983727892203,1,0.08704087670191855
0.8455698200050392,0.39382043610634143,0.5286983727892203,1,0.08704087670191855
0.8467227250002907,0.39382043610634143,0.5286983727892203,1,0.08704087670191855
0.8471828260007896,0.39382043610634143,0.5286983727892203,1,0.08704087670191855
0.8482903060066747,0.39382043610634143,0.5286983727892203,1,0.08704087670191855
0.8493739610057673,0.39382043610634143,0.5286983727892203,1,0.08704087670191855
0.8504741030046716,0.39382043610634143,0.5286983727892203,1,0.08704087670191855
0.8515642220008885,0.39382043610634143,0.5286983727892203,1,0.08704087670191855
0.8526974760025041,0.3964590093097679,0.5270076889432362,1,0.0839202453122062
0.8538529490033397,0.3964590093097679,0.5270076889432362,1,0.0839202453122062
0.8549782510017394,0.3964590093097679,0.5270076889432362,1,0.0839202453122062
0.8560141970010591,0.3964590093097679,0.5270076889432362,1,0.0839202453122062
0.8571416860067984,0.3964590093097679,0.5270076889432362,1,0.0839202453122062
0.8576052950011217,0.3964590093097679,0.5270076889432362,1,0.0839202453122062
0.8587335070042172,0.3964590093097679,0.5270076889432362,1,0.0839202453122062
0.8598339390009642,0.3964590093097679,0.5270076889432362,1,0.0839202453122062
0.8608885460052988,0.3964590093097679,0.5270076889432362,1,0.0839202453122062
0.8621643160004169,0.3964590093097679,0.5270076889432362,1,0.0839202453122062
0.8626521559999674,0.3964590093097679,0.5270076889432362,1,0.0839202453122062
0.8637481050027418,0.3964590093097679,0.5270076889432362,1,0.0839202453122062
0.8648238520036102,0.399214345431009,0.5242354473438143,1,0.08004378819121201
0.8660684080023202,0.399214345431009,0.5242354473438143,1,0.08004378819121201
0.8671580520021962,0.399214345431009,0.5242354473438143,1,0.08004378819121201
0.8687544970016461,0.399214345431009,0.5242354473438143,1,0.08004378819121201
0.8699144620040897,0.399214345431009,0.5242354473438143,1,0.08004378819121201
0.8711668160030968,0.3992305858500133,0.5240521520587312,1,0.07991909351093288
0.8716245770046953,0.3992305858500133,0.5240521520587312,1,0.07991909351093288
0.8727148020043387,0.3992305858500133,0.5240521520587312,1,0.07991909351093288
0.8745138000012957,0.3992305858500133,0.5240521520587312,1,0.07991909351093288
0.8757479570049327,0.3992305858500133,0.5240521520587312,1,0.07991909351093288
0.8761980070048594,0.3992305858500133,0.5240521520587312,1,0.07991909351093288
0.8773225570039358,0.3992305858500133,0.5240521520587312,1,0.07991909351093288
0.8784039420061163,0.4019042507813336,0.52233657682209,1,0.07675425123991822
0.8800266200050828,0.4019042507813336,0.52233657682209,1,0.07675425123991822
0.8805359450052492,0.4019042507813336,0.52233657682209,1,0.07675425123991822
0.881720003002556,0.4019042507813336,0.52233657682209,1,0.07675425123991822
0.8829197110026143,0.40459650408095454,0.5206129993121578,1,0.07357085700661256
0.8841129600041313,0.40459650408095454,0.5206129993121578,1,0.07357085700661256
0.8845623350061942,0.40459650408095454,0.5206129993121578,1,0.07357085700661256
0.8856866430069203,0.40730675746362077,0.5188822686581471,1,0.07037010205734132
0.8868245420017047,0.40730675746362077,0.5188822686581471,1,0.07037010205734132
0.8872959990039817,0.40730675746362077,0.5188822686581471,1,0.07037010205734132
0.8883949410010246,0.40730675746362077,0.5188822686581471,1,0.07037010205734132
0.8895064920070581,0.40730675746362077,0.5188822686581471,1,0.07037010205734132
0.8906623319999198,0.40730675746362077,0.5188822686581471,1,0.07037010205734132
0.8919470660039224,0.40730675746362077,0.5188822686581471,1,0.07037010205734132
0.893123394002032,0.40730675746362077,0.5188822686581471,1,0.07037010205734132
0.8936081990032108,0.40730675746362077,0.5188822686581471,1,0.07037010205734132
0.8947207530000014,0.40730675746362077,0.5188822686581471,1,0.07037010205734132
0.8951719230026356,0.40730675746362077,0.5188822686581471,1,0.07037010205734132
0.8962650100002065,0.410034393539585,0.5171444508203102,1,0.06715276073960941
0.8973537940037204,0.410034393539585,0.5171444508203102,1,0.06715276073960941
0.8984369360041455,0.410034393539585,0.5171444508203102,1,0.06715276073960941
0.899530559006962,0.410034393539585,0.5171444508203102,1,0.06715276073960941
0.9006500150062493,0.410034393539585,0.5171444508203102,1,0.06715276073960941
0.9011119670030894,0.410034393539585,0.5171444508203102,1,0.06715276073960941
0.9022052250002162,0.410034393539585,0.5171444508203102,1,0.06715276073960941
0.9032974380024825,0.410034393539585,0.5171444508203102,1,0.06715276073960941
0.9043374720058637,0.410034393539585,0.5171444508203102,1,0.06715276073960941
0.9053954380069626,0.4127791817854846,0.5154001697289003,1,0.06391970244465343
0.9064336290030042,0.4127791817854846,0.5154001697289003,1,0.06391970244465343
0.9068681690041558,0.4127791817854846,0.5154001697289003,1,0.06391970244465343
0.9078815030006808,0.4127791817854846,0.5154001697289003,1,0.06391970244465343
0.9089542010042351,0.4127791817854846,0.5154001697289003,1,0.06391970244465343
0.9100401620016783,0.4127791817854846,0.5154001697289003,1,0.06391970244465343
0.9111690880017704,0.4127791817854846,0.5154001697289003,1,0.06391970244465343
0.9116683080064831,0.4127791817854846,0.5154001697289003,1,0.06391970244465343
0.9127831610021531,0.4127791817854846,0.5154001697289003,1,0.06391970244465343
0.9138729170008446,0.4127791817854846,0.5154001697289003,1,0.06391970244465343
0.9149906020029448,0.4127791817854846,0.5154001697289003,1,0.06391970244465343
0.9162475510020158,0.4127791817854846,0.5154001697289003,1,0.06391970244465343
0.9173968240065733,0.41554005770425223,0.5136493474759022,1,0.06067207633036198
0.9185961820039665,0.41554005770425223,0.5136493474759022,1,0.06067207633036198
0.9190414700060501,0.41554005770425223,0.5136493474759022,1,0.06067207633036198
0.9201444080026704,0.41554005770425223,0.5136493474759022,1,0.06067207633036198
0.9211632610022207,0.41554005770425223,0.5136493474759022,1,0.06067207633036198
0.9221872390044155,0.41554005770425223,0.5136493474759022,1,0.06067207633036198
0.9232319180009654,0.4183159837962293,0.511891869789492,1,0.05741105700966603
0.924319417004881,0.4183159837962293,0.511891869789492,1,0.05741105700966603
0.9248220350054908,0.4183159837962293,0.511891869789492,1,0.05741105700966603
0.9259290440022596,0.4183159837962293,0.511891869789492,1,0.05741105700966603
0.9270264740043785,0.4183159837962293,0.511891869789492,1,0.05741105700966603
0.9281485790052102,0.4183159837962293,0.511891869789492,1,0.05741105700966603
0.9293657369998982,0.4183159837962293,0.511891869789492,1,0.05741105700966603
0.9307879400003003,0.4183159837962293,0.511891869789492,1,0.05741105700966603
0.9313269970007241,0.4183159837962293,0.511891869789492,1,0.05741105700966603
0.9326550770056201,0.4183159837962293,0.511891869789492,1,0.05741105700966603
0.9336241080018226,0.4183159837962293,0.511891869789492,1,0.05741105700966603
0.9343969040055526,0.42110651249027126,0.5101284803922032,1,0.05413800830700635
0.9347026020041085,0.42110651249027126,0.5101284803922032,1,0.05413800830700635
0.9353235820017289,0.42110651249027126,0.5101284803922032,1,0.05413800830700635
0.9360841710004024,0.42110651249027126,0.5101284803922032,1,0.05413800830700635
0.9369618350028759,0.42110651249027126,0.5101284803922032,1,0.05413800830700635
0.9377912300042226,0.42110651249027126,0.5101284803922032,1,0.05413800830700635
0.9380870400054846,0.42110651249027126,0.5101284803922032,1,0.05413800830700635
0.9387570100006997,0.42110651249027126,0.5101284803922032,1,0.05413800830700635
0.9393797970042215,0.42110651249027126,0.5101284803922032,1,0.05413800830700635
0.940045788003772,0.42110651249027126,0.5101284803922032,1,0.05413800830700635
0.940853785003128,0.42110651249027126,0.5101284803922032,1,0.05413800830700635
0.941625320003368,0.4239108490794741,0.5083593054552364,1,0.05085431280492994
0.942363201000262,0.4239108490794741,0.5083593054552364,1,0.05085431280492994
0.9426806720002787,0.4239108490794741,0.5083593054552364,1,0.05085431280492994
0.9433111840044148,0.4239108490794741,0.5083593054552364,1,0.05085431280492994
0.9440770750006777,0.4239108490794741,0.5083593054552364,1,0.05085431280492994
0.9448300250005559,0.4239108490794741,0.5083593054552364,1,0.05085431280492994
0.9457595110070542,0.4239108490794741,0.5083593054552364,1,0.05085431280492994
0.9467291320033837,0.4239108490794741,0.5083593054552364,1,0.05085431280492994
0.9477019760015537,0.4239108490794741,0.5083593054552364,1,0.05085431280492994
0.9487185630059685,0.4239108490794741,0.5083593054552364,1,0.05085431280492994
0.9497576240028138,0.4239108490794741,0.5083593054552364,1,0.05085431280492994
0.9501895540015539,0.4239108490794741,0.5083593054552364,1,0.05085431280492994
0.9511823080028989,0.4267286072704849,0.5065850524590271,1,0.04756160934018572
0.9521717900061049,0.4267286072704849,0.5065850524590271,1,0.04756160934018572
0.9531568890015478,0.4267286072704849,0.5065850524590271,1,0.04756160934018572
0.9541334990062751,0.4267286072704849,0.5065850524590271,1,0.04756160934018572
0.9545446340052877,0.4267286072704849,0.5065850524590271,1,0.04756160934018572
0.9555932130024303,0.4267286072704849,0.5065850524590271,1,0.04756160934018572
0.9566055490067811,0.4267286072704849,0.5065850524590271,1,0.04756160934018572
0.9577804530053982,0.4267286072704849,0.5065850524590271,1,0.04756160934018572
0.9587977730043349,0.4267286072704849,0.5065850524590271,1,0.04756160934018572
0.9591983820064343,0.4267286072704849,0.5065850524590271,1,0.04756160934018572
0.9602693710039603,0.4267286072704849,0.5065850524590271,1,0.04756160934018572
0.9613203030021396,0.4267286072704849,0.5065850524590271,1,0.04756160934018572
0.9625079950055806,0.42955904505424886,0.5048058019869828,1,0.04426166900778673
0.9635941670057946,0.42955904505424886,0.5048058019869828,1,0.04426166900778673
0.9640669600048568,0.42955904505424886,0.5048058019869828,1,0.04426166900778673
0.965303192002466,0.42955904505424886,0.5048058019869828,1,0.04426166900778673
0.9663657220007735,0.4324018317124786,0.5030222287564726,1,0.04095672240068056
0.967360478003684,0.4324018317124786,0.5030222287564726,1,0.04095672240068056
0.9677745920052985,0.4324018317124786,0.5030222287564726,1,0.04095672240068056
0.968776132001949,0.4324018317124786,0.5030222287564726,1,0.04095672240068056
0.9696613050036831,0.4324018317124786,0.5030222287564726,1,0.04095672240068056
0.970763118006289,0.4324018317124786,0.5030222287564726,1,0.04095672240068056
0.9718398450058885,0.4324018317124786,0.5030222287564726,1,0.04095672240068056
0.9728256630041869,0.4324018317124786,0.5030222287564726,1,0.04095672240068056
0.9732195500037051,0.4324018317124786,0.5030222287564726,1,0.04095672240068056
0.974182470003143,0.4324018317124786,0.5030222287564726,1,0.04095672240068056
0.9752717810042668,0.4324018317124786,0.5030222287564726,1,0.04095672240068056
0.9763376300033997,0.4324018317124786,0.5030222287564726,1,0.04095672240068056
0.9774541390070226,0.4352804039987343,0.5012192716040885,1,0.03762148980250408
0.9779965699999593,0.4352804039987343,0.5012192716040885,1,0.03762148980250408
0.9790702280006371,0.4352804039987343,0.5012192716040885,1,0.03762148980250408
0.9799693630047841,0.4352804039987343,0.5012192716040885,1,0.03762148980250408
0.9809677880039089,0.4352804039987343,0.5012192716040885,1,0.03762148980250408
0.9820418440067442,0.4352804039987343,0.5012192716040885,1,0.03762148980250408
0.9829775110047194,0.4352804039987343,0.5012192716040885,1,0.03762148980250408
0.9833189720011433,0.4352804039987343,0.5012192716040885,1,0.03762148980250408
0.9842585740043432,0.4352804039987343,0.5012192716040885,1,0.03762148980250408
0.9852387780047138,0.4352804039987343,0.5012192716040885,1,0.03762148980250408
0.9860153500048909,0.43821751875791737,0.49938327920685116,1,0.034233417139997564
0.9868278370049666,0.43821751875791737,0.49938327920685116,1,0.034233417139997564
0.987229197002307,0.43821751875791737,0.49938327920685116,1,0.034233417139997564
0.9881966920002014,0.43821751875791737,0.49938327920685116,1,0.034233417139997564
0.9889429090035264,0.43821751875791737,0.49938327920685116,1,0.034233417139997564
0.9892322040032013,0.43821751875791737,0.49938327920685116,1,0.034233417139997564
0.9903138700028649,0.43821751875791737,0.49938327920685116,1,0.034233417139997564
0.9919086540030548,0.43821751875791737,0.49938327920685116,1,0.034233417139997564
0.9929607190060779,0.43821751875791737,0.49938327920685116,1,0.034233417139997564
0.9939675780042307,0.43821751875791737,0.49938327920685116,1,0.034233417139997564
0.9942711200055783,0.43821751875791737,0.49938327920685116,1,0.034233417139997564
0.9949860650012852,0.43821751875791737,0.49938327920685116,1,0.034233417139997564
0.9959898030065233,0.43821751875791737,0.49938327920685116,1,0.034233417139997564
0.9968112290007412,0.4412103472868651,0.4975157548889186,1,0.030800769159457324
0.997869246006303,0.4412103472868651,0.4975157548889186,1,0.030800769159457324
0.9989244920070632,0.4412103472868651,0.4975157548889186,1,0.030800769159457324
0.9999622310060658,0.4412103472868651,0.4975157548889186,1,0.030800769159457324
1.0010790440064739,0.4412103472868651,0.4975157548889186,1,0.030800769159457324
1.0021464340024977,0.4412103472868651,0.4975157548889186,1,0.030800769159457324
1.0032416870017187,0.4412103472868651,0.4975157548889186,1,0.030800769159457324
1.007880400000431,0.4412103472868651,0.4975157548889186,1,0.030800769159457324
1.0096356040012324,0.4412103472868651,0.4975157548889186,1,0.030800769159457324
1.0101542020056513,0.4412103472868651,0.4975157548889186,1,0.030800769159457324
1.011330737004755,0.44735528352772785,0.49369624796133105,1,0.023851417522624555
1.0117864220010233,0.44735528352772785,0.49369624796133105,1,0.023851417522624555
1.0129095290030818,0.44735528352772785,0.49369624796133105,1,0.023851417522624555
1.0133459120042971,0.44735528352772785,0.49369624796133105,1,0.023851417522624555
1.0144338270038133,0.44735528352772785,0.49369624796133105,1,0.023851417522624555
1.0148757970018778,0.44735528352772785,0.49369624796133105,1,0.023851417522624555
1.015972650006006,0.44735528352772785,0.49369624796133105,1,0.023851417522624555
1.0170663110038731,0.44735528352772785,0.49369624796133105,1,0.023851417522624555
1.0181061160037643,0.45050395588918635,0.4917494779316478,1,0.020376188103582268
1.0191409550025128,0.45050395588918635,0.4917494779316478,1,0.020376188103582268
1.0205560070025967,0.45050395588918635,0.4917494779316478,1,0.020376188103582268
1.0226593520055758,0.45050395588918635,0.4917494779316478,1,0.020376188103582268
1.023176937000244,0.45050395588918635,0.4917494779316478,1,0.020376188103582268
1.0243735700059915,0.45050395588918635,0.4917494779316478,1,0.020376188103582268
1.0248952920010197,0.45050395588918635,0.4917494779316478,1,0.020376188103582268
1.026364014003775,0.4537005035707188,0.4897800635291272,1,0.01695252390502324
1.026911207001831,0.4537005035707188,0.4897800635291272,1,0.01695252390502324
1.0282417020061985,0.4537005035707188,0.4897800635291272,1,0.01695252390502324
1.029419485006656,0.4537005035707188,0.4897800635291272,1,0.01695252390502324
1.0304860130054294,0.4537005035707188,0.4897800635291272,1,0.01695252390502324
1.0315332830068655,0.4537005035707188,0.4897800635291272,1,0.01695252390502324
1.0327579770018929,0.4537005035707188,0.4897800635291272,1,0.01695252390502324
1.0332284410033026,0.4537005035707188,0.4897800635291272,1,0.01695252390502324
1.0342841300007422,0.4537005035707188,0.4897800635291272,1,0.01695252390502324
1.0355845970043447,0.45694316421519626,0.48778993504992213,1,0.013665318512264308
1.036057207005797,0.45694316421519626,0.48778993504992213,1,0.013665318512264308
1.037170078001509,0.45694316421519626,0.48778993504992213,1,0.013665318512264308
1.0384665650053648,0.45694316421519626,0.48778993504992213,1,0.013665318512264308
1.0390465970049263,0.45694316421519626,0.48778993504992213,1,0.013665318512264308
1.0403446710042772,0.45726756620039083,0.48766471807257583,1,0.013419370269937572
1.0415139380056644,0.45726756620039083,0.48766471807257583,1,0.013419370269937572
1.0426814930033288,0.4612588378091351,0.48538000626234773,1,0.010120689436549308
1.0430871860007755,0.4612588378091351,0.48538000626234773,1,0.010120689436549308
1.0438890980003634,0.4612588378091351,0.48538000626234773,1,0.010120689436549308
1.0448477900063153,0.4612588378091351,0.48538000626234773,1,0.010120689436549308
1.0458760340043227,0.4612588378091351,0.48538000626234773,1,0.010120689436549308
1.046619038002973,0.461747374927231,0.4851899310714882,1,0.00987849465921931
1.0468916450045072,0.461747374927231,0.4851899310714882,1,0.00987849465921931
1.0475211660013883,0.461747374927231,0.4851899310714882,1,0.00987849465921931
1.048208328000328,0.461747374927231,0.4851899310714882,1,0.00987849465921931
1.0489680620012223,0.461747374927231,0.4851899310714882,1,0.00987849465921931
1.049704314005794,0.461747374927231,0.4851899310714882,1,0.00987849465921931
1.0504454860056285,0.4657850745445613,0.48287992230435073,1,0.00818013121941373
1.0513198170010583,0.4657850745445613,0.48287992230435073,1,0.00818013121941373
1.0517788040015148,0.4657850745445613,0.48287992230435073,1,0.00818013121941373
1.0528634230067837,0.4657850745445613,0.48287992230435073,1,0.00818013121941373
1.0536735890054842,0.4657850745445613,0.48287992230435073,1,0.00818013121941373
1.0547208890056936,0.4660749100552524,0.4827662525717932,1,0.008194435981120374
1.05549164700642,0.4660749100552524,0.4827662525717932,1,0.008194435981120374
1.055788930003473,0.4660749100552524,0.4827662525717932,1,0.008194435981120374
1.056742041000689,0.4660749100552524,0.4827662525717932,1,0.008194435981120374
1.0581220540043432,0.4660749100552524,0.4827662525717932,1,0.008194435981120374
1.0596887880019494,0.4660749100552524,0.4827662525717932,1,0.008194435981120374
1.0609183850028785,0.46944505093557165,0.48071336573653933,1,0.008701922443606805
1.062310425004398,0.46944505093557165,0.48071336573653933,1,0.008701922443606805
1.0645836780022364,0.46944505093557165,0.48071336573653933,1,0.008701922443606805
1.069467760004045,0.46944505093557165,0.48071336573653933,1,0.008701922443606805
1.0700321210024413,0.46944505093557165,0.48071336573653933,1,0.008701922443606805
1.0719194470002549,0.46944505093557165,0.48071336573653933,1,0.008701922443606805
1.0724101260057068,0.46944505093557165,0.48071336573653933,1,0.008701922443606805
1.0796138660007273,0.46944505093557165,0.48071336573653933,1,0.008701922443606805
1.080158950004261,0.46944505093557165,0.48071336573653933,1,0.008701922443606805
1.0810628620019997,0.46944505093557165,0.48071336573653933,1,0.008701922443606805
1.0813552620020346,0.46944505093557165,0.48071336573653933,1,0.008701922443606805
1.08242261500709,0.46944505093557165,0.48071336573653933,1,0.008701922443606805
1.0829079800023464,0.46944505093557165,0.48071336573653933,1,0.008701922443606805
1.0842643360010698,0.47630831257965206,0.47655767530091386,1,0.01376737745872946
1.0848600220051594,0.47630831257965206,0.47655767530091386,1,0.01376737745872946
1.086011478000728,0.47630831257965206,0.47655767530091386,1,0.01376737745872946
1.08732389400393,0.47630831257965206,0.47655767530091386,1,0.01376737745872946
1.0884750680052093,0.47630831257965206,0.47655767530091386,1,0.01376737745872946
1.0895334630040452,0.47630831257965206,0.47655767530091386,1,0.01376737745872946
1.0905878440025845,0.47630831257965206,0.47655767530091386,1,0.01376737745872946
1.0910740070030442,0.47630831257965206,0.47655767530091386,1,0.01376737745872946
1.0922501230015769,0.47979812420005646,0.47445741108740425,1,0.017226949825693505
1.0927390410070075,0.47979812420005646,0.47445741108740425,1,0.017226949825693505
1.0939357790048234,0.47979812420005646,0.47445741108740425,1,0.017226949825693505
1.0943830360047286,0.47979812420005646,0.47445741108740425,1,0.017226949825693505
1.0952737600018736,0.47979812420005646,0.47445741108740425,1,0.017226949825693505
1.0960911760048475,0.47979812420005646,0.47445741108740425,1,0.017226949825693505
1.0963936910047778,0.47979812420005646,0.47445741108740425,1,0.017226949825693505
1.0975391850006417,0.47979812420005646,0.47445741108740425,1,0.017226949825693505
1.09883066600014,0.47979812420005646,0.47445741108740425,1,0.017226949825693505
1.0999446540008648,0.47979812420005646,0.47445741108740425,1,0.017226949825693505
1.101053934005904,0.4833244515357358,0.4723434708732112,1,0.020946821291951353
1.1014454700052738,0.4833244515357358,0.4723434708732112,1,0.020946821291951353
1.1024083020020043,0.4833244515357358,0.4723434708732112,1,0.020946821291951353
1.10351582000294,0.4833244515357358,0.4723434708732112,1,0.020946821291951353
1.1040052700045635,0.4833244515357358,0.4723434708732112,1,0.020946821291951353
1.1051496400032192,0.4833244515357358,0.4723434708732112,1,0.020946821291951353
1.1062105640012305,0.4833244515357358,0.4723434708732112,1,0.020946821291951353
1.1076290500059258,0.4833244515357358,0.4723434708732112,1,0.020946821291951353
1.1080126970045967,0.4833244515357358,0.4723434708732112,1,0.020946821291951353
1.1088597780035343,0.4833244515357358,0.4723434708732112,1,0.020946821291951353
1.109969170000113,0.48688611011571215,0.4702174510789769,1,0.024827754169905913
1.1109488630027045,0.48688611011571215,0.4702174510789769,1,0.024827754169905913
1.1113860620025662,0.48688611011571215,0.4702174510789769,1,0.024827754169905913
1.112682423001388,0.48688611011571215,0.4702174510789769,1,0.024827754169905913
1.1138686790000065,0.48688611011571215,0.4702174510789769,1,0.024827754169905913
1.1157108240004163,0.48688611011571215,0.4702174510789769,1,0.024827754169905913
1.1163754760054871,0.48688611011571215,0.4702174510789769,1,0.024827754169905913
1.1176691930013476,0.48688611011571215,0.4702174510789769,1,0.024827754169905913
1.1185269460038398,0.48688611011571215,0.4702174510789769,1,0.024827754169905913
1.119239613006357,0.4904814059914076,0.4680799289017863,1,0.028818712814895977
1.1195341150014428,0.4904814059914076,0.4680799289017863,1,0.028818712814895977
1.1203812830062816,0.4904814059914076,0.4680799289017863,1,0.028818712814895977
1.121343914004683,0.4904814059914076,0.4680799289017863,1,0.028818712814895977
1.1220662200066727,0.4904814059914076,0.4680799289017863,1,0.028818712814895977
1.1230461060040398,0.4904814059914076,0.4680799289017863,1,0.028818712814895977
1.1242383760036319,0.4904814059914076,0.4680799289017863,1,0.028818712814895977
1.1253517040022416,0.4904814059914076,0.4680799289017863,1,0.028818712814895977
1.1264353500009747,0.4904814059914076,0.4680799289017863,1,0.028818712814895977
1.12701142700098,0.4904814059914076,0.4680799289017863,1,0.028818712814895977
1.1281291770064854,0.4904814059914076,0.4680799289017863,1,0.028818712814895977
1.1292438180025783,0.4904814059914076,0.4680799289017863,1,0.028818712814895977
1.1303515040053753,0.4941092957602686,0.46593241363432164,1,0.03289149983193073
1.131461176002631,0.4941092957602686,0.46593241363432164,1,0.03289149983193073
1.1319739390019095,0.4941092957602686,0.46593241363432164,1,0.03289149983193073
1.1330295850057155,0.4941092957602686,0.46593241363432164,1,0.03289149983193073
1.1341404740014696,0.4941092957602686,0.46593241363432164,1,0.03289149983193073
1.1353883460033103,0.4941092957602686,0.46593241363432164,1,0.03289149983193073
1.136474350001663,0.4941092957602686,0.46593241363432164,1,0.03289149983193073
1.1376907890007715,0.4941092957602686,0.46593241363432164,1,0.03289149983193073
1.13800588700542,0.4941092957602686,0.46593241363432164,1,0.03289149983193073
1.1389042390001123,0.4941092957602686,0.46593241363432164,1,0.03289149983193073
1.1405860550003126,0.4941092957602686,0.46593241363432164,1,0.03289149983193073
1.1420453380051185,0.4941092957602686,0.46593241363432164,1,0.03289149983193073
1.1431107850003173,0.4941092957602686,0.46593241363432164,1,0.03289149983193073
1.1435171190023539,0.4941092957602686,0.46593241363432164,1,0.03289149983193073
1.1461010520069976,0.4977682042252722,0.4637753652705316,1,0.0370287971558255
1.1472905360060395,0.4977682042252722,0.4637753652705316,1,0.0370287971558255
1.1485472730055335,0.4977682042252722,0.4637753652705316,1,0.0370287971558255
1.1490570660025696,0.4977682042252722,0.4637753652705316,1,0.0370287971558255
1.1499313020030968,0.4977682042252722,0.4637753652705316,1,0.0370287971558255
1.1507790380055667,0.4977682042252722,0.4637753652705316,1,0.0370287971558255
1.1516076410043752,0.4977682042252722,0.4637753652705316,1,0.0370287971558255
1.152560603004531,0.4977682042252722,0.4637753652705316,1,0.0370287971558255
1.153416068002116,0.4977682042252722,0.4637753652705316,1,0.0370287971558255
1.1542617520026397,0.4977682042252722,0.4637753652705316,1,0.0370287971558255
1.1546022160036955,0.4977682042252722,0.4637753652705316,1,0.0370287971558255
1.1554266870007268,0.4977682042252722,0.4637753652705316,1,0.0370287971558255
1.156281655006751,0.5014572157624673,0.4616102143823889,1,0.04121959792083097
1.1570906130000367,0.5014572157624673,0.4616102143823889,1,0.04121959792083097
1.157415095003671,0.5014572157624673,0.4616102143823889,1,0.04121959792083097
1.15839231100108,0.5014572157624673,0.4616102143823889,1,0.04121959792083097
1.1593702890022541,0.5014572157624673,0.4616102143823889,1,0.04121959792083097
1.1598186190021806,0.5014572157624673,0.4616102143823889,1,0.04121959792083097
1.1609464680004749,0.5014572157624673,0.4616102143823889,1,0.04121959792083097
1.1621427340069204,0.5014572157624673,0.4616102143823889,1,0.04121959792083097
1.163298534003843,0.5014572157624673,0.4616102143823889,1,0.04121959792083097
1.1645044710021466,0.5014572157624673,0.4616102143823889,1,0.04121959792083097
1.1650086770023336,0.5014572157624673,0.4616102143823889,1,0.04121959792083097
1.1661537630061503,0.5014572157624673,0.4616102143823889,1,0.04121959792083097
1.167211968000629,0.5014572157624673,0.4616102143823889,1,0.04121959792083097
1.1680544010014273,0.5051739931628422,0.45943782150662577,1,0.04545510093982908
1.1684836310014362,0.5051739931628422,0.45943782150662577,1,0.04545510093982908
1.1695528160053072,0.5051739931628422,0.45943782150662577,1,0.04545510093982908
1.1706505880065379,0.5051739931628422,0.45943782150662577,1,0.04545510093982908
1.1717291470049531,0.5051739931628422,0.45943782150662577,1,0.04545510093982908
1.1727757940025185,0.5051739931628422,0.45943782150662577,1,0.04545510093982908
1.173819078001543,0.5051739931628422,0.45943782150662577,1,0.04545510093982908
1.1748643290047767,0.5051739931628422,0.45943782150662577,1,0.04545510093982908
1.1759256680015824,0.5051739931628422,0.45943782150662577,1,0.04545510093982908
1.1763526580034522,0.5051739931628422,0.45943782150662577,1,0.04545510093982908
1.177398139006982,0.5051739931628422,0.45943782150662577,1,0.04545510093982908
1.1778367040024023,0.5051739931628422,0.45943782150662577,1,0.04545510093982908
1.1789122760019382,0.5089169040032789,0.4572600225047555,1,0.04972887089903476
1.1800474470001063,0.5089169040032789,0.4572600225047555,1,0.04972887089903476
1.18046389400115,0.5089169040032789,0.4572600225047555,1,0.04972887089903476
1.1815188040054636,0.5089169040032789,0.4572600225047555,1,0.04972887089903476
1.1826832260048832,0.5089169040032789,0.4572600225047555,1,0.04972887089903476
1.1837982820070465,0.5089169040032789,0.4572600225047555,1,0.04972887089903476
1.18488414100284,0.5089169040032789,0.4572600225047555,1,0.04972887089903476
1.1859438710016548,0.5089169040032789,0.4572600225047555,1,0.04972887089903476
1.1863677500004997,0.5089169040032789,0.4572600225047555,1,0.04972887089903476
1.1874200330057647,0.5089169040032789,0.4572600225047555,1,0.04972887089903476
1.1884779750034795,0.5089169040032789,0.4572600225047555,1,0.04972887089903476
1.1889045410061954,0.5089169040032789,0.4572600225047555,1,0.04972887089903476
1.1899139870001818,0.5089169040032789,0.4572600225047555,1,0.04972887089903476
1.1910064940020675,0.5089169040032789,0.4572600225047555,1,0.04972887089903476
1.191983999000513,0.5089169040032789,0.4572600225047555,1,0.04972887089903476
1.1928518100030487,0.5089169040032789,0.4572600225047555,1,0.04972887089903476
1.1931848890017136,0.5089169040032789,0.4572600225047555,1,0.04972887089903476
1.1943265250010882,0.5089169040032789,0.4572600225047555,1,0.04972887089903476
1.1954202540000551,0.5164766215590653,0.4528900465765238,1,0.058375217703221245
1.1958480670000426,0.5164766215590653,0.4528900465765238,1,0.058375217703221245
1.1969075450033415,0.5164766215590653,0.4528900465765238,1,0.058375217703221245
1.197981259007065,0.5164766215590653,0.4528900465765238,1,0.058375217703221245
1.1991002990034758,0.5164766215590653,0.4528900465765238,1,0.058375217703221245
1.2001866390055511,0.5164766215590653,0.4528900465765238,1,0.058375217703221245
1.200616895002895,0.5164766215590653,0.4528900465765238,1,0.058375217703221245
1.2016808690023026,0.5164766215590653,0.4528900465765238,1,0.058375217703221245
1.2027685020002536,0.5164766215590653,0.4528900465765238,1,0.058375217703221245
1.2038752250009566,0.5164766215590653,0.4528900465765238,1,0.058375217703221245
1.204920601005142,0.5164766215590653,0.4528900465765238,1,0.058375217703221245
1.2057525760028511,0.5164766215590653,0.4528900465765238,1,0.058375217703221245
1.2060926760022994,0.5164766215590653,0.4528900465765238,1,0.058375217703221245
1.207220430005691,0.5164766215590653,0.4528900465765238,1,0.058375217703221245
1.2080646150061511,0.520291593735071,0.4506992276587151,1,0.06274186291690227
1.2083505150003475,0.520291593735071,0.4506992276587151,1,0.06274186291690227
1.2091690200031735,0.520291593735071,0.4506992276587151,1,0.06274186291690227
1.209928291005781,0.520291593735071,0.4506992276587151,1,0.06274186291690227
1.210941602003004,0.520291593735071,0.4506992276587151,1,0.06274186291690227
1.2117080190000706,0.520291593735071,0.4506992276587151,1,0.06274186291690227
1.2120190570058185,0.520291593735071,0.4506992276587151,1,0.06274186291690227
1.2128341760035255,0.520291593735071,0.4506992276587151,1,0.06274186291690227
1.2135663670051144,0.520291593735071,0.4506992276587151,1,0.06274186291690227
1.2144235060040955,0.520291593735071,0.4506992276587151,1,0.06274186291690227
1.214718246999837,0.520291593735071,0.4506992276587151,1,0.06274186291690227
1.2156706570021925,0.5241290352102828,0.4485057472769474,1,0.06713443035241892
1.2171130290007568,0.5241290352102828,0.4485057472769474,1,0.06713443035241892
1.2184624720030115,0.5296063901802952,0.44566237336554354,1,0.0732929613757675
1.2189975610017427,0.5296063901802952,0.44566237336554354,1,0.0732929613757675
1.2201655030003167,0.5296063901802952,0.44566237336554354,1,0.0732929613757675
1.221457690000534,0.5296063901802952,0.44566237336554354,1,0.0732929613757675
1.22264233900205,0.5317982357212603,0.4447842817089616,1,0.07565267483992952
1.2230916910048109,0.5317982357212603,0.4447842817089616,1,0.07565267483992952
1.2241756889998214,0.5317982357212603,0.4447842817089616,1,0.07565267483992952
1.2252765240045846,0.5317982357212603,0.4447842817089616,1,0.07565267483992952
1.2263711600026,0.5317982357212603,0.4447842817089616,1,0.07565267483992952
1.2274264520019642,0.5317982357212603,0.4447842817089616,1,0.07565267483992952
1.2285117330029607,0.5356841930639484,0.4425978685457744,1,0.0800918541197824
1.2296812290005619,0.5356841930639484,0.4425978685457744,1,0.0800918541197824
1.2308136800056673,0.5356841930639484,0.4425978685457744,1,0.0800918541197824
1.2312754060039879,0.5356841930639484,0.4425978685457744,1,0.0800918541197824
1.232323169002484,0.5356841930639484,0.4425978685457744,1,0.0800918541197824
1.2334414230062976,0.5356841930639484,0.4425978685457744,1,0.0800918541197824
1.2346286170068197,0.5356841930639484,0.4425978685457744,1,0.0800918541197824
1.2357878900002106,0.5356841930639484,0.4425978685457744,1,0.0800918541197824
1.236886669001251,0.5356841930639484,0.4425978685457744,1,0.0800918541197824
1.237992619004217,0.5356841930639484,0.4425978685457744,1,0.0800918541197824
1.2384595170005923,0.5356841930639484,0.4425978685457744,1,0.0800918541197824
1.2395709610063932,0.5356841930639484,0.4425978685457744,1,0.0800918541197824
1.240671215004113,0.5356841930639484,0.4425978685457744,1,0.0800918541197824
1.2417440230055945,0.5356841930639484,0.4425978685457744,1,0.0800918541197824
1.242834191005386,0.5356841930639484,0.4425978685457744,1,0.0800918541197824
1.2438829300008365,0.5356841930639484,0.4425978685457744,1,0.0800918541197824
1.2449215710003045,0.5356841930639484,0.4425978685457744,1,0.0800918541197824
1.2459908910022932,0.5395899663281377,0.44041000669647057,1,0.08455174411789108
1.247116102000291,0.5395899663281377,0.44041000669647057,1,0.08455174411789108
1.248280172003433,0.5395899663281377,0.44041000669647057,1,0.08455174411789108
1.2643688380048843,0.5395899663281377,0.44041000669647057,1,0.08455174411789108
1.265044604006107,0.5395899663281377,0.44041000669647057,1,0.08455174411789108
1.2665177630042308,0.5395899663281377,0.44041000669647057,1,0.08455174411789108
1.2670378680049907,0.5395899663281377,0.44041000669647057,1,0.08455174411789108
1.268274920003023,0.5435121894522392,0.4382234462591003,1,0.08902774094445028
1.268762482002785,0.5435121894522392,0.4382234462591003,1,0.08902774094445028
1.2699955429998226,0.5435121894522392,0.4382234462591003,1,0.08902774094445028
1.2704622310047853,0.5435121894522392,0.4382234462591003,1,0.08902774094445028
1.2716417470001034,0.5435121894522392,0.4382234462591003,1,0.08902774094445028
1.2721567020053044,0.5435121894522392,0.4382234462591003,1,0.08902774094445028
1.273347480004304,0.5435121894522392,0.4382234462591003,1,0.08902774094445028
1.2745834320012364,0.5435121894522392,0.4382234462591003,1,0.08902774094445028
1.27572152200446,0.5435121894522392,0.4382234462591003,1,0.08902774094445028
1.2761701230047038,0.5435121894522392,0.4382234462591003,1,0.08902774094445028
1.2772788910006057,0.5435121894522392,0.4382234462591003,1,0.08902774094445028
1.2784329370042542,0.5474470103664049,0.43603965268623934,1,0.09351539911863378
1.2788948790039285,0.5474470103664049,0.43603965268623934,1,0.09351539911863378
1.2799852730022394,0.5474470103664049,0.43603965268623934,1,0.09351539911863378
1.2811361880012555,0.5474470103664049,0.43603965268623934,1,0.09351539911863378
1.2823986270013847,0.5474470103664049,0.43603965268623934,1,0.09351539911863378
1.2828600770008052,0.5474470103664049,0.43603965268623934,1,0.09351539911863378
1.2839350850044866,0.5474470103664049,0.43603965268623934,1,0.09351539911863378
1.2851722000050358,0.5474470103664049,0.43603965268623934,1,0.09351539911863378
1.2862674780044472,0.5513943631681791,0.43385949049591405,1,0.09801402350787393
1.2873983300014515,0.5513943631681791,0.43385949049591405,1,0.09801402350787393
1.2885432320035761,0.5513943631681791,0.43385949049591405,1,0.09801402350787393
1.289795854005206,0.5513943631681791,0.43385949049591405,1,0.09801402350787393
1.2905533310040482,0.5513943631681791,0.43385949049591405,1,0.09801402350787393
1.2918638700066367,0.5513943631681791,0.43385949049591405,1,0.09801402350787393
1.2931716040038737,0.5513943631681791,0.43385949049591405,1,0.09801402350787393
1.2937696700028027,0.5513943631681791,0.43385949049591405,1,0.09801402350787393
1.295075722002366,0.5513943631681791,0.43385949049591405,1,0.09801402350787393
1.2961880400034715,0.5513943631681791,0.43385949049591405,1,0.09801402350787393
1.2966706340012024,0.5513943631681791,0.43385949049591405,1,0.09801402350787393
1.297843977001321,0.5513943631681791,0.43385949049591405,1,0.09801402350787393
1.2991140380036086,0.5553532278120487,0.4316820515842206,2,0.09705274451445554
1.2995631450030487,0.5553532278120487,0.4316820515842206,2,0.09705274451445554
1.3006345840040012,0.5553532278120487,0.4316820515842206,2,0.09705274451445554
1.3016464110041852,0.5553532278120487,0.4316820515842206,2,0.09705274451445554
1.302866455000185,0.5553532278120487,0.4316820515842206,2,0.09705274451445554
1.3039894210014609,0.5553532278120487,0.4316820515842206,2,0.09705274451445554
1.3051407180028036,0.5553532278120487,0.4316820515842206,2,0.09705274451445554
1.3057183760029147,0.5553532278120487,0.4316820515842206,2,0.09705274451445554
1.3071074620020227,0.5553532278120487,0.4316820515842206,2,0.09705274451445554
1.3083222880013636,0.5553532278120487,0.4316820515842206,2,0.09705274451445554
1.3087573840020923,0.5553532278120487,0.4316820515842206,2,0.09705274451445554
1.3098096610046923,0.5593226039109195,0.4295064073239349,2,0.09255961937671829
1.311028702002659,0.5593226039109195,0.4295064073239349,2,0.09255961937671829
1.3121852240001317,0.5593226039109195,0.4295064073239349,2,0.09255961937671829
1.3132609670064994,0.5593226039109195,0.4295064073239349,2,0.09255961937671829
1.3137090930031263,0.5593226039109195,0.4295064073239349,2,0.09255961937671829
1.3147769800052629,0.5593226039109195,0.4295064073239349,2,0.09255961937671829
1.3158717450060067,0.5593226039109195,0.4295064073239349,2,0.09255961937671829
1.317038050001429,0.5593226039109195,0.4295064073239349,2,0.09255961937671829
1.318345986001077,0.5593226039109195,0.4295064073239349,2,0.09255961937671829
1.3193983510063845,0.5593226039109195,0.4295064073239349,2,0.09255961937671829
1.3207603600021685,0.5593226039109195,0.4295064073239349,2,0.09255961937671829
1.32191491600679,0.5633024741136023,0.427333374590754,2,0.08806299238594666
1.3230571780004539,0.5633024741136023,0.427333374590754,2,0.08806299238594666
1.3242118680063868,0.5633024741136023,0.427333374590754,2,0.08806299238594666
1.3246611320064403,0.5633024741136023,0.427333374590754,2,0.08806299238594666
1.3257460380045814,0.5633024741136023,0.427333374590754,2,0.08806299238594666
1.3261561899998924,0.5633024741136023,0.427333374590754,2,0.08806299238594666
1.3272103580020485,0.5633024741136023,0.427333374590754,2,0.08806299238594666
1.3276587770014885,0.5633024741136023,0.427333374590754,2,0.08806299238594666
1.328805306002323,0.5672921918803748,0.42516258101216314,2,0.08356389037828937
1.3291787289999775,0.5672921918803748,0.42516258101216314,2,0.08356389037828937
1.330086834001122,0.5672921918803748,0.42516258101216314,2,0.08356389037828937
1.331155583000509,0.5672921918803748,0.42516258101216314,2,0.08356389037828937
1.3320926130036241,0.5672921918803748,0.42516258101216314,2,0.08356389037828937
1.3335334590010461,0.571291770204491,0.42299482691895574,2,0.07906366977371197
1.334069583004748,0.571291770204491,0.42299482691895574,2,0.07906366977371197
1.3354329690046143,0.571291770204491,0.42299482691895574,2,0.07906366977371197
1.3367917840005248,0.571291770204491,0.42299482691895574,2,0.07906366977371197
1.3378871680033626,0.571291770204491,0.42299482691895574,2,0.07906366977371197
1.3390828350020456,0.575300590838468,0.4208297145518223,2,0.0745636962597073
1.3394374640047317,0.575300590838468,0.4208297145518223,2,0.0745636962597073
1.3402310960009345,0.575300590838468,0.4208297145518223,2,0.0745636962597073
1.3409321350045502,0.575300590838468,0.4208297145518223,2,0.0745636962597073
1.3417592290061293,0.575300590838468,0.4208297145518223,2,0.0745636962597073
1.342762535001384,0.575300590838468,0.4208297145518223,2,0.0745636962597073
1.3435921590062208,0.5793186941537286,0.41866802940777986,2,0.07006581362082162
1.3438989810019848,0.5793186941537286,0.41866802940777986,2,0.07006581362082162
1.3449061540013645,0.5793186941537286,0.41866802940777986,2,0.07006581362082162
1.3461303580043023,0.5793186941537286,0.41866802940777986,2,0.07006581362082162
1.3466075960022863,0.5793186941537286,0.41866802940777986,2,0.07006581362082162
1.3477477220003493,0.5793186941537286,0.41866802940777986,2,0.07006581362082162
1.3489668170004734,0.5793186941537286,0.41866802940777986,2,0.07006581362082162
1.3500701620068867,0.5793186941537286,0.41866802940777986,2,0.07006581362082162
1.3513505190057913,0.5793186941537286,0.41866802940777986,2,0.07006581362082162
1.3526687060002587,0.5833317248985351,0.41651671491344094,2,0.0655873484701562
1.3538175100038643,0.5833317248985351,0.41651671491344094,2,0.0655873484701562
1.354269033006858,0.5833317248985351,0.41651671491344094,2,0.0655873484701562
1.3561685380045674,0.5833317248985351,0.41651671491344094,2,0.0655873484701562
1.356665248000354,0.5833317248985351,0.41651671491344094,2,0.0655873484701562
1.3577961350019905,0.5833317248985351,0.41651671491344094,2,0.0655873484701562
1.3589005020039622,0.5833317248985351,0.41651671491344094,2,0.0655873484701562
1.35933285500505,0.5833317248985351,0.41651671491344094,2,0.0655873484701562
1.3605226120052976,0.5833317248985351,0.41651671491344094,2,0.0655873484701562
1.3616114600008586,0.5833317248985351,0.41651671491344094,2,0.0655873484701562
1.366363031003857,0.5873281740268149,0.41438262461245423,2,0.061143705611177615
1.3682156890063197,0.5873281740268149,0.41438262461245423,2,0.061143705611177615
1.368780480006535,0.5873281740268149,0.41438262461245423,2,0.061143705611177615
1.3701481650059577,0.5873281740268149,0.41438262461245423,2,0.061143705611177615
1.3712879230006365,0.5873281740268149,0.41438262461245423,2,0.061143705611177615
1.3724664640030824,0.5928131632283614,0.4109484597201114,2,0.054737536893118145
1.3735961280035554,0.5928131632283614,0.4109484597201114,2,0.054737536893118145
1.374050646001706,0.5928131632283614,0.4109484597201114,2,0.054737536893118145
1.3751891270003398,0.5928131632283614,0.4109484597201114,2,0.054737536893118145
1.3763773400060018,0.5928131632283614,0.4109484597201114,2,0.054737536893118145
1.3768578270028229,0.5928131632283614,0.4109484597201114,2,0.054737536893118145
1.3782213650047197,0.5928941686617444,0.41087723288622857,2,0.054629677913752915
1.3792948970003636,0.5928941686617444,0.41087723288622857,2,0.054629677913752915
1.3802675510014524,0.5928941686617444,0.41087723288622857,2,0.054629677913752915
1.3815011580009013,0.5968579238880343,0.4087526995937314,2,0.05024784004373627
1.3826996780044283,0.5968579238880343,0.4087526995937314,2,0.05024784004373627
1.3840108190051978,0.5968579238880343,0.4087526995937314,2,0.05024784004373627
1.3854306940047536,0.5968579238880343,0.4087526995937314,2,0.05024784004373627
1.385939526000584,0.5968579238880343,0.4087526995937314,2,0.05024784004373627
1.3870752880029613,0.5968579238880343,0.4087526995937314,2,0.05024784004373627
1.3895856640010606,0.5968579238880343,0.4087526995937314,2,0.05024784004373627
1.3900817610046943,0.5968579238880343,0.4087526995937314,2,0.05024784004373627
1.3909297200007131,0.6008134953464117,0.406638473694545,2,0.04590135104527496
1.3912144280038774,0.6008134953464117,0.406638473694545,2,0.04590135104527496
1.3920375700035947,0.6008134953464117,0.406638473694545,2,0.04590135104527496
1.393548316002125,0.6008134953464117,0.406638473694545,2,0.04590135104527496
1.3947518519998994,0.6008134953464117,0.406638473694545,2,0.04590135104527496
1.39508431100694,0.6008134953464117,0.406638473694545,2,0.04590135104527496
1.3960087170053157,0.6008134953464117,0.406638473694545,2,0.04590135104527496
1.3972309330056305,0.6008134953464117,0.406638473694545,2,0.04590135104527496
1.3984569070016732,0.6008134953464117,0.4066384736945449,2,0.04590135104527492
1.3989740160031943,0.6008134953464117,0.4066384736945449,2,0.04590135104527492
1.4006103360006819,0.6008134953464117,0.4066384736945449,2,0.04590135104527492
1.402005537005607,0.6008134953464117,0.4066384736945449,2,0.04590135104527492
1.4032013770047342,0.6008134953464117,0.4066384736945449,2,0.04590135104527492
1.4042995080017135,0.6008134953464117,0.4066384736945449,2,0.04590135104527492
1.4048088490017108,0.6008134953464117,0.4066384736945449,2,0.04590135104527492
1.4059948320063995,0.6008134953464117,0.4066384736945449,2,0.04590135104527492
1.4071707320035785,0.6008134953464117,0.4066384736945449,2,0.04590135104527492
1.4080713700022898,0.6047625792950184,0.4045328662216073,2,0.041594992308045704
1.4084983950015157,0.6047625792950184,0.4045328662216073,2,0.041594992308045704
1.4095826240009046,0.6047625792950184,0.4045328662216073,2,0.041594992308045704
1.4106557650011382,0.6047625792950184,0.4045328662216073,2,0.041594992308045704
1.4117332120003994,0.6047625792950184,0.4045328662216073,2,0.041594992308045704
1.4127870360025554,0.6047625792950184,0.4045328662216073,2,0.041594992308045704
1.4132009400054812,0.6047625792950184,0.4045328662216073,2,0.041594992308045704
1.4142663790044026,0.608707105642032,0.4024355536222996,2,0.03733757351477362
1.4153254210032173,0.608707105642032,0.4024355536222996,2,0.03733757351477362
1.4163651950002532,0.608707105642032,0.4024355536222996,2,0.03733757351477362
1.4167981600039639,0.608707105642032,0.4024355536222996,2,0.03733757351477362
1.4179808710032376,0.608707105642032,0.4024355536222996,2,0.03733757351477362
1.419063591005397,0.608707105642032,0.4024355536222996,2,0.03733757351477362
1.4201499490009155,0.608707105642032,0.4024355536222996,2,0.03733757351477362
1.4205651980009861,0.608707105642032,0.4024355536222996,2,0.03733757351477362
1.4217261620069621,0.608707105642032,0.4024355536222996,2,0.03733757351477362
1.4228006930061383,0.608707105642032,0.4024355536222996,2,0.03733757351477362
1.4240669260034338,0.608707105642032,0.4024355536222996,2,0.03733757351477362
1.4252179890027037,0.608707105642032,0.4024355536222996,2,0.03733757351477362
1.4263023029998294,0.6126480843541504,0.40034523740709743,2,0.03314311267233512
1.4267971240042243,0.6126480843541504,0.40034523740709743,2,0.03314311267233512
1.4279771890069242,0.6126480843541504,0.40034523740709743,2,0.03314311267233512
1.4300453760006349,0.6126480843541504,0.40034523740709743,2,0.03314311267233512
1.430499657006294,0.6126480843541504,0.40034523740709743,2,0.03314311267233512
1.4316221290064277,0.6126480843541504,0.40034523740709743,2,0.03314311267233512
1.4330349790034234,0.6126480843541504,0.40034523740709743,2,0.03314311267233512
1.4343694180060993,0.6126480843541504,0.40034523740709743,2,0.03314311267233512
1.4348355610054568,0.6126480843541504,0.40034523740709743,2,0.03314311267233512
1.4361435760001768,0.6165868830215829,0.3982619033842922,2,0.029035101305500934
1.437550740003644,0.6165868830215829,0.3982619033842922,2,0.029035101305500934
1.4387232840017532,0.6165868830215829,0.3982619033842922,2,0.029035101305500934
1.4398432860034518,0.6165868830215829,0.3982619033842922,2,0.029035101305500934
1.4410226460022386,0.6165868830215829,0.3982619033842922,2,0.029035101305500934
1.4420897390009486,0.6165868830215829,0.3982619033842922,2,0.029035101305500934
1.4426219380038674,0.6165868830215829,0.3982619033842922,2,0.029035101305500934
1.4437793510005577,0.6165868830215829,0.3982619033842922,2,0.029035101305500934
1.4448879810006474,0.6165868830215829,0.3982619033842922,2,0.029035101305500934
1.4453237310008262,0.6165868830215829,0.3982619033842922,2,0.029035101305500934
1.4463090720018954,0.6165868830215829,0.3982619033842922,2,0.029035101305500934
1.4474910130011267,0.6165868830215829,0.3982619033842922,2,0.029035101305500934
1.448702616005903,0.6165868830215829,0.3982619033842922,2,0.029035101305500934
1.4498571860021912,0.6165868830215829,0.3982619033842922,2,0.029035101305500934
1.4503130070006591,0.6165868830215829,0.3982619033842922,2,0.029035101305500934
1.451379761005228,0.6165868830215829,0.3982619033842922,2,0.029035101305500934
1.4524765010064584,0.6205240613845293,0.39618450786280496,2,0.025052147169811436
1.4536154410016024,0.6205240613845293,0.39618450786280496,2,0.025052147169811436
1.4546977110003354,0.6205240613845293,0.39618450786280496,2,0.025052147169811436
1.4551483320028638,0.6205240613845293,0.39618450786280496,2,0.025052147169811436
1.4562398940033745,0.6244606174034372,0.3941132389117106,2,0.021261700241080116
1.4574015690013766,0.6244606174034372,0.3941132389117106,2,0.021261700241080116
1.4584710010021809,0.6244606174034372,0.3941132389117106,2,0.021261700241080116
1.4596080360061023,0.6244606174034372,0.3941132389117106,2,0.021261700241080116
1.4600345730068511,0.6244606174034372,0.3941132389117106,2,0.021261700241080116
1.4611081030016067,0.6244606174034372,0.3941132389117106,2,0.021261700241080116
1.4621719600036158,0.6244606174034372,0.3941132389117106,2,0.021261700241080116
1.4632972270046594,0.6244606174034372,0.3941132389117106,2,0.021261700241080116
1.4643391760037048,0.6244606174034372,0.3941132389117106,2,0.021261700241080116
1.46536038400518,0.6244606174034372,0.3941132389117106,2,0.021261700241080116
1.466375871001219,0.6244606174034372,0.3941132389117106,2,0.021261700241080116
1.4673708180052927,0.6244606174034372,0.3941132389117106,2,0.021261700241080116
1.4683578350013704,0.6244606174034372,0.3941132389117106,2,0.021261700241080116
1.4693307960042148,0.6244606174034372,0.3941132389117106,2,0.021261700241080116
1.4703982770006405,0.6244606174034372,0.3941132389117106,2,0.021261700241080116
1.4714283790017362,0.6244606174034372,0.3941132389117106,2,0.021261700241080116
1.4724566170043545,0.6244606174034372,0.3941132389117106,2,0.021261700241080116
1.4728741950020776,0.6244606174034372,0.3941132389117106,2,0.021261700241080116
1.4739030560012907,0.6244606174034372,0.3941132389117106,2,0.021261700241080116
1.474902166002721,0.6284191120025281,0.3920355316066983,2,0.017765332685526908
1.4758968090027338,0.6284191120025281,0.3920355316066983,2,0.017765332685526908
1.4768626250006491,0.6284191120025281,0.3920355316066983,2,0.017765332685526908
1.4778681360039627,0.6284191120025281,0.3920355316066983,2,0.017765332685526908
1.4788479440030642,0.6284191120025281,0.3920355316066983,2,0.017765332685526908
1.479838606006524,0.6284191120025281,0.3920355316066983,2,0.017765332685526908
1.4808994440027163,0.6284191120025281,0.3920355316066983,2,0.017765332685526908
1.4820150320010725,0.6284191120025281,0.3920355316066983,2,0.017765332685526908
1.483098554002936,0.6284191120025281,0.3920355316066983,2,0.017765332685526908
1.4841592770026182,0.6284191120025281,0.3920355316066983,2,0.017765332685526908
1.4846002440026496,0.6284191120025281,0.3920355316066983,2,0.017765332685526908
1.485683640006755,0.6284191120025281,0.3920355316066983,2,0.017765332685526908
1.4867909430031432,0.6324214345902663,0.38994076014131307,2,0.014780287038912671
1.4878329700004542,0.6324214345902663,0.38994076014131307,2,0.014780287038912671
1.488226867004414,0.6324214345902663,0.38994076014131307,2,0.014780287038912671
1.4892281180000282,0.6324214345902663,0.38994076014131307,2,0.014780287038912671
1.4903308370048762,0.6324214345902663,0.38994076014131307,2,0.014780287038912671
1.4913864960035426,0.6324214345902663,0.38994076014131307,2,0.014780287038912671
1.4924342850063113,0.6324214345902663,0.38994076014131307,2,0.014780287038912671
1.4934619730047416,0.6324214345902663,0.38994076014131307,2,0.014780287038912671
1.494475090999913,0.6324214345902663,0.38994076014131307,2,0.014780287038912671
1.4955038440020871,0.6324214345902663,0.38994076014131307,2,0.014780287038912671
1.4959318620021804,0.6324214345902663,0.38994076014131307,2,0.014780287038912671
1.4969977590008057,0.6324214345902663,0.38994076014131307,2,0.014780287038912671
1.4982046950026415,0.636465373219719,0.3878295029284651,2,0.01272326481656959
1.4993730360001791,0.636465373219719,0.3878295029284651,2,0.01272326481656959
1.500394832000893,0.636465373219719,0.3878295029284651,2,0.01272326481656959
1.500829729004181,0.636465373219719,0.3878295029284651,2,0.01272326481656959
1.5019167480058968,0.636465373219719,0.3878295029284651,2,0.01272326481656959
1.5030500780048897,0.636465373219719,0.3878295029284651,2,0.01272326481656959
1.5041164900030708,0.636465373219719,0.3878295029284651,2,0.01272326481656959
1.5052210070061847,0.636465373219719,0.3878295029284651,2,0.01272326481656959
1.5056899040064309,0.636465373219719,0.3878295029284651,2,0.01272326481656959
1.5068104390011285,0.636465373219719,0.3878295029284651,2,0.01272326481656959
1.5078587670068373,0.636465373219719,0.3878295029284651,2,0.01272326481656959
1.5082837380032288,0.636465373219719,0.3878295029284651,2,0.01272326481656959
1.5092773390060756,0.636465373219719,0.3878295029284651,2,0.01272326481656959
1.510350674005167,0.64054974596202,0.3857040846087251,2,0.012129844750123582
1.5114438610034995,0.64054974596202,0.3857040846087251,2,0.012129844750123582
1.5125270270000328,0.64054974596202,0.3857040846087251,2,0.012129844750123582
1.5136832700009109,0.64054974596202,0.3857040846087251,2,0.012129844750123582
1.5148297370033106,0.64054974596202,0.3857040846087251,2,0.012129844750123582
1.5158903030023794,0.64054974596202,0.3857040846087251,2,0.012129844750123582
1.5169444720013416,0.64054974596202,0.3857040846087251,2,0.012129844750123582
1.5179989390017,0.64054974596202,0.3857040846087251,2,0.012129844750123582
1.5190260600065812,0.64054974596202,0.3857040846087251,2,0.012129844750123582
1.5200276380055584,0.64054974596202,0.3857040846087251,2,0.012129844750123582
1.5210279430029914,0.6403548076620695,0.3855976372408995,2,0.011939123243261393
1.522105359006673,0.6403548076620695,0.3855976372408995,2,0.011939123243261393
1.5232014550056192,0.6403548076620695,0.3855976372408995,2,0.011939123243261393
1.5236178930063033,0.6403548076620695,0.3855976372408995,2,0.011939123243261393
1.5246591870018165,0.6403548076620695,0.3855976372408995,2,0.011939123243261393
1.5250810110010207,0.6403548076620695,0.3855976372408995,2,0.011939123243261393
1.526157857006183,0.6403548076620695,0.3855976372408995,2,0.011939123243261393
1.526607296000293,0.6403548076620695,0.3855976372408995,2,0.011939123243261393
1.527617892003036,0.6433311654768774,0.38282610329692124,2,0.011736070204632876
1.5280180850022589,0.6433311654768774,0.38282610329692124,2,0.011736070204632876
1.5290288900068845,0.6433311654768774,0.38282610329692124,2,0.011736070204632876
1.5294482020035503,0.6433311654768774,0.38282610329692124,2,0.011736070204632876
1.530531250005879,0.6433311654768774,0.38282610329692124,2,0.011736070204632876
1.5316908800014062,0.6433311654768774,0.38282610329692124,2,0.011736070204632876
1.5327640750037972,0.6433311654768774,0.38282610329692124,2,0.011736070204632876
1.5332046960029402,0.6433311654768774,0.38282610329692124,2,0.011736070204632876
1.534296367004572,0.6429868840674584,0.38263608387481357,2,0.011350419813650703
1.5353810000015073,0.6429868840674584,0.38263608387481357,2,0.011350419813650703
1.5364297980049741,0.6429868840674584,0.38263608387481357,2,0.011350419813650703
1.537479244005226,0.6429868840674584,0.38263608387481357,2,0.011350419813650703
1.5378831380003248,0.6429868840674584,0.38263608387481357,2,0.011350419813650703
1.5388856920035323,0.6429868840674584,0.38263608387481357,2,0.011350419813650703
1.5399567640051828,0.6429868840674584,0.38263608387481357,2,0.011350419813650703
1.5403758430038579,0.6429868840674584,0.38263608387481357,2,0.011350419813650703
1.541348755999934,0.6471410233192505,0.3804739214590484,2,0.013814178116506882
1.542364840002847,0.6471410233192505,0.3804739214590484,2,0.013814178116506882
1.5434437320000143,0.6471410233192505,0.3804739214590484,2,0.013814178116506882
1.5444853660010267,0.6471410233192505,0.3804739214590484,2,0.013814178116506882
1.545538785001554,0.6513313116596927,0.3783018746445538,2,0.017258683838943703
1.5459915140017984,0.6513313116596927,0.3783018746445538,2,0.017258683838943703
1.547096665002755,0.6513313116596927,0.3783018746445538,2,0.017258683838943703
1.5481711700049345,0.6513313116596927,0.3783018746445538,2,0.017258683838943703
1.5492582460065023,0.6513313116596927,0.3783018746445538,2,0.017258683838943703
1.5496951840032125,0.6513313116596927,0.3783018746445538,2,0.017258683838943703
1.5508025570015889,0.6513313116596927,0.3783018746445538,2,0.017258683838943703
1.5519359150057426,0.6513313116596927,0.3783018746445538,2,0.017258683838943703
1.5530339000033564,0.6513313116596927,0.3783018746445538,2,0.017258683838943703
1.5541671000028145,0.6555559356900448,0.3761202569560321,2,0.02123405795871075
1.5546312130027218,0.6555559356900448,0.3761202569560321,2,0.02123405795871075
1.5557882070061169,0.6555559356900448,0.3761202569560321,2,0.02123405795871075
1.5568589720060118,0.6555559356900448,0.3761202569560321,2,0.02123405795871075
1.5578887540032156,0.6555559356900448,0.3761202569560321,2,0.02123405795871075
1.5583201170011307,0.6555559356900448,0.3761202569560321,2,0.02123405795871075
1.559496312002011,0.6555559356900448,0.3761202569560321,2,0.02123405795871075
1.5606415319998632,0.6598138252912322,0.37393063952731387,2,0.025511516886701776
1.5617079230069066,0.6598138252912322,0.37393063952731387,2,0.025511516886701776
1.5628162420034641,0.6598138252912322,0.37393063952731387,2,0.025511516886701776
1.563979806000134,0.6598138252912322,0.37393063952731387,2,0.025511516886701776
1.5644259190012235,0.6598138252912322,0.37393063952731387,2,0.025511516886701776
1.5655640280019725,0.6641032934216714,0.3717332252091823,2,0.02997619169794094
1.5660362570051802,0.6641032934216714,0.3717332252091823,2,0.02997619169794094
1.5671565560041927,0.6641032934216714,0.3717332252091823,2,0.02997619169794094
1.5682034050041693,0.6641032934216714,0.3717332252091823,2,0.02997619169794094
1.5692452090006554,0.6641032934216714,0.3717332252091823,2,0.02997619169794094
1.569665861003159,0.6641032934216714,0.3717332252091823,2,0.02997619169794094
1.5707108160058851,0.6641032934216714,0.3717332252091823,2,0.02997619169794094
1.5718093730029068,0.6641032934216714,0.3717332252091823,2,0.02997619169794094
1.5728822850069264,0.6641032934216714,0.3717332252091823,2,0.02997619169794094
1.5738866480023717,0.6641032934216714,0.3717332252091823,2,0.02997619169794094
1.5749240840013954,0.6684195055848894,0.3695315027794406,2,0.03456348877898195
1.576014831000066,0.6684195055848894,0.3695315027794406,2,0.03456348877898195
1.5770440230044187,0.6684195055848894,0.3695315027794406,2,0.03456348877898195
1.5781018730049254,0.6684195055848894,0.3695315027794406,2,0.03456348877898195
1.5791422050024266,0.6684195055848894,0.3695315027794406,2,0.03456348877898195
1.5803017940052086,0.6684195055848894,0.3695315027794406,2,0.03456348877898195
1.5815182990045287,0.6684195055848894,0.3695315027794406,2,0.03456348877898195
1.5819725510009448,0.6684195055848894,0.3695315027794406,2,0.03456348877898195
1.5830523270051344,0.6727571637080705,0.36732744073498286,2,0.03923438049340288
1.5837029360045562,0.6727571637080705,0.36732744073498286,2,0.03923438049340288
1.5848928100022022,0.6727571637080705,0.36732744073498286,2,0.03923438049340288
1.5854541540029459,0.6727571637080705,0.36732744073498286,2,0.03923438049340288
1.586651661003998,0.6727571637080705,0.36732744073498286,2,0.03923438049340288
1.58713111000543,0.6727571637080705,0.36732744073498286,2,0.03923438049340288
1.5883231640036684,0.6727571637080705,0.36732744073498286,2,0.03923438049340288
1.5894450240011793,0.6771157958301088,0.3651222573569343,2,0.04396818833269968
1.590503131999867,0.6771157958301088,0.3651222573569343,2,0.04396818833269968
1.5916469260046142,0.6771157958301088,0.3651222573569343,2,0.04396818833269968
1.5927936540028895,0.6771157958301088,0.3651222573569343,2,0.04396818833269968
1.5932465890000458,0.6771157958301088,0.3651222573569343,2,0.04396818833269968
1.5943318610006827,0.6771157958301088,0.3651222573569343,2,0.04396818833269968
1.5954457810003078,0.6771157958301088,0.3651222573569343,2,0.04396818833269968
1.595940397004597,0.6771157958301088,0.3651222573569343,2,0.04396818833269968
1.5971141660047579,0.6771157958301088,0.3651222573569343,2,0.04396818833269968
1.5982611090003047,0.6771157958301088,0.3651222573569343,2,0.04396818833269968
1.5994498990039574,0.6771157958301088,0.3651222573569343,2,0.04396818833269968
1.5999375210012658,0.6771157958301088,0.3651222573569343,2,0.04396818833269968
1.6011691540043103,0.6771157958301088,0.3651222573569343,2,0.04396818833269968
1.6023221200011903,0.6771157958301088,0.3651222573569343,2,0.04396818833269968
1.603456538003229,0.6814942645407387,0.36291575828461653,2,0.04875131335683188
1.6039182500026072,0.6814942645407387,0.36291575828461653,2,0.04875131335683188
1.6050651420009672,0.6814942645407387,0.36291575828461653,2,0.04875131335683188
1.606230746001529,0.6814942645407387,0.36291575828461653,2,0.04875131335683188
1.6074247930009733,0.6814942645407387,0.36291575828461653,2,0.04875131335683188
1.6078955560005852,0.6814942645407387,0.36291575828461653,2,0.04875131335683188
1.6090127650022623,0.6814942645407387,0.36291575828461653,2,0.04875131335683188
1.6102077290051966,0.6814942645407387,0.36291575828461653,2,0.04875131335683188
1.6113769500007038,0.6814942645407387,0.36291575828461653,2,0.04875131335683188
1.612545862000843,0.6858921746914699,0.3607091234906717,2,0.053574872070168054
1.6137591020014952,0.6858921746914699,0.3607091234906717,2,0.053574872070168054
1.614248726000369,0.6858921746914699,0.3607091234906717,2,0.053574872070168054
1.615435197003535,0.6858921746914699,0.3607091234906717,2,0.053574872070168054
1.6165868440002669,0.6858921746914699,0.3607091234906717,2,0.053574872070168054
1.61703884400049,0.6858921746914699,0.3607091234906717,2,0.053574872070168054
1.618202083001961,0.6858921746914699,0.3607091234906717,2,0.053574872070168054
1.619344598002499,0.6858921746914699,0.3607091234906717,2,0.053574872070168054
1.6204422390001127,0.6858921746914699,0.3607091234906717,2,0.053574872070168054
1.6215450490053627,0.6858921746914699,0.3607091234906717,2,0.053574872070168054
1.6220196380018024,0.6858921746914699,0.3607091234906717,2,0.053574872070168054
1.6231529020005837,0.6858921746914699,0.3607091234906717,2,0.053574872070168054
1.6242843250001897,0.6858921746914699,0.3607091234906717,2,0.053574872070168054
1.62539750700671,0.6858921746914699,0.3607091234906717,2,0.053574872070168054
1.6258888010052033,0.6858921746914699,0.3607091234906717,2,0.053574872070168054
1.6270563880025293,0.6858921746914699,0.3607091234906717,2,0.053574872070168054
1.628199274004146,0.6903084563094721,0.358502099449935,2,0.05843230457555514
1.6293005700063077,0.6903084563094721,0.358502099449935,2,0.05843230457555514
1.6297208100004354,0.6903084563094721,0.358502099449935,2,0.05843230457555514
1.630887444000109,0.6903084563094721,0.358502099449935,2,0.05843230457555514
1.6320935830008239,0.6903084563094721,0.358502099449935,2,0.05843230457555514
1.6332235900044907,0.6908204351528554,0.3569490150536089,2,0.05938392827239262
1.6343491799998446,0.6908204351528554,0.3569490150536089,2,0.05938392827239262
1.6348325030048727,0.6908204351528554,0.3569490150536089,2,0.05938392827239262
1.6361997350031743,0.6908204351528554,0.3569490150536089,2,0.05938392827239262
1.6374912730025244,0.6908204351528554,0.3569490150536089,2,0.05938392827239262
1.6380438530031824,0.6908204351528554,0.3569490150536089,2,0.05938392827239262
1.6391562310018344,0.6963364999555216,0.35136586934058184,2,0.06645235857962868
1.640334387004259,0.6963364999555216,0.35136586934058184,2,0.06645235857962868
1.6416106530014076,0.6963364999555216,0.35136586934058184,2,0.06645235857962868
1.6428737490059575,0.6963364999555216,0.35136586934058184,2,0.06645235857962868
1.6433373600011691,0.6963364999555216,0.35136586934058184,2,0.06645235857962868
1.644460733004962,0.6963364999555216,0.35136586934058184,2,0.06645235857962868
1.6458282320018043,0.6963364999555216,0.35136586934058184,2,0.06645235857962868
1.6470257160035544,0.7007747161258938,0.3491337129337729,2,0.07139819951326068
1.647643127005722,0.7007747161258938,0.3491337129337729,2,0.07139819951326068
1.6487659230042482,0.7007747161258938,0.3491337129337729,2,0.07139819951326068
1.6499998720028088,0.7007747161258938,0.3491337129337729,2,0.07139819951326068
1.6514178020006511,0.7007747161258938,0.3491337129337729,2,0.07139819951326068
1.652707992005162,0.7007747161258938,0.3491337129337729,2,0.07139819951326068
1.6541582390054828,0.7007747161258938,0.3491337129337729,2,0.07139819951326068
1.6546378430066397,0.7007747161258938,0.3491337129337729,2,0.07139819951326068
1.6558690070014563,0.7007747161258938,0.3491337129337729,2,0.07139819951326068
1.6570765630021924,0.7007747161258938,0.3491337129337729,2,0.07139819951326068
1.6581817969999975,0.7052267211970878,0.3469045169488385,2,0.07635860859400743
1.658646805000899,0.7052267211970878,0.3469045169488385,2,0.07635860859400743
1.6597730540015618,0.7052267211970878,0.3469045169488385,2,0.07635860859400743
1.66093120000005,0.7052267211970878,0.3469045169488385,2,0.07635860859400743
1.6620743190069334,0.7052267211970878,0.3469045169488385,2,0.07635860859400743
1.663227231001656,0.7052267211970878,0.3469045169488385,2,0.07635860859400743
1.664452472999983,0.7052267211970878,0.3469045169488385,2,0.07635860859400743
1.665633290002006,0.7052267211970878,0.3469045169488385,2,0.07635860859400743
1.6667814750035177,0.7052267211970878,0.3469045169488385,2,0.07635860859400743
1.6679291160035064,0.7052267211970878,0.3469045169488385,2,0.07635860859400743
1.6690081100023235,0.7052267211970878,0.3469045169488385,2,0.07635860859400743
1.6701080820057541,0.7052267211970878,0.3469045169488385,2,0.07635860859400743
1.6712236640014453,0.7096886991273975,0.3446793370589739,2,0.08132900845458259
1.6716956130039762,0.7096886991273975,0.3446793370589739,2,0.08132900845458259
1.6728600090063992,0.7096886991273975,0.3446793370589739,2,0.08132900845458259
1.6733162280070246,0.7096886991273975,0.3446793370589739,2,0.08132900845458259
1.6744228130046395,0.7096886991273975,0.3446793370589739,2,0.08132900845458259
1.6749091960009537,0.7096886991273975,0.3446793370589739,2,0.08132900845458259
1.676049737005087,0.7096886991273975,0.3446793370589739,2,0.08132900845458259
1.676502768001228,0.7096886991273975,0.3446793370589739,2,0.08132900845458259
1.677641564005171,0.7141607125696583,0.3424590904440997,2,0.08630861823855493
1.6787538080025115,0.7141607125696583,0.3424590904440997,2,0.08630861823855493
1.6791720160035766,0.7141607125696583,0.3424590904440997,2,0.08630861823855493
1.6802469990070676,0.7141607125696583,0.3424590904440997,2,0.08630861823855493
1.681383999006357,0.7141607125696583,0.3424590904440997,2,0.08630861823855493
1.682510523001838,0.7141607125696583,0.3424590904440997,2,0.08630861823855493
1.6836322360031772,0.7141607125696583,0.3424590904440997,2,0.08630861823855493
1.6840837410054519,0.7141607125696583,0.3424590904440997,2,0.08630861823855493
1.6852987700040103,0.7141607125696583,0.3424590904440997,2,0.08630861823855493
1.6865394100022968,0.7141607125696583,0.3424590904440997,2,0.08630861823855493
1.6876928560013766,0.7186421118906985,0.3402432268870682,2,0.09129665704369645
1.6887592110069818,0.7186421118906985,0.3402432268870682,2,0.09129665704369645
1.689888200002315,0.7186421118906985,0.3402432268870682,2,0.09129665704369645
1.691027094006131,0.7186421118906985,0.3402432268870682,2,0.09129665704369645
1.6921094440040179,0.7186421118906985,0.3402432268870682,2,0.09129665704369645
1.692554489003669,0.7186421118906985,0.3402432268870682,2,0.09129665704369645
1.6936825040029362,0.7186421118906985,0.3402432268870682,2,0.09129665704369645
1.6941349170010653,0.7186421118906985,0.3402432268870682,2,0.09129665704369645
1.695207205004408,0.7186421118906985,0.3402432268870682,2,0.09129665704369645
1.696356486005243,0.7186421118906985,0.3402432268870682,2,0.09129665704369645
1.6975100630006636,0.7186421118906985,0.3402432268870682,2,0.09129665704369645
1.6979871280054795,0.7186421118906985,0.3402432268870682,2,0.09129665704369645
1.699116194002272,0.7231964352904936,0.33816762721530896,2,0.09629896074338005
1.6996197650005342,0.7231964352904936,0.33816762721530896,2,0.09629896074338005
1.700831353002286,0.7231964352904936,0.33816762721530896,2,0.09629896074338005
1.7020233370058122,0.7231964352904936,0.33816762721530896,2,0.09629896074338005
1.70323138400272,0.7231964352904936,0.33816762721530896,2,0.09629896074338005
1.704373011001735,0.7231964352904936,0.33816762721530896,2,0.09629896074338005
1.7054875290050404,0.7231964352904936,0.33816762721530896,2,0.09629896074338005
1.705992375005735,0.7231964352904936,0.33816762721530896,2,0.09629896074338005
1.7072090640067472,0.7231964352904936,0.33816762721530896,2,0.09629896074338005
1.7083983800039277,0.7231964352904936,0.33816762721530896,2,0.09629896074338005
1.709466861000692,0.7277905845759017,0.33616594506960107,3,0.09714738792618971
1.7099360100037302,0.7277905845759017,0.33616594506960107,3,0.09714738792618971
1.711083640002471,0.7277905845759017,0.33616594506960107,3,0.09714738792618971
1.7122620250011096,0.7277905845759017,0.33616594506960107,3,0.09714738792618971
1.7133797200003755,0.7277905845759017,0.33616594506960107,3,0.09714738792618971
1.7144929970017984,0.7324115886924232,0.33421266555932294,3,0.09216201486213314
1.7149767330047325,0.7324115886924232,0.33421266555932294,3,0.09216201486213314
1.7161379420067533,0.7324115886924232,0.33421266555932294,3,0.09216201486213314
1.7172498760046437,0.7324115886924232,0.33421266555932294,3,0.09216201486213314
1.7177193950046785,0.7324115886924232,0.33421266555932294,3,0.09216201486213314
1.7189083530029166,0.7324115886924232,0.33421266555932294,3,0.09216201486213314
1.720076842000708,0.7324115886924232,0.33421266555932294,3,0.09216201486213314
1.7211834890040336,0.7324115886924232,0.33421266555932294,3,0.09216201486213314
1.7222886119998293,0.7324115886924232,0.33421266555932294,3,0.09216201486213314
1.7227546620051726,0.7324115886924232,0.33421266555932294,3,0.09216201486213314
1.727052343005198,0.7324115886924232,0.33421266555932294,3,0.09216201486213314
1.7283789650027757,0.7370399536034468,0.3322630852473304,3,0.08717571728017312
1.728867222002009,0.7370399536034468,0.3322630852473304,3,0.08717571728017312
1.7332162340026116,0.7370399536034468,0.3322630852473304,3,0.08717571728017312
1.7346397760047694,0.7370399536034468,0.3322630852473304,3,0.08717571728017312
1.735189959006675,0.7370399536034468,0.3322630852473304,3,0.08717571728017312
1.7367327780011692,0.7370399536034468,0.3322630852473304,3,0.08717571728017312
1.73724077600491,0.7370399536034468,0.3322630852473304,3,0.08717571728017312
1.7383395670040045,0.7370399536034468,0.3322630852473304,3,0.08717571728017312
1.7540597150000394,0.7370399536034468,0.3322630852473304,3,0.08717571728017312
1.7547327730062534,0.7370399536034468,0.3322630852473304,3,0.08717571728017312
1.7560681070026476,0.7509891977166294,0.32649167280801905,3,0.07223221570900855
1.7565504840022186,0.7509891977166294,0.32649167280801905,3,0.07223221570900855
1.7578036040067673,0.7509891977166294,0.32649167280801905,3,0.07223221570900855
1.7582702890067594,0.7509891977166294,0.32649167280801905,3,0.07223221570900855
1.7594482850036002,0.7509891977166294,0.32649167280801905,3,0.07223221570900855
1.7599070540018147,0.7509891977166294,0.32649167280801905,3,0.07223221570900855
1.7610834900042391,0.7509891977166294,0.32649167280801905,3,0.07223221570900855
1.7615660630035563,0.7509891977166294,0.32649167280801905,3,0.07223221570900855
1.7628503900050418,0.7509891977166294,0.32649167280801905,3,0.07223221570900855
1.7633423550068983,0.7509891977166294,0.32649167280801905,3,0.07223221570900855
1.7645206380038871,0.7509891977166294,0.32649167280801905,3,0.07223221570900855
1.7657115400070325,0.7556318325601642,0.32458036675318896,3,0.067278856925243
1.7661835430044448,0.7556318325601642,0.32458036675318896,3,0.067278856925243
1.7674748510034988,0.7556318325601642,0.32458036675318896,3,0.067278856925243
1.7687081660042168,0.7556318325601642,0.32458036675318896,3,0.067278856925243
1.769838146006805,0.7556318325601642,0.32458036675318896,3,0.067278856925243
1.7702535440039355,0.7556318325601642,0.32458036675318896,3,0.067278856925243
1.7713842430021032,0.7556318325601642,0.32458036675318896,3,0.067278856925243
1.7725118500020471,0.7556318325601642,0.32458036675318896,3,0.067278856925243
1.773678457000642,0.7597467779169182,0.32322975583612173,3,0.06308412700278099
1.774781892003375,0.7597467779169182,0.32322975583612173,3,0.06308412700278099
1.775919479005097,0.7597467779169182,0.32322975583612173,3,0.06308412700278099
1.7764509430053295,0.7597467779169182,0.32322975583612173,3,0.06308412700278099
1.777622097004496,0.7597467779169182,0.32322975583612173,3,0.06308412700278099
1.778757932006556,0.7597467779169182,0.32322975583612173,3,0.06308412700278099
1.7798624140050379,0.7597467779169182,0.32322975583612173,3,0.06308412700278099
1.7803159080067417,0.7597467779169182,0.32322975583612173,3,0.06308412700278099
1.7813884640054312,0.7597467779169182,0.32322975583612173,3,0.06308412700278099
1.782595761003904,0.7597467779169182,0.32322975583612173,3,0.06308412700278099
1.783791944006225,0.7597467779169182,0.32322975583612173,3,0.06308412700278099
1.7849352730045212,0.7597467779169182,0.32322975583612173,3,0.06308412700278099
1.7861109060031595,0.7597406380243739,0.32324099771389686,3,0.06309540571455628
1.7865633850015001,0.7597406380243739,0.32324099771389686,3,0.06309540571455628
1.7877287910014275,0.7597406380243739,0.32324099771389686,3,0.06309540571455628
1.7889256210037274,0.7597406380243739,0.32324099771389686,3,0.06309540571455628
1.7900311840057839,0.7642249360037049,0.32111942757472833,3,0.05818366362286166
1.7911248540040106,0.7642249360037049,0.32111942757472833,3,0.05818366362286166
1.7915878660060116,0.7642249360037049,0.32111942757472833,3,0.05818366362286166
1.792717063006421,0.7642249360037049,0.32111942757472833,3,0.05818366362286166
1.7938421840008232,0.7642249360037049,0.32111942757472833,3,0.05818366362286166
1.794962267005758,0.7642249360037049,0.32111942757472833,3,0.05818366362286166
1.7960649280066718,0.7642249360037049,0.32111942757472833,3,0.05818366362286166
1.7971898300020257,0.7642249360037049,0.32111942757472833,3,0.05818366362286166
1.7976562450057827,0.7642249360037049,0.32111942757472833,3,0.05818366362286166
1.7987810900012846,0.7642249360037049,0.32111942757472833,3,0.05818366362286166
1.7999310910017812,0.7642249360037049,0.32111942757472833,3,0.05818366362286166
1.8011112570020487,0.7686933594723854,0.3190150235561495,3,0.053303826940560704
1.8021956540032988,0.7686933594723854,0.3190150235561495,3,0.053303826940560704
1.8026577800046653,0.7686933594723854,0.3190150235561495,3,0.053303826940560704
1.8038024060006137,0.7686933594723854,0.3190150235561495,3,0.053303826940560704
1.8049908580069314,0.7686933594723854,0.3190150235561495,3,0.053303826940560704
1.8061478400049964,0.7686933594723854,0.3190150235561495,3,0.053303826940560704
1.8072820200031856,0.7686933594723854,0.3190150235561495,3,0.053303826940560704
1.8077425170049537,0.7686933594723854,0.3190150235561495,3,0.053303826940560704
1.8088643950031837,0.7686933594723854,0.3190150235561495,3,0.053303826940560704
1.8099871600061306,0.7686933594723854,0.3190150235561495,3,0.053303826940560704
1.8110935520016938,0.7686933594723854,0.3190150235561495,3,0.053303826940560704
1.8115256590026547,0.7686933594723854,0.3190150235561495,3,0.053303826940560704
1.8127051070041489,0.7686933594723854,0.3190150235561495,3,0.053303826940560704
1.8138486800016835,0.7686933594723854,0.3190150235561495,3,0.053303826940560704
1.8150159940050798,0.7686933594723854,0.3190150235561495,3,0.053303826940560704
1.8161156550049782,0.7731492444188753,0.31692522252411043,3,0.0484547024567829
1.8172117690046434,0.7731492444188753,0.31692522252411043,3,0.0484547024567829
1.8176598150021164,0.7731492444188753,0.31692522252411043,3,0.0484547024567829
1.8187337280032807,0.7731492444188753,0.31692522252411043,3,0.0484547024567829
1.819778575001692,0.7731492444188753,0.31692522252411043,3,0.0484547024567829
1.8208403030002955,0.7731492444188753,0.31692522252411043,3,0.0484547024567829
1.8212426970058004,0.7731492444188753,0.31692522252411043,3,0.0484547024567829
1.8222954160009976,0.7731492444188753,0.31692522252411043,3,0.0484547024567829
1.8233479370028363,0.7731492444188753,0.31692522252411043,3,0.0484547024567829
1.8244108490034705,0.7731492444188753,0.31692522252411043,3,0.0484547024567829
1.825441345004947,0.7731492444188753,0.31692522252411043,3,0.0484547024567829
1.8259036780000315,0.7731492444188753,0.31692522252411043,3,0.0484547024567829
1.8269774800064624,0.7731492444188753,0.31692522252411043,3,0.0484547024567829
1.8280660990058095,0.7775959046432831,0.3148492575821578,3,0.04363747250394719
1.8291393640029128,0.7775959046432831,0.3148492575821578,3,0.04363747250394719
1.8302211040063412,0.7775959046432831,0.3148492575821578,3,0.04363747250394719
1.8306578370029456,0.7775959046432831,0.3148492575821578,3,0.04363747250394719
1.8316476410036557,0.7775959046432831,0.3148492575821578,3,0.04363747250394719
1.8326833200044348,0.7820354175986752,0.3127852178913318,3,0.038855801189022654
1.8337258660030784,0.7820354175986752,0.3127852178913318,3,0.038855801189022654
1.8348658930044621,0.7820354175986752,0.3127852178913318,3,0.038855801189022654
1.8358903080006712,0.7820354175986752,0.3127852178913318,3,0.038855801189022654
1.8368076660044608,0.7820354175986752,0.3127852178913318,3,0.038855801189022654
1.8376728590010316,0.7820354175986752,0.3127852178913318,3,0.038855801189022654
1.8385188710017246,0.7820354175986752,0.3127852178913318,3,0.038855801189022654
1.8394931990042096,0.7820354175986752,0.3127852178913318,3,0.038855801189022654
1.8405175290026818,0.7820354175986752,0.3127852178913318,3,0.038855801189022654
1.8409562820015708,0.7820354175986752,0.3127852178913318,3,0.038855801189022654
1.8419962920015678,0.7820354175986752,0.3127852178913318,3,0.038855801189022654
1.8429768770001829,0.7820354175986752,0.3127852178913318,3,0.038855801189022654
1.8438902030029567,0.7820354175986752,0.3127852178913318,3,0.038855801189022654
1.8447812970043742,0.7820354175986752,0.3127852178913318,3,0.038855801189022654
1.8457165700019686,0.7820354175986752,0.3127852178913318,3,0.038855801189022654
1.8461199990051682,0.7820354175986752,0.3127852178913318,3,0.038855801189022654
1.8471201010033838,0.7820354175986752,0.3127852178913318,3,0.038855801189022654
1.8481139260038617,0.7820354175986752,0.3127852178913318,3,0.038855801189022654
1.8490939950061147,0.7820354175986752,0.3127852178913318,3,0.038855801189022654
1.8500745199999074,0.7820354175986752,0.3127852178913318,3,0.038855801189022654
1.8511316850053845,0.7864700655639973,0.31073284983368005,3,0.0341177737551112
1.8521528440032853,0.7864700655639973,0.31073284983368005,3,0.0341177737551112
1.8525496940055746,0.7864700655639973,0.31073284983368005,3,0.0341177737551112
1.8535255290044006,0.7864700655639973,0.31073284983368005,3,0.0341177737551112
1.8545643250035937,0.7864700655639973,0.31073284983368005,3,0.0341177737551112
1.8562163630049326,0.7864700655639973,0.31073284983368005,3,0.0341177737551112
1.857428223003808,0.7864700655639973,0.31073284983368005,3,0.0341177737551112
1.8580001180016552,0.7864700655639973,0.31073284983368005,3,0.0341177737551112
1.859180000006745,0.7864700655639973,0.31073284983368005,3,0.0341177737551112
1.8604756530039595,0.7864700655639973,0.31073284983368005,3,0.0341177737551112
1.8608915620061453,0.7864700655639973,0.31073284983368005,3,0.0341177737551112
1.8619464140065247,0.7864700655639973,0.31073284983368005,3,0.0341177737551112
1.8631166220002342,0.7864700655639973,0.31073284983368005,3,0.0341177737551112
1.8642486440003267,0.7909010998964019,0.3086906668980914,3,0.029437900608275242
1.8653522260065074,0.7909010998964019,0.3086906668980914,3,0.029437900608275242
1.8667006160030724,0.7909010998964019,0.3086906668980914,3,0.029437900608275242
1.8671851990002324,0.7909010998964019,0.3086906668980914,3,0.029437900608275242
1.8682177840018994,0.7909010998964019,0.3086906668980914,3,0.029437900608275242
1.8691516380058601,0.7909010998964019,0.3086906668980914,3,0.029437900608275242
1.8694328280034824,0.7909010998964019,0.3086906668980914,3,0.029437900608275242
1.8700855690040044,0.7909010998964019,0.3086906668980914,3,0.029437900608275242
1.870779829005187,0.7909010998964019,0.3086906668980914,3,0.029437900608275242
1.8715828950007563,0.7909010998964019,0.3086906668980914,3,0.029437900608275242
1.8722792610060424,0.7953509604008414,0.3066492120573243,3,0.02482221027433289
1.8725332820031326,0.7953509604008414,0.3066492120573243,3,0.02482221027433289
1.8732337610053946,0.7953509604008414,0.3066492120573243,3,0.02482221027433289
1.8741779290066916,0.7953509604008414,0.3066492120573243,3,0.02482221027433289
1.8751669070043135,0.7953509604008414,0.3066492120573243,3,0.02482221027433289
1.876140819003922,0.7953509604008414,0.3066492120573243,3,0.02482221027433289
1.8771184310026001,0.7953509604008414,0.3066492120573243,3,0.02482221027433289
1.8782189850026043,0.7953509604008414,0.3066492120573243,3,0.02482221027433289
1.879209359001834,0.7998399056229872,0.30459848151285374,3,0.020306122516918875
1.87961463600368,0.7998399056229872,0.30459848151285374,3,0.020306122516918875
1.8805907020068844,0.7998399056229872,0.30459848151285374,3,0.020306122516918875
1.8810756010061596,0.7998399056229872,0.30459848151285374,3,0.020306122516918875
1.8821751690047677,0.7998399056229872,0.30459848151285374,3,0.020306122516918875
1.883258518006187,0.7998399056229872,0.30459848151285374,3,0.020306122516918875
1.883652239004732,0.7998399056229872,0.30459848151285374,3,0.020306122516918875
1.8846562690014252,0.7998399056229872,0.30459848151285374,3,0.020306122516918875
1.8859088350000093,0.7998399056229872,0.30459848151285374,3,0.020306122516918875
1.8870448140005465,0.8043669668111546,0.3025409014317773,3,0.016013396223053464
1.8880464180037961,0.8043669668111546,0.3025409014317773,3,0.016013396223053464
1.888419981005427,0.8043669668111546,0.3025409014317773,3,0.016013396223053464
1.889389072006452,0.8043669668111546,0.3025409014317773,3,0.016013396223053464
1.890452046005521,0.8043669668111546,0.3025409014317773,3,0.016013396223053464
1.891518028001883,0.8043669668111546,0.3025409014317773,3,0.016013396223053464
1.892591119001736,0.8043669668111546,0.3025409014317773,3,0.016013396223053464
1.8929802810016554,0.8043669668111546,0.3025409014317773,3,0.016013396223053464
1.8941939120049938,0.8043669668111546,0.3025409014317773,3,0.016013396223053464
1.8952805070002796,0.8043669668111546,0.3025409014317773,3,0.016013396223053464
1.8960077350056963,0.8077634929340944,0.3014391583322513,3,0.013523653272295495
1.8962791830053902,0.8077634929340944,0.3014391583322513,3,0.013523653272295495
1.897009958003764,0.8077634929340944,0.3014391583322513,3,0.013523653272295495
1.897739462001482,0.8077634929340944,0.3014391583322513,3,0.013523653272295495
1.905320516001666,0.8077634929340944,0.3014391583322513,3,0.013523653272295495
1.9059137300064322,0.8077634929340944,0.3014391583322513,3,0.013523653272295495
1.9072616760022356,0.8077634929340944,0.3014391583322513,3,0.013523653272295495
1.9078273980048834,0.8077634929340944,0.3014391583322513,3,0.013523653272295495
1.909104644000763,0.8072695128219508,0.30264869994636023,3,0.014829925877510032
1.909557279002911,0.8072695128219508,0.30264869994636023,3,0.014829925877510032
1.9107275960050174,0.8072695128219508,0.30264869994636023,3,0.014829925877510032
1.9118625470000552,0.8072695128219508,0.30264869994636023,3,0.014829925877510032
1.9130526580047444,0.8120669205661306,0.30099352915309774,3,0.012189188291451067
1.9135143060047994,0.8120669205661306,0.30099352915309774,3,0.012189188291451067
1.9147737300008885,0.8120669205661306,0.30099352915309774,3,0.012189188291451067
1.9160542230019928,0.8120669205661306,0.30099352915309774,3,0.012189188291451067
1.9172368640065542,0.8120669205661306,0.30099352915309774,3,0.012189188291451067
1.9176882220053812,0.8120669205661306,0.30099352915309774,3,0.012189188291451067
1.9187887300067814,0.8169050556289864,0.29936212254241384,3,0.01138347622260844
1.9192291340004886,0.8169050556289864,0.29936212254241384,3,0.01138347622260844
1.9203211080020992,0.8169050556289864,0.29936212254241384,3,0.01138347622260844
1.9215105890034465,0.8169050556289864,0.29936212254241384,3,0.01138347622260844
1.9226371470067534,0.8169050556289864,0.29936212254241384,3,0.01138347622260844
1.9237373910000315,0.8217720322987514,0.2977241799931001,3,0.012772609619201682
1.9248848520001047,0.8217720322987514,0.2977241799931001,3,0.012772609619201682
1.9253263010032242,0.8217720322987514,0.2977241799931001,3,0.012772609619201682
1.9263824020017637,0.8217720322987514,0.2977241799931001,3,0.012772609619201682
1.9274811390059767,0.8217720322987514,0.2977241799931001,3,0.012772609619201682
1.928638861005311,0.8217720322987514,0.2977241799931001,3,0.012772609619201682
1.9290929660055554,0.8217720322987514,0.2977241799931001,3,0.012772609619201682
1.9302017420050106,0.8217720322987514,0.2977241799931001,3,0.012772609619201682
1.9312982470000861,0.8217720322987514,0.2977241799931001,3,0.012772609619201682
1.932366285000171,0.8217720322987514,0.2977241799931001,3,0.012772609619201682
1.933613556000637,0.8217720322987514,0.2977241799931001,3,0.012772609619201682
1.9340569020059775,0.8217720322987514,0.2977241799931001,3,0.012772609619201682
1.9373025430031703,0.8217720322987514,0.2977241799931001,3,0.012772609619201682
1.9387053420068696,0.8217720322987514,0.2977241799931001,3,0.012772609619201682
1.9391947200056165,0.8217720322987514,0.2977241799931001,3,0.012772609619201682
1.9403624270053115,0.8217720322987514,0.2977241799931001,3,0.012772609619201682
1.9416105400014203,0.8316029244091244,0.2944775589399325,3,0.01981099047476112
1.9420748970005661,0.8316029244091244,0.2944775589399325,3,0.01981099047476112
1.943171531005646,0.8316029244091244,0.2944775589399325,3,0.01981099047476112
1.9442601920018205,0.8316029244091244,0.2944775589399325,3,0.01981099047476112
1.9453611610006192,0.8316029244091244,0.2944775589399325,3,0.01981099047476112
1.9475694170032511,0.8316029244091244,0.2944775589399325,3,0.01981099047476112
1.9480370360033703,0.8316029244091244,0.2944775589399325,3,0.01981099047476112
1.9503861550037982,0.8316029244091244,0.2944775589399325,3,0.01981099047476112
1.9515608350047842,0.8316029244091244,0.2944775589399325,3,0.01981099047476112
1.9528260360020795,0.8316029244091244,0.2944775589399325,3,0.01981099047476112
1.9540810370017425,0.8316029244091244,0.2944775589399325,3,0.01981099047476112
1.9552542090023053,0.836560136489856,0.29287053061623813,3,0.02428298622585824
1.9557337620062754,0.836560136489856,0.29287053061623813,3,0.02428298622585824
1.9569012630017824,0.836560136489856,0.29287053061623813,3,0.02428298622585824
1.958006460001343,0.836560136489856,0.29287053061623813,3,0.02428298622585824
1.9584285590026411,0.836560136489856,0.29287053061623813,3,0.02428298622585824
1.9594479220031644,0.836560136489856,0.29287053061623813,3,0.02428298622585824
1.9605271260006703,0.836560136489856,0.29287053061623813,3,0.02428298622585824
1.9616916480008513,0.836560136489856,0.29287053061623813,3,0.02428298622585824
1.962786464006058,0.836560136489856,0.29287053061623813,3,0.02428298622585824
1.963309795006353,0.836560136489856,0.29287053061623813,3,0.02428298622585824
1.9644251750069088,0.836560136489856,0.29287053061623813,3,0.02428298622585824
1.9656081220018677,0.836560136489856,0.29287053061623813,3,0.02428298622585824
1.9666836460019113,0.836560136489856,0.29287053061623813,3,0.02428298622585824
1.9678021100044134,0.841532905176013,0.2912590868198322,3,0.029017964939657352
1.9682442210032605,0.841532905176013,0.2912590868198322,3,0.029017964939657352
1.969379308000498,0.841532905176013,0.2912590868198322,3,0.029017964939657352
1.970478790004563,0.841532905176013,0.2912590868198322,3,0.029017964939657352
1.9715843470039545,0.841532905176013,0.2912590868198322,3,0.029017964939657352
1.972701048005547,0.841532905176013,0.2912590868198322,3,0.029017964939657352
1.9737649070011685,0.841532905176013,0.2912590868198322,3,0.029017964939657352
1.9748297260011896,0.841532905176013,0.2912590868198322,3,0.029017964939657352
1.9758894790065824,0.841532905176013,0.2912590868198322,3,0.029017964939657352
1.9770259260039893,0.841532905176013,0.2912590868198322,3,0.029017964939657352
1.9774711440040846,0.841532905176013,0.2912590868198322,3,0.029017964939657352
1.9785440070045297,0.841532905176013,0.2912590868198322,3,0.029017964939657352
1.9789848110012827,0.841532905176013,0.2912590868198322,3,0.029017964939657352
1.9800571420055348,0.8465289886951421,0.28966992678096065,3,0.03392181837393434
1.9804981030029012,0.8465289886951421,0.28966992678096065,3,0.03392181837393434
1.9815970140043646,0.8465289886951421,0.28966992678096065,3,0.03392181837393434
1.9827068810045603,0.8465289886951421,0.28966992678096065,3,0.03392181837393434
1.9838716200029012,0.8465289886951421,0.28966992678096065,3,0.03392181837393434
1.9850572210052633,0.8465289886951421,0.28966992678096065,3,0.03392181837393434
1.9855002399999648,0.8465289886951421,0.28966992678096065,3,0.03392181837393434
1.986567237006966,0.8465289886951421,0.28966992678096065,3,0.03392181837393434
1.9876384230010444,0.8515327987881055,0.2880568231024883,3,0.038922318951640666
1.9880913390006754,0.8515327987881055,0.2880568231024883,3,0.038922318951640666
1.9892731320069288,0.8515327987881055,0.2880568231024883,3,0.038922318951640666
1.990364479002892,0.8515327987881055,0.2880568231024883,3,0.038922318951640666
1.9914245270047104,0.8515327987881055,0.2880568231024883,3,0.038922318951640666
1.9924761319998652,0.8515327987881055,0.2880568231024883,3,0.038922318951640666
1.9935881930068717,0.8515327987881055,0.2880568231024883,3,0.038922318951640666
1.9946858040057123,0.8515327987881055,0.2880568231024883,3,0.038922318951640666
1.995762229002139,0.8515327987881055,0.2880568231024883,3,0.038922318951640666
1.9969098530054907,0.8515327987881055,0.2880568231024883,3,0.038922318951640666
1.9979839040024672,0.856539771145909,0.28640838578279276,3,0.04398785314151482
1.9991024360060692,0.856539771145909,0.28640838578279276,3,0.04398785314151482
1.999609317004797,0.856539771145909,0.28640838578279276,3,0.04398785314151482
2.000832039004308,0.856539771145909,0.28640838578279276,3,0.04398785314151482
2.001340707000054,0.856539771145909,0.28640838578279276,3,0.04398785314151482
2.002484369004378,0.856539771145909,0.28640838578279276,3,0.04398785314151482
2.0029308820012375,0.856539771145909,0.28640838578279276,3,0.04398785314151482
2.004090778005775,0.856539771145909,0.28640838578279276,3,0.04398785314151482
2.005342678006855,0.856539771145909,0.28640838578279276,3,0.04398785314151482
2.0058030979998875,0.856539771145909,0.28640838578279276,3,0.04398785314151482
2.006872601006762,0.856539771145909,0.28640838578279276,3,0.04398785314151482
2.00794941100321,0.856539771145909,0.28640838578279276,3,0.04398785314151482
2.00915685200016,0.8663680857942258,0.2855449960689393,3,0.05384967199414581
2.009654710003815,0.8663680857942258,0.2855449960689393,3,0.05384967199414581
2.0107887600024696,0.8663680857942258,0.2855449960689393,3,0.05384967199414581
2.0119540420055273,0.8663680857942258,0.2855449960689393,3,0.05384967199414581
2.0131298820051597,0.8705507956100467,0.2862172322317234,3,0.057991190247712855
2.014237981005863,0.8705507956100467,0.2862172322317234,3,0.057991190247712855
2.014702810003655,0.8705507956100467,0.2862172322317234,3,0.057991190247712855
2.015862354004639,0.8705507956100467,0.2862172322317234,3,0.057991190247712855
2.017070779002097,0.8705507956100467,0.2862172322317234,3,0.057991190247712855
2.0182195550005417,0.8705507956100467,0.2862172322317234,3,0.057991190247712855
2.0186763660021825,0.8705507956100467,0.2862172322317234,3,0.057991190247712855
2.01978247500665,0.8705507956100467,0.2862172322317234,3,0.057991190247712855
2.0209345940020285,0.875600261374079,0.2846158369076566,3,0.06312230933004834
2.0213788420005585,0.875600261374079,0.2846158369076566,3,0.06312230933004834
2.022476871003164,0.875600261374079,0.2846158369076566,3,0.06312230933004834
2.0235691350026173,0.875600261374079,0.2846158369076566,3,0.06312230933004834
2.02470318700216,0.875600261374079,0.2846158369076566,3,0.06312230933004834
2.0251371000049403,0.875600261374079,0.2846158369076566,3,0.06312230933004834
2.026212286000373,0.875600261374079,0.2846158369076566,3,0.06312230933004834
2.027269800004433,0.875600261374079,0.2846158369076566,3,0.06312230933004834
2.028327835003438,0.875600261374079,0.2846158369076566,3,0.06312230933004834
2.0294587390017114,0.875600261374079,0.2846158369076566,3,0.06312230933004834
2.0305535180013976,0.8806685291436697,0.28303401329845845,3,0.06829589115667785
2.031658973006415,0.8806685291436697,0.28303401329845845,3,0.06829589115667785
2.0328328290052013,0.8806685291436697,0.28303401329845845,3,0.06829589115667785
2.0332830660045147,0.8806685291436697,0.28303401329845845,3,0.06829589115667785
2.034424110002874,0.8806685291436697,0.28303401329845845,3,0.06829589115667785
2.0355309560036403,0.885747084815772,0.2814465882611081,3,0.0734996441684954
2.036359399004141,0.885747084815772,0.2814465882611081,3,0.0734996441684954
2.0373484270021436,0.885747084815772,0.2814465882611081,3,0.0734996441684954
2.0383502510012477,0.885747084815772,0.2814465882611081,3,0.0734996441684954
2.038770545004809,0.885747084815772,0.2814465882611081,3,0.0734996441684954
2.039758005004842,0.885747084815772,0.2814465882611081,3,0.0734996441684954
2.0411668890010333,0.885747084815772,0.2814465882611081,3,0.0734996441684954
2.042228435006109,0.885747084815772,0.2814465882611081,3,0.0734996441684954
2.0432784270014963,0.885747084815772,0.2814465882611081,3,0.0734996441684954
2.0437350230058655,0.885747084815772,0.2814465882611081,3,0.0734996441684954
2.0448929550038883,0.885747084815772,0.2814465882611081,3,0.0734996441684954
2.0460261320040445,0.885747084815772,0.2814465882611081,3,0.0734996441684954
2.046472525005811,0.885747084815772,0.2814465882611081,3,0.0734996441684954
2.047600528007024,0.8908437502915421,0.27988064022016906,3,0.07873460868922522
2.048826230005943,0.8908437502915421,0.27988064022016906,3,0.07873460868922522
2.0500483340001665,0.8908437502915421,0.27988064022016906,3,0.07873460868922522
2.051219934000983,0.8908437502915421,0.27988064022016906,3,0.07873460868922522
2.0523165200065705,0.8908437502915421,0.27988064022016906,3,0.07873460868922522
2.0534163380070822,0.8908437502915421,0.27988064022016906,3,0.07873460868922522
2.053878477003309,0.8908437502915421,0.27988064022016906,3,0.07873460868922522
2.0550224390026415,0.8959457261898213,0.2783113664535313,3,0.08398744401111592
2.055493499006843,0.8959457261898213,0.2783113664535313,3,0.08398744401111592
2.056676926004002,0.8959457261898213,0.2783113664535313,3,0.08398744401111592
2.057831068006635,0.8959457261898213,0.2783113664535313,3,0.08398744401111592
2.0589954090028186,0.8959457261898213,0.2783113664535313,3,0.08398744401111592
2.060088562000601,0.8959457261898213,0.2783113664535313,3,0.08398744401111592
2.060594293005124,0.8959457261898213,0.2783113664535313,3,0.08398744401111592
2.061680308004725,0.8959457261898213,0.2783113664535313,3,0.08398744401111592
2.062762242007011,0.8959457261898213,0.2783113664535313,3,0.08398744401111592
2.063840231006907,0.8959457261898213,0.2783113664535313,3,0.08398744401111592
2.064927539002383,0.8959457261898213,0.2783113664535313,3,0.08398744401111592
2.0659420680021867,0.8959457261898213,0.2783113664535313,3,0.08398744401111592
2.0669460960052675,0.8959457261898213,0.2783113664535313,3,0.08398744401111592
2.0679595290057478,0.8959457261898213,0.2783113664535313,3,0.08398744401111592
2.0691252180040465,0.8959457261898213,0.2783113664535313,3,0.08398744401111592
2.0702444480048143,0.9010566887653286,0.27676679836633666,3,0.08925593480351715
2.07071924200136,0.9010566887653286,0.27676679836633666,3,0.08925593480351715
2.071798282006057,0.9010566887653286,0.27676679836633666,3,0.08925593480351715
2.072857446000853,0.9010566887653286,0.27676679836633666,3,0.08925593480351715
2.073251780006103,0.9010566887653286,0.27676679836633666,3,0.08925593480351715
2.078263646006235,0.9010566887653286,0.27676679836633666,3,0.08925593480351715
2.0796074390018475,0.9010566887653286,0.27676679836633666,3,0.08925593480351715
2.0811218120070407,0.9010566887653286,0.27676679836633666,3,0.08925593480351715
2.0823578990020906,0.9010566887653286,0.27676679836633666,3,0.08925593480351715
2.083464368006389,0.9010566887653286,0.27676679836633666,3,0.08925593480351715
2.084600374000729,0.9010566887653286,0.27676679836633666,3,0.08925593480351715
2.0856838210020214,0.9010566887653286,0.27676679836633666,3,0.08925593480351715
2.08687563600688,0.9061622583767599,0.27519996552882275,3,0.09453023413244638
2.0879430410059285,0.9061622583767599,0.27519996552882275,3,0.09453023413244638
2.0890769660036312,0.9061622583767599,0.27519996552882275,3,0.09453023413244638
2.089527560005081,0.9061622583767599,0.27519996552882275,3,0.09453023413244638
2.0906594040061464,0.9061622583767599,0.27519996552882275,3,0.09453023413244638
2.0911169490063912,0.9061622583767599,0.27519996552882275,3,0.09453023413244638
2.0922320270037744,0.9061622583767599,0.27519996552882275,3,0.09453023413244638
2.0927223500038963,0.9061622583767599,0.27519996552882275,3,0.09453023413244638
2.0938791210064664,0.9061622583767599,0.27519996552882275,3,0.09453023413244638
2.0943146940044244,0.9061622583767599,0.27519996552882275,3,0.09453023413244638
2.0954637370014098,0.9061622583767599,0.27519996552882275,3,0.09453023413244638
2.096643135002523,0.9061622583767599,0.27519996552882275,3,0.09453023413244638
2.097792610002216,0.9061622583767599,0.27519996552882275,3,0.09453023413244638
2.0989956650009844,0.9112585295687496,0.27359895141498525,3,0.09980759849468236
2.099485097001889,0.9112585295687496,0.27359895141498525,3,0.09980759849468236
2.100725397001952,0.9112585295687496,0.27359895141498525,3,0.09980759849468236
2.101831629006483,0.9112585295687496,0.27359895141498525,3,0.09980759849468236
2.1029369060051977,0.9112585295687496,0.27359895141498525,3,0.09980759849468236
2.103391652002756,0.9112585295687496,0.27359895141498525,3,0.09980759849468236
2.1045257140067406,0.9112585295687496,0.27359895141498525,3,0.09980759849468236
2.105634600004123,0.9112585295687496,0.27359895141498525,3,0.09980759849468236
2.1066860570063,0.9112585295687496,0.27359895141498525,3,0.09980759849468236
2.1077640260045882,0.9112585295687496,0.27359895141498525,3,0.09980759849468236
2.108901692001382,0.9163594309347719,0.27200866628882153,4,0.09978864029729144
2.1099726900065434,0.9163594309347719,0.27200866628882153,4,0.09978864029729144
2.110416071001964,0.9163594309347719,0.27200866628882153,4,0.09978864029729144
2.111469950003084,0.9163594309347719,0.27200866628882153,4,0.09978864029729144
2.1126556870003697,0.9163594309347719,0.27200866628882153,4,0.09978864029729144
2.113735810002254,0.9163594309347719,0.27200866628882153,4,0.09978864029729144
2.114819606002129,0.9163594309347719,0.27200866628882153,4,0.09978864029729144
2.1159118600044167,0.9163594309347719,0.27200866628882153,4,0.09978864029729144
2.1172961340053007,0.9163594309347719,0.27200866628882153,4,0.09978864029729144
2.118446545006009,0.9163594309347719,0.27200866628882153,4,0.09978864029729144
2.1196200960039278,0.9163594309347719,0.27200866628882153,4,0.09978864029729144
2.1207899950022693,0.9163594309347719,0.27200866628882153,4,0.09978864029729144
2.1212454860069556,0.9163594309347719,0.27200866628882153,4,0.09978864029729144
2.122533089001081,0.9163594309347719,0.27200866628882153,4,0.09978864029729144
2.123636524003814,0.9163594309347719,0.27200866628882153,4,0.09978864029729144
2.124121066000953,0.9163594309347719,0.27200866628882153,4,0.09978864029729144
2.125343341002008,0.9163594309347719,0.27200866628882153,4,0.09978864029729144
2.1264045980060473,0.9163594309347719,0.27200866628882153,4,0.09978864029729144
2.127434494002955,0.9214587735812398,0.27040956426148904,4,0.09473279714499731
2.1278449920064304,0.9214587735812398,0.27040956426148904,4,0.09473279714499731
2.128883280005539,0.9214587735812398,0.27040956426148904,4,0.09473279714499731
2.130045642006735,0.9214587735812398,0.27040956426148904,4,0.09473279714499731
2.131085670000175,0.9214587735812398,0.27040956426148904,4,0.09473279714499731
2.132205003006675,0.9218065340280879,0.2702056307595241,4,0.09433221199586507
2.1327806750050513,0.9218065340280879,0.2702056307595241,4,0.09433221199586507
2.133953366006608,0.9218065340280879,0.2702056307595241,4,0.09433221199586507
2.1350870550013497,0.9218065340280879,0.2702056307595241,4,0.09433221199586507
2.136191444005817,0.9279543258037937,0.26799421603547524,4,0.08810778076985241
2.1366963040054543,0.9279543258037937,0.26799421603547524,4,0.08810778076985241
2.1378443960056757,0.9279543258037937,0.26799421603547524,4,0.08810778076985241
2.1389599940011976,0.9330556389163135,0.2663942713464885,4,0.08312797853000217
2.13942969400523,0.9330556389163135,0.2663942713464885,4,0.08312797853000217
2.140634338000382,0.9330556389163135,0.2663942713464885,4,0.08312797853000217
2.141832224006066,0.9330556389163135,0.2663942713464885,4,0.08312797853000217
2.1429734800040023,0.9330556389163135,0.2663942713464885,4,0.08312797853000217
2.1434198890055995,0.9330556389163135,0.2663942713464885,4,0.08312797853000217
2.144523498005583,0.9330556389163135,0.2663942713464885,4,0.08312797853000217
2.145660358000896,0.9330556389163135,0.2663942713464885,4,0.08312797853000217
2.1468610060037463,0.9330556389163135,0.2663942713464885,4,0.08312797853000217
2.1473223850043723,0.9330556389163135,0.2663942713464885,4,0.08312797853000217
2.1484082310053054,0.9381648329105122,0.26481631976045167,4,0.07820503084039682
2.14954197100451,0.9381648329105122,0.26481631976045167,4,0.07820503084039682
2.150666679001006,0.9381648329105122,0.26481631976045167,4,0.07820503084039682
2.1518500040037907,0.9381648329105122,0.26481631976045167,4,0.07820503084039682
2.1530518800063874,0.9381648329105122,0.26481631976045167,4,0.07820503084039682
2.1541696160056745,0.9381648329105122,0.26481631976045167,4,0.07820503084039682
2.1552413110039197,0.9381648329105122,0.26481631976045167,4,0.07820503084039682
2.1562930430009146,0.9381648329105122,0.26481631976045167,4,0.07820503084039682
2.1575404070026707,0.9381648329105122,0.26481631976045167,4,0.07820503084039682
2.158620606001932,0.9381648329105122,0.26481631976045167,4,0.07820503084039682
2.15967390100559,0.9381648329105122,0.26481631976045167,4,0.07820503084039682
2.160110999000608,0.9381648329105122,0.26481631976045167,4,0.07820503084039682
2.1612199530063663,0.9381648329105122,0.26481631976045167,4,0.07820503084039682
2.1622749420057517,0.9381648329105122,0.26481631976045167,4,0.07820503084039682
2.163360960999853,0.9381648329105122,0.26481631976045167,4,0.07820503084039682
2.1643714350066148,0.9381648329105122,0.26481631976045167,4,0.07820503084039682
2.1654708300047787,0.9432736402758019,0.2632339204762663,4,0.07333880855681356
2.1666404970019357,0.9432736402758019,0.2632339204762663,4,0.07333880855681356
2.1676999280025484,0.9432736402758019,0.2632339204762663,4,0.07333880855681356
2.168134874002135,0.9432736402758019,0.2632339204762663,4,0.07333880855681356
2.1692589610029245,0.9432736402758019,0.2632339204762663,4,0.07333880855681356
2.169687392000924,0.9432736402758019,0.2632339204762663,4,0.07333880855681356
2.1707783689998905,0.9432736402758019,0.2632339204762663,4,0.07333880855681356
2.171839185000863,0.9432736402758019,0.2632339204762663,4,0.07333880855681356
2.172963893004635,0.9432736402758019,0.2632339204762663,4,0.07333880855681356
2.1740628970001126,0.9432736402758019,0.2632339204762663,4,0.07333880855681356
2.1744935420065303,0.9432736402758019,0.2632339204762663,4,0.07333880855681356
2.175580972005264,0.9432736402758019,0.2632339204762663,4,0.07333880855681356
2.1767467390018282,0.9432736402758019,0.2632339204762663,4,0.07333880855681356
2.1772097760040197,0.9432736402758019,0.2632339204762663,4,0.07333880855681356
2.178342112005339,0.9432736402758019,0.2632339204762663,4,0.07333880855681356
2.179486897002789,0.9535063918126347,0.260109324309362,4,0.06385705524367027
2.180701407000015,0.9535063918126347,0.260109324309362,4,0.06385705524367027
2.181171569005528,0.9535063918126347,0.260109324309362,4,0.06385705524367027
2.182330498006195,0.9535063918126347,0.260109324309362,4,0.06385705524367027
2.1834927550007706,0.9535063918126347,0.260109324309362,4,0.06385705524367027
2.183943435004039,0.9535063918126347,0.260109324309362,4,0.06385705524367027
2.1851510900014546,0.9535063918126347,0.260109324309362,4,0.06385705524367027
2.186321791006776,0.9585936148741295,0.2585782942387583,4,0.05931453956369862
2.1867894700044417,0.9585936148741295,0.2585782942387583,4,0.05931453956369862
2.1879029940027976,0.9585936148741295,0.2585782942387583,4,0.05931453956369862
2.189051923000079,0.9585936148741295,0.2585782942387583,4,0.05931453956369862
2.190127345005749,0.9585936148741295,0.2585782942387583,4,0.05931453956369862
2.191194818005897,0.9585936148741295,0.2585782942387583,4,0.05931453956369862
2.192252473003464,0.9585936148741295,0.2585782942387583,4,0.05931453956369862
2.1933768190065166,0.9585936148741295,0.2585782942387583,4,0.05931453956369862
2.1938783090008656,0.9585936148741295,0.2585782942387583,4,0.05931453956369862
2.1949756470057764,0.9636139279182021,0.257062409897065,4,0.05496335111536139
2.195410971005913,0.9636139279182021,0.257062409897065,4,0.05496335111536139
2.196523173006426,0.9636139279182021,0.257062409897065,4,0.05496335111536139
2.1976185130042722,0.9636139279182021,0.257062409897065,4,0.05496335111536139
2.1987145710008917,0.9636139279182021,0.257062409897065,4,0.05496335111536139
2.199862628003757,0.9636139279182021,0.257062409897065,4,0.05496335111536139
2.2010325610026484,0.9636139279182021,0.257062409897065,4,0.05496335111536139
2.202103691000957,0.9636139279182021,0.257062409897065,4,0.05496335111536139
2.2031530070016743,0.9636139279182021,0.257062409897065,4,0.05496335111536139
2.204206383001292,0.9636139279182021,0.257062409897065,4,0.05496335111536139
2.2053530900011538,0.9636139279182021,0.257062409897065,4,0.05496335111536139
2.2065801600037958,0.9685880857677772,0.25558559164415723,4,0.050839475482646716
2.2077595440059667,0.9685880857677772,0.25558559164415723,4,0.050839475482646716
2.20879244000389,0.9685880857677772,0.25558559164415723,4,0.050839475482646716
2.209199562006688,0.9685880857677772,0.25558559164415723,4,0.050839475482646716
2.2101969140057918,0.9685880857677772,0.25558559164415723,4,0.050839475482646716
2.211199679004494,0.9685880857677772,0.25558559164415723,4,0.050839475482646716
2.2121863450011006,0.9735116447270328,0.2540962679162738,4,0.046942210545665684
2.213234173003002,0.9735116447270328,0.2540962679162738,4,0.046942210545665684
2.2142044700012775,0.9735116447270328,0.2540962679162738,4,0.046942210545665684
2.215160639003443,0.9735116447270328,0.2540962679162738,4,0.046942210545665684
2.2161405510050827,0.9735116447270328,0.2540962679162738,4,0.046942210545665684
2.2171700360049726,0.9735116447270328,0.2540962679162738,4,0.046942210545665684
2.217490404000273,0.9735116447270328,0.2540962679162738,4,0.046942210545665684
2.2184462410004926,0.9735116447270328,0.2540962679162738,4,0.046942210545665684
2.21929387000273,0.9735116447270328,0.2540962679162738,4,0.046942210545665684
2.2204180720000295,0.9735116447270328,0.2540962679162738,4,0.046942210545665684
2.2215251330053434,0.9735116447270328,0.2540962679162738,4,0.046942210545665684
2.221963419004169,0.9735116447270328,0.2540962679162738,4,0.046942210545665684
2.2226653070028988,0.978383121203828,0.2525615103054799,4,0.04328780074887984
2.2233161610056413,0.978383121203828,0.2525615103054799,4,0.04328780074887984
2.2241818960028468,0.978383121203828,0.2525615103054799,4,0.04328780074887984
2.2379383700026665,0.978383121203828,0.2525615103054799,4,0.04328780074887984
2.2393247480067657,0.978383121203828,0.2525615103054799,4,0.04328780074887984
2.2398145600018324,0.978383121203828,0.2525615103054799,4,0.04328780074887984
2.2409697100010817,0.9860196927653648,0.24972524048413983,4,0.03782416858518746
2.2413767840043874,0.9860196927653648,0.24972524048413983,4,0.03782416858518746
2.242445972005953,0.9860196927653648,0.24972524048413983,4,0.03782416858518746
2.242876881005941,0.9860196927653648,0.24972524048413983,4,0.03782416858518746
2.243877145003353,0.9860196927653648,0.24972524048413983,4,0.03782416858518746
2.244274998003675,0.9860196927653648,0.24972524048413983,4,0.03782416858518746
2.24532040500344,0.9884588891590425,0.2486466481384776,4,0.03612418152358706
2.2457272150059,0.9884588891590425,0.2486466481384776,4,0.03612418152358706
2.2467421460023616,0.9884588891590425,0.2486466481384776,4,0.03612418152358706
2.2477801320055733,0.9884588891590425,0.2486466481384776,4,0.03612418152358706
2.2488274490024196,0.9884588891590425,0.2486466481384776,4,0.03612418152358706
2.249892011001066,0.9932458585451394,0.24702478728153188,4,0.033651508328401455
2.2502728310064413,0.9932458585451394,0.24702478728153188,4,0.033651508328401455
2.2511300850019325,0.9932458585451394,0.24702478728153188,4,0.033651508328401455
2.252122442005202,0.9932458585451394,0.24702478728153188,4,0.033651508328401455
2.253131586003292,0.9932458585451394,0.24702478728153188,4,0.033651508328401455
2.25411017100123,0.9932458585451394,0.24702478728153188,4,0.033651508328401455
2.255077797002741,0.9932458585451394,0.24702478728153188,4,0.033651508328401455
2.2554565420068684,0.9932458585451394,0.24702478728153188,4,0.033651508328401455
2.2564018350021797,0.9932458585451394,0.24702478728153188,4,0.033651508328401455
2.257413617000566,0.9980143850149699,0.2454085586923101,4,0.03180115096519225
2.25839395600633,0.9980143850149699,0.2454085586923101,4,0.03180115096519225
2.2588522050064057,0.9980143850149699,0.2454085586923101,4,0.03180115096519225
2.2598518270024215,0.9980143850149699,0.2454085586923101,4,0.03180115096519225
2.260794714005897,0.9980143850149699,0.2454085586923101,4,0.03180115096519225
2.2618163410006673,0.9980143850149699,0.2454085586923101,4,0.03180115096519225
2.262605469004484,0.9980143850149699,0.2454085586923101,4,0.03180115096519225
2.263612067006761,0.9980143850149699,0.2454085586923101,4,0.03180115096519225
2.26405821100343,0.9980143850149699,0.2454085586923101,4,0.03180115096519225
2.265203011003905,0.9980143850149699,0.2454085586923101,4,0.03180115096519225
2.266294123000989,1.0027620004915863,0.2437794496659068,4,0.030657748451050196
2.267214875006175,1.0027620004915863,0.2437794496659068,4,0.030657748451050196
2.2675604310061317,1.0027620004915863,0.2437794496659068,4,0.030657748451050196
2.2682288340001833,1.0027620004915863,0.2437794496659068,4,0.030657748451050196
2.269138143004966,1.0027620004915863,0.2437794496659068,4,0.030657748451050196
2.2700050700004795,1.0027620004915863,0.2437794496659068,4,0.030657748451050196
2.2707804570018197,1.0027620004915863,0.2437794496659068,4,0.030657748451050196
2.2711847360042157,1.0027620004915863,0.2437794496659068,4,0.030657748451050196
2.272426298004575,1.0027620004915863,0.2437794496659068,4,0.030657748451050196
2.273320207001234,1.0027620004915863,0.2437794496659068,4,0.030657748451050196
2.273989736000658,1.0027620004915863,0.2437794496659068,4,0.030657748451050196
2.2742730630052392,1.0027620004915863,0.2437794496659068,4,0.030657748451050196
2.2748784930008696,1.0027620004915863,0.2437794496659068,4,0.030657748451050196
2.275547984005243,1.0027620004915863,0.2437794496659068,4,0.030657748451050196
2.2765680290031014,1.0027620004915863,0.2437794496659068,4,0.030657748451050196
2.277394146003644,1.0027620004915863,0.2437794496659068,4,0.030657748451050196
2.2781239740070305,1.0075259862978951,0.24215889467952406,4,0.03032644104949165
2.278388189006364,1.0075259862978951,0.24215889467952406,4,0.03032644104949165
2.2793083470023703,1.0075259862978951,0.24215889467952406,4,0.03032644104949165
2.2803079670047737,1.0075259862978951,0.24215889467952406,4,0.03032644104949165
2.281363185000373,1.0075259862978951,0.24215889467952406,4,0.03032644104949165
2.2824133380054263,1.0075259862978951,0.24215889467952406,4,0.03032644104949165
2.2834238370051025,1.0075259862978951,0.24215889467952406,4,0.03032644104949165
2.284452248000889,1.0075259862978951,0.24215889467952406,4,0.03032644104949165
2.2849603190043126,1.0075259862978951,0.24215889467952406,4,0.03032644104949165
2.2860162659999332,1.0075259862978951,0.24215889467952406,4,0.03032644104949165
2.2870321330046863,1.0075259862978951,0.24215889467952406,4,0.03032644104949165
2.288064699001552,1.0075259862978951,0.24215889467952406,4,0.03032644104949165
2.2891411450036685,1.0123220375821804,0.2405131282096123,4,0.03081783286136899
2.290133009002602,1.0123220375821804,0.2405131282096123,4,0.03081783286136899
2.2905339210046805,1.0123220375821804,0.2405131282096123,4,0.03081783286136899
2.2914972150028916,1.0123220375821804,0.2405131282096123,4,0.03081783286136899
2.2924602160055656,1.0123220375821804,0.2405131282096123,4,0.03081783286136899
2.2934947550020297,1.0123220375821804,0.2405131282096123,4,0.03081783286136899
2.2944749360030983,1.0123220375821804,0.2405131282096123,4,0.03081783286136899
2.2948765020046267,1.0123220375821804,0.2405131282096123,4,0.03081783286136899
2.2958584620064357,1.0123220375821804,0.2405131282096123,4,0.03081783286136899
2.2969485339999665,1.0123220375821804,0.2405131282096123,4,0.03081783286136899
2.297723367002618,1.0123220375821804,0.2405131282096123,4,0.03081783286136899
2.2986021240067203,1.0123220375821804,0.2405131282096123,4,0.03081783286136899
2.2989940880070208,1.0123220375821804,0.2405131282096123,4,0.03081783286136899
2.300020119000692,1.0171642093556656,0.2388892185010383,4,0.032158082875293155
2.3010942270047963,1.0171642093556656,0.2388892185010383,4,0.032158082875293155
2.3020854400019743,1.0171642093556656,0.2388892185010383,4,0.032158082875293155
2.3030576080054743,1.0171642093556656,0.2388892185010383,4,0.032158082875293155
2.3040131500019925,1.0171642093556656,0.2388892185010383,4,0.032158082875293155
2.3043958289999864,1.0171642093556656,0.2388892185010383,4,0.032158082875293155
2.3054085100011434,1.0220543955610037,0.23729935073533043,4,0.034273915574259496
2.3063898850014084,1.0220543955610037,0.23729935073533043,4,0.034273915574259496
2.307343860004039,1.0220543955610037,0.23729935073533043,4,0.034273915574259496
2.307743573001062,1.0220543955610037,0.23729935073533043,4,0.034273915574259496
2.308672002000094,1.0220543955610037,0.23729935073533043,4,0.034273915574259496
2.309315595004591,1.0220543955610037,0.23729935073533043,4,0.034273915574259496
2.3100579360034317,1.0220543955610037,0.23729935073533043,4,0.034273915574259496
2.3111052220046986,1.0220543955610037,0.23729935073533043,4,0.034273915574259496
2.312125571006618,1.0220543955610037,0.23729935073533043,4,0.034273915574259496
2.3130162340021343,1.026976601508531,0.2357003443755675,4,0.03700865468218935
2.313723775005201,1.026976601508531,0.2357003443755675,4,0.03700865468218935
2.3139976100064814,1.026976601508531,0.2357003443755675,4,0.03700865468218935
2.3147508280017064,1.026976601508531,0.2357003443755675,4,0.03700865468218935
2.3154596370004583,1.026976601508531,0.2357003443755675,4,0.03700865468218935
2.316239209001651,1.026976601508531,0.2357003443755675,4,0.03700865468218935
2.3175401160042384,1.026976601508531,0.2357003443755675,4,0.03700865468218935
2.3180298229999607,1.026976601508531,0.2357003443755675,4,0.03700865468218935
2.3191870800001197,1.026976601508531,0.2357003443755675,4,0.03700865468218935
2.320312839001417,1.0319356260884096,0.23411230263479937,4,0.04026350203873921
2.320804011003929,1.0319356260884096,0.23411230263479937,4,0.04026350203873921
2.3219437140069203,1.0319356260884096,0.23411230263479937,4,0.04026350203873921
2.3237447450010222,1.0319356260884096,0.23411230263479937,4,0.04026350203873921
2.3255471410011523,1.0319356260884096,0.23411230263479937,4,0.04026350203873921
2.327123108007072,1.0319356260884096,0.23411230263479937,4,0.04026350203873921
2.3283689860036247,1.0319356260884096,0.23411230263479937,4,0.04026350203873921
2.329455961000349,1.0315710118181978,0.2337319504929771,4,0.039756298497390354
2.3298603980001644,1.0315710118181978,0.2337319504929771,4,0.039756298497390354
2.3308471580021433,1.035012936072141,0.23052162458253891,4,0.041347499579430555
2.3312480130043696,1.035012936072141,0.23052162458253891,4,0.041347499579430555
2.332298815003014,1.035012936072141,0.23052162458253891,4,0.041347499579430555
2.33276950900472,1.035012936072141,0.23052162458253891,4,0.041347499579430555
2.3337832000033814,1.035012936072141,0.23052162458253891,4,0.041347499579430555
2.3347629250056343,1.035012936072141,0.23052162458253891,4,0.041347499579430555
2.335799896005483,1.035012936072141,0.23052162458253891,4,0.041347499579430555
2.336207998007012,1.035012936072141,0.23052162458253891,4,0.041347499579430555
2.3373104170023,1.035012936072141,0.23052162458253891,4,0.041347499579430555
2.338394654005242,1.0400331164052166,0.22893147317341678,4,0.04541407818457496
2.339438652001263,1.0400331164052166,0.22893147317341678,4,0.04541407818457496
2.33987669400085,1.0400331164052166,0.22893147317341678,4,0.04541407818457496
2.34091687000182,1.0400331164052166,0.22893147317341678,4,0.04541407818457496
2.3419040590015356,1.0400331164052166,0.22893147317341678,4,0.04541407818457496
2.3428737270005513,1.045076506265259,0.22732397616399322,4,0.04972388922881076
2.343821187001595,1.045076506265259,0.22732397616399322,4,0.04972388922881076
2.344885893005994,1.045076506265259,0.22732397616399322,4,0.04972388922881076
2.345301024004584,1.045076506265259,0.22732397616399322,4,0.04972388922881076
2.3462955089999014,1.045076506265259,0.22732397616399322,4,0.04972388922881076
2.3473309550026897,1.045076506265259,0.22732397616399322,4,0.04972388922881076
2.3477374110007077,1.045076506265259,0.22732397616399322,4,0.04972388922881076
2.3487863340051263,1.045076506265259,0.22732397616399322,4,0.04972388922881076
2.349757693002175,1.045076506265259,0.22732397616399322,4,0.04972388922881076
2.3505141100031324,1.045076506265259,0.22732397616399322,4,0.04972388922881076
2.351220064003428,1.045076506265259,0.22732397616399322,4,0.04972388922881076
2.3519956830059527,1.05015013443911,0.22572560379943543,4,0.05423973554603733
2.3530510120035615,1.05015013443911,0.22572560379943543,4,0.05423973554603733
2.3540807080062223,1.05015013443911,0.22572560379943543,4,0.05423973554603733
2.355054325002129,1.05015013443911,0.22572560379943543,4,0.05423973554603733
2.3560500029998366,1.05015013443911,0.22572560379943543,4,0.05423973554603733
2.3571498040037113,1.05015013443911,0.22572560379943543,4,0.05423973554603733
2.3575939220027067,1.05015013443911,0.22572560379943543,4,0.05423973554603733
2.3586601950009936,1.05015013443911,0.22572560379943543,4,0.05423973554603733
2.3597305880030035,1.05015013443911,0.22572560379943543,4,0.05423973554603733
2.360820045003493,1.05015013443911,0.22572560379943543,4,0.05423973554603733
2.361230548005551,1.05015013443911,0.22572560379943543,4,0.05423973554603733
2.3622781350059086,1.05015013443911,0.22572560379943543,4,0.05423973554603733
2.3633934640020016,1.05015013443911,0.22572560379943543,4,0.05423973554603733
2.3646438340001623,1.05015013443911,0.22572560379943543,4,0.05423973554603733
2.365758960004314,1.05015013443911,0.22572560379943543,4,0.05423973554603733
2.367096465000941,1.05015013443911,0.22572560379943543,4,0.05423973554603733
2.368336116000137,1.05015013443911,0.22572560379943543,4,0.05423973554603733
2.3688550350052537,1.05015013443911,0.22572560379943543,4,0.05423973554603733
2.369949975000054,1.0552378043659083,0.2241127159125497,4,0.058901173072131795
2.3703492040003766,1.0552378043659083,0.2241127159125497,4,0.058901173072131795
2.3713975310020032,1.0552378043659083,0.2241127159125497,4,0.058901173072131795
2.3725243430017144,1.0552378043659083,0.2241127159125497,4,0.058901173072131795
2.373659992001194,1.0552378043659083,0.2241127159125497,4,0.058901173072131795
2.3746870100003434,1.0552378043659083,0.2241127159125497,4,0.058901173072131795
2.375125864004076,1.0552378043659083,0.2241127159125497,4,0.058901173072131795
2.37612841000373,1.0552378043659083,0.2241127159125497,4,0.058901173072131795
2.377280848006194,1.0552378043659083,0.2241127159125497,4,0.058901173072131795
2.3783245440063183,1.0552378043659083,0.2241127159125497,4,0.058901173072131795
2.379359368002042,1.0603402601042584,0.22251397483618968,4,0.06368543947180755
2.3797567159999744,1.0603402601042584,0.22251397483618968,4,0.06368543947180755
2.380866290004633,1.0603402601042584,0.22251397483618968,4,0.06368543947180755
2.381927694004844,1.0603402601042584,0.22251397483618968,4,0.06368543947180755
2.383019236003747,1.0603402601042584,0.22251397483618968,4,0.06368543947180755
2.3840320510062156,1.0603402601042584,0.22251397483618968,4,0.06368543947180755
2.388383548001002,1.0603402601042584,0.22251397483618968,4,0.06368543947180755
2.389012885003467,1.0603402601042584,0.22251397483618968,4,0.06368543947180755
2.3902309149998473,1.0603402601042584,0.22251397483618968,4,0.06368543947180755
2.3907094040041557,1.0603402601042584,0.22251397483618968,4,0.06368543947180755
2.3918276930053253,1.0603402601042584,0.22251397483618968,4,0.06368543947180755
2.3979451810009778,1.0603402601042584,0.22251397483618968,4,0.06368543947180755
2.3992248620052123,1.070539340923436,0.21920734894304658,4,0.07347291060935217
2.3995621880021645,1.070539340923436,0.21920734894304658,4,0.07347291060935217
2.400696620999952,1.070539340923436,0.21920734894304658,4,0.07347291060935217
2.4010734160037828,1.070539340923436,0.21920734894304658,4,0.07347291060935217
2.401878125005169,1.070539340923436,0.21920734894304658,4,0.07347291060935217
2.402227895006945,1.070539340923436,0.21920734894304658,4,0.07347291060935217
2.403134868000052,1.070539340923436,0.21920734894304658,4,0.07347291060935217
2.403943633005838,1.070539340923436,0.21920734894304658,4,0.07347291060935217
2.404797763003444,1.070539340923436,0.21920734894304658,4,0.07347291060935217
2.4050937370047905,1.070539340923436,0.21920734894304658,4,0.07347291060935217
2.4058370100028696,1.070539340923436,0.21920734894304658,4,0.07347291060935217
2.4066309860063484,1.070539340923436,0.21920734894304658,4,0.07347291060935217
2.4073653160012327,1.0756454757522602,0.2175322161320172,4,0.07846377309083305
2.407660458004102,1.0756454757522602,0.2175322161320172,4,0.07846377309083305
2.408315369000775,1.0756454757522602,0.2175322161320172,4,0.07846377309083305
2.408997028003796,1.0756454757522602,0.2175322161320172,4,0.07846377309083305
2.4097237790047075,1.0756454757522602,0.2175322161320172,4,0.07846377309083305
2.410672613004863,1.0756454757522602,0.2175322161320172,4,0.07846377309083305
2.4114643010034342,1.0756454757522602,0.2175322161320172,4,0.07846377309083305
2.4122746270004427,1.0756454757522602,0.2175322161320172,4,0.07846377309083305
2.4125974630005658,1.0756454757522602,0.2175322161320172,4,0.07846377309083305
2.413299432002532,1.0756454757522602,0.2175322161320172,4,0.07846377309083305
2.414346765006485,1.0756454757522602,0.2175322161320172,4,0.07846377309083305
2.4154010950005613,1.0807539402594493,0.21583827863452695,4,0.08350401872618807
2.416424424001889,1.0807539402594493,0.21583827863452695,4,0.08350401872618807
2.4174245450049057,1.0807539402594493,0.21583827863452695,4,0.08350401872618807
2.418538014004298,1.0807539402594493,0.21583827863452695,4,0.08350401872618807
2.419640577005339,1.0807539402594493,0.21583827863452695,4,0.08350401872618807
2.4207134720054455,1.0807539402594493,0.21583827863452695,4,0.08350401872618807
2.4211587840036373,1.0807539402594493,0.21583827863452695,4,0.08350401872618807
2.422819237006479,1.0807539402594493,0.21583827863452695,4,0.08350401872618807
2.4232495900068898,1.0807539402594493,0.21583827863452695,4,0.08350401872618807
2.424297014003969,1.0807539402594493,0.21583827863452695,4,0.08350401872618807
2.424705980003637,1.0807539402594493,0.21583827863452695,4,0.08350401872618807
2.426609208006994,1.0807539402594493,0.21583827863452695,4,0.08350401872618807
2.427692448000016,1.0807539402594493,0.21583827863452695,4,0.08350401872618807
2.428724918005173,1.0879186091949304,0.21509914655545,4,0.0906512445363812
2.4297254840057576,1.0879186091949304,0.21509914655545,4,0.0906512445363812
2.430669249006314,1.0879186091949304,0.21509914655545,4,0.0906512445363812
2.43182900800457,1.0879186091949304,0.21509914655545,4,0.0906512445363812
2.4328711580019444,1.0879186091949304,0.21509914655545,4,0.0906512445363812
2.433345993005787,1.0879186091949304,0.21509914655545,4,0.0906512445363812
2.4347790170068038,1.0879186091949304,0.21509914655545,4,0.0906512445363812
2.435293240007013,1.0879186091949304,0.21509914655545,4,0.0906512445363812
2.4363548010005616,1.093037682126827,0.21338934455522132,4,0.09575845013158965
2.4368753980015754,1.093037682126827,0.21338934455522132,4,0.09575845013158965
2.437945876001322,1.093037682126827,0.21338934455522132,4,0.09575845013158965
2.4391097920015454,1.093037682126827,0.21338934455522132,4,0.09575845013158965
2.440146425004059,1.093037682126827,0.21338934455522132,4,0.09575845013158965
2.4405402730044443,1.093037682126827,0.21338934455522132,4,0.09575845013158965
2.44151861499995,1.093037682126827,0.21338934455522132,4,0.09575845013158965
2.4426694360008696,1.093037682126827,0.21338934455522132,4,0.09575845013158965
2.4436640520070796,1.093037682126827,0.21338934455522132,4,0.09575845013158965
2.4447185000026366,1.0981681293478187,0.21169155424919453,4,0.10090698012650162
2.445206604003033,1.0981681293478187,0.21169155424919453,4,0.10090698012650162
2.4466405950006447,1.0981681293478187,0.21169155424919453,4,0.10090698012650162
2.448109019002004,1.0981681293478187,0.21169155424919453,4,0.10090698012650162
2.4486668720055604,1.0981681293478187,0.21169155424919453,4,0.10090698012650162
2.449768987004063,1.0981681293478187,0.21169155424919453,4,0.10090698012650162
2.451028736002627,1.0981681293478187,0.21169155424919453,4,0.10090698012650162
2.4521223830015515,1.1032829874457972,0.2099857151366925,5,0.10162686192431006
2.453033048004727,1.1032829874457972,0.2099857151366925,5,0.10162686192431006
2.453381811006693,1.1032829874457972,0.2099857151366925,5,0.10162686192431006
2.454309620006825,1.1032829874457972,0.2099857151366925,5,0.10162686192431006
2.4552115260012215,1.1032829874457972,0.2099857151366925,5,0.10162686192431006
2.4555865010042908,1.1032829874457972,0.2099857151366925,5,0.10162686192431006
2.4564642510013073,1.1032829874457972,0.2099857151366925,5,0.10162686192431006
2.457305414005532,1.1032829874457972,0.2099857151366925,5,0.10162686192431006
2.4581994240070344,1.1032829874457972,0.2099857151366925,5,0.10162686192431006
2.458473867001885,1.1032829874457972,0.2099857151366925,5,0.10162686192431006
2.45945123200363,1.1032829874457972,0.2099857151366925,5,0.10162686192431006
2.4604607750006835,1.1032829874457972,0.2099857151366925,5,0.10162686192431006
2.46144191800704,1.1032829874457972,0.2099857151366925,5,0.10162686192431006
2.4624256910028635,1.1032829874457972,0.2099857151366925,5,0.10162686192431006
2.46366558700538,1.1083758030551742,0.20830350903022282,5,0.09653451363634383
2.464719955001783,1.1083758030551742,0.20830350903022282,5,0.09653451363634383
2.4657246870046947,1.1083758030551742,0.20830350903022282,5,0.09653451363634383
2.466740939002193,1.1083758030551742,0.20830350903022282,5,0.09653451363634383
2.467731309006922,1.1083758030551742,0.20830350903022282,5,0.09653451363634383
2.4686817080000765,1.1134427704323453,0.20661633252696926,5,0.09149041782389504
2.469714646002103,1.1134427704323453,0.20661633252696926,5,0.09149041782389504
2.470121870006551,1.1134427704323453,0.20661633252696926,5,0.09149041782389504
2.471122909002588,1.1134427704323453,0.20661633252696926,5,0.09149041782389504
2.4715157330065267,1.1134427704323453,0.20661633252696926,5,0.09149041782389504
2.474563477000629,1.1134427704323453,0.20661633252696926,5,0.09149041782389504
2.4750335570060997,1.1134427704323453,0.20661633252696926,5,0.09149041782389504
2.476130261005892,1.1134427704323453,0.20661633252696926,5,0.09149041782389504
2.4771551590019953,1.1134427704323453,0.20661633252696926,5,0.09149041782389504
2.478145905006386,1.1134427704323453,0.20661633252696926,5,0.09149041782389504
2.478530991000298,1.1134427704323453,0.20661633252696926,5,0.09149041782389504
2.479395641006704,1.1134427704323453,0.20661633252696926,5,0.09149041782389504
2.480445230001351,1.1134427704323453,0.20661633252696926,5,0.09149041782389504
2.481456060006167,1.118496961260266,0.20494973556945464,5,0.08650484472705461
2.4824374850068125,1.118496961260266,0.20494973556945464,5,0.08650484472705461
2.4828378750025877,1.118496961260266,0.20494973556945464,5,0.08650484472705461
2.4838394520047586,1.118496961260266,0.20494973556945464,5,0.08650484472705461
2.4848844389998703,1.118496961260266,0.20494973556945464,5,0.08650484472705461
2.4858853420009837,1.118496961260266,0.20494973556945464,5,0.08650484472705461
2.487048106006114,1.118496961260266,0.20494973556945464,5,0.08650484472705461
2.4881155420007417,1.118496961260266,0.20494973556945464,5,0.08650484472705461
2.4885074500052724,1.118496961260266,0.20494973556945464,5,0.08650484472705461
2.4894954600022174,1.1235328437250445,0.20327576423390847,5,0.08157086278259319
2.4898746550024953,1.1235328437250445,0.20327576423390847,5,0.08157086278259319
2.490748706004524,1.1235328437250445,0.20327576423390847,5,0.08157086278259319
2.4918543550011236,1.1235328437250445,0.20327576423390847,5,0.08157086278259319
2.4930913920034072,1.1235328437250445,0.20327576423390847,5,0.08157086278259319
2.493611490004696,1.1235328437250445,0.20327576423390847,5,0.08157086278259319
2.4944739660058985,1.1235328437250445,0.20327576423390847,5,0.08157086278259319
2.4953805840050336,1.1235328437250445,0.20327576423390847,5,0.08157086278259319
2.4957082360051572,1.1235328437250445,0.20327576423390847,5,0.08157086278259319
2.4963679740030784,1.1235328437250445,0.20327576423390847,5,0.08157086278259319
2.497431873001915,1.1235328437250445,0.20327576423390847,5,0.08157086278259319
2.4981545629998436,1.1285620009710278,0.20162030356512406,5,0.0767040976178399
2.498964672005968,1.1285620009710278,0.20162030356512406,5,0.0767040976178399
2.4992444410017924,1.1285620009710278,0.20162030356512406,5,0.0767040976178399
2.4999420320018544,1.1285620009710278,0.20162030356512406,5,0.0767040976178399
2.500720665004337,1.1285620009710278,0.20162030356512406,5,0.0767040976178399
2.5014350290002767,1.1285620009710278,0.20162030356512406,5,0.0767040976178399
2.502449007006362,1.1285620009710278,0.20162030356512406,5,0.0767040976178399
2.5031553090011585,1.1285620009710278,0.20162030356512406,5,0.0767040976178399
2.504067012006999,1.1285620009710278,0.20162030356512406,5,0.0767040976178399
2.504473028006032,1.1285620009710278,0.20162030356512406,5,0.0767040976178399
2.505462830005854,1.1335777880432696,0.19995586599417992,5,0.0719012397156391
2.506465662001574,1.1335777880432696,0.19995586599417992,5,0.0719012397156391
2.506860322006105,1.1335777880432696,0.19995586599417992,5,0.0719012397156391
2.5078262820024975,1.1335777880432696,0.19995586599417992,5,0.0719012397156391
2.5088226920051966,1.1335777880432696,0.19995586599417992,5,0.0719012397156391
2.5131813590051024,1.1335777880432696,0.19995586599417992,5,0.0719012397156391
2.513670287000423,1.1335777880432696,0.19995586599417992,5,0.0719012397156391
2.514780501005589,1.1335777880432696,0.19995586599417992,5,0.0719012397156391
2.5158502710037283,1.1335777880432696,0.19995586599417992,5,0.0719012397156391
2.5162702430025092,1.1335777880432696,0.19995586599417992,5,0.0719012397156391
2.5173063140027807,1.1335777880432696,0.19995586599417992,5,0.0719012397156391
2.5183572820023983,1.1335777880432696,0.19995586599417992,5,0.0719012397156391
2.5226540570001816,1.1387840489065013,0.19826138142224653,5,0.06701660153762516
2.5231167590027326,1.1387840489065013,0.19826138142224653,5,0.06701660153762516
2.5242299400051706,1.1387840489065013,0.19826138142224653,5,0.06701660153762516
2.5254720590019133,1.1402115948383504,0.1979125494536139,5,0.06577759953545077
2.5259407379999175,1.1402115948383504,0.1979125494536139,5,0.06577759953545077
2.527087811002275,1.1402115948383504,0.1979125494536139,5,0.06577759953545077
2.528201071007061,1.1402115948383504,0.1979125494536139,5,0.06577759953545077
2.529238230003102,1.1473176813730857,0.1957522597764803,5,0.05943967197906213
2.5302387270057807,1.1473176813730857,0.1957522597764803,5,0.05943967197906213
2.5312392650012043,1.1473176813730857,0.1957522597764803,5,0.05943967197906213
2.5316522840003017,1.1473176813730857,0.1957522597764803,5,0.05943967197906213
2.5326792520063464,1.1473176813730857,0.1957522597764803,5,0.05943967197906213
2.533722824002325,1.1487208962455728,0.19541294269119217,5,0.05828639204281823
2.5347804080010974,1.1487208962455728,0.19541294269119217,5,0.05828639204281823
2.535192438001104,1.1487208962455728,0.19541294269119217,5,0.05828639204281823
2.536187797006278,1.1487208962455728,0.19541294269119217,5,0.05828639204281823
2.5372787280066404,1.1487208962455728,0.19541294269119217,5,0.05828639204281823
2.5384343070036266,1.1503508877529798,0.19501839321552272,5,0.05696303966942454
2.5393544340040535,1.1503508877529798,0.19501839321552272,5,0.05696303966942454
2.5400805360040977,1.1503508877529798,0.19501839321552272,5,0.05696303966942454
2.5403680990057182,1.1503508877529798,0.19501839321552272,5,0.05696303966942454
2.5411439600065933,1.1503508877529798,0.19501839321552272,5,0.05696303966942454
2.54180970100424,1.1503508877529798,0.19501839321552272,5,0.05696303966942454
2.5425404970010277,1.1503508877529798,0.19501839321552272,5,0.05696303966942454
2.543386299003032,1.1503508877529798,0.19501839321552272,5,0.05696303966942454
2.5440855330016348,1.1572595977098314,0.19294227918741685,5,0.05124499263396478
2.54499447800481,1.1572595977098314,0.19294227918741685,5,0.05124499263396478
2.5457855470012873,1.1572595977098314,0.19294227918741685,5,0.05124499263396478
2.546835732006002,1.1572595977098314,0.19294227918741685,5,0.05124499263396478
2.5471578460055753,1.1572595977098314,0.19294227918741685,5,0.05124499263396478
2.5479905450047227,1.1575463338422398,0.1928736318730868,5,0.05103054656049814
2.549153918000229,1.1575463338422398,0.1928736318730868,5,0.05103054656049814
2.5494686130041373,1.1575463338422398,0.1928736318730868,5,0.05103054656049814
2.5502073770039715,1.1575463338422398,0.1928736318730868,5,0.05103054656049814
2.550933377002366,1.1575463338422398,0.1928736318730868,5,0.05103054656049814
2.5518472180046956,1.1575463338422398,0.1928736318730868,5,0.05103054656049814
2.552557095004886,1.1575463338422398,0.1928736318730868,5,0.05103054656049814
2.5536646710024797,1.162511702724895,0.191259735729388,5,0.04708209266831983
2.5547401970034116,1.162511702724895,0.191259735729388,5,0.04708209266831983
2.5557786930003203,1.162511702724895,0.191259735729388,5,0.04708209266831983
2.5568587060042773,1.162511702724895,0.191259735729388,5,0.04708209266831983
2.557938899000874,1.162511702724895,0.191259735729388,5,0.04708209266831983
2.55905177200475,1.162511702724895,0.191259735729388,5,0.04708209266831983
2.5600934930043877,1.162511702724895,0.191259735729388,5,0.04708209266831983
2.5605438690035953,1.162511702724895,0.191259735729388,5,0.04708209266831983
2.5616244390039355,1.1674103314539699,0.18968414964065322,5,0.04346581140141355
2.562698237001314,1.1674103314539699,0.18968414964065322,5,0.04346581140141355
2.563922792003723,1.1674103314539699,0.18968414964065322,5,0.04346581140141355
2.564398358001199,1.1674103314539699,0.18968414964065322,5,0.04346581140141355
2.5655076290058787,1.1674103314539699,0.18968414964065322,5,0.04346581140141355
2.566611227004614,1.1674103314539699,0.18968414964065322,5,0.04346581140141355
2.5670658990056836,1.1674103314539699,0.18968414964065322,5,0.04346581140141355
2.5682925900036935,1.1674103314539699,0.18968414964065322,5,0.04346581140141355
2.5693190090023563,1.1674103314539699,0.18968414964065322,5,0.04346581140141355
2.5697345190055785,1.1674103314539699,0.18968414964065322,5,0.04346581140141355
2.5707161300015287,1.1674103314539699,0.18968414964065322,5,0.04346581140141355
2.5719073660002323,1.1674103314539699,0.18968414964065322,5,0.04346581140141355
2.572994848000235,1.1674103314539699,0.18968414964065322,5,0.04346581140141355
2.5741051270015305,1.1674103314539699,0.18968414964065322,5,0.04346581140141355
2.5751290430052904,1.1674103314539699,0.18968414964065322,5,0.04346581140141355
2.575586025006487,1.1674103314539699,0.18968414964065322,5,0.04346581140141355
2.576546859003429,1.1674103314539699,0.18968414964065322,5,0.04346581140141355
2.5776327760031563,1.1674103314539699,0.18968414964065322,5,0.04346581140141355
2.5780641560049844,1.1674103314539699,0.18968414964065322,5,0.04346581140141355
2.5790427530009765,1.1674103314539699,0.18968414964065322,5,0.04346581140141355
2.5799524660033057,1.1722467816050695,0.1881144253825929,5,0.040210270730247494
2.581004337000195,1.1722467816050695,0.1881144253825929,5,0.040210270730247494
2.581388053004048,1.1722467816050695,0.1881144253825929,5,0.040210270730247494
2.582468342006905,1.1722467816050695,0.1881144253825929,5,0.040210270730247494
2.583689052000409,1.1722467816050695,0.1881144253825929,5,0.040210270730247494
2.5848677009998937,1.1722467816050695,0.1881144253825929,5,0.040210270730247494
2.5860941640057717,1.1722467816050695,0.1881144253825929,5,0.040210270730247494
2.5865804760032916,1.1722467816050695,0.1881144253825929,5,0.040210270730247494
2.587718541006325,1.1722467816050695,0.1881144253825929,5,0.040210270730247494
2.588767117005773,1.1722467816050695,0.1881144253825929,5,0.040210270730247494
2.5891340110028978,1.1722467816050695,0.1881144253825929,5,0.040210270730247494
2.5901299380057026,1.1770475113795662,0.18659504640102212,5,0.03742234166173242
2.5913010140066035,1.1770475113795662,0.18659504640102212,5,0.03742234166173242
2.5925695020050625,1.1817951665648128,0.18504159597962078,5,0.035109937773429904
2.5930369870038703,1.1817951665648128,0.18504159597962078,5,0.035109937773429904
2.5942309590027435,1.1817951665648128,0.18504159597962078,5,0.035109937773429904
2.5952631710024434,1.1817951665648128,0.18504159597962078,5,0.035109937773429904
2.5955652780030505,1.1817951665648128,0.18504159597962078,5,0.035109937773429904
2.5966153840054176,1.1817951665648128,0.18504159597962078,5,0.035109937773429904
2.5974953020049725,1.1817951665648128,0.18504159597962078,5,0.035109937773429904
2.598863875005918,1.1817951665648128,0.18504159597962078,5,0.035109937773429904
2.5993957509999746,1.1817951665648128,0.18504159597962078,5,0.035109937773429904
2.6005479040031787,1.1817951665648128,0.18504159597962078,5,0.035109937773429904
2.6015865270019276,1.1817951665648128,0.18504159597962078,5,0.035109937773429904
2.602412042004289,1.1865080929501592,0.18348576801753308,5,0.03338643586497501
2.6027162070022314,1.1865080929501592,0.18348576801753308,5,0.03338643586497501
2.603364604001399,1.1865080929501592,0.18348576801753308,5,0.03338643586497501
2.604411965003237,1.1865080929501592,0.18348576801753308,5,0.03338643586497501
2.605606446006277,1.1865080929501592,0.18348576801753308,5,0.03338643586497501
2.6067738640049356,1.1865080929501592,0.18348576801753308,5,0.03338643586497501
2.607204380001349,1.1865080929501592,0.18348576801753308,5,0.03338643586497501
2.608248024000204,1.1865080929501592,0.18348576801753308,5,0.03338643586497501
2.609282958001131,1.1865080929501592,0.18348576801753308,5,0.03338643586497501
2.6104708180064335,1.1865080929501592,0.18348576801753308,5,0.03338643586497501
2.611651550003444,1.1911973586337476,0.18194191158905842,5,0.032347366658820174
2.6128506420063786,1.1911973586337476,0.18194191158905842,5,0.032347366658820174
2.613283983002475,1.1911973586337476,0.18194191158905842,5,0.032347366658820174
2.6144039440041524,1.1911973586337476,0.18194191158905842,5,0.032347366658820174
2.6156584000054863,1.1911973586337476,0.18194191158905842,5,0.032347366658820174
2.616722139006015,1.1911973586337476,0.18194191158905842,5,0.032347366658820174
2.6172386200050823,1.1911973586337476,0.18194191158905842,5,0.032347366658820174
2.6185416680018534,1.1911973586337476,0.18194191158905842,5,0.032347366658820174
2.6198316590016475,1.195959218849554,0.18035788329296218,5,0.032029542624398
2.6202707860065857,1.195959218849554,0.18035788329296218,5,0.032029542624398
2.6213501910024206,1.195959218849554,0.18035788329296218,5,0.032029542624398
2.622545602003811,1.195959218849554,0.18035788329296218,5,0.032029542624398
2.6237081460058107,1.195959218849554,0.18035788329296218,5,0.032029542624398
2.6248535460035782,1.1989142182447898,0.17875488167028386,5,0.03166425907253044
2.62531876200228,1.1989142182447898,0.17875488167028386,5,0.03166425907253044
2.6266218480013777,1.1989142182447898,0.17875488167028386,5,0.03166425907253044
2.627527746000851,1.1989142182447898,0.17875488167028386,5,0.03166425907253044
2.6286533390011755,1.1989142182447898,0.17875488167028386,5,0.03166425907253044
2.629720499004179,1.2065400731332776,0.17561174582848021,5,0.03311636322859634
2.630776687001344,1.2065400731332776,0.17561174582848021,5,0.03311636322859634
2.631832598002802,1.2065400731332776,0.17561174582848021,5,0.03311636322859634
2.6328662000014447,1.2065400731332776,0.17561174582848021,5,0.03311636322859634
2.633894581005734,1.2065400731332776,0.17561174582848021,5,0.03311636322859634
2.634998376001022,1.2065400731332776,0.17561174582848021,5,0.03311636322859634
2.636155852000229,1.2065400731332776,0.17561174582848021,5,0.03311636322859634
2.6372647710013553,1.2065400731332776,0.17561174582848021,5,0.03311636322859634
2.6377043790052994,1.2065400731332776,0.17561174582848021,5,0.03311636322859634
2.6388004460022785,1.2065400731332776,0.17561174582848021,5,0.03311636322859634
2.6392160300019896,1.2065400731332776,0.17561174582848021,5,0.03311636322859634
2.6403382810021867,1.2111810705149302,0.1740886905675195,5,0.035200580367319385
2.6407953450034256,1.2111810705149302,0.1740886905675195,5,0.035200580367319385
2.641598147005425,1.2111810705149302,0.1740886905675195,5,0.035200580367319385
2.641932919003011,1.2111810705149302,0.1740886905675195,5,0.035200580367319385
2.6429546180006582,1.2111810705149302,0.1740886905675195,5,0.035200580367319385
2.6440875450061867,1.2111810705149302,0.1740886905675195,5,0.035200580367319385
2.6451662790059345,1.2111810705149302,0.1740886905675195,5,0.035200580367319385
2.645502495004621,1.2111810705149302,0.1740886905675195,5,0.035200580367319385
2.6465285750018666,1.2111810705149302,0.1740886905675195,5,0.035200580367319385
2.6473961460069404,1.2158125518210412,0.1725728040289598,5,0.037801168967320165
2.6481195670057787,1.2158125518210412,0.1725728040289598,5,0.037801168967320165
2.648789738006599,1.2158125518210412,0.1725728040289598,5,0.037801168967320165
2.649907623002946,1.2158125518210412,0.1725728040289598,5,0.037801168967320165
2.6503570700006094,1.2158125518210412,0.1725728040289598,5,0.037801168967320165
2.6512042340036714,1.2158125518210412,0.1725728040289598,5,0.037801168967320165
2.652044490001572,1.2158125518210412,0.1725728040289598,5,0.037801168967320165
2.652449956003693,1.2158125518210412,0.1725728040289598,5,0.037801168967320165
2.6533918820059625,1.2158125518210412,0.1725728040289598,5,0.037801168967320165
2.6542338770013885,1.2158125518210412,0.1725728040289598,5,0.037801168967320165
2.6545043350051856,1.2158125518210412,0.1725728040289598,5,0.037801168967320165
2.655150726001011,1.2158125518210412,0.1725728040289598,5,0.037801168967320165
2.6558479710001848,1.2158125518210412,0.1725728040289598,5,0.037801168967320165
2.656785082006536,1.2158125518210412,0.1725728040289598,5,0.037801168967320165
2.657764447001682,1.2158125518210412,0.1725728040289598,5,0.037801168967320165
2.658794040005887,1.2158125518210412,0.1725728040289598,5,0.037801168967320165
2.659825045004254,1.2158125518210412,0.1725728040289598,5,0.037801168967320165
2.6608698710042518,1.220455004808324,0.17105656877613135,5,0.04082924652651431
2.6619158610046725,1.220455004808324,0.17105656877613135,5,0.04082924652651431
2.6623330890070065,1.220455004808324,0.17105656877613135,5,0.04082924652651431
2.663427972001955,1.220455004808324,0.17105656877613135,5,0.04082924652651431
2.6645006030012155,1.220455004808324,0.17105656877613135,5,0.04082924652651431
2.664954289000889,1.220455004808324,0.17105656877613135,5,0.04082924652651431
2.6661073630020837,1.220455004808324,0.17105656877613135,5,0.04082924652651431
2.6672490050041233,1.2251275845807799,0.16953458884142675,5,0.044215365169681616
2.6676940560064395,1.2251275845807799,0.16953458884142675,5,0.044215365169681616
2.66876057900663,1.2251275845807799,0.16953458884142675,5,0.044215365169681616
2.669812255000579,1.2251275845807799,0.16953458884142675,5,0.044215365169681616
2.670878052005719,1.2251275845807799,0.16953458884142675,5,0.044215365169681616
2.672024631006934,1.2251275845807799,0.16953458884142675,5,0.044215365169681616
2.6731359100012924,1.2251275845807799,0.16953458884142675,5,0.044215365169681616
2.674152238003444,1.2251275845807799,0.16953458884142675,5,0.044215365169681616
2.6745294390057097,1.2251275845807799,0.16953458884142675,5,0.044215365169681616
2.6754609330018866,1.2251275845807799,0.16953458884142675,5,0.044215365169681616
2.67637976900005,1.2251275845807799,0.16953458884142675,5,0.044215365169681616
2.6774148010008503,1.2251275845807799,0.16953458884142675,5,0.044215365169681616
2.6784709920029854,1.2251275845807799,0.16953458884142675,5,0.044215365169681616
2.6789665590040386,1.2251275845807799,0.16953458884142675,5,0.044215365169681616
2.680048534006346,1.2251275845807799,0.16953458884142675,5,0.044215365169681616
2.6812044600010267,1.2251275845807799,0.16953458884142675,5,0.044215365169681616
2.6823718110026675,1.2251275845807799,0.16953458884142675,5,0.044215365169681616
2.682842051006446,1.2251275845807799,0.16953458884142675,5,0.044215365169681616
2.683956125001714,1.2298286908064702,0.16800663017212653,5,0.047891422234738974
2.6850607890009996,1.2298286908064702,0.16800663017212653,5,0.047891422234738974
2.6861464680041536,1.2298286908064702,0.16800663017212653,5,0.047891422234738974
2.68721949900646,1.2298286908064702,0.16800663017212653,5,0.047891422234738974
2.688297448999947,1.2298286908064702,0.16800663017212653,5,0.047891422234738974
2.689345148006396,1.2298286908064702,0.16800663017212653,5,0.047891422234738974
2.6904944490015623,1.2298286908064702,0.16800663017212653,5,0.047891422234738974
2.6909544720037957,1.2298286908064702,0.16800663017212653,5,0.047891422234738974
2.6921204950049287,1.2298286908064702,0.16800663017212653,5,0.047891422234738974
2.693347102002008,1.234557521300013,0.1664746934784863,5,0.05180388812341499
2.694485515006818,1.234557521300013,0.1664746934784863,5,0.05180388812341499
2.6949508450052235,1.234557521300013,0.1664746934784863,5,0.05180388812341499
2.696004522003932,1.234557521300013,0.1664746934784863,5,0.05180388812341499
2.697203397001431,1.234557521300013,0.1664746934784863,5,0.05180388812341499
2.6979722380056046,1.234557521300013,0.1664746934784863,5,0.05180388812341499
2.698862283003109,1.234557521300013,0.1664746934784863,5,0.05180388812341499
2.699625723005738,1.234557521300013,0.1664746934784863,5,0.05180388812341499
2.700535622003372,1.234557521300013,0.1664746934784863,5,0.05180388812341499
2.7009954230015865,1.234557521300013,0.1664746934784863,5,0.05180388812341499
2.7019777830064413,1.234557521300013,0.1664746934784863,5,0.05180388812341499
2.7033414720062865,1.234557521300013,0.1664746934784863,5,0.05180388812341499
2.7043213060023845,1.234557521300013,0.1664746934784863,5,0.05180388812341499
2.7047511170021608,1.234557521300013,0.1664746934784863,5,0.05180388812341499
2.7056239230005303,1.234557521300013,0.1664746934784863,5,0.05180388812341499
2.7064861000035307,1.2393189630361634,0.16495892671253506,5,0.05592056673357564
2.7067679970059544,1.2393189630361634,0.16495892671253506,5,0.05592056673357564
2.7074188380065607,1.2393189630361634,0.16495892671253506,5,0.05592056673357564
2.7080821940035094,1.2393189630361634,0.16495892671253506,5,0.05592056673357564
2.7087594700060436,1.2393189630361634,0.16495892671253506,5,0.05592056673357564
2.709804844002065,1.2393189630361634,0.16495892671253506,5,0.05592056673357564
2.710855403005553,1.2393189630361634,0.16495892671253506,5,0.05592056673357564
2.7118837630041526,1.2393189630361634,0.16495892671253506,5,0.05592056673357564
2.712969331005297,1.2393189630361634,0.16495892671253506,5,0.05592056673357564
2.714031795003393,1.2393189630361634,0.16495892671253506,5,0.05592056673357564
2.71510038300039,1.2393189630361634,0.16495892671253506,5,0.05592056673357564
2.716212292005366,1.2441598805189924,0.16362288945436637,5,0.06028822307217668
2.7166622430013376,1.2441598805189924,0.16362288945436637,5,0.06028822307217668
2.7177969330005,1.2441598805189924,0.16362288945436637,5,0.06028822307217668
2.718219422000402,1.2441598805189924,0.16362288945436637,5,0.06028822307217668
2.7192987550006364,1.2441598805189924,0.16362288945436637,5,0.06028822307217668
2.7197944490035297,1.2441598805189924,0.16362288945436637,5,0.06028822307217668
2.7209243350007455,1.2441598805189924,0.16362288945436637,5,0.06028822307217668
2.7221274970070226,1.2441598805189924,0.16362288945436637,5,0.06028822307217668
2.723442682006862,1.2441598805189924,0.16362288945436637,5,0.06028822307217668
2.7246006360001047,1.2441598805189924,0.16362288945436637,5,0.06028822307217668
2.7257595540067996,1.2441598805189924,0.16362288945436637,5,0.06028822307217668
2.7261874020041432,1.2441598805189924,0.16362288945436637,5,0.06028822307217668
2.72747972200159,1.2441598805189924,0.16362288945436637,5,0.06028822307217668
2.728655417005939,1.2490368164422778,0.1623279301144565,5,0.06479392674508315
2.7291004590006196,1.2490368164422778,0.1623279301144565,5,0.06479392674508315
2.7302773420015,1.2490368164422778,0.1623279301144565,5,0.06479392674508315
2.731484330004605,1.2490368164422778,0.1623279301144565,5,0.06479392674508315
2.732760271006555,1.2490368164422778,0.1623279301144565,5,0.06479392674508315
2.734023970006092,1.2494939786461756,0.16207390908477248,5,0.06519589193982483
2.7350472310063196,1.2494939786461756,0.16207390908477248,5,0.06519589193982483
2.7355841730022803,1.2494939786461756,0.16207390908477248,5,0.06519589193982483
2.736878483003238,1.2494939786461756,0.16207390908477248,5,0.06519589193982483
2.7380116380008985,1.2607867695256059,0.15726453092183718,5,0.07572100577844917
2.739088364003692,1.2607867695256059,0.15726453092183718,5,0.07572100577844917
2.739509913000802,1.2607867695256059,0.15726453092183718,5,0.07572100577844917
2.7406243350051227,1.2607867695256059,0.15726453092183718,5,0.07572100577844917
2.7417629250048776,1.2607867695256059,0.15726453092183718,5,0.07572100577844917
2.742621331002738,1.2607867695256059,0.15726453092183718,5,0.07572100577844917
2.755350282001018,1.2607867695256059,0.15726453092183718,5,0.07572100577844917
2.7566186360054417,1.2607867695256059,0.15726453092183718,5,0.07572100577844917
2.7569833240049775,1.2607867695256059,0.15726453092183718,5,0.07572100577844917
2.757810259005055,1.2713385523565006,0.15438289636025457,5,0.08604053937309952
2.7581001780054066,1.2713385523565006,0.15438289636025457,5,0.08604053937309952
2.7590690150027513,1.2713385523565006,0.15438289636025457,5,0.08604053937309952
2.7594884840000304,1.2713385523565006,0.15438289636025457,5,0.08604053937309952
2.7605373680053162,1.2713385523565006,0.15438289636025457,5,0.08604053937309952
2.7609888820006745,1.2713385523565006,0.15438289636025457,5,0.08604053937309952
2.762117214006139,1.2713385523565006,0.15438289636025457,5,0.08604053937309952
2.7625495950051118,1.2713385523565006,0.15438289636025457,5,0.08604053937309952
2.763677387003554,1.2713385523565006,0.15438289636025457,5,0.08604053937309952
2.7647819770063506,1.2713385523565006,0.15438289636025457,5,0.08604053937309952
2.765878075006185,1.2713385523565006,0.15438289636025457,5,0.08604053937309952
2.7662939540023217,1.2713385523565006,0.15438289636025457,5,0.08604053937309952
2.767350656002236,1.2713385523565006,0.15438289636025457,5,0.08604053937309952
2.7684314520010957,1.2763055319535974,0.1531298270444057,5,0.09095162661508986
2.769551189005142,1.2763055319535974,0.1531298270444057,5,0.09095162661508986
2.7706146250056918,1.2763055319535974,0.1531298270444057,5,0.09095162661508986
2.7716752780033858,1.2763055319535974,0.1531298270444057,5,0.09095162661508986
2.7727425460034283,1.2763055319535974,0.1531298270444057,5,0.09095162661508986
2.773769721003191,1.2763055319535974,0.1531298270444057,5,0.09095162661508986
2.7748247000054107,1.2763055319535974,0.1531298270444057,5,0.09095162661508986
2.7758526880061254,1.2763055319535974,0.1531298270444057,5,0.09095162661508986
2.776268109002558,1.2763055319535974,0.1531298270444057,5,0.09095162661508986
2.77731652300281,1.2763055319535974,0.1531298270444057,5,0.09095162661508986
2.7784093350055628,1.2763055319535974,0.1531298270444057,5,0.09095162661508986
2.779385475005256,1.2763055319535974,0.1531298270444057,5,0.09095162661508986
2.780452888000582,1.2763055319535974,0.1531298270444057,5,0.09095162661508986
2.781548338003631,1.2812812985253188,0.1518984939603649,5,0.095894036867631
2.782698924005672,1.2812812985253188,0.1518984939603649,5,0.095894036867631
2.7838871580024716,1.2812812985253188,0.1518984939603649,5,0.095894036867631
2.7849537690053694,1.2812812985253188,0.1518984939603649,5,0.095894036867631
2.785995466001623,1.2812812985253188,0.1518984939603649,5,0.095894036867631
2.787029055005405,1.2812812985253188,0.1518984939603649,5,0.095894036867631
2.788180369003385,1.2812812985253188,0.1518984939603649,5,0.095894036867631
2.7890939990029437,1.2812812985253188,0.1518984939603649,5,0.095894036867631
2.7899083709999104,1.2812812985253188,0.1518984939603649,5,0.095894036867631
2.790203922006185,1.2812812985253188,0.1518984939603649,5,0.095894036867631
2.7909600370039698,1.2812812985253188,0.1518984939603649,5,0.095894036867631
2.7916324620018713,1.2862588682877276,0.15066153372275415,5,0.10085653505458607
2.7922881730046356,1.2862588682877276,0.15066153372275415,5,0.10085653505458607
2.792978388002666,1.2862588682877276,0.15066153372275415,5,0.10085653505458607
2.793694914005755,1.2862588682877276,0.15066153372275415,5,0.10085653505458607
2.7945072570000775,1.2862588682877276,0.15066153372275415,5,0.10085653505458607
2.7953729540022323,1.2862588682877276,0.15066153372275415,5,0.10085653505458607
2.796479005002766,1.2862588682877276,0.15066153372275415,5,0.10085653505458607
2.7976546160061844,1.2862588682877276,0.15066153372275415,5,0.10085653505458607
2.7988496700054384,1.2862588682877276,0.15066153372275415,5,0.10085653505458607
2.799296764002065,1.2862588682877276,0.15066153372275415,5,0.10085653505458607
2.8005584300044575,1.2862588682877276,0.15066153372275415,5,0.10085653505458607
2.8009033640046255,1.2862588682877276,0.15066153372275415,5,0.10085653505458607
2.8016135600046255,1.2912497287417544,0.1494666608308407,6,0.10051227028635738
2.8022965750060393,1.2912497287417544,0.1494666608308407,6,0.10051227028635738
2.80309113500698,1.2912497287417544,0.1494666608308407,6,0.10051227028635738
2.8039968910015887,1.2912497287417544,0.1494666608308407,6,0.10051227028635738
2.805061504004698,1.2912497287417544,0.1494666608308407,6,0.10051227028635738
2.8060921790020075,1.2912497287417544,0.1494666608308407,6,0.10051227028635738
2.807149592001224,1.2912497287417544,0.1494666608308407,6,0.10051227028635738
2.8075710230041295,1.2912497287417544,0.1494666608308407,6,0.10051227028635738
2.8086364310001954,1.2912497287417544,0.1494666608308407,6,0.10051227028635738
2.8096742920024553,1.2912497287417544,0.1494666608308407,6,0.10051227028635738
2.8108034710021457,1.2912497287417544,0.1494666608308407,6,0.10051227028635738
2.8119021050006268,1.2912497287417544,0.1494666608308407,6,0.10051227028635738
2.812355510002817,1.2912497287417544,0.1494666608308407,6,0.10051227028635738
2.813449869005126,1.2912497287417544,0.1494666608308407,6,0.10051227028635738
2.8145647080018534,1.296255944386554,0.14832512415408683,6,0.09563659294044122
2.815707754001778,1.296255944386554,0.14832512415408683,6,0.09563659294044122
2.817135571000108,1.296255944386554,0.14832512415408683,6,0.09563659294044122
2.818256113001553,1.296255944386554,0.14832512415408683,6,0.09563659294044122
2.8193168890065863,1.296255944386554,0.14832512415408683,6,0.09563659294044122
2.8203633570010425,1.296255944386554,0.14832512415408683,6,0.09563659294044122
2.8208107280006516,1.296255944386554,0.14832512415408683,6,0.09563659294044122
2.821898168003827,1.296255944386554,0.14832512415408683,6,0.09563659294044122
2.82299494700419,1.296255944386554,0.14832512415408683,6,0.09563659294044122
2.8240254830016056,1.296255944386554,0.14832512415408683,6,0.09563659294044122
2.8250273070007097,1.296255944386554,0.14832512415408683,6,0.09563659294044122
2.8261227430048166,1.296255944386554,0.14832512415408683,6,0.09563659294044122
2.8271924380023847,1.296255944386554,0.14832512415408683,6,0.09563659294044122
2.8282382340039476,1.296255944386554,0.14832512415408683,6,0.09563659294044122
2.8292168190018856,1.3012666872745933,0.14719132760217113,6,0.0907898443729727
2.830324622002081,1.3012666872745933,0.14719132760217113,6,0.0907898443729727
2.8307970620007836,1.3012666872745933,0.14719132760217113,6,0.0907898443729727
2.8319275840040063,1.3012666872745933,0.14719132760217113,6,0.0907898443729727
2.8330306520001614,1.3012666872745933,0.14719132760217113,6,0.0907898443729727
2.834120797000651,1.3012666872745933,0.14719132760217113,6,0.0907898443729727
2.835280038001656,1.3012666872745933,0.14719132760217113,6,0.0907898443729727
2.836430787006975,1.3012666872745933,0.14719132760217113,6,0.0907898443729727
2.836916722000751,1.3012666872745933,0.14719132760217113,6,0.0907898443729727
2.838100269000279,1.3012666872745933,0.14719132760217113,6,0.0907898443729727
2.8392893850032124,1.3012666872745933,0.14719132760217113,6,0.0907898443729727
2.839793439001369,1.3012666872745933,0.14719132760217113,6,0.0907898443729727
2.840770594004425,1.3012666872745933,0.14719132760217113,6,0.0907898443729727
2.841433286004758,1.3062863729331569,0.14608589311447576,6,0.08598521319738948
2.84242835000623,1.3062863729331569,0.14608589311447576,6,0.08598521319738948
2.843223071002285,1.3062863729331569,0.14608589311447576,6,0.08598521319738948
2.8441151260049082,1.3062863729331569,0.14608589311447576,6,0.08598521319738948
2.8448255990006146,1.3062863729331569,0.14608589311447576,6,0.08598521319738948
2.8450958050016197,1.3062863729331569,0.14608589311447576,6,0.08598521319738948
2.846124644005613,1.3062863729331569,0.14608589311447576,6,0.08598521319738948
2.847082208005304,1.3062863729331569,0.14608589311447576,6,0.08598521319738948
2.8479127600003267,1.3062863729331569,0.14608589311447576,6,0.08598521319738948
2.8482022670068545,1.3062863729331569,0.14608589311447576,6,0.08598521319738948
2.8489649440016365,1.3062863729331569,0.14608589311447576,6,0.08598521319738948
2.8496840940060792,1.3062863729331569,0.14608589311447576,6,0.08598521319738948
2.8507422500042594,1.311308220730115,0.14497895015441434,6,0.08121901346948246
2.851751232999959,1.311308220730115,0.14497895015441434,6,0.08121901346948246
2.852748277000501,1.311308220730115,0.14497895015441434,6,0.08121901346948246
2.8539127580006607,1.311308220730115,0.14497895015441434,6,0.08121901346948246
2.855050652004138,1.311308220730115,0.14497895015441434,6,0.08121901346948246
2.855542953002441,1.311308220730115,0.14497895015441434,6,0.08121901346948246
2.8567222350029624,1.311308220730115,0.14497895015441434,6,0.08121901346948246
2.857871393003734,1.311308220730115,0.14497895015441434,6,0.08121901346948246
2.8582692310010316,1.311308220730115,0.14497895015441434,6,0.08121901346948246
2.8594178940038546,1.311308220730115,0.14497895015441434,6,0.08121901346948246
2.860423633006576,1.311308220730115,0.14497895015441434,6,0.08121901346948246
2.861630942003103,1.311308220730115,0.14497895015441434,6,0.08121901346948246
2.8628600320007536,1.311308220730115,0.14497895015441434,6,0.08121901346948246
2.863881138000579,1.311308220730115,0.14497895015441434,6,0.08121901346948246
2.865015064002364,1.311308220730115,0.14497895015441434,6,0.08121901346948246
2.8663485430006403,1.311308220730115,0.14497895015441434,6,0.08121901346948246
2.866853711006115,1.311308220730115,0.14497895015441434,6,0.08121901346948246
2.8681130210025003,1.311308220730115,0.14497895015441434,6,0.08121901346948246
2.8691702090000035,1.315267866873204,0.14410615709244323,6,0.07749487335230441
2.8701954770003795,1.315267866873204,0.14410615709244323,6,0.07749487335230441
2.8712475650027045,1.315267866873204,0.14410615709244323,6,0.07749487335230441
2.8715376620020834,1.315267866873204,0.14410615709244323,6,0.07749487335230441
2.8723413460029406,1.315267866873204,0.14410615709244323,6,0.07749487335230441
2.874263145000441,1.3192863042171437,0.14323208185158143,6,0.07375821896900855
2.8752959910052596,1.3192863042171437,0.14323208185158143,6,0.07375821896900855
2.8795260500046425,1.3192863042171437,0.14323208185158143,6,0.07375821896900855
2.879902821005089,1.3192863042171437,0.14323208185158143,6,0.07375821896900855
2.8807757670001592,1.3192863042171437,0.14323208185158143,6,0.07375821896900855
2.881056025005819,1.3192863042171437,0.14323208185158143,6,0.07375821896900855
2.8817007660036325,1.3192863042171437,0.14323208185158143,6,0.07375821896900855
2.882539745005488,1.3192863042171437,0.14323208185158143,6,0.07375821896900855
2.8840154680001433,1.3192863042171437,0.14323208185158143,6,0.07375821896900855
2.884788418006792,1.3192863042171437,0.14323208185158143,6,0.07375821896900855
2.8856311880008434,1.3192863042171437,0.14323208185158143,6,0.07375821896900855
2.885907441006566,1.3192863042171437,0.14323208185158143,6,0.07375821896900855
2.8865102550043957,1.3192863042171437,0.14323208185158143,6,0.07375821896900855
2.8874988660027157,1.3192863042171437,0.14323208185158143,6,0.07375821896900855
2.8882048840023344,1.3243054406948644,0.14218944901798353,6,0.06918217230743852
2.8889268990023993,1.3243054406948644,0.14218944901798353,6,0.06918217230743852
2.889604344003601,1.3243054406948644,0.14218944901798353,6,0.06918217230743852
2.88989130200207,1.3243054406948644,0.14218944901798353,6,0.06918217230743852
2.8905352010042407,1.3243054406948644,0.14218944901798353,6,0.06918217230743852
2.8912004210069426,1.3243054406948644,0.14218944901798353,6,0.06918217230743852
2.892110462002165,1.3243054406948644,0.14218944901798353,6,0.06918217230743852
2.8928670060049626,1.3243054406948644,0.14218944901798353,6,0.06918217230743852
2.893717798004218,1.3243054406948644,0.14218944901798353,6,0.06918217230743852
2.8947472170038964,1.3243054406948644,0.14218944901798353,6,0.06918217230743852
2.895077539003978,1.3243054406948644,0.14218944901798353,6,0.06918217230743852
2.8958981660034624,1.3243054406948644,0.14218944901798353,6,0.06918217230743852
2.8965385180054,1.3292855468467815,0.14115209070485063,6,0.06472140607872254
2.8972678190039005,1.3292855468467815,0.14115209070485063,6,0.06472140607872254
2.897524086001795,1.3292855468467815,0.14115209070485063,6,0.06472140607872254
2.8984870500062243,1.3292855468467815,0.14115209070485063,6,0.06472140607872254
2.8994887490043766,1.3292855468467815,0.14115209070485063,6,0.06472140607872254
2.9005437580053695,1.3292855468467815,0.14115209070485063,6,0.06472140607872254
2.9016686730028596,1.3292855468467815,0.14115209070485063,6,0.06472140607872254
2.902737001000787,1.3292855468467815,0.14115209070485063,6,0.06472140607872254
2.9032494250059244,1.3292855468467815,0.14115209070485063,6,0.06472140607872254
2.904291804006789,1.3292855468467815,0.14115209070485063,6,0.06472140607872254
2.905327627006045,1.3292855468467815,0.14115209070485063,6,0.06472140607872254
2.9065249450068222,1.3292855468467815,0.14115209070485063,6,0.06472140607872254
2.9070054720068583,1.3292855468467815,0.14115209070485063,6,0.06472140607872254
2.908104511006968,1.3342396998449648,0.14014649356381823,6,0.060400508709881486
2.90911349500675,1.3342396998449648,0.14014649356381823,6,0.060400508709881486
2.910116751001624,1.3342396998449648,0.14014649356381823,6,0.060400508709881486
2.9104971200067666,1.3342396998449648,0.14014649356381823,6,0.060400508709881486
2.911570587006281,1.3342396998449648,0.14014649356381823,6,0.060400508709881486
2.9125994670030195,1.3342396998449648,0.14014649356381823,6,0.060400508709881486
2.9135609380027745,1.3391679800659333,0.1391429454501428,6,0.056221471216585946
2.9147672680046526,1.3391679800659333,0.1391429454501428,6,0.056221471216585946
2.9151958400034346,1.3391679800659333,0.1391429454501428,6,0.056221471216585946
2.9162596390015096,1.3391679800659333,0.1391429454501428,6,0.056221471216585946
2.9173857550049433,1.3391679800659333,0.1391429454501428,6,0.056221471216585946
2.9185005510007613,1.3440665217821788,0.13810784160670397,6,0.05218771842730922
2.9189556000055745,1.3440665217821788,0.13810784160670397,6,0.05218771842730922
2.9198847000006936,1.3440665217821788,0.13810784160670397,6,0.05218771842730922
2.921065972004726,1.3440665217821788,0.13810784160670397,6,0.05218771842730922
2.9220357980011613,1.3440665217821788,0.13810784160670397,6,0.05218771842730922
2.9234944710042328,1.3440665217821788,0.13810784160670397,6,0.05218771842730922
2.9245074650025344,1.3440665217821788,0.13810784160670397,6,0.05218771842730922
2.9254886859998805,1.3440665217821788,0.13810784160670397,6,0.05218771842730922
2.9264753370007384,1.3440665217821788,0.13810784160670397,6,0.05218771842730922
2.9276898250027443,1.3440665217821788,0.13810784160670397,6,0.05218771842730922
2.928709477004304,1.3440665217821788,0.13810784160670397,6,0.05218771842730922
2.9296478620017297,1.3440665217821788,0.13810784160670397,6,0.05218771842730922
2.930494087006082,1.3488802835918876,0.13678704981877673,6,0.04815763071060741
2.9309319090025383,1.3488802835918876,0.13678704981877673,6,0.04815763071060741
2.9319881930059637,1.3488802835918876,0.13678704981877673,6,0.04815763071060741
2.9324667430046247,1.3488802835918876,0.13678704981877673,6,0.04815763071060741
2.933470051000768,1.3488802835918876,0.13678704981877673,6,0.04815763071060741
2.933791307004867,1.3488802835918876,0.13678704981877673,6,0.04815763071060741
2.934736787006841,1.3488802835918876,0.13678704981877673,6,0.04815763071060741
2.9357914910069667,1.3488802835918876,0.13678704981877673,6,0.04815763071060741
2.9364976130018476,1.3488802835918876,0.13678704981877673,6,0.04815763071060741
2.9373300390070654,1.3488802835918876,0.13678704981877673,6,0.04815763071060741
2.937635834001412,1.3488802835918876,0.13678704981877673,6,0.04815763071060741
2.938330542005133,1.3488802835918876,0.13678704981877673,6,0.04815763071060741
2.9390044060055516,1.3488802835918876,0.13678704981877673,6,0.04815763071060741
2.9397337250047713,1.3488802835918876,0.13678704981877673,6,0.04815763071060741
2.9407540000029257,1.3536838302241394,0.13548078588275558,6,0.044341445928118936
2.9414899320036056,1.3536838302241394,0.13548078588275558,6,0.044341445928118936
2.9422218700055964,1.3536838302241394,0.13548078588275558,6,0.044341445928118936
2.9426360040015425,1.3536838302241394,0.13548078588275558,6,0.044341445928118936
2.943623919003585,1.3536838302241394,0.13548078588275558,6,0.044341445928118936
2.9446287180035142,1.3536838302241394,0.13548078588275558,6,0.044341445928118936
2.9456234960016445,1.3536838302241394,0.13548078588275558,6,0.044341445928118936
2.9466141590019106,1.3536838302241394,0.13548078588275558,6,0.044341445928118936
2.947621176004759,1.3536838302241394,0.13548078588275558,6,0.044341445928118936
2.9486217750018113,1.3536838302241394,0.13548078588275558,6,0.044341445928118936
2.9496384200028842,1.3584794139867393,0.13418750583567912,6,0.04079180359905014
2.9500765510019846,1.3584794139867393,0.13418750583567912,6,0.04079180359905014
2.95112414900359,1.3584794139867393,0.13418750583567912,6,0.04079180359905014
2.951534324005479,1.3584794139867393,0.13418750583567912,6,0.04079180359905014
2.952558096003486,1.3584794139867393,0.13418750583567912,6,0.04079180359905014
2.953588385003968,1.3584794139867393,0.13418750583567912,6,0.04079180359905014
2.954558638004528,1.3584794139867393,0.13418750583567912,6,0.04079180359905014
2.9555223120041774,1.3609751713135192,0.13341579185151503,6,0.03897778077559515
2.9564914450020296,1.3609751713135192,0.13341579185151503,6,0.03897778077559515
2.9575044330049423,1.3609751713135192,0.13341579185151503,6,0.03897778077559515
2.957919315005711,1.3609751713135192,0.13341579185151503,6,0.03897778077559515
2.9589374540009885,1.3609751713135192,0.13341579185151503,6,0.03897778077559515
2.95995264800149,1.3609751713135192,0.13341579185151503,6,0.03897778077559515
2.9609365740034264,1.3673169321127114,0.13172262452536523,6,0.035083465124868415
2.961343504000979,1.3673169321127114,0.13172262452536523,6,0.035083465124868415
2.9623825130038313,1.3673169321127114,0.13172262452536523,6,0.035083465124868415
2.963395364000462,1.3673169321127114,0.13172262452536523,6,0.035083465124868415
2.964471952000167,1.3673169321127114,0.13172262452536523,6,0.035083465124868415
2.965495965006994,1.3673169321127114,0.13172262452536523,6,0.035083465124868415
2.9664962440001545,1.3673169321127114,0.13172262452536523,6,0.035083465124868415
2.9675664980022702,1.3673169321127114,0.13172262452536523,6,0.035083465124868415
2.9686058950028382,1.3673169321127114,0.13172262452536523,6,0.035083465124868415
2.9695703590041376,1.3673169321127114,0.13172262452536523,6,0.035083465124868415
2.9705496950045926,1.3673169321127114,0.13172262452536523,6,0.035083465124868415
2.9709542660057195,1.3673169321127114,0.13172262452536523,6,0.035083465124868415
2.9719072990046698,1.3722519296108038,0.13078774939348503,6,0.03302745455173506
2.972289487006492,1.3722519296108038,0.13078774939348503,6,0.03302745455173506
2.9732614050008124,1.3722519296108038,0.13078774939348503,6,0.03302745455173506
2.9742301520018373,1.3722519296108038,0.13078774939348503,6,0.03302745455173506
2.9745164240011945,1.3722519296108038,0.13078774939348503,6,0.03302745455173506
2.975204535003286,1.3722519296108038,0.13078774939348503,6,0.03302745455173506
2.975821571002598,1.3722519296108038,0.13078774939348503,6,0.03302745455173506
2.9764641560032032,1.3722519296108038,0.13078774939348503,6,0.03302745455173506
2.9773306010029046,1.3722519296108038,0.13078774939348503,6,0.03302745455173506
2.9783910930054844,1.3722519296108038,0.13078774939348503,6,0.03302745455173506
2.9787663140014047,1.3722519296108038,0.13078774939348503,6,0.03302745455173506
2.97946289399988,1.37723276721088,0.12989022161303393,6,0.03167886942820635
2.9801163520023692,1.37723276721088,0.12989022161303393,6,0.03167886942820635
2.9807294140045997,1.37723276721088,0.12989022161303393,6,0.03167886942820635
2.9813973540003644,1.37723276721088,0.12989022161303393,6,0.03167886942820635
2.982203068000672,1.37723276721088,0.12989022161303393,6,0.03167886942820635
2.9831859640034963,1.37723276721088,0.12989022161303393,6,0.03167886942820635
2.9840247680040193,1.37723276721088,0.12989022161303393,6,0.03167886942820635
2.984315719004371,1.37723276721088,0.12989022161303393,6,0.03167886942820635
2.9850569240006735,1.37723276721088,0.12989022161303393,6,0.03167886942820635
2.985824445000617,1.37723276721088,0.12989022161303393,6,0.03167886942820635
2.986432762001641,1.37723276721088,0.12989022161303393,6,0.03167886942820635
2.9870816430047853,1.37723276721088,0.12989022161303393,6,0.03167886942820635
2.9874402040004497,1.37723276721088,0.12989022161303393,6,0.03167886942820635
2.9881431740068365,1.37723276721088,0.12989022161303393,6,0.03167886942820635
2.9887464700004784,1.382259325965843,0.1290424522231028,6,0.03116081424288233
2.989321960005327,1.382259325965843,0.1290424522231028,6,0.03116081424288233
2.990173327001685,1.382259325965843,0.1290424522231028,6,0.03116081424288233
2.991152825001336,1.382259325965843,0.1290424522231028,6,0.03116081424288233
2.9921234140056185,1.382259325965843,0.1290424522231028,6,0.03116081424288233
2.9925093250058126,1.382259325965843,0.1290424522231028,6,0.03116081424288233
2.9934811210041516,1.382259325965843,0.1290424522231028,6,0.03116081424288233
2.994455388005008,1.382259325965843,0.1290424522231028,6,0.03116081424288233
2.995430805000069,1.382259325965843,0.1290424522231028,6,0.03116081424288233
2.99587045100634,1.382259325965843,0.1290424522231028,6,0.03116081424288233
2.9968594340025447,1.382259325965843,0.1290424522231028,6,0.03116081424288233
2.9978441950006527,1.382259325965843,0.1290424522231028,6,0.03116081424288233
2.9987927040056093,1.382259325965843,0.1290424522231028,6,0.03116081424288233
2.99974750399997,1.3873219851510035,0.1281996928262046,6,0.031486581122422606
3.0007661020063097,1.3873219851510035,0.1281996928262046,6,0.031486581122422606
3.0017994880035985,1.3873219851510035,0.1281996928262046,6,0.031486581122422606
3.0028974060041946,1.3873219851510035,0.1281996928262046,6,0.031486581122422606
3.0033022640054696,1.3873219851510035,0.1281996928262046,6,0.031486581122422606
3.00431541200669,1.3873219851510035,0.1281996928262046,6,0.031486581122422606
3.005249208006717,1.3873219851510035,0.1281996928262046,6,0.031486581122422606
3.0060426280033425,1.3873219851510035,0.1281996928262046,6,0.031486581122422606
3.007289668006706,1.3873219851510035,0.1281996928262046,6,0.031486581122422606
3.008368255003006,1.3873219851510035,0.1281996928262046,6,0.031486581122422606
3.0087772980041336,1.3873219851510035,0.1281996928262046,6,0.031486581122422606
3.0097744580052677,1.3873219851510035,0.1281996928262046,6,0.031486581122422606
3.010809937004524,1.3873219851510035,0.1281996928262046,6,0.031486581122422606
3.0118188230044325,1.3873219851510035,0.1281996928262046,6,0.031486581122422606
3.012794713002222,1.392422415574873,0.12738286768769524,6,0.03266675225417484
3.013816905004205,1.392422415574873,0.12738286768769524,6,0.03266675225417484
3.0142145160061773,1.392422415574873,0.12738286768769524,6,0.03266675225417484
3.0151960000002873,1.392422415574873,0.12738286768769524,6,0.03266675225417484
3.0161346390013932,1.392422415574873,0.12738286768769524,6,0.03266675225417484
3.0165100210069795,1.392422415574873,0.12738286768769524,6,0.03266675225417484
3.0175146510009654,1.392422415574873,0.12738286768769524,6,0.03266675225417484
3.0185289870059933,1.392422415574873,0.12738286768769524,6,0.03266675225417484
3.0195803260066896,1.392422415574873,0.12738286768769524,6,0.03266675225417484
3.020046812001965,1.392422415574873,0.12738286768769524,6,0.03266675225417484
3.0211310320009943,1.392422415574873,0.12738286768769524,6,0.03266675225417484
3.0222089840026456,1.392422415574873,0.12738286768769524,6,0.03266675225417484
3.0231872640069923,1.392422415574873,0.12738286768769524,6,0.03266675225417484
3.0242441660011536,1.392422415574873,0.12738286768769524,6,0.03266675225417484
3.024774593002803,1.392422415574873,0.12738286768769524,6,0.03266675225417484
3.026041585006169,1.392422415574873,0.12738286768769524,6,0.03266675225417484
3.027293246006593,1.392422415574873,0.12738286768769524,6,0.03266675225417484
3.0277149950052262,1.392422415574873,0.12738286768769524,6,0.03266675225417484
3.0284549450007034,1.392422415574873,0.12738286768769524,6,0.03266675225417484
3.0291881060038577,1.4027202245214196,0.125766445441101,6,0.03720777361229954
3.0301521330038668,1.4027202245214196,0.125766445441101,6,0.03720777361229954
3.0312091920059174,1.4027202245214196,0.125766445441101,6,0.03720777361229954
3.0323210660062614,1.4027202245214196,0.125766445441101,6,0.03720777361229954
3.0332107950016507,1.4027202245214196,0.125766445441101,6,0.03720777361229954
3.0336019630049122,1.4027202245214196,0.125766445441101,6,0.03720777361229954
3.0344704240051215,1.4027202245214196,0.125766445441101,6,0.03720777361229954
3.035179432001314,1.4027202245214196,0.125766445441101,6,0.03720777361229954
3.035968505006167,1.4027202245214196,0.125766445441101,6,0.03720777361229954
3.0362331020005513,1.4027202245214196,0.125766445441101,6,0.03720777361229954
3.036911566006893,1.4079145802828081,0.12496652962655566,6,0.040345378763981206
3.0377494390049833,1.4079145802828081,0.12496652962655566,6,0.040345378763981206
3.0384081070005777,1.4079145802828081,0.12496652962655566,6,0.040345378763981206
3.0393935880056233,1.4079145802828081,0.12496652962655566,6,0.040345378763981206
3.039796032004233,1.4079145802828081,0.12496652962655566,6,0.040345378763981206
3.0407563660046435,1.4079145802828081,0.12496652962655566,6,0.040345378763981206
3.0417823960015085,1.4079145802828081,0.12496652962655566,6,0.040345378763981206
3.042781569005456,1.4079145802828081,0.12496652962655566,6,0.040345378763981206
3.0437697710003704,1.4079145802828081,0.12496652962655566,6,0.040345378763981206
3.0447382910060696,1.4079145802828081,0.12496652962655566,6,0.040345378763981206
3.0459378710002056,1.4157205683131633,0.12261730327190937,6,0.045166465953577734
3.047158601002593,1.4157205683131633,0.12261730327190937,6,0.045166465953577734
3.04759649400512,1.4157205683131633,0.12261730327190937,6,0.045166465953577734
3.0486093830040772,1.4157205683131633,0.12261730327190937,6,0.045166465953577734
3.0490024390019244,1.4157205683131633,0.12261730327190937,6,0.045166465953577734
3.049979681003606,1.4188829310861166,0.12068868601769948,6,0.04690403627809279
3.051198129003751,1.4188829310861166,0.12068868601769948,6,0.04690403627809279
3.0522696180050843,1.4290497776973816,0.11689332736870651,6,0.054628685881277145
3.052676176004752,1.4290497776973816,0.11689332736870651,6,0.054628685881277145
3.0537928430057946,1.4290497776973816,0.11689332736870651,6,0.054628685881277145
3.055160211006296,1.4290497776973816,0.11689332736870651,6,0.054628685881277145
3.056239474004542,1.4290497776973816,0.11689332736870651,6,0.054628685881277145
3.0566637130032177,1.4290497776973816,0.11689332736870651,6,0.054628685881277145
3.0578623649998917,1.4290497776973816,0.11689332736870651,6,0.054628685881277145
3.0589432590059005,1.4290497776973816,0.11689332736870651,6,0.054628685881277145
3.05933969700709,1.4290497776973816,0.11689332736870651,6,0.054628685881277145
3.0603849370017997,1.4290497776973816,0.11689332736870651,6,0.054628685881277145
3.0613782120053656,1.4343108276085341,0.11612811063971144,6,0.059364442431629715
3.0623852429998806,1.4343108276085341,0.11612811063971144,6,0.059364442431629715
3.063437459000852,1.4343108276085341,0.11612811063971144,6,0.059364442431629715
3.0645816680043936,1.4343108276085341,0.11612811063971144,6,0.059364442431629715
3.0657558250022703,1.4343108276085341,0.11612811063971144,6,0.059364442431629715
3.0669590560064535,1.4343108276085341,0.11612811063971146,6,0.059364442431629715
3.0672868120018393,1.4343108276085341,0.11612811063971146,6,0.059364442431629715
3.0683955430067726,1.4343108276085341,0.11612811063971146,6,0.059364442431629715
3.0694269880041247,1.4343108276085341,0.11612811063971146,6,0.059364442431629715
3.070426000005682,1.4343108276085341,0.11612811063971146,6,0.059364442431629715
3.071416732003854,1.4343108276085341,0.11612811063971146,6,0.059364442431629715
3.072384791004879,1.4395815925632491,0.11534112721813061,6,0.06419474363922915
3.0733286419999786,1.4395815925632491,0.11534112721813061,6,0.06419474363922915
3.074280100001488,1.4395815925632491,0.11534112721813061,6,0.06419474363922915
3.0752126080042217,1.4395815925632491,0.11534112721813061,6,0.06419474363922915
3.0762098129998776,1.4395815925632491,0.11534112721813061,6,0.06419474363922915
3.076631804004137,1.4395815925632491,0.11534112721813061,6,0.06419474363922915
3.0775473450048594,1.4395815925632491,0.11534112721813061,6,0.06419474363922915
3.078519466005673,1.4395815925632491,0.11534112721813061,6,0.06419474363922915
3.078970004004077,1.4395815925632491,0.11534112721813061,6,0.06419474363922915
3.0800644690025365,1.4395815925632491,0.11534112721813061,6,0.06419474363922915
3.0811470270054997,1.4395815925632491,0.11534112721813061,6,0.06419474363922915
3.0822133730034693,1.4395815925632491,0.11534112721813061,6,0.06419474363922915
3.0833579509999254,1.4395815925632491,0.11534112721813061,6,0.06419474363922915
3.083804402005626,1.4395815925632491,0.11534112721813061,6,0.06419474363922915
3.0848840170001495,1.4395815925632491,0.11534112721813061,6,0.06419474363922915
3.0857297500042478,1.4448594633032188,0.1145200281346554,6,0.0690972816425444
3.0864565590018174,1.4448594633032188,0.1145200281346554,6,0.0690972816425444
3.0871048660046654,1.4448594633032188,0.1145200281346554,6,0.0690972816425444
3.0873545160065987,1.4448594633032188,0.1145200281346554,6,0.0690972816425444
3.0879847630058066,1.4448594633032188,0.1145200281346554,6,0.0690972816425444
3.088637576001929,1.4448594633032188,0.1145200281346554,6,0.0690972816425444
3.0892625380001846,1.4448594633032188,0.1145200281346554,6,0.0690972816425444
3.090021494004759,1.4448594633032188,0.1145200281346554,6,0.0690972816425444
3.0909889450049377,1.4448594633032188,0.1145200281346554,6,0.0690972816425444
3.091684692000854,1.4501509714504544,0.11371121905915407,6,0.0740764475070496
3.092612132000795,1.4501509714504544,0.11371121905915407,6,0.0740764475070496
3.092961409005511,1.4501509714504544,0.11371121905915407,6,0.0740764475070496
3.0938037900050404,1.4501509714504544,0.11371121905915407,6,0.0740764475070496
3.094661527000426,1.4501509714504544,0.11371121905915407,6,0.0740764475070496
3.095516706001945,1.4501509714504544,0.11371121905915407,6,0.0740764475070496
3.0963802580008633,1.4501509714504544,0.11371121905915407,6,0.0740764475070496
3.097223353004665,1.4501509714504544,0.11371121905915407,6,0.0740764475070496
3.0982105220027734,1.4501509714504544,0.11371121905915407,6,0.0740764475070496
3.0992884270017385,1.4501509714504544,0.11371121905915407,6,0.0740764475070496
3.100316213000042,1.4501509714504544,0.11371121905915407,6,0.0740764475070496
3.101399480001419,1.4501509714504544,0.11371121905915407,6,0.0740764475070496
3.101853217005555,1.4501509714504544,0.11371121905915407,6,0.0740764475070496
3.1029358860032517,1.4501509714504544,0.11371121905915407,6,0.0740764475070496
3.1039479240062064,1.4501509714504544,0.11371121905915407,6,0.0740764475070496
3.1049285820045043,1.4501509714504544,0.11371121905915407,6,0.0740764475070496
3.105904930001998,1.4501509714504544,0.11371121905915407,6,0.0740764475070496
3.1068624630061095,1.4501509714504544,0.11371121905915407,6,0.0740764475070496
3.1078250410064356,1.4501509714504544,0.11371121905915407,6,0.0740764475070496
3.108775938002509,1.4501509714504544,0.11371121905915407,6,0.0740764475070496
3.109727204006049,1.4554524792166739,0.11289477833023523,6,0.0791128610370987
3.1101113250042545,1.4554524792166739,0.11289477833023523,6,0.0791128610370987
3.111110877005558,1.4554524792166739,0.11289477833023523,6,0.0791128610370987
3.112109910005529,1.4554524792166739,0.11289477833023523,6,0.0791128610370987
3.1130905620011617,1.4554524792166739,0.11289477833023523,6,0.0791128610370987
3.1141170200062334,1.4554524792166739,0.11289477833023523,6,0.0791128610370987
3.1151343200035626,1.4554524792166739,0.11289477833023523,6,0.0791128610370987
3.115554128002259,1.4554524792166739,0.11289477833023523,6,0.0791128610370987
3.1165575940030976,1.4554524792166739,0.11289477833023523,6,0.0791128610370987
3.117703441006597,1.4554524792166739,0.11289477833023523,6,0.0791128610370987
3.118708306006738,1.4554524792166739,0.11289477833023523,6,0.0791128610370987
3.119680892006727,1.4554524792166739,0.11289477833023523,6,0.0791128610370987
3.1206505010050023,1.4607680639206435,0.11210101071180412,6,0.08420737427052688
3.1216127250008867,1.4607680639206435,0.11210101071180412,6,0.08420737427052688
3.1226611790043535,1.4607680639206435,0.11210101071180412,6,0.08420737427052688
3.12364596700354,1.4607680639206435,0.11210101071180412,6,0.08420737427052688
3.1240411150065484,1.4607680639206435,0.11210101071180412,6,0.08420737427052688
3.1248780760070076,1.4607680639206435,0.11210101071180412,6,0.08420737427052688
3.125160121002409,1.4607680639206435,0.11210101071180412,6,0.08420737427052688
3.1259076050046133,1.4607680639206435,0.11210101071180412,6,0.08420737427052688
3.126249347005796,1.4607680639206435,0.11210101071180412,6,0.08420737427052688
3.126964751005289,1.4607680639206435,0.11210101071180412,6,0.08420737427052688
3.1280364700069185,1.4607680639206435,0.11210101071180412,6,0.08420737427052688
3.1289114950050134,1.4607680639206435,0.11210101071180412,6,0.08420737427052688
3.1298962100045173,1.4607680639206435,0.11210101071180412,6,0.08420737427052688
3.1303501240035985,1.4607680639206435,0.11210101071180412,6,0.08420737427052688
3.131404662002751,1.4607680639206435,0.11210101071180412,6,0.08420737427052688
3.1324161530064885,1.4607680639206435,0.11210101071180412,6,0.08420737427052688
3.133248910002294,1.4607680639206435,0.11210101071180412,6,0.08420737427052688
3.1341848980009672,1.4607680639206435,0.11210101071180412,6,0.08420737427052688
3.1344658870002604,1.4607680639206435,0.11210101071180412,6,0.08420737427052688
3.135521903001063,1.4660932629790373,0.1113037864005775,6,0.0893437117746445
3.136467338001239,1.4660932629790373,0.1113037864005775,6,0.0893437117746445
3.1375625180007773,1.4660932629790373,0.1113037864005775,6,0.0893437117746445
3.1379943740030285,1.4660932629790373,0.1113037864005775,6,0.0893437117746445
3.13902316900203,1.4660932629790373,0.1113037864005775,6,0.0893437117746445
3.140091007000592,1.4660932629790373,0.1113037864005775,6,0.0893437117746445
3.1405223260007915,1.4660932629790373,0.1113037864005775,6,0.0893437117746445
3.1415336320060305,1.4660932629790373,0.1113037864005775,6,0.0893437117746445
3.14255043000594,1.4714317085111233,0.11053103630140215,6,0.0945240041297015
3.142862127002445,1.4714317085111233,0.11053103630140215,6,0.0945240041297015
3.143632504004927,1.4714317085111233,0.11053103630140215,6,0.0945240041297015
3.1447092830057954,1.4714317085111233,0.11053103630140215,6,0.0945240041297015
3.1457716080039972,1.4714317085111233,0.11053103630140215,6,0.0945240041297015
3.1467951640006504,1.4714317085111233,0.11053103630140215,6,0.0945240041297015
3.1472176510069403,1.4714317085111233,0.11053103630140215,6,0.0945240041297015
3.1482740300052683,1.4714317085111233,0.11053103630140215,6,0.0945240041297015
3.149351040003239,1.4714317085111233,0.11053103630140215,6,0.0945240041297015
3.1504193370055873,1.4714317085111233,0.11053103630140215,6,0.0945240041297015
3.151524448003329,1.4714317085111233,0.11053103630140215,6,0.0945240041297015
3.152564114003326,1.4714317085111233,0.11053103630140215,6,0.0945240041297015
3.1536194550062646,1.4714317085111233,0.11053103630140215,6,0.0945240041297015
3.1546537680042093,1.4714317085111233,0.11053103630140215,6,0.0945240041297015
3.1557410070017795,1.4714317085111233,0.11053103630140215,6,0.0945240041297015
3.156792771005712,1.4714317085111233,0.11053103630140215,6,0.0945240041297015
3.157828008006618,1.4767789615951927,0.10975567932768132,6,0.09973541477535935
3.1582155210053315,1.4767789615951927,0.10975567932768132,6,0.09973541477535935
3.1592535100062378,1.4767789615951927,0.10975567932768132,6,0.09973541477535935
3.1603570280058193,1.4767789615951927,0.10975567932768132,6,0.09973541477535935
3.161423905999982,1.4767789615951927,0.10975567932768132,6,0.09973541477535935
3.162467824004125,1.4767789615951927,0.10975567932768132,6,0.09973541477535935
3.1629570010045427,1.4767789615951927,0.10975567932768132,6,0.09973541477535935
3.1639771630070754,1.4767789615951927,0.10975567932768132,6,0.09973541477535935
3.165059185004793,1.4767789615951927,0.10975567932768132,6,0.09973541477535935
3.166084448006586,1.4767789615951927,0.10975567932768132,6,0.09973541477535935
3.1671416430035606,1.4767789615951927,0.10975567932768132,6,0.09973541477535935
3.1682676810014527,1.4767789615951927,0.10975567932768132,6,0.09973541477535935
3.169353047000186,1.4767789615951927,0.10975567932768132,6,0.09973541477535935
3.1703758200019365,1.4821250948901028,0.10900720441367392,6,0.10496786567136371
3.1707890550023876,1.4821250948901028,0.10900720441367392,6,0.10496786567136371
3.171803668999928,1.4821250948901028,0.10900720441367392,6,0.10496786567136371
3.172838873004366,1.4821250948901028,0.10900720441367392,6,0.10496786567136371
3.173915630002739,1.4821250948901028,0.10900720441367392,6,0.10496786567136371
3.1749762070030556,1.4821250948901028,0.10900720441367392,6,0.10496786567136371
3.1760280940070515,1.4874543205683302,0.1082597622953794,7,0.10029526152816996
3.17646174600668,1.4874543205683302,0.1082597622953794,7,0.10029526152816996
3.177545974001987,1.4874543205683302,0.1082597622953794,7,0.10029526152816996
3.1786262430032366,1.4874543205683302,0.1082597622953794,7,0.10029526152816996
3.1797115840017796,1.4874543205683302,0.1082597622953794,7,0.10029526152816996
3.180143952005892,1.4874543205683302,0.1082597622953794,7,0.10029526152816996
3.181269921005878,1.4874543205683302,0.1082597622953794,7,0.10029526152816996
3.1824520530062728,1.4874543205683302,0.1082597622953794,7,0.10029526152816996
3.183625257006497,1.4874543205683302,0.1082597622953794,7,0.10029526152816996
3.1847277470005793,1.4874543205683302,0.1082597622953794,7,0.10029526152816996
3.1851670620017103,1.4874543205683302,0.1082597622953794,7,0.10029526152816996
3.186275296000531,1.4874543205683302,0.1082597622953794,7,0.10029526152816996
3.1873340620004456,1.4874543205683302,0.1082597622953794,7,0.10029526152816996
3.1883711570044397,1.4859792704772987,0.1058117079871587,7,0.1003979306542116
3.1894272590070614,1.4859792704772987,0.1058117079871587,7,0.1003979306542116
3.1898736450020806,1.4859792704772987,0.1058117079871587,7,0.1003979306542116
3.191148145000625,1.4859792704772987,0.1058117079871587,7,0.1003979306542116
3.19226229400374,1.4859792704772987,0.1058117079871587,7,0.1003979306542116
3.193310509006551,1.4819643856797176,0.10479291069431461,7,0.10349273431747594
3.193761042006372,1.4819643856797176,0.10479291069431461,7,0.10349273431747594
3.194892070001515,1.4819643856797176,0.10479291069431461,7,0.10349273431747594
3.1960095790054766,1.4819643856797176,0.10479291069431461,7,0.10349273431747594
3.197068361005222,1.4819643856797176,0.10479291069431461,7,0.10349273431747594
3.1975953720029793,1.4819643856797176,0.10479291069431461,7,0.10349273431747594
3.198698850006622,1.4819643856797176,0.10479291069431461,7,0.10349273431747594
3.1998395580012584,1.4819643856797176,0.10479291069431461,7,0.10349273431747594
3.20026156300446,1.4819643856797176,0.10479291069431461,7,0.10349273431747594
3.201370450005925,1.4819643856797176,0.10479291069431461,7,0.10349273431747594
3.2026250200069626,1.4819643856797176,0.10479291069431461,7,0.10349273431747594
3.2037642810028046,1.4925482867082642,0.10319242326546003,7,0.09337423184459301
3.2049820400061435,1.4925482867082642,0.10319242326546003,7,0.09337423184459301
3.2054274450056255,1.4925482867082642,0.10319242326546003,7,0.09337423184459301
3.206672480002453,1.4925482867082642,0.10319242326546003,7,0.09337423184459301
3.207760291006707,1.4925482867082642,0.10319242326546003,7,0.09337423184459301
3.2087701160053257,1.4925482867082642,0.10319242326546003,7,0.09337423184459301
3.209184361003281,1.4925482867082642,0.10319242326546003,7,0.09337423184459301
3.210206426003424,1.4925482867082642,0.10319242326546003,7,0.09337423184459301
3.2114186380058527,1.497827770014089,0.10238808385639368,7,0.08837552412369734
3.2126049880025676,1.497827770014089,0.10238808385639368,7,0.08837552412369734
3.2137215360053233,1.497827770014089,0.10238808385639368,7,0.08837552412369734
3.2142867680013296,1.497827770014089,0.10238808385639368,7,0.08837552412369734
3.2153848610032583,1.497827770014089,0.10238808385639368,7,0.08837552412369734
3.216479946000618,1.497827770014089,0.10238808385639368,7,0.08837552412369734
3.2169089450035244,1.497827770014089,0.10238808385639368,7,0.08837552412369734
3.2180418640054995,1.497827770014089,0.10238808385639368,7,0.08837552412369734
3.2191301840066444,1.5031000831333023,0.10157580080957011,7,0.08342119669792333
3.220189912004571,1.5031000831333023,0.10157580080957011,7,0.08342119669792333
3.22064076600509,1.5031000831333023,0.10157580080957011,7,0.08342119669792333
3.221774945006473,1.5031000831333023,0.10157580080957011,7,0.08342119669792333
3.2229568570037372,1.5031000831333023,0.10157580080957011,7,0.08342119669792333
3.2240756010069163,1.5031000831333023,0.10157580080957011,7,0.08342119669792333
3.2251396290012053,1.5031000831333023,0.10157580080957011,7,0.08342119669792333
3.2255852710004547,1.5031000831333023,0.10157580080957011,7,0.08342119669792333
3.2266359780041967,1.5031000831333023,0.10157580080957011,7,0.08342119669792333
3.241327198004001,1.5031000831333023,0.10157580080957011,7,0.08342119669792333
3.2427481450067717,1.5189039706027792,0.09922071602215768,7,0.06895862987972466
3.243206689003273,1.5189039706027792,0.09922071602215768,7,0.06895862987972466
3.244340965000447,1.5189039706027792,0.09922071602215768,7,0.06895862987972466
3.24479876300029,1.5189039706027792,0.09922071602215768,7,0.06895862987972466
3.2459123830049066,1.5189039706027792,0.09922071602215768,7,0.06895862987972466
3.246307177003473,1.5189039706027792,0.09922071602215768,7,0.06895862987972466
3.247398275001615,1.5189039706027792,0.09922071602215768,7,0.06895862987972466
3.2478453230069135,1.5189039706027792,0.09922071602215768,7,0.06895862987972466
3.24888962800469,1.5189039706027792,0.09922071602215768,7,0.06895862987972466
3.2493205910068355,1.5189039706027792,0.09922071602215768,7,0.06895862987972466
3.250475731001643,1.5189039706027792,0.09922071602215768,7,0.06895862987972466
3.2509490140000707,1.5189039706027792,0.09922071602215768,7,0.06895862987972466
3.2520163110020803,1.5189039706027792,0.09922071602215768,7,0.06895862987972466
3.2530842700070934,1.524167485478961,0.0984458397721258,7,0.06430725605474683
3.253516064003634,1.524167485478961,0.0984458397721258,7,0.06430725605474683
3.2559315280013834,1.524167485478961,0.0984458397721258,7,0.06430725605474683
3.257118672001525,1.524167485478961,0.0984458397721258,7,0.06430725605474683
3.2575697980064433,1.524167485478961,0.0984458397721258,7,0.06430725605474683
3.258605663002527,1.524167485478961,0.0984458397721258,7,0.06430725605474683
3.259640208001656,1.5293889302205106,0.09770081026959028,7,0.05981890365156188
3.260020717003499,1.5293889302205106,0.09770081026959028,7,0.05981890365156188
3.2610878020059317,1.5293889302205106,0.09770081026959028,7,0.05981890365156188
3.2621609220004757,1.5293889302205106,0.09770081026959028,7,0.05981890365156188
3.2632472890036297,1.5293889302205106,0.09770081026959028,7,0.05981890365156188
3.264277165006206,1.5316383459692107,0.09669543597463648,7,0.05746750477725424
3.2647070230013924,1.5316383459692107,0.09669543597463648,7,0.05746750477725424
3.2657792290046928,1.5316383459692107,0.09669543597463648,7,0.05746750477725424
3.2668372120024287,1.5316383459692107,0.09669543597463648,7,0.05746750477725424
3.2679920440059504,1.5493728035557146,0.09034029003799593,7,0.0406372640515837
3.2684559150002315,1.5493728035557146,0.09034029003799593,7,0.0406372640515837
3.2695387690037023,1.5493728035557146,0.09034029003799593,7,0.0406372640515837
3.2706616690047667,1.5493728035557146,0.09034029003799593,7,0.0406372640515837
3.271796624001581,1.5493728035557146,0.09034029003799593,7,0.0406372640515837
3.2728417060061474,1.5493728035557146,0.09034029003799593,7,0.0406372640515837
3.273277500004042,1.5493728035557146,0.09034029003799593,7,0.0406372640515837
3.274320874006662,1.5493728035557146,0.09034029003799593,7,0.0406372640515837
3.2753840860023047,1.5493728035557146,0.09034029003799593,7,0.0406372640515837
3.276503016000788,1.5493728035557146,0.09034029003799593,7,0.0406372640515837
3.2769706810067873,1.5493728035557146,0.09034029003799593,7,0.0406372640515837
3.2781028710014652,1.5544535756225182,0.08964850265347807,7,0.037128110642782396
3.2791835490061203,1.5544535756225182,0.08964850265347807,7,0.037128110642782396
3.28025582000555,1.5544535756225182,0.08964850265347807,7,0.037128110642782396
3.2806667149998248,1.5544535756225182,0.08964850265347807,7,0.037128110642782396
3.2817743940031505,1.5544535756225182,0.08964850265347807,7,0.037128110642782396
3.2830458960015676,1.5544535756225182,0.08964850265347807,7,0.037128110642782396
3.284124290999898,1.5544535756225182,0.08964850265347807,7,0.037128110642782396
3.285160122002708,1.5544535756225182,0.08964850265347807,7,0.037128110642782396
3.286220552006853,1.5594780234106318,0.08893751017180979,7,0.03403971398784616
3.2872584390061093,1.5594780234106318,0.08893751017180979,7,0.03403971398784616
3.288280394001049,1.5594780234106318,0.08893751017180979,7,0.03403971398784616
3.2893084030001773,1.5594780234106318,0.08893751017180979,7,0.03403971398784616
3.2897469570016256,1.5594780234106318,0.08893751017180979,7,0.03403971398784616
3.290782141004456,1.5594780234106318,0.08893751017180979,7,0.03403971398784616
3.291214590004529,1.5594780234106318,0.08893751017180979,7,0.03403971398784616
3.2922624920029193,1.5594780234106318,0.08893751017180979,7,0.03403971398784616
3.293312801004504,1.5594780234106318,0.08893751017180979,7,0.03403971398784616
3.293757354003901,1.5594780234106318,0.08893751017180979,7,0.03403971398784616
3.2948971430014353,1.5594780234106318,0.08893751017180979,7,0.03403971398784616
3.2959427810055786,1.5594780234106318,0.08893751017180979,7,0.03403971398784616
3.2970057200000156,1.5594780234106318,0.08893751017180979,7,0.03403971398784616
3.2974429599998984,1.5594780234106318,0.08893751017180979,7,0.03403971398784616
3.2985601920008776,1.5594780234106318,0.08893751017180979,7,0.03403971398784616
3.299695445006364,1.564454498021386,0.08819572600102696,7,0.03145678481785844
3.3007612910005264,1.564454498021386,0.08819572600102696,7,0.03145678481785844
3.3018111500059604,1.564454498021386,0.08819572600102696,7,0.03145678481785844
3.3029028740056674,1.564454498021386,0.08819572600102696,7,0.03145678481785844
3.303319665006711,1.564454498021386,0.08819572600102696,7,0.03145678481785844
3.304380179004511,1.564454498021386,0.08819572600102696,7,0.03145678481785844
3.30542236600013,1.564454498021386,0.08819572600102696,7,0.03145678481785844
3.306475813005818,1.564454498021386,0.08819572600102696,7,0.03145678481785844
3.3074836080049863,1.564454498021386,0.08819572600102696,7,0.03145678481785844
3.3085074340051506,1.564454498021386,0.08819572600102696,7,0.03145678481785844
3.308909698003845,1.564454498021386,0.08819572600102696,7,0.03145678481785844
3.3099353650031844,1.564454498021386,0.08819572600102696,7,0.03145678481785844
3.310347211001499,1.564454498021386,0.08819572600102696,7,0.03145678481785844
3.3113869320004596,1.564454498021386,0.08819572600102696,7,0.03145678481785844
3.3124444610002683,1.564454498021386,0.08819572600102696,7,0.03145678481785844
3.31619215200044,1.564454498021386,0.08819572600102696,7,0.03145678481785844
3.3167944030064973,1.564454498021386,0.08819572600102696,7,0.03145678481785844
3.3180446770056733,1.5693681418718484,0.08729229559649435,7,0.029364068763519366
3.318500301000313,1.5693681418718484,0.08729229559649435,7,0.029364068763519366
3.319638108005165,1.5742491018384042,0.08636425541427481,7,0.027991472682661875
3.320088679000037,1.5742491018384042,0.08636425541427481,7,0.027991472682661875
3.32120771100017,1.5742491018384042,0.08636425541427481,7,0.027991472682661875
3.3222850290039787,1.5742491018384042,0.08636425541427481,7,0.027991472682661875
3.323344647003978,1.5742491018384042,0.08636425541427481,7,0.027991472682661875
3.32446768200316,1.5742491018384042,0.08636425541427481,7,0.027991472682661875
3.3249460390070453,1.5742491018384042,0.08636425541427481,7,0.027991472682661875
3.326065927001764,1.5742491018384042,0.08636425541427481,7,0.027991472682661875
3.3271380480000516,1.5742491018384042,0.08636425541427481,7,0.027991472682661875
3.3281833560031373,1.5791087903986296,0.08544672452322016,7,0.02746884489522238
3.328599815002235,1.5791087903986296,0.08544672452322016,7,0.02746884489522238
3.3296738330027438,1.5791087903986296,0.08544672452322016,7,0.02746884489522238
3.3307940300001064,1.5791087903986296,0.08544672452322016,7,0.02746884489522238
3.3318628360066214,1.5791087903986296,0.08544672452322016,7,0.02746884489522238
3.3328923520020908,1.5791087903986296,0.08544672452322018,7,0.027468844895222395
3.3340503970030113,1.5791087903986296,0.08544672452322018,7,0.027468844895222395
3.335146278004686,1.5791087903986296,0.08544672452322018,7,0.027468844895222395
3.336173574003624,1.5791087903986296,0.08544672452322018,7,0.027468844895222395
3.3372400750013185,1.5791087903986296,0.08544672452322018,7,0.027468844895222395
3.338289742001507,1.5791087903986296,0.08544672452322016,7,0.02746884489522238
3.338701631000731,1.5791087903986296,0.08544672452322016,7,0.02746884489522238
3.33975646700128,1.5791087903986296,0.08544672452322016,7,0.02746884489522238
3.340158187005727,1.5791087903986296,0.08544672452322016,7,0.02746884489522238
3.3411987830040744,1.5791087903986296,0.08544672452322016,7,0.02746884489522238
3.3416201,1.5791087903986296,0.08544672452322016,7,0.02746884489522238
3.342700221000996,1.5791087903986296,0.08544672452322016,7,0.02746884489522238
3.343763659002434,1.5839513108016843,0.084538042706637,7,0.027831746334325665
3.344794778000505,1.5839513108016843,0.084538042706637,7,0.027831746334325665
3.345215398003347,1.5839513108016843,0.084538042706637,7,0.027831746334325665
3.3462807860050816,1.5839513108016843,0.084538042706637,7,0.027831746334325665
3.3472772910026833,1.5839513108016843,0.084538042706637,7,0.027831746334325665
3.348306481006148,1.5888060274383147,0.08363349202383669,7,0.02904797034479582
3.3487228930025594,1.5888060274383147,0.08363349202383669,7,0.02904797034479582
3.3497440650025965,1.5888060274383147,0.08363349202383669,7,0.02904797034479582
3.350821657004417,1.5888060274383147,0.08363349202383669,7,0.02904797034479582
3.3518762590028928,1.5888060274383147,0.08363349202383669,7,0.02904797034479582
3.3529217050017905,1.5888060274383147,0.08363349202383669,7,0.02904797034479582
3.3533470970069175,1.5888060274383147,0.08363349202383669,7,0.02904797034479582
3.3544201960030477,1.5888060274383147,0.08363349202383669,7,0.02904797034479582
3.355514264003432,1.5888060274383147,0.08363349202383669,7,0.02904797034479582
3.356541533001291,1.5888060274383147,0.08363349202383669,7,0.02904797034479582
3.3576019870015443,1.5888060274383147,0.08363349202383669,7,0.02904797034479582
3.358614235999994,1.5888060274383147,0.08363349202383669,7,0.02904797034479582
3.3596282620055717,1.5888060274383147,0.08363349202383669,7,0.02904797034479582
3.3606128500032355,1.5888060274383147,0.08363349202383669,7,0.02904797034479582
3.361634507004055,1.5936992143864384,0.08272745862749042,7,0.031034535182096895
3.362669256006484,1.5936992143864384,0.08272745862749042,7,0.031034535182096895
3.3637029970050207,1.5936992143864384,0.08272745862749042,7,0.031034535182096895
3.364735807001125,1.5933999554941518,0.0833960940235817,7,0.031380463517094045
3.36516918700363,1.5933999554941518,0.0833960940235817,7,0.031380463517094045
3.3662436680024257,1.5933999554941518,0.0833960940235817,7,0.031380463517094045
3.36673436100682,1.5933999554941518,0.0833960940235817,7,0.031380463517094045
3.3678762210038258,1.5933999554941518,0.0833960940235817,7,0.031380463517094045
3.368319329005317,1.5933999554941518,0.0833960940235817,7,0.031380463517094045
3.3693691300068167,1.5933999554941518,0.0833960940235817,7,0.031380463517094045
3.3698000200020033,1.5933999554941518,0.0833960940235817,7,0.031380463517094045
3.3708930580032757,1.5933999554941518,0.0833960940235817,7,0.031380463517094045
3.371958032999828,1.5972992316459895,0.08500538822146804,7,0.03508198426062043
3.373022381005285,1.5972992316459895,0.08500538822146804,7,0.03508198426062043
3.373453407002671,1.5972992316459895,0.08500538822146804,7,0.03508198426062043
3.3745646420065896,1.5972992316459895,0.08500538822146804,7,0.03508198426062043
3.375746990001062,1.5972992316459895,0.08500538822146804,7,0.03508198426062043
3.3768488920031814,1.5972992316459895,0.08500538822146804,7,0.03508198426062043
3.3772851090034237,1.5972992316459895,0.08500538822146804,7,0.03508198426062043
3.3783689370029606,1.5972992316459895,0.08500538822146804,7,0.03508198426062043
3.3794599270040635,1.5972992316459895,0.08500538822146804,7,0.03508198426062043
3.3805139169999165,1.6023069970720243,0.08437603584607414,7,0.03809743879680236
3.3809557470012805,1.6023069970720243,0.08437603584607414,7,0.03809743879680236
3.3820063920065877,1.6023069970720243,0.08437603584607414,7,0.03809743879680236
3.3831696760025807,1.6023069970720243,0.08437603584607414,7,0.03809743879680236
3.3843569380042027,1.6023069970720243,0.08437603584607414,7,0.03809743879680236
3.3854751260005287,1.6023069970720243,0.08437603584607414,7,0.03809743879680236
3.386034697003197,1.6023069970720243,0.08437603584607414,7,0.03809743879680236
3.387195937000797,1.607354924621044,0.08380538353763364,7,0.04157708887333854
3.3883154390059644,1.607354924621044,0.08380538353763364,7,0.04157708887333854
3.388734130006924,1.607354924621044,0.08380538353763364,7,0.04157708887333854
3.3898627710004803,1.607354924621044,0.08380538353763364,7,0.04157708887333854
3.391088928001409,1.607354924621044,0.08380538353763364,7,0.04157708887333854
3.3921753670001635,1.607354924621044,0.08380538353763364,7,0.04157708887333854
3.393284831006895,1.607354924621044,0.08380538353763364,7,0.04157708887333854
3.393790316004015,1.607354924621044,0.08380538353763364,7,0.04157708887333854
3.3950683680013753,1.607354924621044,0.08380538353763364,7,0.04157708887333854
3.3962211560065043,1.607354924621044,0.08380538353763364,7,0.04157708887333854
3.396663098006684,1.607354924621044,0.08380538353763364,7,0.04157708887333854
3.397976523003308,1.607354924621044,0.08380538353763364,7,0.04157708887333854
3.3991488840038073,1.607354924621044,0.08380538353763364,7,0.04157708887333854
3.400406025000848,1.6124352998836151,0.08324258902202326,7,0.045391212513312684
3.4008908920004615,1.6124352998836151,0.08324258902202326,7,0.045391212513312684
3.401977675006492,1.6124352998836151,0.08324258902202326,7,0.045391212513312684
3.4032764380026492,1.6124352998836151,0.08324258902202326,7,0.045391212513312684
3.4044334040008835,1.6124352998836151,0.08324258902202326,7,0.045391212513312684
3.405485781004245,1.6124352998836151,0.08324258902202326,7,0.045391212513312684
3.406085100999917,1.6124352998836151,0.08324258902202326,7,0.045391212513312684
3.4071582130054594,1.6124352998836151,0.08324258902202326,7,0.045391212513312684
3.408219161006855,1.6124352998836151,0.08324258902202326,7,0.045391212513312684
3.4086112530058017,1.6124352998836151,0.08324258902202326,7,0.045391212513312684
3.4097099480059114,1.6175485980561053,0.08270666421131075,7,0.049481984335352204
3.4109971890065935,1.6175485980561053,0.08270666421131075,7,0.049481984335352204
3.4121033840056043,1.6175485980561053,0.08270666421131075,7,0.049481984335352204
3.413208496000152,1.6175485980561053,0.08270666421131075,7,0.049481984335352204
3.4136921310055186,1.6175485980561053,0.08270666421131075,7,0.049481984335352204
3.4148349210008746,1.6175485980561053,0.08270666421131075,7,0.049481984335352204
3.415921685002104,1.6175485980561053,0.08270666421131075,7,0.049481984335352204
3.4163846320006996,1.6175485980561053,0.08270666421131075,7,0.049481984335352204
3.4176340640042326,1.6175485980561053,0.08270666421131075,7,0.049481984335352204
3.4187668970043887,1.6175485980561053,0.08270666421131075,7,0.049481984335352204
3.4198392550024437,1.6226901383711547,0.08216733666307297,7,0.053777307294640295
3.4202296010043938,1.6226901383711547,0.08216733666307297,7,0.053777307294640295
3.421244442004536,1.6226901383711547,0.08216733666307297,7,0.053777307294640295
3.422325453000667,1.6226901383711547,0.08216733666307297,7,0.053777307294640295
3.4234469200018793,1.6226901383711547,0.08216733666307297,7,0.053777307294640295
3.424551183001313,1.6226901383711547,0.08216733666307297,7,0.053777307294640295
3.4249821430057636,1.6226901383711547,0.08216733666307297,7,0.053777307294640295
3.426036915006989,1.6226901383711547,0.08216733666307297,7,0.053777307294640295
3.427049292004085,1.6278612719284185,0.08165113946606423,7,0.058251345808792314
3.428073047005455,1.6278612719284185,0.08165113946606423,7,0.058251345808792314
3.428477686000406,1.6278612719284185,0.08165113946606423,7,0.058251345808792314
3.429562363002333,1.6278612719284185,0.08165113946606423,7,0.058251345808792314
3.4306960570029332,1.6278612719284185,0.08165113946606423,7,0.058251345808792314
3.4317441990060615,1.6278612719284185,0.08165113946606423,7,0.058251345808792314
3.432849534001434,1.6278612719284185,0.08165113946606424,7,0.058251345808792314
3.433953253006621,1.6278612719284185,0.08165113946606424,7,0.058251345808792314
3.4343905610003276,1.6278612719284185,0.08165113946606424,7,0.058251345808792314
3.435511507006595,1.6278612719284185,0.08165113946606424,7,0.058251345808792314
3.4359518090059282,1.6278612719284185,0.08165113946606424,7,0.058251345808792314
3.437040322001849,1.6278612719284185,0.08165113946606424,7,0.058251345808792314
3.43809795800189,1.6330578954601362,0.0811305458885901,7,0.06285889245095334
3.4391566580015933,1.6330578954601362,0.0811305458885901,7,0.06285889245095334
3.439558014004433,1.6330578954601362,0.0811305458885901,7,0.06285889245095334
3.440563269999984,1.6330578954601362,0.0811305458885901,7,0.06285889245095334
3.441597709002963,1.6330578954601362,0.0811305458885901,7,0.06285889245095334
3.442648349002411,1.6330578954601362,0.0811305458885901,7,0.06285889245095334
3.443668054002046,1.6330578954601362,0.0811305458885901,7,0.06285889245095334
3.4447226310003316,1.6330578954601362,0.08113054588859009,7,0.06285889245095334
3.4451640930055873,1.6330578954601362,0.08113054588859009,7,0.06285889245095334
3.4462262770030065,1.6330578954601362,0.08113054588859009,7,0.06285889245095334
3.4472513230066397,1.6382814662638892,0.08063308754717913,7,0.0675890628884451
3.448289954001666,1.6382814662638892,0.08063308754717913,7,0.0675890628884451
3.4487352980067953,1.6382814662638892,0.08063308754717913,7,0.0675890628884451
3.4498052390044904,1.6382814662638892,0.08063308754717913,7,0.0675890628884451
3.450979498004017,1.6382814662638892,0.08063308754717913,7,0.0675890628884451
3.4520913880041917,1.6382814662638892,0.08063308754717913,7,0.0675890628884451
3.453167336003389,1.6382814662638892,0.08063308754717913,7,0.0675890628884451
3.453623913002957,1.6382814662638892,0.08063308754717913,7,0.0675890628884451
3.454699198002345,1.6382814662638892,0.08063308754717913,7,0.0675890628884451
3.455706781001936,1.6382814662638892,0.08063308754717913,7,0.0675890628884451
3.4561082710060873,1.6382814662638892,0.08063308754717913,7,0.0675890628884451
3.4571260970042204,1.6382814662638892,0.08063308754717913,7,0.0675890628884451
3.458169772005931,1.6382814662638892,0.08063308754717913,7,0.0675890628884451
3.459202168000047,1.643517768671859,0.08013257509752086,7,0.07240175463079947
3.459613517006801,1.643517768671859,0.08013257509752086,7,0.07240175463079947
3.46060150500125,1.643517768671859,0.08013257509752086,7,0.07240175463079947
3.4616526099998737,1.643517768671859,0.08013257509752086,7,0.07240175463079947
3.462748783000279,1.643517768671859,0.08013257509752086,7,0.07240175463079947
3.463865034005721,1.6434673682819965,0.08017996815621889,7,0.07236795239719004
3.465042355004698,1.6434673682819965,0.08017996815621889,7,0.07236795239719004
3.4655352650006535,1.6434673682819965,0.08017996815621889,7,0.07236795239719004
3.466771195002366,1.6434673682819965,0.08017996815621889,7,0.07236795239719004
3.467870241001947,1.6462808141936802,0.08199770746088601,7,0.07560355076900471
3.4683164860034594,1.6462808141936802,0.08199770746088601,7,0.07560355076900471
3.469368089005002,1.6462808141936802,0.08199770746088601,7,0.07560355076900471
3.470422992002568,1.6462808141936802,0.08199770746088601,7,0.07560355076900471
3.4715195490061888,1.6462808141936802,0.08199770746088601,7,0.07560355076900471
3.472600491004414,1.6462808141936802,0.08199770746088601,7,0.07560355076900471
3.4737063130014576,1.6462808141936802,0.08199770746088601,7,0.07560355076900471
3.4741421560029266,1.6462808141936802,0.08199770746088601,7,0.07560355076900471
3.4752111230045557,1.6462808141936802,0.08199770746088601,7,0.07560355076900471
3.4762504400059697,1.6462808141936802,0.08199770746088601,7,0.07560355076900471
3.476669112002128,1.6462808141936802,0.08199770746088601,7,0.07560355076900471
3.477705622004578,1.6462808141936802,0.08199770746088601,7,0.07560355076900471
3.4788106080013677,1.6462808141936802,0.08199770746088601,7,0.07560355076900471
3.4798821050062543,1.6515247266486617,0.08153956452809898,7,0.08046845112583069
3.4808932640007697,1.6515247266486617,0.08153956452809898,7,0.08046845112583069
3.4813044690017705,1.6515247266486617,0.08153956452809898,7,0.08046845112583069
3.482361264002975,1.6515247266486617,0.08153956452809898,7,0.08046845112583069
3.48348459200497,1.6515247266486617,0.08153956452809898,7,0.08046845112583069
3.4845200660056435,1.6515247266486617,0.08153956452809898,7,0.08046845112583069
3.4855525880047935,1.6515247266486617,0.08153956452809898,7,0.08046845112583069
3.4860047090041917,1.6515247266486617,0.08153956452809898,7,0.08046845112583069
3.487096870005189,1.6515247266486617,0.08153956452809898,7,0.08046845112583069
3.4881549310011906,1.6567725581047348,0.08110718868057394,7,0.08539133099849329
3.488568094006041,1.6567725581047348,0.08110718868057394,7,0.08539133099849329
3.4896033410041127,1.6567725581047348,0.08110718868057394,7,0.08539133099849329
3.4906633850041544,1.6567725581047348,0.08110718868057394,7,0.08539133099849329
3.4917057750062668,1.6567725581047348,0.08110718868057394,7,0.08539133099849329
3.4926907360058976,1.6567725581047348,0.08110718868057394,7,0.08539133099849329
3.493793399000424,1.6567725581047348,0.08110718868057394,7,0.08539133099849329
3.4950404440023704,1.6567725581047348,0.08110718868057394,7,0.08539133099849329
3.4954633000015747,1.6567725581047348,0.08110718868057394,7,0.08539133099849329
3.4965622990057454,1.6567725581047348,0.08110718868057394,7,0.08539133099849329
3.4970065230008913,1.6567725581047348,0.08110718868057394,7,0.08539133099849329
3.4982376719999593,1.6567725581047348,0.08110718868057394,7,0.08539133099849329
3.4996816990023945,1.6567725581047348,0.08110718868057394,7,0.08539133099849329
3.5002168620048906,1.6567725581047348,0.08110718868057394,7,0.08539133099849329
3.501316787005635,1.6620218743139572,0.08067277019044634,7,0.09035380159301463
3.5024882170037017,1.6620218743139572,0.08067277019044634,7,0.09035380159301463
3.5035968470037915,1.6620218743139572,0.08067277019044634,7,0.09035380159301463
3.5048298400070053,1.6620218743139572,0.08067277019044634,7,0.09035380159301463
3.5060166110051796,1.6620218743139572,0.08067277019044634,7,0.09035380159301463
3.5065408180016675,1.6620218743139572,0.08067277019044634,7,0.09035380159301463
3.507669321006688,1.6620218743139572,0.08067277019044634,7,0.09035380159301463
3.508684822001669,1.6620218743139572,0.08067277019044634,7,0.09035380159301463
3.5091082620056113,1.6620218743139572,0.08067277019044634,7,0.09035380159301463
3.510186228006205,1.6672748335800236,0.08026417350020817,7,0.09535844829197894
3.51146102900384,1.6672748335800236,0.08026417350020817,7,0.09535844829197894
3.512648029005504,1.6672748335800236,0.08026417350020817,7,0.09535844829197894
3.5137373380057397,1.6672748335800236,0.08026417350020817,7,0.09535844829197894
3.5142003300061333,1.6672748335800236,0.08026417350020817,7,0.09535844829197894
3.5153601600031834,1.6672748335800236,0.08026417350020817,7,0.09535844829197894
3.516599608003162,1.6672748335800236,0.08026417350020817,7,0.09535844829197894
3.5170615160022862,1.6672748335800236,0.08026417350020817,7,0.09535844829197894
3.5181900430034148,1.6672748335800236,0.08026417350020817,7,0.09535844829197894
3.5192465520012775,1.6672748335800236,0.08026417350020817,7,0.09535844829197894
3.5202856470059487,1.6725291360654735,0.07985357137175023,7,0.10039101659482874
3.520735866004543,1.6725291360654735,0.07985357137175023,7,0.10039101659482874
3.5218056740050088,1.6725291360654735,0.07985357137175023,7,0.10039101659482874
3.5228980550018605,1.6725291360654735,0.07985357137175023,7,0.10039101659482874
3.523905524001748,1.6725291360654735,0.07985357137175023,7,0.10039101659482874
3.524962186005723,1.6725291360654735,0.07985357137175024,7,0.10039101659482874
3.525410960006411,1.6725291360654735,0.07985357137175024,7,0.10039101659482874
3.52656508700602,1.6725291360654735,0.07985357137175024,7,0.10039101659482874
3.527645513000607,1.6777868193386423,0.07946883405772036,8,0.10473612185466287
3.528059293006663,1.6777868193386423,0.07946883405772036,8,0.10473612185466287
3.529109832001268,1.6777868193386423,0.07946883405772036,8,0.10473612185466287
3.530176703003235,1.6777868193386423,0.07946883405772036,8,0.10473612185466287
3.531273027001589,1.6777868193386423,0.07946883405772036,8,0.10473612185466287
3.5324188350059558,1.6777868193386423,0.07946883405772036,8,0.10473612185466287
3.5335212610007147,1.6777868193386423,0.07946883405772036,8,0.10473612185466287
3.5346742010005983,1.6777868193386423,0.07946883405772036,8,0.10473612185466287
3.535720719002711,1.6777868193386423,0.07946883405772036,8,0.10473612185466287
3.5367751970043173,1.6777868193386423,0.07946883405772036,8,0.10473612185466287
3.537849382002605,1.6777868193386423,0.07946883405772036,8,0.10473612185466287
3.5388834690020303,1.6777868193386423,0.07946883405772036,8,0.10473612185466287
3.539916167006595,1.6777868193386423,0.07946883405772036,8,0.10473612185466287
3.541203824002878,1.6777868193386423,0.07946883405772036,8,0.10473612185466287
3.5416752960009035,1.6777868193386423,0.07946883405772036,8,0.10473612185466287
3.54278985500423,1.6777868193386423,0.07946883405772036,8,0.10473612185466287
3.5431996250044904,1.6777868193386423,0.07946883405772036,8,0.10473612185466287
3.5442172380062402,1.6830457178342428,0.07908212199085851,8,0.09990415314373116
3.54465533199982,1.6830457178342428,0.07908212199085851,8,0.09990415314373116
3.545773392004776,1.6830457178342428,0.07908212199085851,8,0.09990415314373116
3.546206033002818,1.6830457178342428,0.07908212199085851,8,0.09990415314373116
3.547252982003556,1.6830457178342428,0.07908212199085851,8,0.09990415314373116
3.5482894240049063,1.6830457178342428,0.07908212199085851,8,0.09990415314373116
3.5487324410059955,1.6830457178342428,0.07908212199085851,8,0.09990415314373116
3.5498949070024537,1.6882845426577906,0.0787229449842352,8,0.09515014206149264
3.5510568330064416,1.6882845426577906,0.0787229449842352,8,0.09515014206149264
3.552165667002555,1.6882845426577906,0.0787229449842352,8,0.09515014206149264
3.5532289170005242,1.6882845426577906,0.0787229449842352,8,0.09515014206149264
3.5536762210031156,1.6882845426577906,0.0787229449842352,8,0.09515014206149264
3.554758849000791,1.6882845426577906,0.0787229449842352,8,0.09515014206149264
3.555804330004321,1.6882845426577906,0.0787229449842352,8,0.09515014206149264
3.5568318010045914,1.6882845426577906,0.0787229449842352,8,0.09515014206149264
3.5578660890023457,1.6882845426577906,0.0787229449842352,8,0.09515014206149264
3.5588552670014906,1.6882845426577906,0.0787229449842352,8,0.09515014206149264
3.5598423200062825,1.693482355574517,0.07836438926546103,8,0.09048655209900076
3.5608973130001687,1.693482355574517,0.07836438926546103,8,0.09048655209900076
3.5619402090014773,1.693482355574517,0.07836438926546103,8,0.09048655209900076
3.562999171001138,1.693482355574517,0.07836438926546103,8,0.09048655209900076
3.5640576600053464,1.693482355574517,0.07836438926546103,8,0.09048655209900076
3.5645465760026127,1.693482355574517,0.07836438926546103,8,0.09048655209900076
3.5659430240048096,1.6986488178449624,0.07803435141746523,8,0.08592761522595561
3.566456393004046,1.6986488178449624,0.07803435141746523,8,0.08592761522595561
3.567804245001753,1.6986488178449624,0.07803435141746523,8,0.08592761522595561
3.568278114005807,1.6986488178449624,0.07803435141746523,8,0.08592761522595561
3.5694548320025206,1.6986488178449624,0.07803435141746523,8,0.08592761522595561
3.569948253003531,1.6986488178449624,0.07803435141746523,8,0.08592761522595561
3.571296615002211,1.6986488178449624,0.07803435141746523,8,0.08592761522595561
3.5724801140022464,1.6986488178449624,0.07803435141746523,8,0.08592761522595561
3.5736963390008896,1.6986488178449624,0.07803435141746523,8,0.08592761522595561
3.5741854710067855,1.6986488178449624,0.07803435141746523,8,0.08592761522595561
3.5754049960014527,1.6986488178449624,0.07803435141746523,8,0.08592761522595561
3.5765533080048044,1.6986488178449624,0.07803435141746523,8,0.08592761522595561
3.5777017640066333,1.6986488178449624,0.07803435141746523,8,0.08592761522595561
3.578158563002944,1.6986488178449624,0.07803435141746523,8,0.08592761522595561
3.5793418070024927,1.6986488178449624,0.07803435141746523,8,0.08592761522595561
3.5804736310019507,1.6944646800563976,0.08377105669780872,8,0.09258530964837404
3.581586836000497,1.6944646800563976,0.08377105669780872,8,0.09258530964837404
3.5828337720013224,1.6944646800563976,0.08377105669780872,8,0.09258530964837404
3.584076276005362,1.6944646800563976,0.08377105669780872,8,0.09258530964837404
3.5852029210000183,1.6942345638594458,0.08392127961726342,8,0.09286005985955981
3.5863417010041303,1.6942345638594458,0.08392127961726342,8,0.09286005985955981
3.587507723001181,1.6942345638594458,0.08392127961726342,8,0.09286005985955981
3.5886196340070455,1.6942345638594458,0.08392127961726342,8,0.09286005985955981
3.589703752004425,1.6993493015903836,0.08354755258587324,8,0.08846293345069925
3.5908195020019775,1.6993493015903836,0.08354755258587324,8,0.08846293345069925
3.5912703210051404,1.6993493015903836,0.08354755258587324,8,0.08846293345069925
3.592410663004557,1.6993493015903836,0.08354755258587324,8,0.08846293345069925
3.5928709150030045,1.6993493015903836,0.08354755258587324,8,0.08846293345069925
3.593944549000298,1.6993493015903836,0.08354755258587324,8,0.08846293345069925
3.594386889002635,1.6993493015903836,0.08354755258587324,8,0.08846293345069925
3.595523942,1.6993493015903836,0.08354755258587324,8,0.08846293345069925
3.5959943940033554,1.6993493015903836,0.08354755258587324,8,0.08846293345069925
3.5970965860033175,1.6993493015903836,0.08354755258587324,8,0.08846293345069925
3.598265557004197,1.6993493015903836,0.08354755258587324,8,0.08846293345069925
3.5993865850032307,1.6993493015903836,0.08354755258587324,8,0.08846293345069925
3.600534041004721,1.6993493015903836,0.08354755258587324,8,0.08846293345069925
3.601804321006057,1.6993493015903836,0.08354755258587324,8,0.08846293345069925
3.6022624250035733,1.6993493015903836,0.08354755258587324,8,0.08846293345069925
3.603432108000561,1.7044473543373582,0.08318723434269971,8,0.08417002617799596
3.6038898690021597,1.7044473543373582,0.08318723434269971,8,0.08417002617799596
3.6050174910051282,1.7044473543373582,0.08318723434269971,8,0.08417002617799596
3.606146912999975,1.7044473543373582,0.08318723434269971,8,0.08417002617799596
3.6072261090012034,1.7044473543373582,0.08318723434269971,8,0.08417002617799596
3.6082662750050076,1.7044473543373582,0.08318723434269971,8,0.08417002617799596
3.609339867005474,1.7044473543373582,0.0831872343426997,8,0.08417002617799596
3.6104730870065396,1.7044473543373582,0.0831872343426997,8,0.08417002617799596
3.610952155002451,1.7044473543373582,0.0831872343426997,8,0.08417002617799596
3.6120549570041476,1.7044473543373582,0.0831872343426997,8,0.08417002617799596
3.613227446003293,1.7095305040583135,0.08281854339892936,8,0.07997941634928686
3.6137112000069465,1.7095305040583135,0.08281854339892936,8,0.07997941634928686
3.614852939004777,1.7095305040583135,0.08281854339892936,8,0.07997941634928686
3.615940240000782,1.7095305040583135,0.08281854339892936,8,0.07997941634928686
3.6170456240070052,1.7095305040583135,0.08281854339892936,8,0.07997941634928686
3.6174913870054297,1.7095305040583135,0.08281854339892936,8,0.07997941634928686
3.6186139790006564,1.7095305040583135,0.08281854339892936,8,0.07997941634928686
3.6198054190026596,1.7095305040583135,0.08281854339892936,8,0.07997941634928686
3.6202560320016346,1.7095305040583135,0.08281854339892936,8,0.07997941634928686
3.621389325002383,1.7095305040583135,0.08281854339892936,8,0.07997941634928686
3.622532389999833,1.7095305040583135,0.08281854339892936,8,0.07997941634928686
3.6236560710021877,1.7095305040583135,0.08281854339892936,8,0.07997941634928686
3.624762378000014,1.7146036429683855,0.08247214492880868,8,0.07592210850867767
3.6252445580030326,1.7146036429683855,0.08247214492880868,8,0.07592210850867767
3.626446117006708,1.7146036429683855,0.08247214492880868,8,0.07592210850867767
3.62761528500414,1.7146036429683855,0.08247214492880868,8,0.07592210850867767
3.6287751010022475,1.7146036429683855,0.08247214492880868,8,0.07592210850867767
3.629227895005897,1.7146036429683855,0.08247214492880868,8,0.07592210850867767
3.630467717004649,1.7146036429683855,0.08247214492880868,8,0.07592210850867767
3.631807039004343,1.7146036429683855,0.08247214492880868,8,0.07592210850867767
3.6329941660005716,1.7146036429683855,0.08247214492880868,8,0.07592210850867767
3.634092201005842,1.7196670415248214,0.08212044431942624,8,0.07199862266954307
3.634538149002765,1.7196670415248214,0.08212044431942624,8,0.07199862266954307
3.6356771260034293,1.7196670415248214,0.08212044431942624,8,0.07199862266954307
3.6367743860027986,1.7196670415248214,0.08212044431942624,8,0.07199862266954307
3.6379510760016274,1.7196670415248214,0.08212044431942624,8,0.07199862266954307
3.6384384340053657,1.7196670415248214,0.08212044431942624,8,0.07199862266954307
3.6396201900060987,1.7196670415248214,0.08212044431942624,8,0.07199862266954307
3.640728375001345,1.7196670415248214,0.08212044431942624,8,0.07199862266954307
3.6411750830011442,1.7196670415248214,0.08212044431942624,8,0.07199862266954307
3.6422319680059445,1.7196670415248214,0.08212044431942624,8,0.07199862266954307
3.6433829800007516,1.7196670415248214,0.08212044431942624,8,0.07199862266954307
3.644534447004844,1.7196670415248214,0.08212044431942624,8,0.07199862266954307
3.6456657020025887,1.7196670415248214,0.08212044431942624,8,0.07199862266954307
3.6461197750031715,1.7196670415248214,0.08212044431942624,8,0.07199862266954307
3.6472592360005365,1.7247244037409388,0.08179191669655278,8,0.06824841087696719
3.648458933006623,1.7247244037409388,0.08179191669655278,8,0.06824841087696719
3.6496454830048606,1.7247244037409388,0.08179191669655278,8,0.06824841087696719
3.65007539200451,1.7247244037409388,0.08179191669655278,8,0.06824841087696719
3.6511872130067786,1.7247244037409388,0.08179191669655278,8,0.06824841087696719
3.6523291600024095,1.7247244037409388,0.08179191669655278,8,0.06824841087696719
3.653458100001444,1.7247244037409388,0.08179191669655278,8,0.06824841087696719
3.6545582210019347,1.7297980225165863,0.08145678133427255,8,0.06466268153841451
3.65503121400252,1.7297980225165863,0.08145678133427255,8,0.06466268153841451
3.656187234002573,1.7297980225165863,0.08145678133427255,8,0.06466268153841451
3.657310660004441,1.7297980225165863,0.08145678133427255,8,0.06466268153841451
3.658429169001465,1.7297980225165863,0.08145678133427255,8,0.06466268153841451
3.6588519380020443,1.7297980225165863,0.08145678133427255,8,0.06466268153841451
3.6599655780009925,1.7297980225165863,0.08145678133427255,8,0.06466268153841451
3.6611510640068445,1.7297980225165863,0.08145678133427255,8,0.06466268153841451
3.662307138001779,1.7297980225165863,0.08145678133427255,8,0.06466268153841451
3.6634641110067605,1.7297980225165863,0.08145678133427255,8,0.06466268153841451
3.6639427080008318,1.7297980225165863,0.08145678133427255,8,0.06466268153841451
3.6651385970035335,1.7297980225165863,0.08145678133427255,8,0.06466268153841451
3.666323294004542,1.7297980225165863,0.08145678133427255,8,0.06466268153841451
3.6674621070051217,1.7297980225165863,0.08145678133427255,8,0.06466268153841451
3.6685088130034273,1.734912122040795,0.08114159936130969,8,0.06128171442496677
3.6689683720032917,1.734912122040795,0.08114159936130969,8,0.06128171442496677
3.670038400006888,1.734912122040795,0.08114159936130969,8,0.06128171442496677
3.6711178370023845,1.734912122040795,0.08114159936130969,8,0.06128171442496677
3.6721514010059764,1.734912122040795,0.0811415993613097,8,0.061281714424966785
3.6732074430037756,1.734912122040795,0.0811415993613097,8,0.061281714424966785
3.6736488830065355,1.734912122040795,0.0811415993613097,8,0.061281714424966785
3.6747268440012704,1.734912122040795,0.0811415993613097,8,0.061281714424966785
3.6757754190039122,1.734912122040795,0.0811415993613097,8,0.061281714424966785
3.6768635290063685,1.740063118913966,0.08081925863442388,8,0.05813052115094597
3.677309270002297,1.740063118913966,0.08081925863442388,8,0.05813052115094597
3.678437541006133,1.740063118913966,0.08081925863442388,8,0.05813052115094597
3.679533632006496,1.740063118913966,0.08081925863442388,8,0.05813052115094597
3.6806657330016606,1.740063118913966,0.08081925863442388,8,0.05813052115094597
3.681116801002645,1.740063118913966,0.08081925863442388,8,0.05813052115094597
3.6822780480069923,1.740063118913966,0.08081925863442388,8,0.05813052115094597
3.683419157001481,1.740063118913966,0.08081925863442388,8,0.05813052115094597
3.6844877550029196,1.7400505477413033,0.08070627385144735,8,0.05804148535052398
3.684977124001307,1.7400505477413033,0.08070627385144735,8,0.05804148535052398
3.68611493500066,1.7400505477413033,0.08070627385144735,8,0.05804148535052398
3.687258206002298,1.7372447405726639,0.08080819304160289,8,0.059665293665119835
3.6883236350040534,1.7372447405726639,0.08080819304160289,8,0.059665293665119835
3.68871688299987,1.7372447405726639,0.08080819304160289,8,0.059665293665119835
3.6897791890005465,1.7372447405726639,0.08080819304160289,8,0.059665293665119835
3.690850181003043,1.7372447405726639,0.08080819304160289,8,0.059665293665119835
3.691898649005452,1.7424659302453287,0.08049830797317534,8,0.05661379087420702
3.6929313740038197,1.7424659302453287,0.08049830797317534,8,0.05661379087420702
3.6940012100021704,1.7424659302453287,0.08049830797317534,8,0.05661379087420702
3.6950608780025505,1.7424659302453287,0.08049830797317534,8,0.05661379087420702
3.6961221800011117,1.7424659302453287,0.08049830797317534,8,0.05661379087420702
3.697183098003734,1.7424659302453287,0.08049830797317534,8,0.05661379087420702
3.698235123003542,1.7424659302453287,0.08049830797317534,8,0.05661379087420702
3.6993016000051284,1.7424659302453287,0.08049830797317534,8,0.05661379087420702
3.7003844660066534,1.7424659302453287,0.08049830797317534,8,0.05661379087420702
3.7014695090038003,1.7424659302453287,0.08049830797317534,8,0.05661379087420702
3.7019138830000884,1.7424659302453287,0.08049830797317534,8,0.05661379087420702
3.7030035390052944,1.7424659302453287,0.08049830797317534,8,0.05661379087420702
3.7034275840051123,1.7424659302453287,0.08049830797317534,8,0.05661379087420702
3.7044564100069692,1.7424659302453287,0.08049830797317534,8,0.05661379087420702
3.7048971010008245,1.7424659302453287,0.08049830797317534,8,0.05661379087420702
3.705975277000107,1.7424659302453287,0.08049830797317534,8,0.05661379087420702
3.7064084590019775,1.7424659302453287,0.08049830797317534,8,0.05661379087420702
3.707424615000491,1.7424659302453287,0.08049830797317534,8,0.05661379087420702
3.708441181006492,1.7424659302453287,0.08049830797317534,8,0.05661379087420702
3.7088131609998527,1.7424659302453287,0.08049830797317534,8,0.05661379087420702
3.709865223005181,1.7477205713614838,0.08020940657779854,8,0.0539026645749672
3.710989272003644,1.7477205713614838,0.08020940657779854,8,0.0539026645749672
3.7120538530070917,1.7477205713614838,0.08020940657779854,8,0.0539026645749672
3.7131021580062225,1.7477205713614838,0.08020940657779854,8,0.0539026645749672
3.713534114001959,1.7477205713614838,0.08020940657779854,8,0.0539026645749672
3.7146554570063017,1.7477205713614838,0.08020940657779854,8,0.0539026645749672
3.715731575000973,1.7477205713614838,0.08020940657779854,8,0.0539026645749672
3.716831096004171,1.7477205713614838,0.08020940657779854,8,0.0539026645749672
3.717280553006276,1.7477205713614838,0.08020940657779854,8,0.0539026645749672
3.718385311003658,1.753005593381688,0.07991441509922745,8,0.051571155444539704
3.719415318002575,1.753005593381688,0.07991441509922745,8,0.051571155444539704
3.7198301180033013,1.753005593381688,0.07991441509922745,8,0.051571155444539704
3.7208551970034023,1.753005593381688,0.07991441509922745,8,0.051571155444539704
3.7219286000035936,1.753005593381688,0.07991441509922745,8,0.051571155444539704
3.723008055007085,1.753005593381688,0.07991441509922745,8,0.051571155444539704
3.7240307180036325,1.753005593381688,0.07991441509922745,8,0.051571155444539704
3.7250480230068206,1.753005593381688,0.07991441509922745,8,0.051571155444539704
3.7254724810045445,1.753005593381688,0.07991441509922745,8,0.051571155444539704
3.726531871005136,1.753005593381688,0.07991441509922745,8,0.051571155444539704
3.7415002030029427,1.753005593381688,0.07991441509922745,8,0.051571155444539704
3.7429174540011445,1.753005593381688,0.07991441509922745,8,0.051571155444539704
3.743377845006762,1.753005593381688,0.07991441509922745,8,0.051571155444539704
3.744505353002751,1.769034641594931,0.07910460181581383,8,0.04758699243648182
3.744975385001453,1.769034641594931,0.07910460181581383,8,0.04758699243648182
3.746094639005605,1.769034641594931,0.07910460181581383,8,0.04758699243648182
3.7465000940064783,1.769034641594931,0.07910460181581383,8,0.04758699243648182
3.7476132570009213,1.769034641594931,0.07910460181581383,8,0.04758699243648182
3.7480586980018415,1.769034641594931,0.07910460181581383,8,0.04758699243648182
3.749095056002261,1.769034641594931,0.07910460181581383,8,0.04758699243648182
3.7501659610061324,1.769034641594931,0.07910460181581383,8,0.04758699243648182
3.750621632003458,1.769034641594931,0.07910460181581383,8,0.04758699243648182
3.751801480000722,1.769034641594931,0.07910460181581383,8,0.04758699243648182
3.7522702340065734,1.769034641594931,0.07910460181581383,8,0.04758699243648182
3.753391153004486,1.769034641594931,0.07910460181581383,8,0.04758699243648182
3.7538369950052584,1.769034641594931,0.07910460181581383,8,0.04758699243648182
3.754925915003696,1.769034641594931,0.07910460181581383,8,0.04758699243648182
3.756020556000294,1.769034641594931,0.07910460181581383,8,0.04758699243648182
3.7570675050010323,1.7744302869627298,0.07884222509166633,8,0.0474172843752031
3.7581313460032106,1.7744302869627298,0.07884222509166633,8,0.0474172843752031
3.75852856200072,1.7744302869627298,0.07884222509166633,8,0.0474172843752031
3.7595588980038883,1.7744302869627298,0.07884222509166633,8,0.0474172843752031
3.760610874000122,1.7744302869627298,0.07884222509166633,8,0.0474172843752031
3.761699837006745,1.7744302869627298,0.07884222509166633,8,0.0474172843752031
3.7627925660053734,1.7798472927906779,0.07860236795419025,8,0.04788672979299745
3.7638553870056057,1.7798472927906779,0.07860236795419025,8,0.04788672979299745
3.7642770470047253,1.7798472927906779,0.07860236795419025,8,0.04788672979299745
3.7653403020012775,1.7798472927906779,0.07860236795419025,8,0.04788672979299745
3.7664614540044568,1.7798472927906779,0.07860236795419025,8,0.04788672979299745
3.7675840360025177,1.7798472927906779,0.07860236795419025,8,0.04788672979299745
3.768640297006641,1.7798472927906779,0.07860236795419025,8,0.04788672979299745
3.7697221790003823,1.7798472927906779,0.07860236795419025,8,0.04788672979299745
3.7707987510002567,1.7798472927906779,0.07860236795419025,8,0.04788672979299745
3.7712453230051324,1.7798472927906779,0.07860236795419025,8,0.04788672979299745
3.772283441001491,1.7798472927906779,0.07860236795419025,8,0.04788672979299745
3.773337763006566,1.7852796971078166,0.07835797524669609,8,0.048956095533499534
3.7737706960033393,1.7852796971078166,0.07835797524669609,8,0.048956095533499534
3.774828019006236,1.7852796971078166,0.07835797524669609,8,0.048956095533499534
3.7759240250015864,1.7852796971078166,0.07835797524669609,8,0.048956095533499534
3.7769580610038247,1.7852796971078166,0.07835797524669609,8,0.048956095533499534
3.7780144150019623,1.7852796971078166,0.07835797524669609,8,0.048956095533499534
3.778431383005227,1.7852796971078166,0.07835797524669609,8,0.048956095533499534
3.779535407004005,1.7852796971078166,0.07835797524669609,8,0.048956095533499534
3.7806735610065516,1.7852796971078166,0.07835797524669609,8,0.048956095533499534
3.781771452006069,1.7852796971078166,0.07835797524669609,8,0.048956095533499534
3.782944482001767,1.7852796971078166,0.07835797524669609,8,0.048956095533499534
3.7834604370000307,1.7852796971078166,0.07835797524669609,8,0.048956095533499534
3.7846764600035385,1.7852796971078166,0.07835797524669609,8,0.048956095533499534
3.7857877269998426,1.7852796971078166,0.07835797524669609,8,0.048956095533499534
3.786851672004559,1.7852796971078166,0.07835797524669609,8,0.048956095533499534
3.7872686830014572,1.7852796971078166,0.07835797524669609,8,0.048956095533499534
3.78832238400355,1.769518601302452,0.07885736276999847,8,0.047323138150192484
3.7893713640005444,1.769518601302452,0.07885736276999847,8,0.047323138150192484
3.790676284006622,1.769518601302452,0.07885736276999847,8,0.047323138150192484
3.7917534810039797,1.769518601302452,0.07885736276999847,8,0.047323138150192484
3.7928659740064177,1.7749784699429494,0.07858066658224291,8,0.04720041116785087
3.7933082030067453,1.7749784699429494,0.07858066658224291,8,0.04720041116785087
3.7943524030051776,1.7749784699429494,0.07858066658224291,8,0.04720041116785087
3.795448442004272,1.7749784699429494,0.07858066658224291,8,0.04720041116785087
3.7958729890015093,1.7749784699429494,0.07858066658224291,8,0.04720041116785087
3.796928804003983,1.7749784699429494,0.07858066658224291,8,0.04720041116785087
3.7980376160048763,1.7749784699429494,0.07858066658224291,8,0.04720041116785087
3.799085983002442,1.7749784699429494,0.07858066658224291,8,0.04720041116785087
3.800137722006184,1.7749784699429494,0.07858066658224291,8,0.04720041116785087
3.801222191999841,1.7749784699429494,0.07858066658224291,8,0.04720041116785087
3.8016679620050127,1.7749784699429494,0.07858066658224291,8,0.04720041116785087
3.8027593370061368,1.7749784699429494,0.07858066658224291,8,0.04720041116785087
3.8038713240021025,1.7749784699429494,0.07858066658224291,8,0.04720041116785087
3.8050801630015485,1.7749784699429494,0.07858066658224291,8,0.04720041116785087
3.806215629003418,1.7749784699429494,0.07858066658224291,8,0.04720041116785087
3.8066435770015232,1.7749784699429494,0.07858066658224291,8,0.04720041116785087
3.807629782000731,1.7749784699429494,0.07858066658224291,8,0.04720041116785087
3.8085281460007536,1.7749784699429494,0.07858066658224291,8,0.04720041116785087
3.809603366004012,1.7749784699429494,0.07858066658224291,8,0.04720041116785087
3.8105127250018995,1.7804484088353516,0.07824348908187248,8,0.047650731876849095
3.81137183100509,1.7804484088353516,0.07824348908187248,8,0.047650731876849095
3.8117203820002032,1.7804484088353516,0.07824348908187248,8,0.047650731876849095
3.812546184002713,1.7804484088353516,0.07824348908187248,8,0.047650731876849095
3.8136186050032848,1.7804484088353516,0.07824348908187248,8,0.047650731876849095
3.8147668360034004,1.7804484088353516,0.07824348908187248,8,0.047650731876849095
3.8158152630057884,1.7804484088353516,0.07824348908187248,8,0.047650731876849095
3.816204856004333,1.7804484088353516,0.07824348908187248,8,0.047650731876849095
3.8173202790057985,1.7804484088353516,0.07824348908187248,8,0.047650731876849095
3.8183604830046534,1.7804484088353516,0.07824348908187248,8,0.047650731876849095
3.819509987006313,1.7804484088353516,0.07824348908187248,8,0.047650731876849095
3.819869611004833,1.7804484088353516,0.07824348908187248,8,0.047650731876849095
3.820868649003387,1.7859275698377741,0.07785168155182529,8,0.04866815041728023
3.8221074170069187,1.7859275698377741,0.07785168155182529,8,0.04866815041728023
3.8234875289999763,1.7859275698377741,0.07785168155182529,8,0.04866815041728023
3.82432605100621,1.7859275698377741,0.07785168155182529,8,0.04866815041728023
3.8250852090059198,1.7859275698377741,0.07785168155182529,8,0.04866815041728023
3.8253689630000736,1.7859275698377741,0.07785168155182529,8,0.04866815041728023
3.826129077002406,1.7859275698377741,0.07785168155182529,8,0.04866815041728023
3.826784230004705,1.7859275698377741,0.07785168155182529,8,0.04866815041728023
3.8275664360044175,1.7859275698377741,0.07785168155182529,8,0.04866815041728023
3.828024941001786,1.7859275698377741,0.07785168155182529,8,0.04866815041728023
3.829103653006314,1.7859275698377741,0.07785168155182529,8,0.04866815041728023
3.8300751310016494,1.7859275698377741,0.07785168155182529,8,0.04866815041728023
3.8308361420058645,1.7859275698377741,0.07785168155182529,8,0.04866815041728023
3.8315685520065017,1.7859275698377741,0.07785168155182529,8,0.04866815041728023
3.8322255040038726,1.7914189755612244,0.0774595807606891,8,0.050273351149475974
3.8325681679998524,1.7914189755612244,0.0774595807606891,8,0.050273351149475974
3.833558862002974,1.7914189755612244,0.0774595807606891,8,0.050273351149475974
3.834334340004716,1.7914189755612244,0.0774595807606891,8,0.050273351149475974
3.8353299050068017,1.7914189755612244,0.0774595807606891,8,0.050273351149475974
3.835738060006406,1.7914189755612244,0.0774595807606891,8,0.050273351149475974
3.8367449050056166,1.7914189755612244,0.0774595807606891,8,0.050273351149475974
3.8377543090027757,1.7914189755612244,0.0774595807606891,8,0.050273351149475974
3.8388139420057996,1.7914189755612244,0.0774595807606891,8,0.050273351149475974
3.839218940003775,1.7914189755612244,0.0774595807606891,8,0.050273351149475974
3.8402167670064955,1.7969207935182825,0.07705035609236441,8,0.05240068977533095
3.841194375003397,1.7969207935182825,0.07705035609236441,8,0.05240068977533095
3.8421835570043186,1.7969207935182825,0.07705035609236441,8,0.05240068977533095
3.8431686210024054,1.7969207935182825,0.07705035609236441,8,0.05240068977533095
3.8441689610044705,1.7969207935182825,0.07705035609236441,8,0.05240068977533095
3.844555683004728,1.7969207935182825,0.07705035609236441,8,0.05240068977533095
3.845567223004764,1.7969207935182825,0.07705035609236441,8,0.05240068977533095
3.846558465003909,1.8024347867806743,0.07665570352692316,8,0.05502009745759532
3.8475416030050837,1.8024347867806743,0.07665570352692316,8,0.05502009745759532
3.8479597000041394,1.8024347867806743,0.07665570352692316,8,0.05502009745759532
3.8489919420026126,1.8024347867806743,0.07665570352692316,8,0.05502009745759532
3.8500611440031207,1.8024347867806743,0.07665570352692316,8,0.05502009745759532
3.8511921690005693,1.8024347867806743,0.07665570352692316,8,0.05502009745759532
3.8522644320037216,1.8024347867806743,0.07665570352692316,8,0.05502009745759532
3.8533207860018592,1.8024347867806743,0.07665570352692316,8,0.05502009745759532
3.85435662400414,1.8024347867806743,0.07665570352692316,8,0.05502009745759532
3.8547780240041902,1.8024347867806743,0.07665570352692316,8,0.05502009745759532
3.855794157003402,1.8024347867806743,0.07665570352692316,8,0.05502009745759532
3.856600086000981,1.8079585507821023,0.07624987366812516,8,0.05804682698276405
3.856872459000442,1.8079585507821023,0.07624987366812516,8,0.05804682698276405
3.85758564400021,1.8079585507821023,0.07624987366812516,8,0.05804682698276405
3.858586558002571,1.8079585507821023,0.07624987366812516,8,0.05804682698276405
3.8595857870022883,1.8079585507821023,0.07624987366812516,8,0.05804682698276405
3.859983854003076,1.8079585507821023,0.07624987366812516,8,0.05804682698276405
3.860945744003402,1.8079585507821023,0.07624987366812516,8,0.05804682698276405
3.8618902860034723,1.8079585507821023,0.07624987366812516,8,0.05804682698276405
3.8628730720010935,1.8079585507821023,0.07624987366812516,8,0.05804682698276405
3.86383863100491,1.8079585507821023,0.07624987366812516,8,0.05804682698276405
3.8648264990042662,1.813489812557215,0.07586132144353021,8,0.06144248907528292
3.865239852006198,1.813489812557215,0.07586132144353021,8,0.06144248907528292
3.8662240310004563,1.813489812557215,0.07586132144353021,8,0.06144248907528292
3.8671539730057702,1.813489812557215,0.07586132144353021,8,0.06144248907528292
3.867539263002982,1.813489812557215,0.07586132144353021,8,0.06144248907528292
3.86855519200617,1.813489812557215,0.0758613214435302,8,0.061442489075282915
3.869626313004119,1.813489812557215,0.0758613214435302,8,0.061442489075282915
3.87072658600664,1.813489812557215,0.0758613214435302,8,0.061442489075282915
3.8718430170047213,1.813489812557215,0.0758613214435302,8,0.061442489075282915
3.8729939510012628,1.813489812557215,0.0758613214435302,8,0.061442489075282915
3.8734367070064764,1.813489812557215,0.0758613214435302,8,0.061442489075282915
3.8742680080031278,1.813489812557215,0.0758613214435302,8,0.061442489075282915
3.8750083970007836,1.8190225248205234,0.07546309896415107,8,0.06512838632815958
3.8752661050020833,1.8190225248205234,0.07546309896415107,8,0.06512838632815958
3.875925760999962,1.8190225248205234,0.07546309896415107,8,0.06512838632815958
3.8768347750010435,1.8190225248205234,0.07546309896415107,8,0.06512838632815958
3.8777649809999275,1.8199508291868733,0.07527886871391987,8,0.06569421788402377
3.8784431270032655,1.8199508291868733,0.07527886871391987,8,0.06569421788402377
3.87871650300076,1.8199508291868733,0.07527886871391987,8,0.06569421788402377
3.879521625000052,1.8199508291868733,0.07527886871391987,8,0.06569421788402377
3.8805264010006795,1.8199508291868733,0.07527886871391987,8,0.06569421788402377
3.881585120005184,1.8199508291868733,0.07527886871391987,8,0.06569421788402377
3.882605738006532,1.8297732395557802,0.07405018841252978,8,0.07259106315780942
3.8829764220063225,1.8297732395557802,0.07405018841252978,8,0.07259106315780942
3.8841450360050658,1.8297732395557802,0.07405018841252978,8,0.07259106315780942
3.885271780003677,1.8297732395557802,0.07405018841252978,8,0.07259106315780942
3.8862899740051944,1.8297732395557802,0.07405018841252978,8,0.07259106315780942
3.8872645960000227,1.8311232792931873,0.07378280940678972,8,0.07353596698792136
3.888261397005408,1.8311232792931873,0.07378280940678972,8,0.07353596698792136
3.8886866950051626,1.8311232792931873,0.07378280940678972,8,0.07353596698792136
3.8896770890059997,1.8311232792931873,0.07378280940678972,8,0.07353596698792136
3.890665181002987,1.8311232792931873,0.07378280940678972,8,0.07353596698792136
3.891632113001833,1.8311232792931873,0.07378280940678972,8,0.07353596698792136
3.8926138040042133,1.836659215682701,0.07337438157368,8,0.0779128559312889
3.8930057890029275,1.836659215682701,0.07337438157368,8,0.0779128559312889
3.893986914001289,1.836659215682701,0.07337438157368,8,0.0779128559312889
3.894975617004093,1.836659215682701,0.07337438157368,8,0.0779128559312889
3.8959340430010343,1.836659215682701,0.07337438157368,8,0.0779128559312889
3.8968869160016766,1.836659215682701,0.07337438157368,8,0.0779128559312889
3.897267347005254,1.836659215682701,0.07337438157368,8,0.0779128559312889
3.8982442390042706,1.836659215682701,0.07337438157368,8,0.0779128559312889
3.8992351760025485,1.836659215682701,0.07337438157368,8,0.0779128559312889
3.90027147600631,1.836659215682701,0.07337438157368,8,0.0779128559312889
3.901354199006164,1.8421935279659578,0.07292137977078968,8,0.08240748377184084
3.9017926930027897,1.8421935279659578,0.07292137977078968,8,0.08240748377184084
3.902823789001559,1.8421935279659578,0.07292137977078968,8,0.08240748377184084
3.903831034003815,1.8421935279659578,0.07292137977078968,8,0.08240748377184084
3.9047697840069304,1.8421935279659578,0.07292137977078968,8,0.08240748377184084
3.905552908006939,1.8421935279659578,0.07292137977078968,8,0.08240748377184084
3.906549339000776,1.8421935279659578,0.07292137977078968,8,0.08240748377184084
3.9075269640015904,1.8421935279659578,0.07292137977078968,8,0.08240748377184084
3.9079301890014904,1.8421935279659578,0.07292137977078968,8,0.08240748377184084
3.9088845229998697,1.8421935279659578,0.07292137977078968,8,0.08240748377184084
3.909851245000027,1.8421935279659578,0.07292137977078968,8,0.08240748377184084
3.910232514004747,1.8421935279659578,0.07292137977078968,8,0.08240748377184084
3.9111967260032543,1.8477298068422792,0.07247073624772887,8,0.08702721624068167
3.9121494720020564,1.8477298068422792,0.07247073624772887,8,0.08702721624068167
3.9130938230009633,1.8477298068422792,0.07247073624772887,8,0.08702721624068167
3.914015828006086,1.8477298068422792,0.07247073624772887,8,0.08702721624068167
3.914883520999865,1.8477298068422792,0.07247073624772887,8,0.08702721624068167
3.915729360000114,1.8477298068422792,0.07247073624772887,8,0.08702721624068167
3.916715045001183,1.8477298068422792,0.07247073624772887,8,0.08702721624068167
3.9170883700062404,1.8477298068422792,0.07247073624772887,8,0.08702721624068167
3.918045771002653,1.8477298068422792,0.07247073624772887,8,0.08702721624068167
3.919039883003279,1.8477298068422792,0.07247073624772887,8,0.08702721624068167
3.9199673340044683,1.8477298068422792,0.07247073624772887,8,0.08702721624068167
3.920276067001396,1.8477298068422792,0.07247073624772887,8,0.08702721624068167
3.9211723630069173,1.8477298068422792,0.07247073624772887,8,0.08702721624068167
3.9218896920065163,1.8477298068422792,0.07247073624772887,8,0.08702721624068167
3.9226148830057355,1.8532663039111417,0.07200255406412119,8,0.09174313660029634
3.923407665002742,1.8532663039111417,0.07200255406412119,8,0.09174313660029634
3.924157092005771,1.8532663039111417,0.07200255406412119,8,0.09174313660029634
3.924974811001448,1.8532663039111417,0.07200255406412119,8,0.09174313660029634
3.9252360840037,1.8532663039111417,0.07200255406412119,8,0.09174313660029634
3.925962621004146,1.8532663039111417,0.07200255406412119,8,0.09174313660029634
3.9267491140053608,1.8532663039111417,0.07200255406412119,8,0.09174313660029634
3.9273751090004225,1.8532663039111417,0.07200255406412119,8,0.09174313660029634
3.928191147002508,1.8532663039111417,0.07200255406412119,8,0.09174313660029634
3.9284701500000665,1.8532663039111417,0.07200255406412119,8,0.09174313660029634
3.929170908006199,1.8532663039111417,0.07200255406412119,8,0.09174313660029634
3.9301727060010307,1.8532663039111417,0.07200255406412119,8,0.09174313660029634
3.931155051002861,1.8532663039111417,0.07200255406412119,8,0.09174313660029634
3.932153100002324,1.8588054938492498,0.0715474964977728,8,0.09655639163747522
3.933160852000583,1.8588054938492498,0.0715474964977728,8,0.09655639163747522
3.9341389020046336,1.8588054938492498,0.0715474964977728,8,0.09655639163747522
3.9351333850063384,1.8588054938492498,0.0715474964977728,8,0.09655639163747522
3.9361382690040045,1.8588054938492498,0.0715474964977728,8,0.09655639163747522
3.937294899005792,1.8588054938492498,0.0715474964977728,8,0.09655639163747522
3.938419086000067,1.8588054938492498,0.0715474964977728,8,0.09655639163747522
3.9394599980005296,1.8588054938492498,0.0715474964977728,8,0.09655639163747522
3.9404754740025965,1.8588054938492498,0.0715474964977728,8,0.09655639163747522
3.94086699699983,1.8588054938492498,0.0715474964977728,8,0.09655639163747522
3.9418983000068692,1.8588054938492498,0.0715474964977728,8,0.09655639163747522
3.9422999230009736,1.8588054938492498,0.0715474964977728,8,0.09655639163747522
3.9433019590069307,1.8588054938492498,0.0715474964977728,8,0.09655639163747522
3.943690817002789,1.8588054938492498,0.0715474964977728,8,0.09655639163747522
3.944677748004324,1.8588054938492498,0.0715474964977728,8,0.09655639163747522
3.9456855290045496,1.8588054938492498,0.0715474964977728,8,0.09655639163747522
3.9466690290064435,1.8588054938492498,0.0715474964977728,8,0.09655639163747522
3.9477346900021075,1.8643451009626144,0.07107919564245345,8,0.1014410209747826
3.9487964440049836,1.8643451009626144,0.07107919564245345,8,0.1014410209747826
3.949816999003815,1.8643451009626144,0.07107919564245345,8,0.1014410209747826
3.950863300000492,1.8643451009626144,0.07107919564245345,8,0.1014410209747826
3.951292244004435,1.8643451009626144,0.07107919564245345,8,0.1014410209747826
3.952493847005826,1.8643451009626144,0.07107919564245345,8,0.1014410209747826
3.952933619002579,1.8643451009626144,0.07107919564245345,8,0.1014410209747826
3.953982707003888,1.8643451009626144,0.07107919564245345,8,0.1014410209747826
3.955009390003397,1.8643451009626144,0.07107919564245345,8,0.1014410209747826
3.9560013220034307,1.8643451009626144,0.07107919564245345,8,0.1014410209747826
3.9573342889998457,1.8643451009626144,0.07107919564245345,8,0.1014410209747826
3.9582962109998334,1.8643451009626144,0.07107919564245345,8,0.1014410209747826
3.9592519300058484,1.8698720795805865,0.0706270150541088,8,0.10638607935857877
3.9602717970046797,1.8698720795805865,0.0706270150541088,8,0.10638607935857877
3.961238330004562,1.8698720795805865,0.0706270150541088,8,0.10638607935857877
3.9615311970046605,1.8698720795805865,0.0706270150541088,8,0.10638607935857877
3.9623782300041057,1.8698720795805865,0.0706270150541088,8,0.10638607935857877
3.9627753849999863,1.8698720795805865,0.0706270150541088,8,0.10638607935857877
3.963819581003918,1.8698720795805865,0.0706270150541088,8,0.10638607935857877
3.964943419006886,1.8698720795805865,0.0706270150541088,8,0.10638607935857877
3.965952559003199,1.8698720795805865,0.0706270150541088,8,0.10638607935857877
3.9662806060005096,1.8698720795805865,0.0706270150541088,8,0.10638607935857877
3.9672342340054456,1.8698720795805865,0.0706270150541088,8,0.10638607935857877
3.9680166530015413,1.8698720795805865,0.0706270150541088,8,0.10638607935857877
3.9689187100011623,1.8753715672934619,0.0701643809146353,9,0.10843608974650906
3.969286206003744,1.8753715672934619,0.0701643809146353,9,0.10843608974650906
3.9700319560070056,1.8753715672934619,0.0701643809146353,9,0.10843608974650906
3.9708507850009482,1.8753715672934619,0.0701643809146353,9,0.10843608974650906
3.971672623003542,1.8753715672934619,0.0701643809146353,9,0.10843608974650906
3.9724757870062604,1.8753715672934619,0.0701643809146353,9,0.10843608974650906
3.973151523001434,1.8753715672934619,0.0701643809146353,9,0.10843608974650906
3.9738112800041563,1.8753715672934619,0.0701643809146353,9,0.10843608974650906
3.974426618005964,1.8753715672934619,0.0701643809146353,9,0.10843608974650906
3.974708352005109,1.8753715672934619,0.0701643809146353,9,0.10843608974650906
3.975694700005988,1.8753715672934619,0.0701643809146353,9,0.10843608974650906
3.976688176000607,1.8753715672934619,0.0701643809146353,9,0.10843608974650906
3.9776887990010437,1.8808509257277062,0.06971904318466017,9,0.10347098129985746
3.9786861300017335,1.8808509257277062,0.06971904318466017,9,0.10347098129985746
3.979067317006411,1.8808509257277062,0.06971904318466017,9,0.10347098129985746
3.9800342170055956,1.8808509257277062,0.06971904318466017,9,0.10347098129985746
3.981072442002187,1.8808509257277062,0.06971904318466017,9,0.10347098129985746
3.982103840004129,1.8808509257277062,0.06971904318466017,9,0.10347098129985746
3.983180134004215,1.8775367645133396,0.07049267398949158,9,0.10672033154643529
3.9842320530005964,1.8775367645133396,0.07049267398949158,9,0.10672033154643529
3.9846760280051967,1.8775367645133396,0.07049267398949158,9,0.10672033154643529
3.9857289500068873,1.8775367645133396,0.07049267398949158,9,0.10672033154643529
3.986756393001997,1.8775367645133396,0.07049267398949158,9,0.10672033154643529
3.987824369003647,1.8735614980636817,0.07141958856285083,8,0.11011048473435603
3.9889307970006485,1.8735614980636817,0.07141958856285083,8,0.11011048473435603
3.9893930480029667,1.8735614980636817,0.07141958856285083,8,0.11011048473435603
3.9904108450064086,1.8735614980636817,0.07141958856285083,8,0.11011048473435603
3.9914168680043076,1.8735614980636817,0.07141958856285083,8,0.11011048473435603
3.992674054999952,1.8735614980636817,0.07141958856285083,8,0.11011048473435603
3.9937148530007107,1.8748487223155892,0.0719587224050619,9,0.10978107646880843
3.994938188006927,1.8748487223155892,0.0719587224050619,9,0.10978107646880843
3.995253673005209,1.8748487223155892,0.0719587224050619,9,0.10978107646880843
3.996038318000501,1.8748487223155892,0.0719587224050619,9,0.10978107646880843
3.997143318003509,1.8748487223155892,0.0719587224050619,9,0.10978107646880843
3.9982165660039755,1.8748487223155892,0.0719587224050619,9,0.10978107646880843
3.9986237100019935,1.8748487223155892,0.0719587224050619,9,0.10978107646880843
3.9997515860013664,1.8748487223155892,0.0719587224050619,9,0.10978107646880843
4.001133319005021,1.8748487223155892,0.0719587224050619,9,0.10978107646880843
4.004473676002817,1.8748487223155892,0.0719587224050619,9,0.10978107646880843
4.005771155003458,1.8748487223155892,0.0719587224050619,9,0.10978107646880843
4.006229429003724,1.8748487223155892,0.0719587224050619,9,0.10978107646880843
4.007260281003255,1.8748487223155892,0.0719587224050619,9,0.10978107646880843
4.008559288005927,1.8748487223155892,0.0719587224050619,9,0.10978107646880843
4.0088651750047575,1.8748487223155892,0.0719587224050619,9,0.10978107646880843
4.009702528004709,1.8748487223155892,0.0719587224050619,9,0.10978107646880843
4.010595914005535,1.8748487223155892,0.0719587224050619,9,0.10978107646880843
4.011628753003606,1.8748487223155892,0.0719587224050619,9,0.10978107646880843
4.012736503005726,1.8857364283705718,0.07111360832828356,9,0.10005131068163665
4.013196198000514,1.8857364283705718,0.07111360832828356,9,0.10005131068163665
4.014311880004243,1.8857364283705718,0.07111360832828356,9,0.10005131068163665
4.015686684004322,1.8857364283705718,0.07111360832828356,9,0.10005131068163665
4.016931112004386,1.8857364283705718,0.07111360832828355,9,0.10005131068163664
4.017445753001084,1.8857364283705718,0.07111360832828355,9,0.10005131068163664
4.018863101002353,1.8857364283705718,0.07111360832828355,9,0.10005131068163664
4.019943544000853,1.8911660855551218,0.07070133643429104,9,0.09530077030752793
4.020401948000654,1.8911660855551218,0.07070133643429104,9,0.09530077030752793
4.021751113999926,1.8911660855551218,0.07070133643429104,9,0.09530077030752793
4.022813956005848,1.8911660855551218,0.07070133643429105,9,0.09530077030752793
4.02385744300409,1.8911660855551218,0.07070133643429105,9,0.09530077030752793
4.024871547000657,1.8911660855551218,0.07070133643429105,9,0.09530077030752793
4.025860690002446,1.8911660855551218,0.07070133643429105,9,0.09530077030752793
4.026842928004044,1.8911660855551218,0.07070133643429105,9,0.09530077030752793
4.027827737001644,1.8911660855551218,0.07070133643429105,9,0.09530077030752793
4.028221967004356,1.8911660855551218,0.07070133643429105,9,0.09530077030752793
4.0292147010040935,1.8911660855551218,0.07070133643429105,9,0.09530077030752793
4.0296198680007365,1.8911660855551218,0.07070133643429105,9,0.09530077030752793
4.030621150006482,1.8911660855551218,0.07070133643429105,9,0.09530077030752793
4.03161435900256,1.8911660855551218,0.07070133643429105,9,0.09530077030752793
4.03258615800587,1.8911660855551218,0.07070133643429105,9,0.09530077030752793
4.033003341006406,1.8911660855551218,0.07070133643429105,9,0.09530077030752793
4.034050717003993,1.8911660855551218,0.07070133643429105,9,0.09530077030752793
4.03510395300691,1.8911660855551218,0.07070133643429105,9,0.09530077030752793
4.036221414004103,1.9020036891086978,0.06986874666731277,9,0.08605915732668608
4.0372215200040955,1.9020036891086978,0.06986874666731277,9,0.08605915732668608
4.037646360004146,1.9020036891086978,0.06986874666731277,9,0.08605915732668608
4.0386426280019805,1.9020036891086978,0.06986874666731277,9,0.08605915732668608
4.039774988006684,1.9020036891086978,0.06986874666731277,9,0.08605915732668608
4.040183867000451,1.9020036891086978,0.06986874666731277,9,0.08605915732668608
4.041215760000341,1.9020036891086978,0.06986874666731277,9,0.08605915732668608
4.042188624000119,1.9020036891086978,0.06986874666731277,9,0.08605915732668608
4.043135108004208,1.9020036891086978,0.06986874666731277,9,0.08605915732668608
4.0441230080032256,1.9020036891086978,0.06986874666731277,9,0.08605915732668608
4.044520160001412,1.9020036891086978,0.06986874666731277,9,0.08605915732668608
4.045545322005637,1.9020036891086978,0.06986874666731277,9,0.08605915732668608
4.046606673000497,1.9020036891086978,0.06986874666731277,9,0.08605915732668608
4.047599406003428,1.907414210991191,0.06944824184038637,9,0.08159258546497984
4.047992488005548,1.907414210991191,0.06944824184038637,9,0.08159258546497984
4.0490292310059885,1.907414210991191,0.06944824184038637,9,0.08159258546497984
4.0500899510007,1.907414210991191,0.06944824184038637,9,0.08159258546497984
4.051109362000716,1.907414210991191,0.06944824184038637,9,0.08159258546497984
4.055288619005296,1.907414210991191,0.06944824184038637,9,0.08159258546497984
4.055632464005612,1.907414210991191,0.06944824184038637,9,0.08159258546497984
4.056342180003412,1.9127731538558073,0.06904710134277064,9,0.07730021883280362
4.05666430000565,1.9127731538558073,0.06904710134277064,9,0.07730021883280362
4.057417562005867,1.9127731538558073,0.06904710134277064,9,0.07730021883280362
4.05808601800527,1.9127731538558073,0.06904710134277064,9,0.07730021883280362
4.058875286005787,1.9127731538558073,0.06904710134277064,9,0.07730021883280362
4.05928691700683,1.9127731538558073,0.06904710134277064,9,0.07730021883280362
4.06026773800113,1.9127731538558073,0.06904710134277064,9,0.07730021883280362
4.061482313001761,1.9127731538558073,0.06904710134277064,9,0.07730021883280362
4.06244998400507,1.9127731538558073,0.06904710134277064,9,0.07730021883280362
4.063566354001523,1.9180395914873618,0.06863973637063113,9,0.07321188797138078
4.064679095004976,1.9180395914873618,0.06863973637063113,9,0.07321188797138078
4.065740948004532,1.9180395914873618,0.06863973637063113,9,0.07321188797138078
4.066688420003629,1.9180395914873618,0.06863973637063113,9,0.07321188797138078
4.066993532003835,1.9180395914873618,0.06863973637063113,9,0.07321188797138078
4.067873908003094,1.9180395914873618,0.06863973637063112,9,0.07321188797138077
4.068305605003843,1.9180395914873618,0.06863973637063112,9,0.07321188797138077
4.069474672003707,1.9180395914873618,0.06863973637063112,9,0.07321188797138077
4.070655455005181,1.9180395914873618,0.06863973637063112,9,0.07321188797138077
4.071420818007027,1.9180395914873618,0.06863973637063112,9,0.07321188797138077
4.0722077670070576,1.9232331619646956,0.0682542631156319,9,0.0693503519388173
4.072473908003303,1.9232331619646956,0.0682542631156319,9,0.0693503519388173
4.07311537800706,1.9232331619646956,0.0682542631156319,9,0.0693503519388173
4.073886883001251,1.9232331619646956,0.0682542631156319,9,0.0693503519388173
4.074930435002898,1.9232331619646956,0.0682542631156319,9,0.0693503519388173
4.075926065001113,1.9232331619646956,0.0682542631156319,9,0.0693503519388173
4.07691010000417,1.9232331619646956,0.0682542631156319,9,0.0693503519388173
4.0778928700019605,1.9232331619646956,0.0682542631156319,9,0.0693503519388173
4.078888461001043,1.9232331619646956,0.0682542631156319,9,0.0693503519388173
4.07927976600331,1.9232331619646956,0.0682542631156319,9,0.0693503519388173
4.080283255003451,1.9276958910365702,0.06803699320063614,9,0.06626771220032465
4.080695281001681,1.9276958910365702,0.06803699320063614,9,0.06626771220032465
4.081720853006118,1.9276958910365702,0.06803699320063614,9,0.06626771220032465
4.082734796000295,1.9276958910365702,0.06803699320063614,9,0.06626771220032465
4.083867111003201,1.9270294910409789,0.06821016648011816,9,0.06682612801219795
4.084926131006796,1.9270294910409789,0.06821016648011816,9,0.06682612801219795
4.0853330090030795,1.9270294910409789,0.06821016648011816,9,0.06682612801219795
4.08641619500122,1.9270294910409789,0.06821016648011816,9,0.06682612801219795
4.087524017006217,1.9270294910409789,0.06821016648011816,9,0.06682612801219795
4.088565951002238,1.931749159951132,0.06795813690470501,9,0.06370554697370553
4.088973453006474,1.931749159951132,0.06795813690470501,9,0.06370554697370553
4.0899536320066545,1.931749159951132,0.06795813690470501,9,0.06370554697370553
4.091246893003699,1.931749159951132,0.06795813690470501,9,0.06370554697370553
4.0924088950050646,1.931749159951132,0.06795813690470501,9,0.06370554697370553
4.093537481006933,1.931749159951132,0.06795813690470502,9,0.06370554697370553
4.094232230003399,1.931749159951132,0.06795813690470502,9,0.06370554697370553
4.0952796150013455,1.931749159951132,0.06795813690470502,9,0.06370554697370553
4.0965521990001434,1.931749159951132,0.06795813690470501,9,0.06370554697370553
4.09703119200276,1.931749159951132,0.06795813690470501,9,0.06370554697370553
4.0982990480042645,1.931749159951132,0.06795813690470501,9,0.06370554697370553
4.099399211001582,1.936796043561206,0.06760131868487321,9,0.060525911069013
4.099847079000028,1.936796043561206,0.06760131868487321,9,0.060525911069013
4.100938589006546,1.936796043561206,0.06760131868487321,9,0.060525911069013
4.102211926001473,1.936796043561206,0.06760131868487321,9,0.060525911069013
4.103488378001202,1.936796043561206,0.06760131868487321,9,0.060525911069013
4.104644989005465,1.936796043561206,0.06760131868487321,9,0.060525911069013
4.105056400003377,1.936796043561206,0.06760131868487321,9,0.060525911069013
4.1060993900027825,1.936796043561206,0.06760131868487321,9,0.060525911069013
4.107054727006471,1.936796043561206,0.06760131868487321,9,0.060525911069013
4.107835296999838,1.936796043561206,0.06760131868487321,9,0.060525911069013
4.108205245000136,1.936796043561206,0.06760131868487321,9,0.060525911069013
4.108888210001169,1.936796043561206,0.06760131868487321,9,0.060525911069013
4.109564067002793,1.936796043561206,0.06760131868487321,9,0.060525911069013
4.110319379004068,1.9418121293281385,0.06726238378170848,9,0.0576463120056567
4.111024770005315,1.9418121293281385,0.06726238378170848,9,0.0576463120056567
4.111649742000736,1.9418121293281385,0.06726238378170848,9,0.0576463120056567
4.11229797800479,1.9418121293281385,0.06726238378170848,9,0.0576463120056567
4.1126149330011685,1.9418121293281385,0.06726238378170848,9,0.0576463120056567
4.11394193200249,1.9418121293281385,0.06726238378170848,9,0.0576463120056567
4.115043605001119,1.9418121293281385,0.06726238378170848,9,0.0576463120056567
4.116172860005463,1.9418121293281385,0.06726238378170848,9,0.0576463120056567
4.116625949005538,1.9418121293281385,0.06726238378170848,9,0.0576463120056567
4.117703613002959,1.9418121293281385,0.06726238378170848,9,0.0576463120056567
4.118758496006194,1.9418121293281385,0.06726238378170848,9,0.0576463120056567
4.119810765005241,1.9468011289958609,0.06690715343223111,9,0.0550724541573596
4.120234699003049,1.9468011289958609,0.06690715343223111,9,0.0550724541573596
4.121236116006912,1.9468011289958609,0.06690715343223111,9,0.0550724541573596
4.122254284004157,1.9468011289958609,0.06690715343223111,9,0.0550724541573596
4.123265218004235,1.9468011289958609,0.06690715343223111,9,0.0550724541573596
4.124270393003826,1.9468011289958609,0.06690715343223111,9,0.0550724541573596
4.125274670004728,1.9468011289958609,0.06690715343223111,9,0.0550724541573596
4.125668344000587,1.9468011289958609,0.06690715343223111,9,0.0550724541573596
4.12663049200637,1.9468011289958609,0.06690715343223111,9,0.0550724541573596
4.127649908004969,1.9517673001311733,0.0665269674137971,9,0.05283209083428086
4.128051573999983,1.9517673001311733,0.0665269674137971,9,0.05283209083428086
4.129043246000947,1.9517673001311733,0.0665269674137971,9,0.05283209083428086
4.130043935001595,1.9517673001311733,0.0665269674137971,9,0.05283209083428086
4.131161058001453,1.9517673001311733,0.0665269674137971,9,0.05283209083428086
4.1322289560048375,1.9517673001311733,0.0665269674137971,9,0.05283209083428086
4.132653074004338,1.9517673001311733,0.0665269674137971,9,0.05283209083428086
4.133719299999939,1.9517673001311733,0.0665269674137971,9,0.05283209083428086
4.134761872002855,1.9517673001311733,0.0665269674137971,9,0.05283209083428086
4.135928252006124,1.9517673001311733,0.0665269674137971,9,0.05283209083428086
4.137053989004926,1.9517673001311733,0.0665269674137971,9,0.05283209083428086
4.137456184005714,1.9517673001311733,0.0665269674137971,9,0.05283209083428086
4.138458575005643,1.9517673001311733,0.0665269674137971,9,0.05283209083428086
4.139586853001674,1.956716610598348,0.06614887191774282,9,0.050987708493425724
4.140012467003544,1.956716610598348,0.06614887191774282,9,0.050987708493425724
4.140981346004992,1.956716610598348,0.06614887191774282,9,0.050987708493425724
4.142125695005234,1.956716610598348,0.06614887191774282,9,0.050987708493425724
4.143124612004613,1.956716610598348,0.06614887191774282,9,0.050987708493425724
4.1440969630057225,1.956716610598348,0.06614887191774282,9,0.050987708493425724
4.145052076004504,1.956716610598348,0.06614887191774282,9,0.050987708493425724
4.146003983005357,1.956716610598348,0.06614887191774282,9,0.050987708493425724
4.146986540006765,1.956716610598348,0.06614887191774282,9,0.050987708493425724
4.147371595005097,1.956716610598348,0.06614887191774282,9,0.050987708493425724
4.148301844004891,1.956716610598348,0.06614887191774282,9,0.050987708493425724
4.148706235006102,1.956716610598348,0.06614887191774282,9,0.050987708493425724
4.14970924800582,1.9616523384062716,0.06577340418051386,9,0.04957840889023867
4.150749614003871,1.9616523384062716,0.06577340418051386,9,0.04957840889023867
4.151779933999933,1.9616523384062716,0.06577340418051386,9,0.04957840889023867
4.152784083002189,1.9616523384062716,0.06577340418051386,9,0.04957840889023867
4.1532525480070035,1.9616523384062716,0.06577340418051386,9,0.04957840889023867
4.154340747001697,1.9616523384062716,0.06577340418051386,9,0.04957840889023867
4.1552531470006215,1.9616523384062716,0.06577340418051386,9,0.04957840889023867
4.156069416007085,1.9616523384062716,0.06577340418051386,9,0.04957840889023867
4.15636218200234,1.9616523384062716,0.06577340418051386,9,0.04957840889023867
4.157179660003749,1.9616523384062716,0.06577340418051386,9,0.04957840889023867
4.157871012001124,1.9616523384062716,0.06577340418051386,9,0.04957840889023867
4.158651620004093,1.96659928307554,0.06539788066967916,9,0.048633507994521895
4.158989759001997,1.96659928307554,0.06539788066967916,9,0.048633507994521895
4.159754418004013,1.96659928307554,0.06539788066967916,9,0.048633507994521895
4.160446244000923,1.96659928307554,0.06539788066967916,9,0.048633507994521895
4.161239302004105,1.96659928307554,0.06539788066967916,9,0.048633507994521895
4.16222264800308,1.96659928307554,0.06539788066967916,9,0.048633507994521895
4.163383409002563,1.96659928307554,0.06539788066967916,9,0.048633507994521895
4.164416601000994,1.96659928307554,0.06539788066967916,9,0.048633507994521895
4.164839973003836,1.96659928307554,0.06539788066967916,9,0.048633507994521895
4.165864447000786,1.96659928307554,0.06539788066967916,9,0.048633507994521895
4.166847841006529,1.96659928307554,0.06539788066967916,9,0.048633507994521895
4.167819711001357,1.96659928307554,0.06539788066967916,9,0.048633507994521895
4.168830742004502,1.9715805298651086,0.06502731697777119,9,0.04818964903084356
4.169237797003007,1.9715805298651086,0.06502731697777119,9,0.04818964903084356
4.1704369070066605,1.9715805298651086,0.06502731697777119,9,0.04818964903084356
4.171634604004794,1.9715805298651086,0.06502731697777119,9,0.04818964903084356
4.172666640006355,1.9715805298651086,0.06502731697777119,9,0.04818964903084356
4.175735388002067,1.9715805298651086,0.06502731697777119,9,0.04818964903084356
4.1762269560058485,1.9715805298651086,0.06502731697777119,9,0.04818964903084356
4.177400697000849,1.9715805298651086,0.0650273169777712,9,0.04818964903084357
4.177837163006188,1.9715805298651086,0.0650273169777712,9,0.04818964903084357
4.178878931001236,1.9715805298651086,0.0650273169777712,9,0.04818964903084357
4.180315993005934,1.9749012324521429,0.06230878308115183,9,0.04572311093710295
4.181491009003366,1.9749012324521429,0.06230878308115183,9,0.04572311093710295
4.181939809001051,1.9749012324521429,0.06230878308115183,9,0.04572311093710295
4.183071672006918,1.9749012324521429,0.06230878308115183,9,0.04572311093710295
4.184399932004453,1.9749012324521429,0.06230878308115183,9,0.04572311093710295
4.185613919005846,1.9749012324521429,0.06230878308115183,9,0.04572311093710295
4.186840748006944,1.9749012324521429,0.06230878308115183,9,0.04572311093710295
4.187279024001327,1.9749012324521429,0.06230878308115183,9,0.04572311093710295
4.188301846006652,1.9749012324521429,0.06230878308115183,9,0.04572311093710295
4.189490382006625,1.9749012324521429,0.06230878308115183,9,0.04572311093710295
4.190530311003386,1.9791127306922875,0.06081407563194656,9,0.044918198940782195
4.1909355410025455,1.9791127306922875,0.06081407563194656,9,0.044918198940782195
4.191902302001836,1.9791127306922875,0.06081407563194656,9,0.044918198940782195
4.192968519004353,1.9791127306922875,0.06081407563194656,9,0.044918198940782195
4.194073775004654,1.9791127306922875,0.06081407563194656,9,0.044918198940782195
4.1949973050068365,1.9791127306922875,0.06081407563194656,9,0.044918198940782195
4.195700322001358,1.9791127306922875,0.06081407563194656,9,0.044918198940782195
4.196119527005067,1.9791127306922875,0.06081407563194656,9,0.044918198940782195
4.197304190005525,1.9791127306922875,0.06081407563194656,9,0.044918198940782195
4.1982546350045595,1.9791127306922875,0.06081407563194656,9,0.044918198940782195
4.199142797006061,1.9791127306922875,0.06081407563194656,9,0.044918198940782195
4.199582984001609,1.9791127306922875,0.06081407563194656,9,0.044918198940782195
4.200762616004795,1.9791127306922875,0.06081407563194656,9,0.044918198940782195
4.201861840003403,1.9791127306922875,0.06081407563194656,9,0.044918198940782195
4.203255103006086,1.9791127306922875,0.06081407563194656,9,0.044918198940782195
4.204327596002258,1.9841927312215961,0.06054384969707269,9,0.045981699593400226
4.20477523500449,1.9841927312215961,0.06054384969707269,9,0.045981699593400226
4.205916498001898,1.9841927312215961,0.06054384969707269,9,0.045981699593400226
4.207230512001843,1.9841927312215961,0.06054384969707269,9,0.045981699593400226
4.208422330004396,1.9841927312215961,0.06054384969707269,9,0.045981699593400226
4.208877342003689,1.9841927312215961,0.06054384969707269,9,0.045981699593400226
4.209937073006586,1.9841927312215961,0.06054384969707269,9,0.045981699593400226
4.210785495000891,1.9841927312215961,0.06054384969707269,9,0.045981699593400226
4.2115505510009825,1.9841927312215961,0.06054384969707269,9,0.045981699593400226
4.212222769005166,1.9841927312215961,0.06054384969707269,9,0.045981699593400226
4.2124853170025744,1.9841927312215961,0.06054384969707269,9,0.045981699593400226
4.213185150001664,1.9841927312215961,0.06054384969707269,9,0.045981699593400226
4.21398881800269,1.9841927312215961,0.06054384969707269,9,0.045981699593400226
4.21472486499988,1.9893034575752673,0.060333535365682964,9,0.0476355863764779
4.21574033700017,1.9893034575752673,0.060333535365682964,9,0.0476355863764779
4.216139375006605,1.9893034575752673,0.060333535365682964,9,0.0476355863764779
4.217127128002176,1.9893034575752673,0.060333535365682964,9,0.0476355863764779
4.218565414004843,1.9893034575752673,0.060333535365682964,9,0.0476355863764779
4.220254920001025,1.9893034575752673,0.06033353536568297,9,0.04763558637647791
4.221353441003885,1.9893034575752673,0.06033353536568297,9,0.04763558637647791
4.221786691006855,1.9893034575752673,0.06033353536568297,9,0.04763558637647791
4.222809678001795,1.9893034575752673,0.06033353536568297,9,0.04763558637647791
4.22382452700549,1.9944410330808378,0.06012989214594103,9,0.049781604949966224
4.224211686007038,1.9944410330808378,0.06012989214594103,9,0.049781604949966224
4.225177717002225,1.9944410330808378,0.06012989214594103,9,0.049781604949966224
4.226171508002153,1.9944410330808378,0.06012989214594103,9,0.049781604949966224
4.2271501580034965,1.9944410330808378,0.06012989214594103,9,0.049781604949966224
4.227540621002845,1.9944410330808378,0.06012989214594103,9,0.049781604949966224
4.2284972710040165,1.9944410330808378,0.06012989214594103,9,0.049781604949966224
4.22946533200593,1.9944410330808378,0.06012989214594103,9,0.049781604949966224
4.230429242001264,1.9996048163316162,0.0599511201529854,9,0.052381705633680324
4.231397479001316,1.9996048163316162,0.0599511201529854,9,0.052381705633680324
4.232349920006527,1.9996048163316162,0.0599511201529854,9,0.052381705633680324
4.232768836001924,1.9996048163316162,0.0599511201529854,9,0.052381705633680324
4.233807874006743,1.9996048163316162,0.0599511201529854,9,0.052381705633680324
4.234829054999864,1.9996048163316162,0.0599511201529854,9,0.052381705633680324
4.235951546004799,1.9996048163316162,0.059951120152985406,9,0.05238170563368034
4.236382835006225,1.9996048163316162,0.059951120152985406,9,0.05238170563368034
4.237397707001946,1.9996048163316162,0.059951120152985406,9,0.05238170563368034
4.2384376320042065,1.9996048163316162,0.059951120152985406,9,0.05238170563368034
4.239490272004332,1.9996048163316162,0.059951120152985406,9,0.05238170563368034
4.239878407002834,1.9996048163316162,0.059951120152985406,9,0.05238170563368034
4.240779974999896,1.9996048163316162,0.0599511201529854,9,0.052381705633680324
4.24148111800605,1.9996048163316162,0.0599511201529854,9,0.052381705633680324
4.24224001600669,1.9996048163316162,0.0599511201529854,9,0.052381705633680324
4.242978026006313,1.9996048163316162,0.0599511201529854,9,0.052381705633680324
4.243730231006339,2.0047924733483398,0.059766233260467594,9,0.055353558580051525
4.244693780005036,2.0047924733483398,0.059766233260467594,9,0.055353558580051525
4.245083034002164,2.0047924733483398,0.059766233260467594,9,0.055353558580051525
4.246059425000567,2.0047924733483398,0.059766233260467594,9,0.055353558580051525
4.247040865004237,2.0047924733483398,0.059766233260467594,9,0.055353558580051525
4.247421664003923,2.0047924733483398,0.059766233260467594,9,0.055353558580051525
4.248319890000857,2.0047924733483398,0.059766233260467594,9,0.055353558580051525
4.24931417600601,2.0047924733483398,0.059766233260467594,9,0.055353558580051525
4.250370887006284,2.0047924733483398,0.059766233260467594,9,0.055353558580051525
4.251332006002485,2.0047924733483398,0.059766233260467594,9,0.055353558580051525
4.263551177005866,2.0047924733483398,0.059766233260467594,9,0.055353558580051525
4.264797926000028,2.015211396780602,0.0594300931731212,9,0.06223229803399327
4.26527716700366,2.015211396780602,0.0594300931731212,9,0.06223229803399327
4.266052786006185,2.015211396780602,0.0594300931731212,9,0.06223229803399327
4.266426302005129,2.015211396780602,0.0594300931731212,9,0.06223229803399327
4.267533154001285,2.015211396780602,0.0594300931731212,9,0.06223229803399327
4.26800559500407,2.015211396780602,0.0594300931731212,9,0.06223229803399327
4.269123736004985,2.015211396780602,0.0594300931731212,9,0.06223229803399327
4.269540671004506,2.015211396780602,0.0594300931731212,9,0.06223229803399327
4.2707148940025945,2.015211396780602,0.0594300931731212,9,0.06223229803399327
4.271228977006103,2.015211396780602,0.0594300931731212,9,0.06223229803399327
4.272455160004029,2.015211396780602,0.0594300931731212,9,0.06223229803399327
4.273595929000294,2.0204349815079343,0.05927866828972288,9,0.06604257498265263
4.274031517001276,2.0204349815079343,0.05927866828972288,9,0.06604257498265263
4.2751233960007085,2.0204349815079343,0.05927866828972288,9,0.06604257498265263
4.276217843005725,2.0204349815079343,0.05927866828972288,9,0.06604257498265263
4.277293872000882,2.0202648920673725,0.059471766636994744,9,0.06603668272522419
4.2777205480015255,2.0202648920673725,0.059471766636994744,9,0.06603668272522419
4.278855914002634,2.0202648920673725,0.059471766636994744,9,0.06603668272522419
4.279944781002996,2.0202648920673725,0.059471766636994744,9,0.06603668272522419
4.280367474006198,2.0202648920673725,0.059471766636994744,9,0.06603668272522419
4.281427412002813,2.0202648920673725,0.059471766636994744,9,0.06603668272522419
4.282488060001924,2.0239028655944056,0.06112485242706161,9,0.0698912355620864
4.283527127001435,2.0239028655944056,0.06112485242706161,9,0.0698912355620864
4.284611622002558,2.0239028655944056,0.06112485242706161,9,0.0698912355620864
4.2856630660025985,2.0239028655944056,0.06112485242706161,9,0.0698912355620864
4.286729904000822,2.023033369460878,0.06211298251592373,9,0.06985631071196788
4.287782903003972,2.023033369460878,0.06211298251592373,9,0.06985631071196788
4.288105786006781,2.023033369460878,0.06211298251592373,9,0.06985631071196788
4.28887307200057,2.023033369460878,0.06211298251592373,9,0.06985631071196788
4.289841510006227,2.023033369460878,0.06211298251592373,9,0.06985631071196788
4.290902997003286,2.023033369460878,0.06211298251592373,9,0.06985631071196788
4.291940232003981,2.0282740136223225,0.06197843095263485,9,0.07384502953145859
4.292971913004294,2.0282740136223225,0.06197843095263485,9,0.07384502953145859
4.293998643006489,2.0282740136223225,0.06197843095263485,9,0.07384502953145859
4.294416819000617,2.0282740136223225,0.06197843095263485,9,0.07384502953145859
4.295529138005804,2.0282740136223225,0.06197843095263485,9,0.07384502953145859
4.296680928004207,2.0282740136223225,0.06197843095263485,9,0.07384502953145859
4.297842623003817,2.0282740136223225,0.06197843095263485,9,0.07384502953145859
4.298990846000379,2.0282740136223225,0.06197843095263485,9,0.07384502953145859
4.299977022004896,2.0282740136223225,0.06197843095263485,9,0.07384502953145859
4.300774233000993,2.0282740136223225,0.06197843095263485,9,0.07384502953145859
4.301210434001405,2.0282740136223225,0.06197843095263485,9,0.07384502953145859
4.302218356002413,2.0282740136223225,0.06197843095263485,9,0.07384502953145859
4.302988870003901,2.0282740136223225,0.06197843095263485,9,0.07384502953145859
4.304085063005914,2.0282740136223225,0.06197843095263485,9,0.07384502953145859
4.304537878000701,2.0282740136223225,0.06197843095263485,9,0.07384502953145859
4.30569655400177,2.0282740136223225,0.06197843095263485,9,0.07384502953145859
4.306883065000875,2.033522173346441,0.06183639321611631,9,0.07798411300841199
4.308028154002386,2.033522173346441,0.06183639321611631,9,0.07798411300841199
4.308408237004187,2.033522173346441,0.06183639321611631,9,0.07798411300841199
4.30916466400231,2.033522173346441,0.06183639321611631,9,0.07798411300841199
4.3100334360060515,2.033522173346441,0.06183639321611631,9,0.07798411300841199
4.310911096006748,2.033522173346441,0.06183639321611631,9,0.07798411300841199
4.3119950120017165,2.033522173346441,0.06183639321611631,9,0.07798411300841199
4.312445163006487,2.033522173346441,0.06183639321611631,9,0.07798411300841199
4.313541741001245,2.033522173346441,0.06183639321611631,9,0.07798411300841199
4.314683144002629,2.033522173346441,0.06183639321611631,9,0.07798411300841199
4.315149467001902,2.033522173346441,0.06183639321611631,9,0.07798411300841199
4.316246957001567,2.033522173346441,0.06183639321611631,9,0.07798411300841199
4.317385111004114,2.033522173346441,0.06183639321611631,9,0.07798411300841199
4.318548289003957,2.033522173346441,0.06183639321611631,9,0.07798411300841199
4.31966221100447,2.0387781883519493,0.06171473361657655,9,0.082267811884606
4.320717563001381,2.0387781883519493,0.06171473361657655,9,0.082267811884606
4.321810429006291,2.0387781883519493,0.06171473361657655,9,0.082267811884606
4.322274554004252,2.0387781883519493,0.06171473361657655,9,0.082267811884606
4.323376527005166,2.0387781883519493,0.06171473361657655,9,0.082267811884606
4.324462726006459,2.0387781883519493,0.06171473361657655,9,0.082267811884606
4.324920130005921,2.0387781883519493,0.06171473361657655,9,0.082267811884606
4.326059487000748,2.0387781883519493,0.06171473361657655,9,0.082267811884606
4.327124462004576,2.0387781883519493,0.06171473361657655,9,0.082267811884606
4.328169740001613,2.0387781883519493,0.06171473361657655,9,0.082267811884606
4.328604868002003,2.0387781883519493,0.06171473361657655,9,0.082267811884606
4.329693229999975,2.0440410231566615,0.06158565831229271,9,0.08666079895755599
4.330802972006495,2.0440410231566615,0.06158565831229271,9,0.08666079895755599
4.33202138300112,2.0440410231566615,0.06158565831229271,9,0.08666079895755599
4.333112116000848,2.0440410231566615,0.06158565831229271,9,0.08666079895755599
4.333702503005043,2.0440410231566615,0.06158565831229271,9,0.08666079895755599
4.334985959001642,2.0440410231566615,0.06158565831229271,9,0.08666079895755599
4.336325254000258,2.0440410231566615,0.06158565831229271,9,0.08666079895755599
4.336897199005762,2.0440410231566615,0.06158565831229271,9,0.08666079895755599
4.338260693002667,2.0440410231566615,0.06158565831229271,9,0.08666079895755599
4.339470269005687,2.0440410231566615,0.06158565831229271,9,0.08666079895755599
4.339906932000304,2.0440410231566615,0.06158565831229271,9,0.08666079895755599
4.341026948000945,2.0440410231566615,0.06158565831229271,9,0.08666079895755599
4.34198735300015,2.0440410231566615,0.06158565831229271,9,0.08666079895755599
4.34310374600318,2.0440410231566615,0.06158565831229271,9,0.08666079895755599
4.344084502001351,2.0440410231566615,0.06158565831229271,9,0.08666079895755599
4.344527750006819,2.0440410231566615,0.06158565831229271,9,0.08666079895755599
4.345569410004828,2.049310980851913,0.061477031281265734,9,0.09116238173652406
4.346650553001382,2.049310980851913,0.061477031281265734,9,0.09116238173652406
4.34776765100105,2.049310980851913,0.061477031281265734,9,0.09116238173652406
4.348866217005707,2.049310980851913,0.061477031281265734,9,0.09116238173652406
4.349324416005402,2.049310980851913,0.061477031281265734,9,0.09116238173652406
4.350490230004652,2.0545871287867983,0.06136105525508216,9,0.09574460672189675
4.351632037003583,2.0545871287867983,0.06136105525508216,9,0.09574460672189675
4.352667982006096,2.0545871287867983,0.06136105525508216,9,0.09574460672189675
4.353112407006847,2.0545871287867983,0.06136105525508216,9,0.09574460672189675
4.354239929001778,2.0545871287867983,0.06136105525508216,9,0.09574460672189675
4.35537398300221,2.0545871287867983,0.06136105525508216,9,0.09574460672189675
4.356452637002803,2.0545871287867983,0.06136105525508216,9,0.09574460672189675
4.356899299003999,2.0545871287867983,0.06136105525508216,9,0.09574460672189675
4.35803208300058,2.0545871287867983,0.06136105525508216,9,0.09574460672189675
4.35919096100406,2.059855116635602,0.061265878199332616,9,0.10039700510940892
4.359707359006279,2.059855116635602,0.061265878199332616,9,0.10039700510940892
4.3608539270062465,2.059855116635602,0.061265878199332616,9,0.10039700510940892
4.362012992001837,2.059855116635602,0.061265878199332616,9,0.10039700510940892
4.36295509699994,2.059855116635602,0.061265878199332616,9,0.10039700510940892
4.363385114003904,2.059855116635602,0.061265878199332616,9,0.10039700510940892
4.364406972999859,2.059855116635602,0.061265878199332616,9,0.10039700510940892
4.365623563004192,2.059855116635602,0.061265878199332616,9,0.10039700510940892
4.367056303002755,2.059855116635602,0.061265878199332616,9,0.10039700510940892
4.367988445002993,2.0651018539760355,0.061163718400193204,9,0.10508539323885745
4.368311475001974,2.0651018539760355,0.061163718400193204,9,0.10508539323885745
4.369064901002275,2.0651018539760355,0.061163718400193204,9,0.10508539323885745
4.370175620002556,2.0651018539760355,0.061163718400193204,9,0.10508539323885745
4.371316911005124,2.0651018539760355,0.061163718400193204,9,0.10508539323885745
4.371799051004928,2.0651018539760355,0.061163718400193204,9,0.10508539323885745
4.372924031005823,2.0651018539760355,0.061163718400193204,9,0.10508539323885745
4.37407530600467,2.0651018539760355,0.061163718400193204,9,0.10508539323885745
4.375136297006975,2.0703321282224705,0.06110399192406114,9,0.10982641069175612
4.3761945700025535,2.0703321282224705,0.06110399192406114,9,0.10982641069175612
4.377253417005704,2.0703321282224705,0.06110399192406114,9,0.10982641069175612
4.378312141001516,2.0703321282224705,0.06110399192406114,9,0.10982641069175612
4.379336975005572,2.0703321282224705,0.06110399192406114,9,0.10982641069175612
4.380359380003938,2.0755488908887467,0.06109817393457388,10,0.1064688263531361
4.381417329001124,2.0755488908887467,0.06109817393457388,10,0.1064688263531361
4.382490466006857,2.0755488908887467,0.06109817393457388,10,0.1064688263531361
4.383550529004424,2.0755488908887467,0.06109817393457388,10,0.1064688263531361
4.383988269000838,2.0755488908887467,0.06109817393457388,10,0.1064688263531361
4.385052641002403,2.0755488908887467,0.06109817393457388,10,0.1064688263531361
4.385474546004843,2.0755488908887467,0.06109817393457388,10,0.1064688263531361
4.386505319002026,2.0755488908887467,0.06109817393457388,10,0.1064688263531361
4.387555015004182,2.0755488908887467,0.06109817393457388,10,0.1064688263531361
4.388655732000188,2.0755488908887467,0.06109817393457388,10,0.1064688263531361
4.389751118003915,2.0755488908887467,0.06109817393457388,10,0.1064688263531361
4.390812871002709,2.0755488908887467,0.06109817393457388,10,0.1064688263531361
4.391258160001598,2.0755488908887467,0.06109817393457388,10,0.1064688263531361
4.392113801004598,2.082939898304572,0.06385229448688155,10,0.10124133149239835
4.3927776780037675,2.082939898304572,0.06385229448688155,10,0.10124133149239835
4.393705899004999,2.082939898304572,0.06385229448688155,10,0.10124133149239835
4.394760655006394,2.082939898304572,0.06385229448688155,10,0.10124133149239835
4.395833829003095,2.0832680389159597,0.06427210890307557,10,0.1011656992288435
4.396895427002164,2.0832680389159597,0.06427210890307557,10,0.1011656992288435
4.397964191004576,2.0832680389159597,0.06427210890307557,10,0.1011656992288435
4.398392356000841,2.0832680389159597,0.06427210890307557,10,0.1011656992288435
4.399409475001448,2.0832680389159597,0.06427210890307557,10,0.1011656992288435
4.400474109002971,2.0832680389159597,0.06427210890307557,10,0.1011656992288435
4.401553261006484,2.0832680389159597,0.06427210890307557,10,0.1011656992288435
4.401978635003616,2.0832680389159597,0.06427210890307557,10,0.1011656992288435
4.402996750002785,2.0832680389159597,0.06427210890307557,10,0.1011656992288435
4.403872296003101,2.0832680389159597,0.06427210890307557,10,0.1011656992288435
4.404997653000464,2.0832680389159597,0.06427210890307557,10,0.1011656992288435
4.405423685006099,2.0832680389159597,0.06427210890307557,10,0.1011656992288435
4.406626524003514,2.0832680389159597,0.06427210890307557,10,0.1011656992288435
4.407655456001521,2.088464171792034,0.06433254668905458,10,0.09673232315048826
4.408503112004837,2.088464171792034,0.06433254668905458,10,0.09673232315048826
4.408837202005088,2.088464171792034,0.06433254668905458,10,0.09673232315048826
4.409492252001655,2.088464171792034,0.06433254668905458,10,0.09673232315048826
4.410318620000908,2.088464171792034,0.06433254668905458,10,0.09673232315048826
4.411025850000442,2.088464171792034,0.06433254668905458,10,0.09673232315048826
4.4117168270022376,2.088464171792034,0.06433254668905458,10,0.09673232315048826
4.412118391002878,2.088464171792034,0.06433254668905458,10,0.09673232315048826
4.413161201002367,2.088464171792034,0.06433254668905458,10,0.09673232315048826
4.414282026002184,2.093652992491022,0.06438957267992342,10,0.09238277015643488
4.415425269005937,2.093652992491022,0.06438957267992342,10,0.09238277015643488
4.416622964999988,2.093652992491022,0.06438957267992342,10,0.09238277015643488
4.41712127700157,2.093652992491022,0.06438957267992342,10,0.09238277015643488
4.418237902005785,2.093652992491022,0.06438957267992342,10,0.09238277015643488
4.41913668000052,2.093652992491022,0.06438957267992342,10,0.09238277015643488
4.419407804001821,2.093652992491022,0.06438957267992342,10,0.09238277015643488
4.420148004006478,2.093652992491022,0.06438957267992342,10,0.09238277015643488
4.42100258100254,2.093652992491022,0.06438957267992342,10,0.09238277015643488
4.4220336340004,2.093652992491022,0.06438957267992342,10,0.09238277015643488
4.4228150859999005,2.093652992491022,0.06438957267992342,10,0.09238277015643488
4.423698327002057,2.093652992491022,0.06438957267992342,10,0.09238277015643488
4.4240438410051866,2.093652992491022,0.06438957267992342,10,0.09238277015643488
4.4249772380062495,2.093652992491022,0.06438957267992342,10,0.09238277015643488
4.426063707003777,2.093652992491022,0.06438957267992342,10,0.09238277015643488
4.427114318001259,2.098835539722965,0.0644703421319459,10,0.08814294747417326
4.427521608005918,2.098835539722965,0.0644703421319459,10,0.08814294747417326
4.428556014005153,2.098835539722965,0.0644703421319459,10,0.08814294747417326
4.42965992900281,2.098835539722965,0.0644703421319459,10,0.08814294747417326
4.4307471480060485,2.098835539722965,0.0644703421319459,10,0.08814294747417326
4.4318676160037285,2.098835539722965,0.0644703421319459,10,0.08814294747417326
4.432962377002696,2.098835539722965,0.0644703421319459,10,0.08814294747417326
4.433388946003106,2.098835539722965,0.0644703421319459,10,0.08814294747417326
4.434511275001569,2.098835539722965,0.0644703421319459,10,0.08814294747417326
4.435752281002351,2.104013338745265,0.06454629248555227,10,0.08400986573575424
4.4362168360021315,2.104013338745265,0.06454629248555227,10,0.08400986573575424
4.4374102630026755,2.104013338745265,0.06454629248555227,10,0.08400986573575424
4.4387354320060695,2.104013338745265,0.06454629248555227,10,0.08400986573575424
4.439910994005913,2.104013338745265,0.06454629248555227,10,0.08400986573575424
4.44035126700328,2.104013338745265,0.06454629248555227,10,0.08400986573575424
4.441415933004464,2.104013338745265,0.06454629248555227,10,0.08400986573575424
4.4427166400055285,2.104013338745265,0.06454629248555227,10,0.08400986573575424
4.443881112005329,2.104013338745265,0.06454629248555227,10,0.08400986573575424
4.4448885660021915,2.104013338745265,0.06454629248555227,10,0.08400986573575424
4.445335257005354,2.104013338745265,0.06454629248555227,10,0.08400986573575424
4.446419678002712,2.104013338745265,0.06454629248555227,10,0.08400986573575424
4.447560936001537,2.104013338745265,0.06454629248555227,10,0.08400986573575424
4.448714366000786,2.1091868381090406,0.06464541839370465,10,0.08001661431942403
4.449152660999971,2.1091868381090406,0.06464541839370465,10,0.08001661431942403
4.450220260005153,2.1091868381090406,0.06464541839370465,10,0.08001661431942403
4.451505299002747,2.1091868381090406,0.06464541839370465,10,0.08001661431942403
4.452816254000936,2.1091868381090406,0.06464541839370465,10,0.08001661431942403
4.453269282006659,2.1091868381090406,0.06464541839370465,10,0.08001661431942403
4.454461198001809,2.1091868381090406,0.06464541839370465,10,0.08001661431942403
4.4557947180001065,2.1091868381090406,0.06464541839370465,10,0.08001661431942403
4.456969104001473,2.1091868381090406,0.06464541839370465,10,0.08001661431942403
4.457748327004083,2.1143572699791835,0.06473952287273393,10,0.07616458131943676
4.458116309004254,2.1143572699791835,0.06473952287273393,10,0.07616458131943676
4.459434608004813,2.1143572699791835,0.06473952287273393,10,0.07616458131943676
4.4603065910050645,2.1143572699791835,0.06473952287273393,10,0.07616458131943676
4.461138750004466,2.1143572699791835,0.06473952287273393,10,0.07616458131943676
4.461430246999953,2.1143572699791835,0.06473952287273393,10,0.07616458131943676
4.462662599005853,2.1143572699791835,0.06473952287273393,10,0.07616458131943676
4.463887044003059,2.1143572699791835,0.06473952287273393,10,0.07616458131943676
4.465256751005654,2.1143572699791835,0.06473952287273393,10,0.07616458131943676
4.4662706420058385,2.1194925536393527,0.06485602194121431,10,0.07251768833503738
4.466733137000119,2.1194925536393527,0.06485602194121431,10,0.07251768833503738
4.468088248002459,2.1194925536393527,0.06485602194121431,10,0.07251768833503738
4.46896784400451,2.1194925536393527,0.06485602194121431,10,0.07251768833503738
4.469841957004974,2.1194925536393527,0.06485602194121431,10,0.07251768833503738
4.470162772006006,2.1194925536393527,0.06485602194121431,10,0.07251768833503738
4.471060624004167,2.1194925536393527,0.06485602194121431,10,0.07251768833503738
4.4722942510052235,2.1194925536393527,0.06485602194121431,10,0.07251768833503738
4.4732616410037735,2.1194925536393527,0.06485602194121431,10,0.07251768833503738
4.474421872000676,2.124567771433004,0.0649657200058039,10,0.06909571978325982
4.47484175900172,2.124567771433004,0.0649657200058039,10,0.06909571978325982
4.475856556004146,2.124567771433004,0.0649657200058039,10,0.06909571978325982
4.4768477310062735,2.124567771433004,0.0649657200058039,10,0.06909571978325982
4.4772668780060485,2.124567771433004,0.0649657200058039,10,0.06909571978325982
4.47833478400571,2.124567771433004,0.0649657200058039,10,0.06909571978325982
4.479377025003487,2.124567771433004,0.0649657200058039,10,0.06909571978325982
4.480375712002569,2.1295936834537934,0.06509782825776086,10,0.0659358332804163
4.480827573002898,2.1295936834537934,0.06509782825776086,10,0.0659358332804163
4.481848393006658,2.1295936834537934,0.06509782825776086,10,0.0659358332804163
4.483015358004195,2.1295936834537934,0.06509782825776086,10,0.0659358332804163
4.4840287510014605,2.1295936834537934,0.06509782825776086,10,0.0659358332804163
4.485195255001599,2.129152816461773,0.06506740895766822,10,0.06618915414846793
4.485669134002819,2.129152816461773,0.06506740895766822,10,0.06618915414846793
4.486706663999939,2.129152816461773,0.06506740895766822,10,0.06618915414846793
4.4878431700053625,2.129152816461773,0.06506740895766822,10,0.06618915414846793
4.489084500004537,2.130978958257157,0.06474488622279863,10,0.06479895922500743
4.48953042600624,2.130978958257157,0.06474488622279863,10,0.06479895922500743
4.490697366003587,2.130978958257157,0.06474488622279863,10,0.06479895922500743
4.491817329006153,2.1291665360984346,0.0646192802662916,10,0.06583319932160306
4.4928861540029175,2.1291665360984346,0.0646192802662916,10,0.06583319932160306
4.493283104005968,2.1291665360984346,0.0646192802662916,10,0.06583319932160306
4.494260718005535,2.12597287096697,0.06439795178140632,10,0.06773583315273864
4.495348396005284,2.12597287096697,0.06439795178140632,10,0.06773583315273864
4.4958692110012635,2.12597287096697,0.06439795178140632,10,0.06773583315273864
4.496879316000559,2.12597287096697,0.06439795178140632,10,0.06773583315273864
4.497871282001142,2.12597287096697,0.06439795178140632,10,0.06773583315273864
4.498847995004326,2.12597287096697,0.06439795178140632,10,0.06773583315273864
4.499825398001121,2.130749266101673,0.06423959383937837,10,0.06454412626092437
4.500937922006415,2.130749266101673,0.06423959383937837,10,0.06454412626092437
4.502500153001165,2.130749266101673,0.06423959383937837,10,0.06454412626092437
4.503820012003416,2.130749266101673,0.06423959383937837,10,0.06454412626092437
4.504374621006718,2.130749266101673,0.06423959383937837,10,0.06454412626092437
4.506005429000652,2.130749266101673,0.06423959383937837,10,0.06454412626092437
4.507452085003024,2.130749266101673,0.06423959383937837,10,0.06454412626092437
4.5082615750070545,2.130749266101673,0.06423959383937837,10,0.06454412626092437
4.508547176003049,2.130749266101673,0.06423959383937837,10,0.06454412626092437
4.509248804002709,2.130749266101673,0.06423959383937837,10,0.06454412626092437
4.510020837005868,2.130749266101673,0.06423959383937837,10,0.06454412626092437
4.510708556001191,2.1356776302620615,0.0641006227967579,10,0.06148703696237895
4.511821305000922,2.1356776302620615,0.0641006227967579,10,0.06148703696237895
4.512359943000774,2.1356776302620615,0.0641006227967579,10,0.06148703696237895
4.51361486800306,2.1356776302620615,0.0641006227967579,10,0.06148703696237895
4.51480740000261,2.1356776302620615,0.0641006227967579,10,0.06148703696237895
4.515246622002451,2.1356776302620615,0.0641006227967579,10,0.06148703696237895
4.516370680001273,2.1356776302620615,0.0641006227967579,10,0.06148703696237895
4.517632405004406,2.1356776302620615,0.0641006227967579,10,0.06148703696237895
4.51881395100645,2.1356776302620615,0.0641006227967579,10,0.06148703696237895
4.5192464090068825,2.1356776302620615,0.0641006227967579,10,0.06148703696237895
4.520279226002458,2.1356776302620615,0.0641006227967579,10,0.06148703696237895
4.521342740001273,2.1356776302620615,0.0641006227967579,10,0.06148703696237895
4.522267516003922,2.1356776302620615,0.0641006227967579,10,0.06148703696237895
4.523148443004175,2.1405851881087608,0.06396771286350561,10,0.05870138846296003
4.523870602002717,2.1405851881087608,0.06396771286350561,10,0.05870138846296003
4.524868448002962,2.1405851881087608,0.06396771286350561,10,0.05870138846296003
4.525303632006398,2.1405851881087608,0.06396771286350561,10,0.05870138846296003
4.526276151002094,2.1405851881087608,0.06396771286350561,10,0.05870138846296003
4.526632464003342,2.1405851881087608,0.06396771286350561,10,0.05870138846296003
4.527297989006911,2.1405851881087608,0.06396771286350561,10,0.05870138846296003
4.527976896002656,2.1405851881087608,0.06396771286350561,10,0.05870138846296003
4.52888443700067,2.1405851881087608,0.06396771286350561,10,0.05870138846296003
4.529900723005994,2.1405851881087608,0.06396771286350561,10,0.05870138846296003
4.530958289004047,2.1405851881087608,0.06396771286350561,10,0.05870138846296003
4.5319908000019495,2.1405851881087608,0.06396771286350561,10,0.05870138846296003
4.533097537001595,2.145475938265533,0.06384147211418764,10,0.05622078314425437
4.534178805006377,2.145475938265533,0.06384147211418764,10,0.05622078314425437
4.534471135004424,2.145475938265533,0.06384147211418764,10,0.05622078314425437
4.535160445004294,2.145475938265533,0.06384147211418764,10,0.05622078314425437
4.535421615000814,2.145475938265533,0.06384147211418764,10,0.05622078314425437
4.53617617800046,2.145475938265533,0.06384147211418764,10,0.05622078314425437
4.537136529004783,2.145475938265533,0.06384147211418764,10,0.05622078314425437
4.5383258200017735,2.145475938265533,0.06384147211418764,10,0.05622078314425437
4.5391535720045795,2.145475938265533,0.06384147211418764,10,0.05622078314425437
4.539422329005902,2.145475938265533,0.06384147211418764,10,0.05622078314425437
4.540343804001168,2.145475938265533,0.06384147211418764,10,0.05622078314425437
4.5414855550043285,2.145475938265533,0.06384147211418764,10,0.05622078314425437
4.542653055003029,2.145475938265533,0.06384147211418764,10,0.05622078314425437
4.543810203002067,2.145475938265533,0.06384147211418764,10,0.05622078314425437
4.544304215000011,2.145475938265533,0.06384147211418764,10,0.05622078314425437
4.545286092004972,2.145475938265533,0.06384147211418764,10,0.05622078314425437
4.546341102002771,2.145475938265533,0.06384147211418764,10,0.05622078314425437
4.547374483001477,2.145475938265533,0.06384147211418764,10,0.05622078314425437
4.548380644002464,2.150353080455464,0.06372098441667477,10,0.0540805395630351
4.549499201006256,2.150353080455464,0.06372098441667477,10,0.0540805395630351
4.550616033004189,2.150353080455464,0.06372098441667477,10,0.0540805395630351
4.551601069004391,2.150353080455464,0.06372098441667477,10,0.0540805395630351
4.552593781001633,2.150353080455464,0.06372098441667477,10,0.0540805395630351
4.5535347090044525,2.1552413250854157,0.06360641040433535,10,0.052311357818553346
4.554436631005956,2.1552413250854157,0.06360641040433535,10,0.052311357818553346
4.555425888000173,2.1552413250854157,0.06360641040433535,10,0.052311357818553346
4.555798339002649,2.1552413250854157,0.06360641040433535,10,0.052311357818553346
4.556784743006574,2.1552413250854157,0.06360641040433535,10,0.052311357818553346
4.557144506004988,2.1552413250854157,0.06360641040433535,10,0.052311357818553346
4.557905712004867,2.1552413250854157,0.06360641040433535,10,0.052311357818553346
4.558190750001813,2.1552413250854157,0.06360641040433535,10,0.052311357818553346
4.558843625003647,2.1552413250854157,0.06360641040433535,10,0.052311357818553346
4.559119720004674,2.1552413250854157,0.06360641040433535,10,0.052311357818553346
4.559750761000032,2.1552413250854157,0.06360641040433535,10,0.052311357818553346
4.560652776002826,2.1552413250854157,0.06360641040433535,10,0.052311357818553346
4.561468960004277,2.160163089995445,0.063496524419943,10,0.05094914291568227
4.562170570003218,2.160163089995445,0.063496524419943,10,0.05094914291568227
4.56245054500323,2.160163089995445,0.063496524419943,10,0.05094914291568227
4.563229999002942,2.160163089995445,0.063496524419943,10,0.05094914291568227
4.564303940001992,2.160163089995445,0.063496524419943,10,0.05094914291568227
4.5654487179999705,2.160163089995445,0.063496524419943,10,0.05094914291568227
4.5665352970027016,2.160163089995445,0.063496524419943,10,0.05094914291568227
4.566956176000531,2.160163089995445,0.063496524419943,10,0.05094914291568227
4.56768210100563,2.160163089995445,0.063496524419943,10,0.05094914291568227
4.568516024002747,2.160163089995445,0.063496524419943,10,0.05094914291568227
4.569538280004053,2.1651168003314036,0.063392266678692,10,0.05003812722095817
4.570520714005397,2.1651168003314036,0.063392266678692,10,0.05003812722095817
4.571541536002769,2.1651168003314036,0.063392266678692,10,0.05003812722095817
4.572571018004965,2.1651168003314036,0.063392266678692,10,0.05003812722095817
4.573553423004341,2.1651168003314036,0.063392266678692,10,0.05003812722095817
4.574714990005305,2.1651168003314036,0.063392266678692,10,0.05003812722095817
4.575722811001469,2.1651168003314036,0.063392266678692,10,0.05003812722095817
4.5761222040018765,2.1651168003314036,0.063392266678692,10,0.05003812722095817
4.577231684001163,2.1651168003314036,0.063392266678692,10,0.05003812722095817
4.5776328230058425,2.1651168003314036,0.063392266678692,10,0.05003812722095817
4.578740071003267,2.1651168003314036,0.063392266678692,10,0.05003812722095817
4.579129244004434,2.1651168003314036,0.063392266678692,10,0.05003812722095817
4.580102486004762,2.1651168003314036,0.063392266678692,10,0.05003812722095817
4.58103491300426,2.1651168003314036,0.063392266678692,10,0.05003812722095817
4.5821919800000614,2.1651168003314036,0.063392266678692,10,0.05003812722095817
4.583387422004307,2.167841678764879,0.06283114836569018,10,0.049237906372893145
4.584525639002095,2.167841678764879,0.06283114836569018,10,0.049237906372893145
4.585050223002327,2.167841678764879,0.06283114836569018,10,0.049237906372893145
4.586170800001128,2.167841678764879,0.06283114836569018,10,0.049237906372893145
4.5871799510059645,2.1612567798044617,0.060544042084727204,10,0.04783477464745961
4.587594460004766,2.1612567798044617,0.060544042084727204,10,0.04783477464745961
4.588789776003978,2.1612567798044617,0.060544042084727204,10,0.04783477464745961
4.589965941006085,2.1612567798044617,0.060544042084727204,10,0.04783477464745961
4.591123517006054,2.1612567798044617,0.060544042084727204,10,0.04783477464745961
4.591957944001479,2.1612567798044617,0.060544042084727204,10,0.04783477464745961
4.592709950004064,2.1612567798044617,0.060544042084727204,10,0.04783477464745961
4.593548544005898,2.1612567798044617,0.060544042084727204,10,0.04783477464745961
4.593870945005619,2.1612567798044617,0.060544042084727204,10,0.04783477464745961
4.594881278004323,2.1612567798044617,0.060544042084727204,10,0.04783477464745961
4.595942209001805,2.1612567798044617,0.060544042084727204,10,0.04783477464745961
4.596958906004147,2.1612567798044617,0.060544042084727204,10,0.04783477464745961
4.597498909002752,2.1612567798044617,0.060544042084727204,10,0.04783477464745961
4.598660820003715,2.1612567798044617,0.060544042084727204,10,0.04783477464745961
4.599704878004559,2.1612567798044617,0.060544042084727204,10,0.04783477464745961
4.60016927500692,2.1612567798044617,0.060544042084727204,10,0.04783477464745961
4.60131378799997,2.1612567798044617,0.060544042084727204,10,0.04783477464745961
4.602456457003427,2.16629760251122,0.06062297136843493,10,0.04715901587957225
4.603519990007044,2.16629760251122,0.06062297136843493,10,0.04715901587957225
4.604408085004252,2.16629760251122,0.06062297136843493,10,0.04715901587957225
4.604843631001131,2.16629760251122,0.06062297136843493,10,0.04715901587957225
4.605691818003834,2.16629760251122,0.06062297136843493,10,0.04715901587957225
4.6066041750018485,2.16629760251122,0.06062297136843493,10,0.04715901587957225
4.606893537005817,2.16629760251122,0.06062297136843493,10,0.04715901587957225
4.607571350999933,2.16629760251122,0.06062297136843493,10,0.04715901587957225
4.608227215001534,2.1713644501395684,0.06071215750357396,10,0.04702766520138972
4.608869797004445,2.1713644501395684,0.06071215750357396,10,0.04702766520138972
4.60969978900539,2.1713644501395684,0.06071215750357396,10,0.04702766520138972
4.610443833000318,2.1713644501395684,0.06071215750357396,10,0.04702766520138972
4.611190620002162,2.1713644501395684,0.06071215750357396,10,0.04702766520138972
4.6114620530061075,2.1713644501395684,0.06071215750357396,10,0.04702766520138972
4.612295946004451,2.1713644501395684,0.06071215750357396,10,0.04702766520138972
4.613097361005202,2.1713644501395684,0.06071215750357396,10,0.04702766520138972
4.613958839006955,2.176456417921223,0.06079036192809274,10,0.047432441710332
4.614359164006601,2.176456417921223,0.06079036192809274,10,0.047432441710332
4.615420684000128,2.176456417921223,0.06079036192809274,10,0.047432441710332
4.6164539540041005,2.176456417921223,0.06079036192809274,10,0.047432441710332
4.617524773006153,2.176456417921223,0.06079036192809274,10,0.047432441710332
4.6184123270068085,2.176456417921223,0.06079036192809274,10,0.047432441710332
4.619413088003057,2.176456417921223,0.06079036192809274,10,0.047432441710332
4.620430534007028,2.176456417921223,0.06079036192809274,10,0.047432441710332
4.621475654006645,2.176456417921223,0.06079036192809274,10,0.047432441710332
4.621879639002145,2.176456417921223,0.06079036192809274,10,0.047432441710332
4.622904682000808,2.176456417921223,0.06079036192809274,10,0.047432441710332
4.623939032004273,2.176456417921223,0.06079036192809274,10,0.047432441710332
4.62433601700468,2.176456417921223,0.06079036192809274,10,0.047432441710332
4.625375392002752,2.176456417921223,0.06079036192809274,10,0.047432441710332
4.6264139720005915,2.176456417921223,0.06079036192809274,10,0.047432441710332
4.627422509001917,2.176456417921223,0.06079036192809274,10,0.047432441710332
4.627830555000401,2.176456417921223,0.06079036192809274,10,0.047432441710332
4.62880867900094,2.181571812181377,0.06088768462264228,10,0.04839674718777305
4.629803578005522,2.181571812181377,0.06088768462264228,10,0.04839674718777305
4.630781567000668,2.181571812181377,0.06088768462264228,10,0.04839674718777305
4.631963293002627,2.181571812181377,0.06088768462264228,10,0.04839674718777305
4.632393828003842,2.181571812181377,0.06088768462264228,10,0.04839674718777305
4.633487368002534,2.181571812181377,0.06088768462264228,10,0.04839674718777305
4.634643829005654,2.181571812181377,0.06088768462264228,10,0.04839674718777305
4.63515811200341,2.181571812181377,0.06088768462264228,10,0.04839674718777305
4.636205378999875,2.181571812181377,0.06088768462264228,10,0.04839674718777305
4.63856813700113,2.181571812181377,0.06088768462264228,10,0.04839674718777305
4.639586071003578,2.181571812181377,0.06088768462264228,10,0.04839674718777305
4.640017727004306,2.181571812181377,0.06088768462264228,10,0.04839674718777305
4.64105512000242,2.181571812181377,0.06088768462264228,10,0.04839674718777305
4.642070519999834,2.181571812181377,0.06088768462264228,10,0.04839674718777305
4.643054180000036,2.181571812181377,0.06088768462264228,10,0.04839674718777305
4.644026042005862,2.1867099729626953,0.06097736220252241,10,0.049869874620060275
4.64501943000505,2.1867099729626953,0.06097736220252241,10,0.049869874620060275
4.646020173000579,2.1867099729626953,0.06097736220252241,10,0.049869874620060275
4.64700909700332,2.1867099729626953,0.06097736220252241,10,0.049869874620060275
4.647403434006264,2.1867099729626953,0.06097736220252241,10,0.049869874620060275
4.6483839900029125,2.1867099729626953,0.06097736220252241,10,0.049869874620060275
4.648768556005962,2.1867099729626953,0.06097736220252241,10,0.049869874620060275
4.649748562005698,2.1867099729626953,0.06097736220252241,10,0.049869874620060275
4.65084058100183,2.191865617543927,0.06108737928383032,10,0.0518386194537726
4.6519347180001205,2.191865617543927,0.06108737928383032,10,0.0518386194537726
4.652388522001274,2.191865617543927,0.06108737928383032,10,0.0518386194537726
4.653544068001793,2.191865617543927,0.06108737928383032,10,0.0518386194537726
4.654793721005262,2.191865617543927,0.06108737928383032,10,0.0518386194537726
4.655294391006464,2.191865617543927,0.06108737928383032,10,0.0518386194537726
4.656272710002668,2.191865617543927,0.06108737928383032,10,0.0518386194537726
4.65710864400171,2.191865617543927,0.06108737928383032,10,0.0518386194537726
4.657900687001529,2.191865617543927,0.06108737928383032,10,0.0518386194537726
4.658564691002539,2.197034771470971,0.061190117919575,10,0.05422804676245765
4.658866321005917,2.197034771470971,0.061190117919575,10,0.05422804676245765
4.6594806570064975,2.197034771470971,0.061190117919575,10,0.05422804676245765
4.6603890680053155,2.197034771470971,0.061190117919575,10,0.05422804676245765
4.66125016600563,2.197034771470971,0.061190117919575,10,0.05422804676245765
4.662128658004804,2.197034771470971,0.061190117919575,10,0.05422804676245765
4.662410159005958,2.197034771470971,0.061190117919575,10,0.05422804676245765
4.663058030004322,2.197034771470971,0.061190117919575,10,0.05422804676245765
4.663781951006968,2.197034771470971,0.061190117919575,10,0.05422804676245765
4.664771335999831,2.197034771470971,0.061190117919575,10,0.05422804676245765
4.665817715002049,2.197034771470971,0.061190117919575,10,0.05422804676245765
4.66690090100019,2.2022161976680956,0.06131345759245396,10,0.05701150721928139
4.667369167000288,2.2022161976680956,0.06131345759245396,10,0.05701150721928139
4.668428525001218,2.2022161976680956,0.06131345759245396,10,0.05701150721928139
4.66951245200471,2.2022161976680956,0.06131345759245396,10,0.05701150721928139
4.6705258390065865,2.2022161976680956,0.06131345759245396,10,0.05701150721928139
4.67153393800254,2.2022161976680956,0.06131345759245396,10,0.05701150721928139
4.6725586140019,2.2022161976680956,0.06131345759245396,10,0.05701150721928139
4.673532848006289,2.2022161976680956,0.06131345759245396,10,0.05701150721928139
4.674557268001081,2.2022161976680956,0.06131345759245396,10,0.05701150721928139
4.675536837006803,2.2022161976680956,0.06131345759245396,10,0.05701150721928139
4.676486942000338,2.2022161976680956,0.06131345759245396,10,0.05701150721928139
4.6774529090034775,2.2022161976680956,0.06131345759245396,10,0.05701150721928139
4.678424402001838,2.2022161976680956,0.06131345759245396,10,0.05701150721928139
4.678854615005548,2.2022161976680956,0.06131345759245396,10,0.05701150721928139
4.679853703004483,2.2022161976680956,0.06131345759245396,10,0.05701150721928139
4.680876994003484,2.2022161976680956,0.06131345759245396,10,0.05701150721928139
4.681883274002757,2.2022161976680956,0.06131345759245396,10,0.05701150721928139
4.682891824006219,2.207410333487141,0.06140851196558737,10,0.06009904860481393
4.684055318000901,2.207410333487141,0.06140851196558737,10,0.06009904860481393
4.685163608002767,2.207410333487141,0.06140851196558737,10,0.06009904860481393
4.686206292004499,2.207410333487141,0.06140851196558737,10,0.06009904860481393
4.686634288002097,2.207410333487141,0.06140851196558737,10,0.06009904860481393
4.687614546004625,2.207410333487141,0.06140851196558737,10,0.06009904860481393
4.688612980004109,2.207410333487141,0.06140851196558737,10,0.06009904860481393
4.68959555800393,2.207410333487141,0.06140851196558737,10,0.06009904860481393
4.690044604001741,2.207410333487141,0.06140851196558737,10,0.06009904860481393
4.691107913000451,2.207410333487141,0.06140851196558737,10,0.06009904860481393
4.692151201001252,2.207410333487141,0.06140851196558737,10,0.06009904860481393
4.693160683003953,2.207410333487141,0.06140851196558737,10,0.06009904860481393
4.6941598640041775,2.2114283780310826,0.06194829991629802,10,0.06303508029747973
4.694540008000331,2.2114283780310826,0.06194829991629802,10,0.06303508029747973
4.695587345006061,2.2114283780310826,0.06194829991629802,10,0.06303508029747973
4.696632364000834,2.2114283780310826,0.06194829991629802,10,0.06303508029747973
4.6970398200064665,2.2114283780310826,0.06194829991629802,10,0.06303508029747973
4.698094772000331,2.2114283780310826,0.06194829991629802,10,0.06303508029747973
4.699145042002783,2.2114283780310826,0.06194829991629802,10,0.06303508029747973
4.700205035005638,2.2103716618281286,0.06237952786268651,10,0.06269488340394415
4.700662053000997,2.2103716618281286,0.06237952786268651,10,0.06269488340394415
4.701475067005958,2.2103716618281286,0.06237952786268651,10,0.06269488340394415
4.70248959800665,2.2103716618281286,0.06237952786268651,10,0.06269488340394415
4.7032628930028295,2.2103716618281286,0.06237952786268651,10,0.06269488340394415
4.703990451002028,2.2103612483211825,0.06238377719976378,10,0.06269162491974725
4.704379409005924,2.2103612483211825,0.06238377719976378,10,0.06269162491974725
4.705220489006024,2.2103612483211825,0.06238377719976378,10,0.06269162491974725
4.705979200000002,2.215578400885036,0.062447599893924795,10,0.0661486993167434
4.706381974006945,2.215578400885036,0.062447599893924795,10,0.0661486993167434
4.707179352000821,2.215578400885036,0.062447599893924795,10,0.0661486993167434
4.707869720004965,2.215578400885036,0.062447599893924795,10,0.0661486993167434
4.708549738999864,2.215578400885036,0.062447599893924795,10,0.0661486993167434
4.7094429550052155,2.215578400885036,0.062447599893924795,10,0.0661486993167434
4.710256448001019,2.215578400885036,0.062447599893924795,10,0.0661486993167434
4.7109757240032195,2.215578400885036,0.062447599893924795,10,0.0661486993167434
4.711388422001619,2.215578400885036,0.062447599893924795,10,0.0661486993167434
4.712380230004783,2.215578400885036,0.062447599893924795,10,0.0661486993167434
4.713371528006974,2.215578400885036,0.062447599893924795,10,0.0661486993167434
4.714373879003688,2.220806172767328,0.062497267049353745,10,0.0698225230199894
4.715351508006279,2.220806172767328,0.062497267049353745,10,0.0698225230199894
4.716338064004958,2.220806172767328,0.062497267049353745,10,0.0698225230199894
4.717314201006957,2.220806172767328,0.062497267049353745,10,0.0698225230199894
4.71834277700691,2.220806172767328,0.062497267049353745,10,0.0698225230199894
4.718786633005948,2.220806172767328,0.062497267049353745,10,0.0698225230199894
4.719776891004585,2.220806172767328,0.062497267049353745,10,0.0698225230199894
4.72076626400667,2.220806172767328,0.062497267049353745,10,0.0698225230199894
4.72175256000628,2.220806172767328,0.062497267049353745,10,0.0698225230199894
4.722737494004832,2.220806172767328,0.062497267049353745,10,0.0698225230199894
4.72373168500053,2.220806172767328,0.062497267049353745,10,0.0698225230199894
4.72471889800363,2.220806172767328,0.062497267049353745,10,0.0698225230199894
4.7257263720021,2.220806172767328,0.062497267049353745,10,0.0698225230199894
4.7261155740052345,2.220806172767328,0.062497267049353745,10,0.0698225230199894
4.7270756240031915,2.226043735737096,0.06256327763545982,10,0.07370251454581764
4.728075527003966,2.226043735737096,0.06256327763545982,10,0.07370251454581764
4.729070265006158,2.226043735737096,0.06256327763545982,10,0.07370251454581764
4.730057202003081,2.226043735737096,0.06256327763545982,10,0.07370251454581764
4.731041767001443,2.226043735737096,0.06256327763545982,10,0.07370251454581764
4.731725659999938,2.226043735737096,0.06256327763545982,10,0.07370251454581764
4.732340728005511,2.226043735737096,0.06256327763545982,10,0.07370251454581764
4.73260959500476,2.226043735737096,0.06256327763545982,10,0.07370251454581764
4.733221013004368,2.226043735737096,0.06256327763545982,10,0.07370251454581764
4.733923378000327,2.226043735737096,0.06256327763545982,10,0.07370251454581764
4.735018278006464,2.226043735737096,0.06256327763545982,10,0.07370251454581764
4.736124992006808,2.226043735737096,0.06256327763545982,10,0.07370251454581764
4.737084304004384,2.226043735737096,0.06256327763545982,10,0.07370251454581764
4.7379435780021595,2.226043735737096,0.06256327763545982,10,0.07370251454581764
4.738947575002385,2.226043735737096,0.06256327763545982,10,0.07370251454581764
4.739993907001917,2.226043735737096,0.06256327763545982,10,0.07370251454581764
4.754470628002309,2.226043735737096,0.06256327763545982,10,0.07370251454581764
4.755784033004602,2.231290916740709,0.06261884943449744,10,0.07774284364604489
4.756264999006817,2.231290916740709,0.06261884943449744,10,0.07774284364604489
4.757397719004075,2.231290916740709,0.06261884943449744,10,0.07774284364604489
4.757828785004676,2.231290916740709,0.06261884943449744,10,0.07774284364604489
4.758860209003615,2.231290916740709,0.06261884943449744,10,0.07774284364604489
4.759273143004975,2.231290916740709,0.06261884943449744,10,0.07774284364604489
4.760298066001269,2.231290916740709,0.06261884943449744,10,0.07774284364604489
4.760766606006655,2.231290916740709,0.06261884943449744,10,0.07774284364604489
4.761826295005449,2.231290916740709,0.06261884943449744,10,0.07774284364604489
4.762262615004147,2.231290916740709,0.06261884943449744,10,0.07774284364604489
4.7633564790012315,2.231290916740709,0.06261884943449744,10,0.07774284364604489
4.7644161810021615,2.231290916740709,0.06261884943449744,10,0.07774284364604489
4.765464974007045,2.2365469246212606,0.0626921849315222,10,0.08193784681968454
4.766446389003249,2.2365469246212606,0.0626921849315222,10,0.08193784681968454
4.7674719390051905,2.2365469246212606,0.0626921849315222,10,0.08193784681968454
4.767911048002134,2.2365469246212606,0.0626921849315222,10,0.08193784681968454
4.768989915006387,2.2365469246212606,0.0626921849315222,10,0.08193784681968454
4.770055230001162,2.2365469246212606,0.0626921849315222,10,0.08193784681968454
4.77106238000124,2.2365469246212606,0.0626921849315222,10,0.08193784681968454
4.772271409005043,2.2365469246212606,0.0626921849315222,10,0.08193784681968454
4.772745485002815,2.2365469246212606,0.0626921849315222,10,0.08193784681968454
4.77382352600398,2.2365469246212606,0.0626921849315222,10,0.08193784681968454
4.774933931003034,2.2365469246212606,0.0626921849315222,10,0.08193784681968454
4.775985140004195,2.2365469246212606,0.0626921849315222,10,0.08193784681968454
4.777022512003896,2.2418064118003174,0.06275557071045074,10,0.08624645353440921
4.77806775400677,2.2418064118003174,0.06275557071045074,10,0.08624645353440921
4.779079948006256,2.2418064118003174,0.06275557071045074,10,0.08624645353440921
4.780165824005962,2.2418064118003174,0.06275557071045074,10,0.08624645353440921
4.78062760400644,2.2418064118003174,0.06275557071045074,10,0.08624645353440921
4.781683721004811,2.2418064118003174,0.06275557071045074,10,0.08624645353440921
4.78272317200026,2.247063727596256,0.06283688037010979,10,0.09066341011258537
4.783638315006101,2.247063727596256,0.06283688037010979,10,0.09066341011258537
4.7840608850019635,2.247063727596256,0.06283688037010979,10,0.09066341011258537
4.785126080001646,2.247063727596256,0.06283688037010979,10,0.09066341011258537
4.786363944003824,2.247063727596256,0.06283688037010979,10,0.09066341011258537
4.787876677000895,2.247063727596256,0.06283688037010979,10,0.09066341011258537
4.788335014003678,2.247063727596256,0.06283688037010979,10,0.09066341011258537
4.789471088006394,2.247063727596256,0.06283688037010979,10,0.09066341011258537
4.790589590003947,2.247063727596256,0.06283688037010979,10,0.09066341011258537
4.791701564005052,2.247063727596256,0.06283688037010979,10,0.09066341011258537
4.792727752006613,2.2523196316404843,0.06290814931566482,10,0.0951595008301781
4.793792899006803,2.2523196316404843,0.06290814931566482,10,0.0951595008301781
4.794251884006371,2.2523196316404843,0.06290814931566482,10,0.0951595008301781
4.79543061300501,2.2523196316404843,0.06290814931566482,10,0.0951595008301781
4.796582827002567,2.2523196316404843,0.06290814931566482,10,0.0951595008301781
4.797661256001447,2.2523196316404843,0.06290814931566482,10,0.0951595008301781
4.798106547001225,2.2523196316404843,0.06290814931566482,10,0.0951595008301781
4.7991836100045475,2.2523196316404843,0.06290814931566482,10,0.0951595008301781
4.800314660002186,2.2523196316404843,0.06290814931566482,10,0.0951595008301781
4.800823631005187,2.2523196316404843,0.06290814931566482,10,0.0951595008301781
4.801955917006126,2.2523196316404843,0.06290814931566482,10,0.0951595008301781
4.803018384001916,2.2523196316404843,0.06290814931566482,10,0.0951595008301781
4.804126540002471,2.2523196316404843,0.06290814931566482,10,0.0951595008301781
4.805200161004905,2.2523196316404843,0.06290814931566482,10,0.0951595008301781
4.806212781004433,2.2575735822750853,0.06301861587523497,10,0.09974764958928187
4.807244061004894,2.2575735822750853,0.06301861587523497,10,0.09974764958928187
4.807679937002831,2.2575735822750853,0.06301861587523497,10,0.09974764958928187
4.808732062003401,2.2575735822750853,0.06301861587523497,10,0.09974764958928187
4.809755993002909,2.2575735822750853,0.06301861587523497,10,0.09974764958928187
4.810795114004577,2.2575735822750853,0.06301861587523497,10,0.09974764958928187
4.811224519005918,2.2575735822750853,0.06301861587523497,10,0.09974764958928187
4.812291964000906,2.2575735822750853,0.06301861587523497,10,0.09974764958928187
4.81335376300558,2.2575735822750853,0.06301861587523497,10,0.09974764958928187
4.81441166800505,2.2575735822750853,0.06301861587523497,10,0.09974764958928187
4.815447757006041,2.2628251814333646,0.06318032472623736,10,0.10442090907067675
4.8164914210065035,2.2628251814333646,0.06318032472623736,10,0.10442090907067675
4.816938305004442,2.2628251814333646,0.06318032472623736,10,0.10442090907067675
4.818075930001214,2.2628251814333646,0.06318032472623736,10,0.10442090907067675
4.819145388006291,2.2628251814333646,0.06318032472623736,10,0.10442090907067675
4.82023918699997,2.2628251814333646,0.06318032472623736,10,0.10442090907067675
4.820653399001458,2.2628251814333646,0.06318032472623736,10,0.10442090907067675
4.821709523006575,2.2628251814333646,0.06318032472623736,10,0.10442090907067675
4.822809141005564,2.2628251814333646,0.06318032472623736,10,0.10442090907067675
4.823887882004783,2.2834078536249196,0.0630449942080706,11,0.09534159474205303
4.82498965600098,2.2834078536249196,0.0630449942080706,11,0.09534159474205303
4.826052789001551,2.2834078536249196,0.0630449942080706,11,0.09534159474205303
4.826476969006762,2.2834078536249196,0.0630449942080706,11,0.09534159474205303
4.827547261003929,2.2834078536249196,0.0630449942080706,11,0.09534159474205303
4.828636234000442,2.2834078536249196,0.0630449942080706,11,0.09534159474205303
4.82967351100524,2.283441612887107,0.06304432999986774,11,0.09531106157359097
4.830697598001279,2.283441612887107,0.06304432999986774,11,0.09531106157359097
4.83107757900143,2.283441612887107,0.06304432999986774,11,0.09531106157359097
4.832091883006797,2.283441612887107,0.06304432999986774,11,0.09531106157359097
4.83317548600462,2.283441612887107,0.06304432999986774,11,0.09531106157359097
4.8342895500027225,2.283441612887107,0.06304432999986774,11,0.09531106157359097
4.835319783000159,2.288690267826403,0.06324796560743726,11,0.0907355505245737
4.836370813005487,2.288690267826403,0.06324796560743726,11,0.0907355505245737
4.8374241040000925,2.288690267826403,0.06324796560743726,11,0.0907355505245737
4.837865232002514,2.288690267826403,0.06324796560743726,11,0.0907355505245737
4.838937065003847,2.288690267826403,0.06324796560743726,11,0.0907355505245737
4.839954804003355,2.2939386000988495,0.06344592237491212,11,0.08623470164787903
4.84100619200035,2.2939386000988495,0.06344592237491212,11,0.08623470164787903
4.841411687004438,2.2939386000988495,0.06344592237491212,11,0.08623470164787903
4.842467932001455,2.2939386000988495,0.06344592237491212,11,0.08623470164787903
4.843551840000146,2.2939386000988495,0.06344592237491212,11,0.08623470164787903
4.844686719006859,2.2939386000988495,0.06344592237491212,11,0.08623470164787903
4.845790438004769,2.2939386000988495,0.06344592237491212,11,0.08623470164787903
4.846869090004475,2.2939386000988495,0.06344592237491212,11,0.08623470164787903
4.847297979002178,2.2939386000988495,0.06344592237491212,11,0.08623470164787903
4.848347770006512,2.2939386000988495,0.06344592237491212,11,0.08623470164787903
4.849456896001357,2.2939386000988495,0.06344592237491212,11,0.08623470164787903
4.850630164000904,2.299185645938907,0.06366513803855049,11,0.08183570821491633
4.851067586001591,2.299185645938907,0.06366513803855049,11,0.08183570821491633
4.85221014200215,2.299185645938907,0.06366513803855049,11,0.08183570821491633
4.853327757002262,2.299185645938907,0.06366513803855049,11,0.08183570821491633
4.854428956001357,2.299185645938907,0.06366513803855049,11,0.08183570821491633
4.855457721001585,2.299185645938907,0.06366513803855049,11,0.08183570821491633
4.8559062860003905,2.299185645938907,0.06366513803855049,11,0.08183570821491633
4.857040132003021,2.299185645938907,0.06366513803855049,11,0.08183570821491633
4.858148278006411,2.299185645938907,0.06366513803855049,11,0.08183570821491633
4.8591953570066835,2.299185645938907,0.06366513803855049,11,0.08183570821491633
4.860233088002133,2.304432628832364,0.06387725668580105,11,0.07753899764198857
4.861296651004523,2.304432628832364,0.06387725668580105,11,0.07753899764198857
4.862366387002112,2.304432628832364,0.06387725668580105,11,0.07753899764198857
4.8628178230064805,2.304432628832364,0.06387725668580105,11,0.07753899764198857
4.863869603002968,2.304432628832364,0.06387725668580105,11,0.07753899764198857
4.864969967005891,2.304432628832364,0.06387725668580105,11,0.07753899764198857
4.865397717003361,2.304432628832364,0.06387725668580105,11,0.07753899764198857
4.8664628170008655,2.304432628832364,0.06387725668580105,11,0.07753899764198857
4.867587060005462,2.304432628832364,0.06387725668580105,11,0.07753899764198857
4.868769521002832,2.304432628832364,0.06387725668580105,11,0.07753899764198857
4.869828540002345,2.309647971935348,0.06410878841865567,11,0.07340361148835453
4.870827700004156,2.309647971935348,0.06410878841865567,11,0.07340361148835453
4.871893393006758,2.309647971935348,0.06410878841865567,11,0.07340361148835453
4.872304558004544,2.309647971935348,0.06410878841865567,11,0.07340361148835453
4.873329569003545,2.309647971935348,0.06410878841865567,11,0.07340361148835453
4.874400426000648,2.3148082765902545,0.06433018261020776,11,0.06945103627691326
4.875444935001724,2.3148082765902545,0.06433018261020776,11,0.06945103627691326
4.876509714005806,2.3148082765902545,0.06433018261020776,11,0.06945103627691326
4.877531353005907,2.3148082765902545,0.06433018261020776,11,0.06945103627691326
4.878592908004066,2.3148082765902545,0.06433018261020776,11,0.06945103627691326
4.879015939004603,2.3148082765902545,0.06433018261020776,11,0.06945103627691326
4.880064385004516,2.3148082765902545,0.06433018261020776,11,0.06945103627691326
4.881129679000878,2.3148082765902545,0.06433018261020776,11,0.06945103627691326
4.882257556004333,2.3148082765902545,0.06433018261020776,11,0.06945103627691326
4.883376036006666,2.3148082765902545,0.06433018261020776,11,0.06945103627691326
4.8844316560062,2.3148082765902545,0.06433018261020776,11,0.06945103627691326
4.88487276500382,2.3148082765902545,0.06433018261020776,11,0.06945103627691326
4.8859832560046925,2.3148082765902545,0.06433018261020776,11,0.06945103627691326
4.887115946003178,2.319922786984144,0.06457071394887987,11,0.06571387891028209
4.888224186004663,2.319922786984144,0.06457071394887987,11,0.06571387891028209
4.889296808003564,2.319922786984144,0.06457071394887987,11,0.06571387891028209
4.889729653004906,2.319922786984144,0.06457071394887987,11,0.06571387891028209
4.890724182005215,2.319922786984144,0.06457071394887987,11,0.06571387891028209
4.891751918999944,2.319922786984144,0.06457071394887987,11,0.06571387891028209
4.892790657002479,2.319922786984144,0.06457071394887987,11,0.06571387891028209
4.893853188004869,2.319922786984144,0.06457071394887987,11,0.06571387891028209
4.894886658003088,2.319922786984144,0.06457071394887987,11,0.06571387891028209
4.895938606001437,2.319922786984144,0.06457071394887987,11,0.06571387891028209
4.896367616005591,2.319922786984144,0.06457071394887987,11,0.06571387891028209
4.897466407004686,2.319922786984144,0.06457071394887987,11,0.06571387891028209
4.898628056005691,2.319922786984144,0.06457071394887987,11,0.06571387891028209
4.899749352000072,2.319922786984144,0.06457071394887987,11,0.06571387891028209
4.900177950999932,2.319922786984144,0.06457071394887987,11,0.06571387891028209
4.901294084003894,2.319922786984144,0.06457071394887987,11,0.06571387891028209
4.902418931000284,2.319922786984144,0.06457071394887987,11,0.06571387891028209
4.903523433000373,2.319922786984144,0.06457071394887987,11,0.06571387891028209
4.904627945004904,2.3250022683192486,0.0647804816876172,11,0.0621768870391151
4.90569796100317,2.3250022683192486,0.0647804816876172,11,0.0621768870391151
4.906829645005928,2.3250022683192486,0.0647804816876172,11,0.0621768870391151
4.907317531004082,2.3250022683192486,0.0647804816876172,11,0.0621768870391151
4.908485040999949,2.3250022683192486,0.0647804816876172,11,0.0621768870391151
4.909543407004094,2.3250022683192486,0.0647804816876172,11,0.0621768870391151
4.90994613100338,2.3250022683192486,0.0647804816876172,11,0.0621768870391151
4.910946837000665,2.3250022683192486,0.0647804816876172,11,0.0621768870391151
4.911979029006034,2.3250022683192486,0.0647804816876172,11,0.0621768870391151
4.913071860006312,2.3250022683192486,0.0647804816876172,11,0.0621768870391151
4.9141080980043625,2.330053818349269,0.06494922961760749,11,0.058854358188323214
4.915150181004719,2.330053818349269,0.06494922961760749,11,0.058854358188323214
4.916285893006716,2.330053818349269,0.06494922961760749,11,0.058854358188323214
4.917376160003187,2.330053818349269,0.06494922961760749,11,0.058854358188323214
4.918395434004196,2.330053818349269,0.06494922961760749,11,0.058854358188323214
4.919443659004173,2.330423197819512,0.06471936921453278,11,0.05843827599306398
4.919908645002579,2.330423197819512,0.06471936921453278,11,0.05843827599306398
4.921064322006714,2.330423197819512,0.06471936921453278,11,0.05843827599306398
4.921505423000781,2.330423197819512,0.06471936921453278,11,0.05843827599306398
4.922635365001042,2.330423197819512,0.06471936921453278,11,0.05843827599306398
4.923749814006442,2.340214545836705,0.06179509638328298,11,0.0501006266052568
4.924196228006622,2.340214545836705,0.06179509638328298,11,0.0501006266052568
4.925309861006099,2.340214545836705,0.06179509638328298,11,0.0501006266052568
4.92635961000633,2.340214545836705,0.06179509638328298,11,0.0501006266052568
4.927403579000384,2.340214545836705,0.06179509638328298,11,0.0501006266052568
4.928467150006327,2.340214545836705,0.06179509638328298,11,0.0501006266052568
4.928919278005196,2.340214545836705,0.06179509638328298,11,0.0501006266052568
4.92998097200325,2.340214545836705,0.06179509638328298,11,0.0501006266052568
4.931081237002218,2.340214545836705,0.06179509638328298,11,0.0501006266052568
4.932119645003695,2.340214545836705,0.06179509638328298,11,0.0501006266052568
4.933177707003779,2.3452246547385593,0.06190145816110172,11,0.04751241049201986
4.933635517001676,2.3452246547385593,0.06190145816110172,11,0.04751241049201986
4.9347853120052605,2.3452246547385593,0.06190145816110172,11,0.04751241049201986
4.935830798000097,2.3452246547385593,0.06190145816110172,11,0.04751241049201986
4.936887458003184,2.3452246547385593,0.06190145816110172,11,0.04751241049201986
4.938007615004608,2.3452246547385593,0.06190145816110172,11,0.04751241049201986
4.939152377002756,2.3452246547385593,0.06190145816110172,11,0.04751241049201986
4.9401737170046545,2.3452246547385593,0.06190145816110172,11,0.04751241049201986
4.940566715005843,2.3452246547385593,0.06190145816110172,11,0.04751241049201986
4.941614727002161,2.3452246547385593,0.06190145816110172,11,0.04751241049201986
4.942671187003725,2.3452246547385593,0.06190145816110172,11,0.04751241049201986
4.943717311005457,2.3452246547385593,0.06190145816110172,11,0.04751241049201986
4.944737170000735,2.3452246547385593,0.06190145816110172,11,0.04751241049201986
4.945795188999909,2.350220044089165,0.0619158251566153,11,0.04525436401074535
4.946238092001295,2.350220044089165,0.0619158251566153,11,0.04525436401074535
4.947310567004024,2.350220044089165,0.0619158251566153,11,0.04525436401074535
4.948408769007074,2.350220044089165,0.0619158251566153,11,0.04525436401074535
4.949457155002165,2.350220044089165,0.0619158251566153,11,0.04525436401074535
4.950628250000591,2.350220044089165,0.0619158251566153,11,0.04525436401074535
4.951091428003565,2.350220044089165,0.0619158251566153,11,0.04525436401074535
4.952210367002408,2.350220044089165,0.0619158251566153,11,0.04525436401074535
4.953319449006813,2.350220044089165,0.0619158251566153,11,0.04525436401074535
4.954424308001762,2.350220044089165,0.0619158251566153,11,0.04525436401074535
4.955551136001304,2.355203005942398,0.06191245188644552,11,0.04344269612059166
4.956663206001394,2.355203005942398,0.06191245188644552,11,0.04344269612059166
4.957780122000258,2.355203005942398,0.06191245188644552,11,0.04344269612059166
4.958964916004334,2.355203005942398,0.06191245188644552,11,0.04344269612059166
4.959404754001298,2.355203005942398,0.06191245188644552,11,0.04344269612059166
4.960510878001514,2.355203005942398,0.06191245188644552,11,0.04344269612059166
4.96162684000592,2.355203005942398,0.06191245188644552,11,0.04344269612059166
4.962070912006311,2.355203005942398,0.06191245188644552,11,0.04344269612059166
4.963128638002672,2.355203005942398,0.06191245188644552,11,0.04344269612059166
4.964204234005592,2.355203005942398,0.06191245188644552,11,0.04344269612059166
4.965218340003048,2.360175717950463,0.06191308766206367,11,0.042151461546532064
4.966273361002095,2.360175717950463,0.06191308766206367,11,0.042151461546532064
4.9674363730009645,2.360175717950463,0.06191308766206367,11,0.042151461546532064
4.9685714460065356,2.360175717950463,0.06191308766206367,11,0.042151461546532064
4.9697152040025685,2.360175717950463,0.06191308766206367,11,0.042151461546532064
4.97076305700466,2.360175717950463,0.06191308766206367,11,0.042151461546532064
4.971187527000438,2.360175717950463,0.06191308766206367,11,0.042151461546532064
4.972265987002174,2.360175717950463,0.06191308766206367,11,0.042151461546532064
4.972692413000914,2.360175717950463,0.06191308766206367,11,0.042151461546532064
4.973740746005205,2.360175717950463,0.06191308766206367,11,0.042151461546532064
4.974799122006516,2.360175717950463,0.06191308766206367,11,0.042151461546532064
4.975898710006732,2.360175717950463,0.06191308766206367,11,0.042151461546532064
4.9770031700027175,2.365140127310304,0.06191691172588011,11,0.041424669390494794
4.978069864002464,2.365140127310304,0.06191691172588011,11,0.041424669390494794
4.9790896470003645,2.365140127310304,0.06191691172588011,11,0.041424669390494794
4.979477376000432,2.365140127310304,0.06191691172588011,11,0.041424669390494794
4.980493664006644,2.365140127310304,0.06191691172588011,11,0.041424669390494794
4.981549163007003,2.365140127310304,0.06191691172588011,11,0.041424669390494794
4.982649466001021,2.3701187384556777,0.061924747669985736,11,0.041290672953967156
4.983760321003501,2.3701187384556777,0.061924747669985736,11,0.041290672953967156
4.9849430520043825,2.3701187384556777,0.061924747669985736,11,0.041290672953967156
4.986084149000817,2.3701187384556777,0.061924747669985736,11,0.041290672953967156
4.987222407005902,2.3701187384556777,0.061924747669985736,11,0.041290672953967156
4.988310511005693,2.3701187384556777,0.061924747669985736,11,0.041290672953967156
4.98936675600271,2.3701187384556777,0.061924747669985736,11,0.041290672953967156
4.990541691004182,2.3701187384556777,0.061924747669985736,11,0.041290672953967156
4.99097952000011,2.3701187384556777,0.061924747669985736,11,0.041290672953967156
4.992019775003428,2.3701187384556777,0.061924747669985736,11,0.041290672953967156
4.993268093006918,2.3701187384556777,0.061924747669985736,11,0.041290672953967156
4.994381942000473,2.3751307211417636,0.06204278224598943,11,0.04186812537498584
4.9955145060012,2.3751307211417636,0.06204278224598943,11,0.04186812537498584
4.99596968300466,2.3751307211417636,0.06204278224598943,11,0.04186812537498584
4.997105837006529,2.3751307211417636,0.06204278224598943,11,0.04186812537498584
4.998320442005934,2.3751307211417636,0.06204278224598943,11,0.04186812537498584
4.999502790000406,2.3751307211417636,0.06204278224598943,11,0.04186812537498584
5.000446589001513,2.3751307211417636,0.06204278224598943,11,0.04186812537498584
5.000775571999839,2.3751307211417636,0.06204278224598943,11,0.04186812537498584
5.001517398006399,2.3751307211417636,0.06204278224598943,11,0.04186812537498584
5.002275142003782,2.3751307211417636,0.06204278224598943,11,0.04186812537498584
5.003000554002938,2.3751307211417636,0.06204278224598943,11,0.04186812537498584
5.003899551003997,2.3751307211417636,0.06204278224598943,11,0.04186812537498584
5.004798803005542,2.380174788214816,0.062212218966524804,11,0.04308394133600331
5.005662253002811,2.380174788214816,0.062212218966524804,11,0.04308394133600331
5.006006956005876,2.380174788214816,0.062212218966524804,11,0.04308394133600331
5.00708507100353,2.380174788214816,0.062212218966524804,11,0.04308394133600331
5.007959034002852,2.380174788214816,0.062212218966524804,11,0.04308394133600331
5.00876520100428,2.380174788214816,0.062212218966524804,11,0.04308394133600331
5.009581524005625,2.380174788214816,0.062212218966524804,11,0.04308394133600331
5.009875578005449,2.380174788214816,0.062212218966524804,11,0.04308394133600331
5.010551524006587,2.380174788214816,0.062212218966524804,11,0.04308394133600331
5.011193668004125,2.380174788214816,0.062212218966524804,11,0.04308394133600331
5.011958629002038,2.380174788214816,0.062212218966524804,11,0.04308394133600331
5.012767198000802,2.380174788214816,0.062212218966524804,11,0.04308394133600331
5.0134939510026015,2.385248787652916,0.06242947439193287,11,0.044893551934693965
5.014512253001158,2.385248787652916,0.06242947439193287,11,0.044893551934693965
5.0155292010022094,2.385248787652916,0.06242947439193287,11,0.044893551934693965
5.016602987001534,2.385248787652916,0.06242947439193287,11,0.044893551934693965
5.017770712001948,2.385248787652916,0.06242947439193287,11,0.044893551934693965
5.0182295800041175,2.385248787652916,0.06242947439193287,11,0.044893551934693965
5.019285938004032,2.385248787652916,0.06242947439193287,11,0.044893551934693965
5.019692106005095,2.385248787652916,0.06242947439193287,11,0.044893551934693965
5.020721314002003,2.385248787652916,0.06242947439193287,11,0.044893551934693965
5.021139359007066,2.385248787652916,0.06242947439193287,11,0.044893551934693965
5.022172977005539,2.385248787652916,0.06242947439193287,11,0.044893551934693965
5.023215403001814,2.385248787652916,0.06242947439193287,11,0.044893551934693965
5.024229697002738,2.385248787652916,0.06242947439193287,11,0.044893551934693965
5.024645251003676,2.385248787652916,0.06242947439193287,11,0.044893551934693965
5.025648237002315,2.3923431934303205,0.06418487317753312,11,0.04948522436124533
5.026642064003681,2.3923431934303205,0.06418487317753312,11,0.04948522436124533
5.02760171200498,2.3923431934303205,0.06418487317753312,11,0.04948522436124533
5.028583913001057,2.3923431934303205,0.06418487317753312,11,0.04948522436124533
5.029556024004705,2.3944254422760864,0.06579178959986719,11,0.051900074847840996
5.03049622400431,2.3944254422760864,0.06579178959986719,11,0.051900074847840996
5.0314998150061,2.3944254422760864,0.06579178959986719,11,0.051900074847840996
5.032469694000611,2.3944254422760864,0.06579178959986719,11,0.051900074847840996
5.033436706005887,2.400677833332026,0.06691460535074034,11,0.05617542599599726
5.0338523850005,2.400677833332026,0.06691460535074034,11,0.05617542599599726
5.034917352000775,2.400677833332026,0.06691460535074034,11,0.05617542599599726
5.03534776000015,2.400677833332026,0.06691460535074034,11,0.05617542599599726
5.036440903000766,2.400677833332026,0.06691460535074034,11,0.05617542599599726
5.0368561950017465,2.400677833332026,0.06691460535074034,11,0.05617542599599726
5.03788672000519,2.400677833332026,0.06691460535074034,11,0.05617542599599726
5.038987108004221,2.400677833332026,0.06691460535074034,11,0.05617542599599726
5.040138639000361,2.400677833332026,0.06691460535074034,11,0.05617542599599726
5.04059396500088,2.400677833332026,0.06691460535074034,11,0.05617542599599726
5.0417028090014355,2.400677833332026,0.06691460535074034,11,0.05617542599599726
5.042975747004675,2.405836780972344,0.06716688309487273,11,0.059451932018619265
5.04414615600399,2.405836780972344,0.06716688309487273,11,0.059451932018619265
5.045366907004791,2.405836780972344,0.06716688309487273,11,0.059451932018619265
5.0458316010044655,2.405836780972344,0.06716688309487273,11,0.059451932018619265
5.047107510006754,2.405836780972344,0.06716688309487273,11,0.059451932018619265
5.048182060003455,2.405836780972344,0.06716688309487273,11,0.059451932018619265
5.049249626004894,2.4110207634066243,0.06744114039901139,11,0.06301517196763916
5.049701774005371,2.4110207634066243,0.06744114039901139,11,0.06301517196763916
5.0508005670053535,2.4110207634066243,0.06744114039901139,11,0.06301517196763916
5.052316639004857,2.4110207634066243,0.06744114039901139,11,0.06301517196763916
5.0539449990028515,2.4110207634066243,0.06744114039901139,11,0.06301517196763916
5.05454498600011,2.4110207634066243,0.06744114039901139,11,0.06301517196763916
5.0559466460035765,2.4110207634066243,0.06744114039901139,11,0.06301517196763916
5.057316980004543,2.416229964111607,0.06770957729621094,11,0.06680593355284546
5.0578787670019665,2.416229964111607,0.06770957729621094,11,0.06680593355284546
5.059237188004772,2.416229964111607,0.06770957729621094,11,0.06680593355284546
5.060582579004404,2.416229964111607,0.06770957729621094,11,0.06680593355284546
5.061035118000291,2.416229964111607,0.06770957729621094,11,0.06680593355284546
5.062172722005926,2.416229964111607,0.06770957729621094,11,0.06680593355284546
5.0632730680008535,2.416229964111607,0.06770957729621094,11,0.06680593355284546
5.064484803006053,2.421454800918377,0.06799925408247029,11,0.07080413940919332
5.0649233360018115,2.421454800918377,0.06799925408247029,11,0.07080413940919332
5.066073650006729,2.421454800918377,0.06799925408247029,11,0.07080413940919332
5.0669794570058,2.421454800918377,0.06799925408247029,11,0.07080413940919332
5.068104365003819,2.426689028097143,0.06828218660929361,11,0.07495751946685636
5.0684698070035665,2.426689028097143,0.06828218660929361,11,0.07495751946685636
5.06928092000453,2.426689028097143,0.06828218660929361,11,0.07495751946685636
5.0701251570062595,2.426689028097143,0.06828218660929361,11,0.07495751946685636
5.071050604004995,2.426689028097143,0.06828218660929361,11,0.07495751946685636
5.072020242005237,2.4319293843206604,0.06860728091488535,11,0.07927044288760535
5.072475719003705,2.4319293843206604,0.06860728091488535,11,0.07927044288760535
5.073596557005658,2.4319293843206604,0.06860728091488535,11,0.07927044288760535
5.0747931330042775,2.4319293843206604,0.06860728091488535,11,0.07927044288760535
5.075894485002209,2.4319293843206604,0.06860728091488535,11,0.07927044288760535
5.076979426004982,2.4319293843206604,0.06860728091488535,11,0.07927044288760535
5.077425934003259,2.4319293843206604,0.06860728091488535,11,0.07927044288760535
5.078538065004977,2.4319293843206604,0.06860728091488535,11,0.07927044288760535
5.079677868001454,2.4371742795712117,0.06898668639401861,11,0.08372561212063903
5.080108595000638,2.4371742795712117,0.06898668639401861,11,0.08372561212063903
5.0811603010006365,2.4371742795712117,0.06898668639401861,11,0.08372561212063903
5.082226070000615,2.4371742795712117,0.06898668639401861,11,0.08372561212063903
5.083328240005358,2.4371742795712117,0.06898668639401861,11,0.08372561212063903
5.084483452003042,2.4371742795712117,0.06898668639401861,11,0.08372561212063903
5.085609226000088,2.4371742795712117,0.06898668639401861,11,0.08372561212063903
5.086047496006358,2.4371742795712117,0.06898668639401861,11,0.08372561212063903
5.087129293002363,2.4371742795712117,0.06898668639401861,11,0.08372561212063903
5.088241238001501,2.4371742795712117,0.06898668639401861,11,0.08372561212063903
5.089359920006245,2.4424264401407623,0.06937369751488659,11,0.08827949693301193
5.090454975004832,2.4424264401407623,0.06937369751488659,11,0.08827949693301193
5.0908986140057095,2.4424264401407623,0.06937369751488659,11,0.08827949693301193
5.091957529002684,2.4424264401407623,0.06937369751488659,11,0.08827949693301193
5.093043415006832,2.4424264401407623,0.06937369751488659,11,0.08827949693301193
5.094145874005335,2.4424264401407623,0.06937369751488659,11,0.08827949693301193
5.095259650006483,2.4424264401407623,0.06937369751488659,11,0.08827949693301193
5.096359583003505,2.4424264401407623,0.06937369751488659,11,0.08827949693301193
5.096822785002587,2.4424264401407623,0.06937369751488659,11,0.08827949693301193
5.097931906006124,2.4424264401407623,0.06937369751488659,11,0.08827949693301193
5.0990476370061515,2.4431486387098826,0.06944139828468752,11,0.08891978024918773
5.100156975000573,2.4431486387098826,0.06944139828468752,11,0.08891978024918773
5.1005909540035645,2.4431486387098826,0.06944139828468752,11,0.08891978024918773
5.101661111002613,2.4431486387098826,0.06944139828468752,11,0.08891978024918773
5.102707410005678,2.4431486387098826,0.06944139828468752,11,0.08891978024918773
5.1038575080019655,2.4523992526670253,0.07027700986346785,11,0.09721077564368681
5.1050682720015175,2.4523992526670253,0.07027700986346785,11,0.09721077564368681
5.106225423005526,2.4523992526670253,0.07027700986346785,11,0.09721077564368681
5.107298107002862,2.4523992526670253,0.07027700986346785,11,0.09721077564368681
5.108347237000999,2.4523992526670253,0.07027700986346785,11,0.09721077564368681
5.1093750030049705,2.452746159869688,0.07031334912580774,11,0.09752774061927005
5.110329624003498,2.452746159869688,0.07031334912580774,11,0.09752774061927005
5.110755121000693,2.452746159869688,0.07031334912580774,11,0.09752774061927005
5.111548038003093,2.452746159869688,0.07031334912580774,11,0.09752774061927005
5.112473842003965,2.452746159869688,0.07031334912580774,11,0.09752774061927005
5.113306461003958,2.452746159869688,0.07031334912580774,11,0.09752774061927005
5.114321320004819,2.452746159869688,0.07031334912580774,11,0.09752774061927005
5.114764928002842,2.452746159869688,0.07031334912580774,11,0.09752774061927005
5.115868725006294,2.452746159869688,0.07031334912580774,11,0.09752774061927005
5.117231856005674,2.452746159869688,0.07031334912580774,11,0.09752774061927005
5.117826810004772,2.452746159869688,0.07031334912580774,11,0.09752774061927005
5.1191921700010425,2.452746159869688,0.07031334912580774,11,0.09752774061927005
5.120642125002632,2.452746159869688,0.07031334912580774,11,0.09752774061927005
5.121236768005474,2.452746159869688,0.07031334912580774,11,0.09752774061927005
5.122650192002766,2.4580071463628843,0.07077118101700505,11,0.10231431246037404
5.123900317004882,2.4580071463628843,0.07077118101700505,11,0.10231431246037404
5.124348925004597,2.4580071463628843,0.07077118101700505,11,0.10231431246037404
5.125285425005131,2.4580071463628843,0.07077118101700505,11,0.10231431246037404
5.126079796005797,2.4580071463628843,0.07077118101700505,11,0.10231431246037404
5.127193615000579,2.4580071463628843,0.07077118101700505,11,0.10231431246037404
5.127675496005395,2.4580071463628843,0.07077118101700505,11,0.10231431246037404
5.128822203005257,2.46327269586986,0.0712534819634886,11,0.10716291208924322
5.129965431005985,2.46327269586986,0.0712534819634886,11,0.10716291208924322
5.13099105800211,2.46327269586986,0.0712534819634886,11,0.10716291208924322
5.13827810100338,2.4685450083550173,0.07173215830815469,12,0.1059547350751561
5.138799268002913,2.4685450083550173,0.07173215830815469,12,0.1059547350751561
5.139946854003938,2.4685450083550173,0.07173215830815469,12,0.1059547350751561
5.140390184002172,2.4685450083550173,0.07173215830815469,12,0.1059547350751561
5.147842379003123,2.4685450083550173,0.07173215830815469,12,0.1059547350751561
5.148357278005278,2.4685450083550173,0.07173215830815469,12,0.1059547350751561
5.149759940002696,2.4685450083550173,0.07173215830815469,12,0.1059547350751561
5.151019974000519,2.4685450083550173,0.07173215830815469,12,0.1059547350751561
5.152079752006102,2.4685450083550173,0.07173215830815469,12,0.1059547350751561
5.152526210003998,2.4685450083550173,0.07173215830815469,12,0.1059547350751561
5.153625377002754,2.4685450083550173,0.07173215830815469,12,0.1059547350751561
5.15469490000396,2.4685450083550173,0.07173215830815469,12,0.1059547350751561
5.155751322003198,2.4685450083550173,0.07173215830815469,12,0.1059547350751561
5.156815728005313,2.4685450083550173,0.07173215830815469,12,0.1059547350751561
5.157868967005925,2.473821218665605,0.0722347666727946,12,0.10118111641782684
5.158285492005234,2.473821218665605,0.0722347666727946,12,0.10118111641782684
5.159317896002904,2.473821218665605,0.0722347666727946,12,0.10118111641782684
5.160357107000891,2.473821218665605,0.0722347666727946,12,0.10118111641782684
5.160769087000517,2.473821218665605,0.0722347666727946,12,0.10118111641782684
5.1617857230012305,2.473821218665605,0.0722347666727946,12,0.10118111641782684
5.162971926001774,2.473821218665605,0.0722347666727946,12,0.10118111641782684
5.164329336002993,2.473821218665605,0.0722347666727946,12,0.10118111641782684
5.166034642999875,2.4790839010689747,0.07273168098686573,12,0.09647283985228562
5.166640289004135,2.4790839010689747,0.07273168098686573,12,0.09647283985228562
5.167928352006129,2.4790839010689747,0.07273168098686573,12,0.09647283985228562
5.169057842002076,2.4790839010689747,0.07273168098686572,12,0.09647283985228561
5.169386944005964,2.4790839010689747,0.07273168098686572,12,0.09647283985228561
5.170110530001693,2.4790839010689747,0.07273168098686572,12,0.09647283985228561
5.170978163005202,2.4790839010689747,0.07273168098686572,12,0.09647283985228561
5.172115975001361,2.4790839010689747,0.07273168098686573,12,0.09647283985228562
5.173300715003279,2.4790839010689747,0.07273168098686573,12,0.09647283985228562
5.173780106000777,2.4790839010689747,0.07273168098686573,12,0.09647283985228562
5.174972473003436,2.4790839010689747,0.07273168098686573,12,0.09647283985228562
5.176305063003383,2.4843137093409267,0.07324923344572648,12,0.09186588875494694
5.176643184000568,2.4843137093409267,0.07324923344572648,12,0.09186588875494694
5.17775427000015,2.4843137093409267,0.07324923344572648,12,0.09186588875494694
5.178921638005704,2.4843137093409267,0.07324923344572648,12,0.09186588875494694
5.1793599060038105,2.4843137093409267,0.07324923344572648,12,0.09186588875494694
5.180496005006717,2.4843137093409267,0.07324923344572648,12,0.09186588875494694
5.181669646000955,2.4843137093409267,0.07324923344572648,12,0.09186588875494694
5.182822479000606,2.4843137093409267,0.07324923344572648,12,0.09186588875494694
5.183982919006667,2.4843137093409267,0.07324923344572648,12,0.09186588875494694
5.184497049005586,2.4843137093409267,0.07324923344572648,12,0.09186588875494694
5.185723857000994,2.4843137093409267,0.07324923344572648,12,0.09186588875494694
5.1868531460058875,2.4843137093409267,0.07324923344572648,12,0.09186588875494694
5.187302557002113,2.4843137093409267,0.07324923344572648,12,0.09186588875494694
5.188415623000765,2.4895212575118175,0.0737383273944036,12,0.08733998328680538
5.18947746300546,2.4895212575118175,0.0737383273944036,12,0.08733998328680538
5.19058412600134,2.4895212575118175,0.0737383273944036,12,0.08733998328680538
5.191669545005425,2.4895212575118175,0.0737383273944036,12,0.08733998328680538
5.192727183006355,2.494712130263179,0.07418789133703114,12,0.0828936457695182
5.193159546004608,2.494712130263179,0.07418789133703114,12,0.0828936457695182
5.194218409000314,2.494712130263179,0.07418789133703114,12,0.0828936457695182
5.195286975002091,2.494712130263179,0.07418789133703114,12,0.0828936457695182
5.196331710001687,2.4998859361055037,0.07464540566633375,12,0.0785600651104776
5.196755881006538,2.4998859361055037,0.07464540566633375,12,0.0785600651104776
5.197779963003995,2.4998859361055037,0.07464540566633375,12,0.0785600651104776
5.1988334780035075,2.4998859361055037,0.07464540566633375,12,0.0785600651104776
5.199255864004954,2.4998859361055037,0.07464540566633375,12,0.0785600651104776
5.200322711003537,2.4998859361055037,0.07464540566633375,12,0.0785600651104776
5.201442961006251,2.4998859361055037,0.07464540566633375,12,0.0785600651104776
5.202519525002572,2.4998859361055037,0.07464540566633375,12,0.0785600651104776
5.203569126002549,2.4998859361055037,0.07464540566633375,12,0.0785600651104776
5.204624414000136,2.5014295744479322,0.07328873101405164,12,0.07655018429679332
5.20505556500575,2.5014295744479322,0.07328873101405164,12,0.07655018429679332
5.206142068003828,2.5014295744479322,0.07328873101405164,12,0.07655018429679332
5.2071761040060665,2.5014295744479322,0.07328873101405164,12,0.07655018429679332
5.208188738004537,2.5077031470672004,0.0727491062796208,12,0.0708536435557416
5.208599740006321,2.5077031470672004,0.0727491062796208,12,0.0708536435557416
5.209643361005874,2.5077031470672004,0.0727491062796208,12,0.0708536435557416
5.2107086240066565,2.5077031470672004,0.0727491062796208,12,0.0708536435557416
5.211747070999991,2.5077031470672004,0.0727491062796208,12,0.0708536435557416
5.212775293002778,2.5077031470672004,0.0727491062796208,12,0.0708536435557416
5.21319325100194,2.5077031470672004,0.0727491062796208,12,0.0708536435557416
5.2142850510063,2.5077031470672004,0.0727491062796208,12,0.0708536435557416
5.2153673130014795,2.5077031470672004,0.0727491062796208,12,0.0708536435557416
5.216456717003894,2.5077031470672004,0.0727491062796208,12,0.0708536435557416
5.217590239000856,2.5077031470672004,0.0727491062796208,12,0.0708536435557416
5.218655497999862,2.51285307374816,0.07320507423388323,12,0.06675483935687906
5.219708367003477,2.51285307374816,0.07320507423388323,12,0.06675483935687906
5.2207544920020155,2.51285307374816,0.07320507423388323,12,0.06675483935687906
5.221225905006577,2.51285307374816,0.07320507423388323,12,0.06675483935687906
5.222353318000387,2.51285307374816,0.07320507423388323,12,0.06675483935687906
5.222789270002977,2.51285307374816,0.07320507423388323,12,0.06675483935687906
5.2238543950006715,2.51285307374816,0.07320507423388323,12,0.06675483935687906
5.2249112040008185,2.51285307374816,0.07320507423388323,12,0.06675483935687906
5.225958013004856,2.51285307374816,0.07320507423388323,12,0.06675483935687906
5.226369005002198,2.51285307374816,0.07320507423388323,12,0.06675483935687906
5.227398599003209,2.51285307374816,0.07320507423388323,12,0.06675483935687906
5.243175386000075,2.51285307374816,0.07320507423388323,12,0.06675483935687906
5.244684489000065,2.5282565616548207,0.07457713956656735,12,0.05557787759332023
5.245178189004946,2.5282565616548207,0.07457713956656735,12,0.05557787759332023
5.246349978006037,2.5282565616548207,0.07457713956656735,12,0.05557787759332023
5.246816734004824,2.5282565616548207,0.07457713956656735,12,0.05557787759332023
5.247976113001641,2.5282565616548207,0.07457713956656735,12,0.05557787759332023
5.248431592000998,2.5282565616548207,0.07457713956656735,12,0.05557787759332023
5.249661031004507,2.5282565616548207,0.07457713956656735,12,0.05557787759332023
5.250137224000355,2.5282565616548207,0.07457713956656735,12,0.05557787759332023
5.251435350000975,2.5282565616548207,0.07457713956656735,12,0.05557787759332023
5.251950509002199,2.5282565616548207,0.07457713956656735,12,0.05557787759332023
5.2531735920056235,2.5282565616548207,0.07457713956656735,12,0.05557787759332023
5.254368211004476,2.5333325486563814,0.07505132293835001,12,0.05239104860622301
5.255586985003902,2.5333325486563814,0.07505132293835001,12,0.05239104860622301
5.256756212002074,2.5333325486563814,0.07505132293835001,12,0.05239104860622301
5.2582221850025235,2.5333325486563814,0.07505132293835001,12,0.05239104860622301
5.259497884006123,2.5333325486563814,0.07505132293835001,12,0.05239104860622301
5.259971998006222,2.5333325486563814,0.07505132293835001,12,0.05239104860622301
5.261164704999828,2.5333325486563814,0.07505132293835001,12,0.05239104860622301
5.261657987000945,2.5333325486563814,0.07505132293835001,12,0.05239104860622301
5.263152462001017,2.5333325486563814,0.07505132293835001,12,0.05239104860622301
5.263718713002163,2.5333325486563814,0.07505132293835001,12,0.05239104860622301
5.265036831006,2.5383249617314387,0.0754777453086318,12,0.0495374635393133
5.2656407820031745,2.5383249617314387,0.0754777453086318,12,0.0495374635393133
5.266884882003069,2.5383249617314387,0.0754777453086318,12,0.0495374635393133
5.267317870006082,2.5383249617314387,0.0754777453086318,12,0.0495374635393133
5.268603774005896,2.5383249617314387,0.0754777453086318,12,0.0495374635393133
5.269825514005788,2.5383249617314387,0.0754777453086318,12,0.0495374635393133
5.271020631000283,2.5383249617314387,0.0754777453086318,12,0.0495374635393133
5.272236460004933,2.5383249617314387,0.0754777453086318,12,0.0495374635393133
5.273416495001584,2.5383249617314387,0.0754777453086318,12,0.0495374635393133
5.274536373006413,2.5383249617314387,0.0754777453086318,12,0.0495374635393133
5.275680539001769,2.543258421442347,0.0757442884819008,12,0.046941891446332276
5.276849769004912,2.543258421442347,0.0757442884819008,12,0.046941891446332276
5.277940974003286,2.543258421442347,0.0757442884819008,12,0.046941891446332276
5.279080461004924,2.543258421442347,0.0757442884819008,12,0.046941891446332276
5.280160307003825,2.543258421442347,0.0757442884819008,12,0.046941891446332276
5.281289309001295,2.543258421442347,0.0757442884819008,12,0.046941891446332276
5.282429274004244,2.543258421442347,0.0757442884819008,12,0.046941891446332276
5.283600795002712,2.543258421442347,0.0757442884819008,12,0.046941891446332276
5.284730032006337,2.543258421442347,0.0757442884819008,12,0.046941891446332276
5.285913044004701,2.543258421442347,0.0757442884819008,12,0.046941891446332276
5.287132550001843,2.543258421442347,0.0757442884819008,12,0.046941891446332276
5.287636431006831,2.543258421442347,0.0757442884819008,12,0.046941891446332276
5.288879800005816,2.5481346594782885,0.07601241041316219,12,0.04477023486942941
5.289349783000944,2.5481346594782885,0.07601241041316219,12,0.04477023486942941
5.290594280006189,2.5481346594782885,0.07601241041316219,12,0.04477023486942941
5.291070008002862,2.5481346594782885,0.07601241041316219,12,0.04477023486942941
5.29226601600385,2.5481346594782885,0.07601241041316219,12,0.04477023486942941
5.292750852000609,2.5481346594782885,0.07601241041316219,12,0.04477023486942941
5.293929936000495,2.5481346594782885,0.07601241041316219,12,0.04477023486942941
5.294409362002625,2.5481346594782885,0.07601241041316219,12,0.04477023486942941
5.295562177001557,2.5529645993136634,0.07628103153493486,12,0.04306233533581527
5.296056194005359,2.5529645993136634,0.07628103153493486,12,0.04306233533581527
5.2972427800050355,2.5529645993136634,0.07628103153493486,12,0.04306233533581527
5.298503027006518,2.5529645993136634,0.07628103153493486,12,0.04306233533581527
5.299716419001925,2.5529645993136634,0.07628103153493486,12,0.04306233533581527
5.300232676003361,2.5529645993136634,0.07628103153493486,12,0.04306233533581527
5.301526924005884,2.5529645993136634,0.07628103153493486,12,0.04306233533581527
5.302781745005632,2.5529645993136634,0.07628103153493486,12,0.04306233533581527
5.303953762006131,2.5567248823573907,0.0760860457586266,12,0.041682767452087315
5.305075554002542,2.5567248823573907,0.0760860457586266,12,0.041682767452087315
5.3062404910015175,2.5567248823573907,0.0760860457586266,12,0.041682767452087315
5.307451349006442,2.5567248823573907,0.0760860457586266,12,0.041682767452087315
5.308634299006371,2.5547884444268347,0.07521894593646863,12,0.04144128326877512
5.3091058660065755,2.5547884444268347,0.07521894593646863,12,0.04144128326877512
5.310230812006921,2.5547884444268347,0.07521894593646863,12,0.04144128326877512
5.310710662000929,2.5547884444268347,0.07521894593646863,12,0.04144128326877512
5.31189330000052,2.553462713085598,0.07462963106752217,12,0.041342022677572414
5.3131122030026745,2.553462713085598,0.07462963106752217,12,0.041342022677572414
5.313602642003389,2.553462713085598,0.07462963106752217,12,0.041342022677572414
5.3147590790031245,2.553462713085598,0.07462963106752217,12,0.041342022677572414
5.3159215150008094,2.553462713085598,0.07462963106752217,12,0.041342022677572414
5.317053129001579,2.5582262030278913,0.07487283196061414,12,0.04011533413712618
5.317763428000035,2.5582262030278913,0.07487283196061414,12,0.04011533413712618
5.319172422001429,2.5582262030278913,0.07487283196061414,12,0.04011533413712618
5.3203787810052745,2.5629650029861013,0.07511842686741407,12,0.039436880547041184
5.320864344001166,2.5629650029861013,0.07511842686741407,12,0.039436880547041184
5.322258690001036,2.5629650029861013,0.07511842686741407,12,0.039436880547041184
5.324121336001554,2.5629650029861013,0.07511842686741407,12,0.039436880547041184
5.325567394000245,2.5629650029861013,0.07511842686741407,12,0.039436880547041184
5.326171336004336,2.5629650029861013,0.07511842686741407,12,0.039436880547041184
5.327460424006858,2.5629650029861013,0.07511842686741407,12,0.039436880547041184
5.3287547120053205,2.5629650029861013,0.07511842686741407,12,0.039436880547041184
5.330172329006018,2.5629650029861013,0.07511842686741407,12,0.039436880547041184
5.330783523000719,2.5629650029861013,0.07511842686741407,12,0.039436880547041184
5.331995691005432,2.5629650029861013,0.07511842686741407,12,0.039436880547041184
5.332462494006904,2.5629650029861013,0.07511842686741407,12,0.039436880547041184
5.333711535000475,2.5629650029861013,0.07511842686741407,12,0.039436880547041184
5.335002142004669,2.5629650029861013,0.07511842686741407,12,0.039436880547041184
5.335500185006822,2.5629650029861013,0.07511842686741407,12,0.039436880547041184
5.336705624002207,2.5676838109910247,0.07536588275869291,12,0.039325552631592625
5.338064644005499,2.5676838109910247,0.07536588275869291,12,0.039325552631592625
5.339397880001343,2.5676838109910247,0.07536588275869291,12,0.039325552631592625
5.339901067003666,2.5676838109910247,0.07536588275869291,12,0.039325552631592625
5.3410843790043145,2.5676838109910247,0.07536588275869291,12,0.039325552631592625
5.34252869500051,2.5676838109910247,0.07536588275869291,12,0.039325552631592625
5.3439780300032,2.5676838109910247,0.07536588275869291,12,0.039325552631592625
5.345271873004094,2.5723863625495778,0.07561608268786665,12,0.039780293210219864
5.345756403003179,2.5723863625495778,0.07561608268786665,12,0.039780293210219864
5.346970128004614,2.5723863625495778,0.07561608268786665,12,0.039780293210219864
5.348236119003559,2.5723863625495778,0.07561608268786665,12,0.039780293210219864
5.349730364003335,2.5723863625495778,0.07561608268786665,12,0.039780293210219864
5.35025324900198,2.5723863625495778,0.07561608268786665,12,0.039780293210219864
5.35148318100255,2.5723863625495778,0.07561608268786665,12,0.039780293210219864
5.352808192001248,2.5723863625495778,0.07561608268786665,12,0.039780293210219864
5.354041186001268,2.577075750997147,0.07586844191010185,12,0.040776691315481735
5.355275649002579,2.577075750997147,0.07586844191010185,12,0.040776691315481735
5.355804420003551,2.577075750997147,0.07586844191010185,12,0.040776691315481735
5.357028958002047,2.577075750997147,0.07586844191010185,12,0.040776691315481735
5.358238230001007,2.577075750997147,0.07586844191010185,12,0.040776691315481735
5.358719599003962,2.577075750997147,0.07586844191010185,12,0.040776691315481735
5.3599638720043,2.577075750997147,0.07586844191010185,12,0.040776691315481735
5.361155033002433,2.577075750997147,0.07586844191010185,12,0.040776691315481735
5.362376449003932,2.5817544115531366,0.07612378262693947,12,0.04227367811666147
5.362865536000754,2.5817544115531366,0.07612378262693947,12,0.04227367811666147
5.3640568100017845,2.5817544115531366,0.07612378262693947,12,0.04227367811666147
5.365220863001014,2.5817544115531366,0.07612378262693947,12,0.04227367811666147
5.366392461000942,2.5817544115531366,0.07612378262693947,12,0.04227367811666147
5.367598361001001,2.5817544115531366,0.07612378262693947,12,0.04227367811666147
5.368083704001037,2.5817544115531366,0.07612378262693947,12,0.04227367811666147
5.369281753002724,2.5817544115531366,0.07612378262693947,12,0.04227367811666147
5.370530836000398,2.5817544115531366,0.07612378262693947,12,0.04227367811666147
5.371754200001305,2.5817544115531366,0.07612378262693947,12,0.04227367811666147
5.372943692003901,2.5817544115531366,0.07612378262693947,12,0.04227367811666147
5.374096378000104,2.5817544115531366,0.07612378262693947,12,0.04227367811666147
5.375230272002227,2.586446715258274,0.07638272442007771,12,0.04422764433740168
5.375708365005266,2.586446715258274,0.07638272442007771,12,0.04422764433740168
5.376874772002338,2.586446715258274,0.07638272442007771,12,0.04422764433740168
5.37806524100597,2.586446715258274,0.07638272442007771,12,0.04422764433740168
5.379196060006507,2.586446715258274,0.07638272442007771,12,0.04422764433740168
5.380361889001506,2.586446715258274,0.07638272442007771,12,0.04422764433740168
5.380827664004755,2.586446715258274,0.07638272442007771,12,0.04422764433740168
5.38199731700297,2.586446715258274,0.07638272442007771,12,0.04422764433740168
5.383213233006245,2.586446715258274,0.07638272442007771,12,0.04422764433740168
5.3844189980009105,2.586446715258274,0.07638272442007771,12,0.04422764433740168
5.38567111500015,2.586446715258274,0.07638272442007771,12,0.04422764433740168
5.386863183004607,2.586446715258274,0.07638272442007771,12,0.04422764433740168
5.388041932004853,2.586446715258274,0.07638272442007771,12,0.04422764433740168
5.388516684004571,2.586446715258274,0.07638272442007771,12,0.04422764433740168
5.389725453002029,2.586446715258274,0.07638272442007771,12,0.04422764433740168
5.390923050006677,2.586446715258274,0.07638272442007771,12,0.04422764433740168
5.392135546004283,2.586446715258274,0.07638272442007771,12,0.04422764433740168
5.3933092880033655,2.591174963896171,0.07664726739446082,12,0.046597983445658304
5.394456145004369,2.591174963896171,0.07664726739446082,12,0.046597983445658304
5.395653521001805,2.591174963896171,0.07664726739446082,12,0.046597983445658304
5.39681344100245,2.591174963896171,0.07664726739446082,12,0.046597983445658304
5.397955866006669,2.591174963896171,0.07664726739446082,12,0.046597983445658304
5.399113819003105,2.591174963896171,0.07664726739446082,12,0.046597983445658304
5.400232801002858,2.591174963896171,0.07664726739446082,12,0.046597983445658304
5.401795208003023,2.595937473043825,0.07691666324935145,12,0.049333567239697965
5.402336909006408,2.595937473043825,0.07691666324935145,12,0.049333567239697965
5.403552937001223,2.595937473043825,0.07691666324935145,12,0.049333567239697965
5.404035554005532,2.595937473043825,0.07691666324935145,12,0.049333567239697965
5.405232107004849,2.595937473043825,0.07691666324935145,12,0.049333567239697965
5.405718144000275,2.595937473043825,0.07691666324935145,12,0.049333567239697965
5.40693738200207,2.595937473043825,0.07691666324935145,12,0.049333567239697965
5.408179123005539,2.595937473043825,0.07691666324935145,12,0.049333567239697965
5.4086718000035034,2.595937473043825,0.07691666324935145,12,0.049333567239697965
5.409830575001251,2.595937473043825,0.07691666324935145,12,0.049333567239697965
5.410964896000223,2.595937473043825,0.07691666324935145,12,0.049333567239697965
5.412107488002221,2.595937473043825,0.07691666324935145,12,0.049333567239697965
5.412584792000416,2.595937473043825,0.07691666324935145,12,0.049333567239697965
5.413730601001589,2.595937473043825,0.07691666324935145,12,0.049333567239697965
5.41496501200163,2.614535821877735,0.07750389980228703,12,0.062094561424346974
5.4161439670060645,2.614535821877735,0.07750389980228703,12,0.062094561424346974
5.4166336910057,2.614535821877735,0.07750389980228703,12,0.062094561424346974
5.4178205560019705,2.614535821877735,0.07750389980228703,12,0.062094561424346974
5.419092198004364,2.614535821877735,0.07750389980228703,12,0.062094561424346974
5.419610281001951,2.614535821877735,0.07750389980228703,12,0.062094561424346974
5.420858142002544,2.614535821877735,0.07750389980228703,12,0.062094561424346974
5.422102395001275,2.614535821877735,0.07750389980228703,12,0.062094561424346974
5.423274990003847,2.614535821877735,0.07750389980228703,12,0.062094561424346974
5.4244425570068415,2.614535821877735,0.07750389980228703,12,0.062094561424346974
5.42563755500305,2.614535821877735,0.07750389980228703,12,0.062094561424346974
5.426121895005053,2.614535821877735,0.07750389980228703,12,0.062094561424346974
5.427338551002322,2.6193608444800156,0.0778022828626461,12,0.0659540479622214
5.427826671002549,2.6193608444800156,0.0778022828626461,12,0.0659540479622214
5.429016923000745,2.6193608444800156,0.0778022828626461,12,0.0659540479622214
5.430195148001076,2.6193608444800156,0.0778022828626461,12,0.0659540479622214
5.431371819002379,2.6193608444800156,0.0778022828626461,12,0.0659540479622214
5.432549201002985,2.6193608444800156,0.0778022828626461,12,0.0659540479622214
5.433022917000926,2.6193608444800156,0.0778022828626461,12,0.0659540479622214
5.434187694001594,2.6193608444800156,0.0778022828626461,12,0.0659540479622214
5.435413547005737,2.6193608444800156,0.0778022828626461,12,0.0659540479622214
5.436598132000654,2.6193608444800156,0.0778022828626461,12,0.0659540479622214
5.4370847919999505,2.6193608444800156,0.0778022828626461,12,0.0659540479622214
5.4386609150024015,2.624215364149031,0.0781063108236508,12,0.06996177659173113
5.439837846002774,2.624215364149031,0.0781063108236508,12,0.06996177659173113
5.441039583005477,2.624215364149031,0.0781063108236508,12,0.06996177659173113
5.442249242005346,2.624215364149031,0.0781063108236508,12,0.06996177659173113
5.44344764300331,2.624215364149031,0.0781063108236508,12,0.06996177659173113
5.444660653003666,2.624215364149031,0.0781063108236508,12,0.06996177659173113
5.445828631003678,2.624215364149031,0.0781063108236508,12,0.06996177659173113
5.4470776800008025,2.624215364149031,0.0781063108236508,12,0.06996177659173113
5.44827124200674,2.624215364149031,0.0781063108236508,12,0.06996177659173113
5.44875184600096,2.624215364149031,0.0781063108236508,12,0.06996177659173113
5.449907549002091,2.624215364149031,0.0781063108236508,12,0.06996177659173113
5.451066958004958,2.6290980086701023,0.07841519210626086,12,0.07409798467023204
5.452244645006431,2.6290980086701023,0.07841519210626086,12,0.07409798467023204
5.452742579000187,2.6290980086701023,0.07841519210626086,12,0.07409798467023204
5.453949457005365,2.6290980086701023,0.07841519210626086,12,0.07409798467023204
5.455257948000508,2.6290980086701023,0.07841519210626086,12,0.07409798467023204
5.456416543005616,2.6290980086701023,0.07841519210626086,12,0.07409798467023204
5.457638031002716,2.6290980086701023,0.07841519210626086,12,0.07409798467023204
5.458789917000104,2.6290980086701023,0.07841519210626086,12,0.07409798467023204
5.45990640900709,2.6290980086701023,0.07841519210626086,12,0.07409798467023204
5.4603456420009024,2.6290980086701023,0.07841519210626086,12,0.07409798467023204
5.461446586006787,2.6290980086701023,0.07841519210626086,12,0.07409798467023204
5.461878740003158,2.6290980086701023,0.07841519210626086,12,0.07409798467023204
5.462958423006057,2.6290980086701023,0.07841519210626086,12,0.07409798467023204
5.4640892340030405,2.6290980086701023,0.07841519210626086,12,0.07409798467023204
5.464695053000469,2.6290980086701023,0.07841519210626086,12,0.07409798467023204
5.465869928004395,2.6290980086701023,0.07841519210626086,12,0.07409798467023204
5.467049853999924,2.634007376371413,0.07872967381513934,12,0.07834687246999963
5.468362462001096,2.634007376371413,0.07872967381513934,12,0.07834687246999963
5.468857970001409,2.634007376371413,0.07872967381513934,12,0.07834687246999963
5.470044913003221,2.634007376371413,0.07872967381513934,12,0.07834687246999963
5.471191997006827,2.6389422287713664,0.07904894821573621,12,0.08269441798894864
5.472451026005729,2.6389422287713664,0.07904894821573621,12,0.08269441798894864
5.472941245003312,2.6389422287713664,0.07904894821573621,12,0.08269441798894864
5.474123548003263,2.6389422287713664,0.07904894821573621,12,0.08269441798894864
5.475291353002831,2.643893438963884,0.07937326343517986,12,0.08712244159185042
5.475769772005151,2.643893438963884,0.07937326343517986,12,0.08712244159185042
5.476844392003841,2.643893438963884,0.07937326343517986,12,0.08712244159185042
5.478086911003629,2.648852416115609,0.07970128526064832,12,0.09161379224030644
5.478553834000195,2.648852416115609,0.07970128526064832,12,0.09161379224030644
5.479714787004923,2.648852416115609,0.07970128526064832,12,0.09161379224030644
5.480834236004739,2.648852416115609,0.07970128526064832,12,0.09161379224030644
5.4819016580004245,2.648852416115609,0.07970128526064832,12,0.09161379224030644
5.483025188004831,2.648852416115609,0.07970128526064832,12,0.09161379224030644
5.484161238004162,2.648852416115609,0.07970128526064832,12,0.09161379224030644
5.4846598870062735,2.648852416115609,0.07970128526064832,12,0.09161379224030644
5.485791251005139,2.648852416115609,0.07970128526064832,12,0.09161379224030644
5.486924619006459,2.6538187244282985,0.08003380332680769,12,0.09616081008776957
5.487361728002725,2.6538187244282985,0.08003380332680769,12,0.09616081008776957
5.488553574999969,2.6538187244282985,0.08003380332680769,12,0.09616081008776957
5.489680065002176,2.6538187244282985,0.08003380332680769,12,0.09616081008776957
5.490832787007093,2.6538187244282985,0.08003380332680769,12,0.09616081008776957
5.4919690920069115,2.6538187244282985,0.08003380332680769,12,0.09616081008776957
5.493024443007016,2.6538187244282985,0.08003380332680769,12,0.09616081008776957
5.493631252000341,2.6538187244282985,0.08003380332680769,12,0.09616081008776957
5.494828175003931,2.6538187244282985,0.08003380332680769,12,0.09616081008776957
5.49595070000214,2.658792052564181,0.08037000897161992,12,0.10075645203534671
5.496441025003151,2.658792052564181,0.08037000897161992,12,0.10075645203534671
5.497850438005116,2.658792052564181,0.08037000897161992,12,0.10075645203534671
5.499137365004572,2.658792052564181,0.08037000897161992,12,0.10075645203534671
5.499612044004607,2.658792052564181,0.08037000897161992,12,0.10075645203534671
5.500813822000055,2.658792052564181,0.08037000897161992,12,0.10075645203534671
5.502059561003989,2.658792052564181,0.08037000897161992,12,0.10075645203534671
5.503397299005883,2.658792052564181,0.08037000897161992,12,0.10075645203534671
5.504644147004001,2.657503116883895,0.07958787572788706,12,0.09925495648942023
5.505173325000214,2.657503116883895,0.07958787572788706,12,0.09925495648942023
5.506458861003921,2.657503116883895,0.07958787572788706,12,0.09925495648942023
5.506919300001755,2.657503116883895,0.07958787572788706,12,0.09925495648942023
5.50801880400104,2.660632517315848,0.07879715609184909,12,0.10174159940195474
5.509128980003879,2.660632517315848,0.07879715609184909,12,0.10174159940195474
5.510402998006612,2.660632517315848,0.07879715609184909,12,0.10174159940195474
5.511609727000177,2.660632517315848,0.07879715609184909,12,0.10174159940195474
5.512703021006018,2.6593978517536705,0.07804622329294965,12,0.10030581474302658
5.513178644003347,2.6593978517536705,0.07804622329294965,12,0.10030581474302658
5.514406369002245,2.6593978517536705,0.07804622329294965,12,0.10030581474302658
5.515648578002583,2.6593978517536705,0.07804622329294965,12,0.10030581474302658
5.516101852001157,2.6593978517536705,0.07804622329294965,12,0.10030581474302658
5.517251061006391,2.662511017402802,0.07726710764703947,12,0.10282634637313207
5.518496758006222,2.662511017402802,0.07726710764703947,12,0.10282634637313207
5.518990503005625,2.662511017402802,0.07726710764703947,12,0.10282634637313207
5.520217719000357,2.662511017402802,0.07726710764703947,12,0.10282634637313207
5.521353296004236,2.662511017402802,0.07726710764703947,12,0.10282634637313207
5.5226346220006235,2.662511017402802,0.07726710764703947,12,0.10282634637313207
5.523756573005812,2.662511017402802,0.07726710764703947,12,0.10282634637313207
5.524881900004402,2.6620267244697833,0.07697176806529808,12,0.10226430300008917
5.52532547100418,2.6620267244697833,0.07697176806529808,12,0.10226430300008917
5.526468175004993,2.6620267244697833,0.07697176806529808,12,0.10226430300008917
5.527692201001628,2.6670065747152942,0.07746697173033434,13,0.10171312309103822
5.5281473160066525,2.6670065747152942,0.07746697173033434,13,0.10171312309103822
5.5292546920027235,2.6670065747152942,0.07746697173033434,13,0.10171312309103822
5.5303405660015414,2.6719957777212757,0.07792704560912904,13,0.09691836146983021
5.53149488800409,2.6719957777212757,0.07792704560912904,13,0.09691836146983021
5.531953050005541,2.6719957777212757,0.07792704560912904,13,0.09691836146983021
5.5330616680003,2.6719957777212757,0.07792704560912904,13,0.09691836146983021
5.534248702002515,2.6719957777212757,0.07792704560912904,13,0.09691836146983021
5.5353681500055245,2.6719957777212757,0.07792704560912904,13,0.09691836146983021
5.536505196003418,2.6719957777212757,0.07792704560912904,13,0.09691836146983021
5.5376012430060655,2.676989871523863,0.07839606390705613,13,0.09214378413082301
5.538692995003657,2.676989871523863,0.07839606390705613,13,0.09214378413082301
5.539823337006965,2.676989871523863,0.07839606390705613,13,0.09214378413082301
5.540918949001934,2.676989871523863,0.07839606390705613,13,0.09214378413082301
5.5419836480068625,2.676989871523863,0.07839606390705613,13,0.09214378413082301
5.542412189002789,2.676989871523863,0.07839606390705613,13,0.09214378413082301
5.543455333005113,2.676989871523863,0.07839606390705613,13,0.09214378413082301
5.543895775001147,2.676989871523863,0.07839606390705613,13,0.09214378413082301
5.544956418001675,2.6819906246887246,0.07885182745487022,13,0.08738659849987855
5.545376925001619,2.6819906246887246,0.07885182745487022,13,0.08738659849987855
5.546437847006018,2.6819906246887246,0.07885182745487022,13,0.08738659849987855
5.5475180790017475,2.6819906246887246,0.07885182745487022,13,0.08738659849987855
5.548612001002766,2.6819906246887246,0.07885182745487022,13,0.08738659849987855
5.549753283004975,2.6819906246887246,0.07885182745487022,13,0.08738659849987855
5.550217052004882,2.6819906246887246,0.07885182745487022,13,0.08738659849987855
5.551354317001824,2.6819906246887246,0.07885182745487022,13,0.08738659849987855
5.5525629650001065,2.6819906246887246,0.07885182745487022,13,0.08738659849987855
5.553662524005631,2.6819906246887246,0.07885182745487022,13,0.08738659849987855
5.554080159003206,2.6819906246887246,0.07885182745487022,13,0.08738659849987855
5.555131631001132,2.6819906246887246,0.07885182745487022,13,0.08738659849987855
5.556232317001559,2.6819906246887246,0.07885182745487022,13,0.08738659849987855
5.556672163002077,2.6819906246887246,0.07885182745487022,13,0.08738659849987855
5.557750705003855,2.6819906246887246,0.07885182745487022,13,0.08738659849987855
5.5587950960034505,2.6819906246887246,0.07885182745487022,13,0.08738659849987855
5.559817999004736,2.6819906246887246,0.07885182745487022,13,0.08738659849987855
5.560226022003917,2.6819906246887246,0.07885182745487022,13,0.08738659849987855
5.56125812400569,2.686976706288768,0.07930073354639534,13,0.08267305842265131
5.563076163001824,2.686976706288768,0.07930073354639534,13,0.08267305842265131
5.564239257000736,2.686976706288768,0.07930073354639534,13,0.08267305842265131
5.564701222006988,2.686976706288768,0.07930073354639534,13,0.08267305842265131
5.565764218001277,2.691939400088436,0.0796439641494263,13,0.077988686991434
5.566945807004231,2.691939400088436,0.0796439641494263,13,0.077988686991434
5.5681480600032955,2.691939400088436,0.0796439641494263,13,0.077988686991434
5.568628926004749,2.691939400088436,0.0796439641494263,13,0.077988686991434
5.570048236004368,2.691939400088436,0.0796439641494263,13,0.077988686991434
5.571390102006262,2.691939400088436,0.0796439641494263,13,0.077988686991434
5.5725464730057865,2.691939400088436,0.0796439641494263,13,0.077988686991434
5.5730073700033245,2.691939400088436,0.0796439641494263,13,0.077988686991434
5.574139190001006,2.691939400088436,0.0796439641494263,13,0.077988686991434
5.574599207000574,2.691939400088436,0.0796439641494263,13,0.077988686991434
5.575793579002493,2.691939400088436,0.0796439641494263,13,0.077988686991434
5.576830259000417,2.691939400088436,0.0796439641494263,13,0.077988686991434
5.577555798001413,2.691939400088436,0.0796439641494263,13,0.077988686991434
5.578306118004548,2.691939400088436,0.0796439641494263,13,0.077988686991434
5.578566658005002,2.691939400088436,0.0796439641494263,13,0.077988686991434
5.57918712200626,2.691939400088436,0.0796439641494263,13,0.077988686991434
5.5798060610031825,2.691939400088436,0.0796439641494263,13,0.077988686991434
5.580398848003824,2.691939400088436,0.0796439641494263,13,0.077988686991434
5.581066062004538,2.691939400088436,0.0796439641494263,13,0.077988686991434
5.582140504004201,2.6968760159295733,0.07998937035230519,13,0.073368049698648
5.583118430004106,2.6968760159295733,0.07998937035230519,13,0.073368049698648
5.584209173001,2.6968760159295733,0.07998937035230519,13,0.073368049698648
5.585342267004307,2.6968760159295733,0.07998937035230519,13,0.073368049698648
5.5858317610036465,2.6968760159295733,0.07998937035230519,13,0.073368049698648
5.58695172300213,2.6968760159295733,0.07998937035230519,13,0.073368049698648
5.587369100001524,2.6968760159295733,0.07998937035230519,13,0.073368049698648
5.588430071002222,2.7017915174766967,0.08033645342493496,13,0.06881355336716531
5.589485760006937,2.7017915174766967,0.08033645342493496,13,0.06881355336716531
5.59053115700226,2.7017915174766967,0.08033645342493496,13,0.06881355336716531
5.591599119004968,2.7017915174766967,0.08033645342493496,13,0.06881355336716531
5.592646662000334,2.7017915174766967,0.08033645342493496,13,0.06881355336716531
5.59304946300108,2.7017915174766967,0.08033645342493496,13,0.06881355336716531
5.594065927005431,2.7017915174766967,0.08033645342493496,13,0.06881355336716531
5.59508679999999,2.7017915174766967,0.08033645342493496,13,0.06881355336716531
5.596112029001233,2.7017915174766967,0.08033645342493496,13,0.06881355336716531
5.59651614100585,2.7017915174766967,0.08033645342493496,13,0.06881355336716531
5.597529130005569,2.7017915174766967,0.08033645342493496,13,0.06881355336716531
5.598617875002674,2.7017915174766967,0.08033645342493496,13,0.06881355336716531
5.599748671003908,2.7017915174766967,0.08033645342493496,13,0.06881355336716531
5.600192371006415,2.7017915174766967,0.08033645342493496,13,0.06881355336716531
5.601303744006145,2.7017915174766967,0.08033645342493496,13,0.06881355336716531
5.602416922003613,2.7017915174766967,0.08033645342493496,13,0.06881355336716531
5.603511448003701,2.706689823438807,0.08068623776717304,13,0.06433113785423931
5.604618746001506,2.706689823438807,0.08068623776717304,13,0.06433113785423931
5.6050603430048795,2.706689823438807,0.08068623776717304,13,0.06433113785423931
5.606052420000196,2.706689823438807,0.08068623776717304,13,0.06433113785423931
5.607254600006854,2.709752159971489,0.08204293314419872,13,0.06199931580175994
5.607737293001264,2.709752159971489,0.08204293314419872,13,0.06199931580175994
5.608858334002434,2.709752159971489,0.08204293314419872,13,0.06199931580175994
5.6099362970053335,2.709752159971489,0.08204293314419872,13,0.06199931580175994
5.611016943003051,2.709752159971489,0.08204293314419872,13,0.06199931580175994
5.612040807005542,2.70954465991825,0.08215718590491969,13,0.06223500237109213
5.613064103003126,2.70954465991825,0.08215718590491969,13,0.06223500237109213
5.613487470000109,2.70954465991825,0.08215718590491969,13,0.06223500237109213
5.614569078999921,2.70954465991825,0.08215718590491969,13,0.06223500237109213
5.615640796000662,2.70954465991825,0.08215718590491969,13,0.06223500237109213
5.6160681000037584,2.70954465991825,0.08215718590491969,13,0.06223500237109213
5.617147693999868,2.70954465991825,0.08215718590491969,13,0.06223500237109213
5.618098866005312,2.70954465991825,0.08215718590491969,13,0.06223500237109213
5.61936009600322,2.7144171411961833,0.08251933627266089,13,0.05793902826426111
5.61994316700293,2.7144171411961833,0.08251933627266089,13,0.05793902826426111
5.621100381002179,2.7144171411961833,0.08251933627266089,13,0.05793902826426111
5.6225033510054345,2.7144171411961833,0.08251933627266089,13,0.05793902826426111
5.623695738002425,2.7144171411961833,0.08251933627266089,13,0.05793902826426111
5.624177328005317,2.7144171411961833,0.08251933627266089,13,0.05793902826426111
5.62542512100481,2.7144171411961833,0.08251933627266089,13,0.05793902826426111
5.6266099760032375,2.7144171411961833,0.08251933627266089,13,0.05793902826426111
5.627762541000266,2.719280410994315,0.08288388867125976,13,0.053753203363517826
5.628195624005457,2.719280410994315,0.08288388867125976,13,0.053753203363517826
5.629385982007079,2.719280410994315,0.08288388867125976,13,0.053753203363517826
5.630638239999826,2.719280410994315,0.08288388867125976,13,0.053753203363517826
5.63185407200217,2.719280410994315,0.08288388867125976,13,0.053753203363517826
5.633009252000193,2.719280410994315,0.08288388867125976,13,0.053753203363517826
5.633483139004966,2.719280410994315,0.08288388867125976,13,0.053753203363517826
5.634780995002075,2.719280410994315,0.08288388867125976,13,0.053753203363517826
5.635968188005791,2.719280410994315,0.08288388867125976,13,0.053753203363517826
5.6371431600055075,2.719280410994315,0.08288388867125976,13,0.053753203363517826
5.6376302980061155,2.719280410994315,0.08288388867125976,13,0.053753203363517826
5.638819056002831,2.719280410994315,0.08288388867125976,13,0.053753203363517826
5.6399441360044875,2.719280410994315,0.08288388867125976,13,0.053753203363517826
5.641042724004365,2.724136118914453,0.0832517218111275,13,0.049701747863245514
5.641494966002938,2.724136118914453,0.0832517218111275,13,0.049701747863245514
5.642631466005696,2.724136118914453,0.0832517218111275,13,0.049701747863245514
5.643754140000965,2.724136118914453,0.0832517218111275,13,0.049701747863245514
5.644863116001943,2.724136118914453,0.0832517218111275,13,0.049701747863245514
5.645322707001469,2.724136118914453,0.0832517218111275,13,0.049701747863245514
5.646455822999997,2.724136118914453,0.0832517218111275,13,0.049701747863245514
5.64758010400692,2.724136118914453,0.0832517218111275,13,0.049701747863245514
5.648721411002043,2.7290095310938254,0.08362398903422405,13,0.0457978014995151
5.649162786001398,2.7290095310938254,0.08362398903422405,13,0.0457978014995151
5.650315817001683,2.7290095310938254,0.08362398903422405,13,0.0457978014995151
5.651523931002885,2.7290095310938254,0.08362398903422405,13,0.0457978014995151
5.652727967004466,2.7290095310938254,0.08362398903422405,13,0.0457978014995151
5.653885589999845,2.7290095310938254,0.08362398903422405,13,0.0457978014995151
5.654357555002207,2.7290095310938254,0.08362398903422405,13,0.0457978014995151
5.655530308002199,2.7290095310938254,0.08362398903422405,13,0.0457978014995151
5.656675151003583,2.7290095310938254,0.08362398903422405,13,0.0457978014995151
5.65777535700181,2.7290095310938254,0.08362398903422405,13,0.0457978014995151
5.658240434000618,2.7290095310938254,0.08362398903422405,13,0.0457978014995151
5.659842730005039,2.7290095310938254,0.08362398903422405,13,0.0457978014995151
5.66102854500059,2.7339240192450722,0.08400331706254807,13,0.04207208592891874
5.661445495999942,2.7339240192450722,0.08400331706254807,13,0.04207208592891874
5.66254711500369,2.7339240192450722,0.08400331706254807,13,0.04207208592891874
5.663760376002756,2.7339240192450722,0.08400331706254807,13,0.04207208592891874
5.664895694004372,2.7339240192450722,0.08400331706254807,13,0.04207208592891874
5.666024104000826,2.7339240192450722,0.08400331706254807,13,0.04207208592891874
5.666489952003758,2.7339240192450722,0.08400331706254807,13,0.04207208592891874
5.667658833001042,2.7388776673633113,0.08438885646864175,13,0.03859297934082042
5.668743579000875,2.7388776673633113,0.08438885646864175,13,0.03859297934082042
5.669876499006932,2.7388776673633113,0.08438885646864175,13,0.03859297934082042
5.670342720004555,2.7388776673633113,0.08438885646864175,13,0.03859297934082042
5.671526138001354,2.7388776673633113,0.08438885646864175,13,0.03859297934082042
5.672766583003977,2.7388776673633113,0.08438885646864175,13,0.03859297934082042
5.673890404999838,2.7388776673633113,0.08438885646864175,13,0.03859297934082042
5.675001925003016,2.7388776673633113,0.08438885646864175,13,0.03859297934082042
5.676149213002645,2.7388776673633113,0.08438885646864175,13,0.03859297934082042
5.676603739004349,2.7388776673633113,0.08438885646864175,13,0.03859297934082042
5.6776818390062544,2.7388776673633113,0.08438885646864175,13,0.03859297934082042
5.678798543005541,2.7388776673633113,0.08438885646864175,13,0.03859297934082042
5.679241527002887,2.7388776673633113,0.08438885646864175,13,0.03859297934082042
5.680412403002265,2.7388776673633113,0.08438885646864175,13,0.03859297934082042
5.681621104005899,2.7388776673633113,0.08438885646864175,13,0.03859297934082042
5.682801229006145,2.7388776673633113,0.08438885646864175,13,0.03859297934082042
5.6840658910005,2.7438567908826554,0.08490610064295573,13,0.03555448327890008
5.684543522002059,2.7438567908826554,0.08490610064295573,13,0.03555448327890008
5.685745532005967,2.7438567908826554,0.08490610064295573,13,0.03555448327890008
5.686849594007072,2.7438567908826554,0.08490610064295573,13,0.03555448327890008
5.688010639001732,2.7438567908826554,0.08490610064295573,13,0.03555448327890008
5.689246304005792,2.7438567908826554,0.08490610064295573,13,0.03555448327890008
5.689736496002297,2.7438567908826554,0.08490610064295573,13,0.03555448327890008
5.690916564002691,2.7438567908826554,0.08490610064295573,13,0.03555448327890008
5.6920318830016186,2.7438567908826554,0.08490610064295573,13,0.03555448327890008
5.693195493004168,2.7488635741623813,0.08550183864361979,13,0.03305001773898662
5.693678390001878,2.7488635741623813,0.08550183864361979,13,0.03305001773898662
5.694843563003815,2.7488635741623813,0.08550183864361979,13,0.03305001773898662
5.695962428006169,2.7488635741623813,0.08550183864361979,13,0.03305001773898662
5.697094462004316,2.7488635741623813,0.08550183864361979,13,0.03305001773898662
5.697569954005303,2.7488635741623813,0.08550183864361979,13,0.03305001773898662
5.698769255002844,2.7488635741623813,0.08550183864361979,13,0.03305001773898662
5.699930581002263,2.7488635741623813,0.08550183864361979,13,0.03305001773898662
5.700363412004663,2.7488635741623813,0.08550183864361979,13,0.03305001773898662
5.701444029000413,2.7488635741623813,0.08550183864361979,13,0.03305001773898662
5.702595678005309,2.7488635741623813,0.08550183864361979,13,0.03305001773898662
5.7037578920062515,2.7488635741623813,0.08550183864361979,13,0.03305001773898662
5.704899446005584,2.7539039719526874,0.08610418705981718,13,0.031158295921000997
5.705363933004264,2.7539039719526874,0.08610418705981718,13,0.031158295921000997
5.706519473002118,2.7539039719526874,0.08610418705981718,13,0.031158295921000997
5.707672135002213,2.7539039719526874,0.08610418705981718,13,0.031158295921000997
5.708787986004609,2.7539039719526874,0.08610418705981718,13,0.031158295921000997
5.709218550000514,2.7539039719526874,0.08610418705981718,13,0.031158295921000997
5.7103124290006235,2.7539039719526874,0.08610418705981718,13,0.031158295921000997
5.711461209000845,2.7539039719526874,0.08610418705981718,13,0.031158295921000997
5.712629524001386,2.7539039719526874,0.08610418705981718,13,0.031158295921000997
5.713774734002072,2.7539039719526874,0.08610418705981718,13,0.031158295921000997
5.714957124000648,2.758973786289559,0.08673399307972329,13,0.030034034568234284
5.716145848004089,2.758973786289559,0.08673399307972329,13,0.030034034568234284
5.716621282001142,2.758973786289559,0.08673399307972329,13,0.030034034568234284
5.7177521270059515,2.758973786289559,0.08673399307972329,13,0.030034034568234284
5.718211869003426,2.758973786289559,0.08673399307972329,13,0.030034034568234284
5.719339404000493,2.758973786289559,0.08673399307972329,13,0.030034034568234284
5.720507014004397,2.758909174750132,0.08676441467675405,13,0.03008026682177066
5.721002470003441,2.758909174750132,0.08676441467675405,13,0.03008026682177066
5.722084894005093,2.758909174750132,0.08676441467675405,13,0.03008026682177066
5.723237493002671,2.758909174750132,0.08676441467675405,13,0.03008026682177066
5.724372433003737,2.758909174750132,0.08676441467675405,13,0.03008026682177066
5.725462360001984,2.7634292796873203,0.08767457078110602,13,0.030128183141712516
5.725927933002822,2.7634292796873203,0.08767457078110602,13,0.030128183141712516
5.72703822600306,2.7634292796873203,0.08767457078110602,13,0.030128183141712516
5.728150480004842,2.7634292796873203,0.08767457078110602,13,0.030128183141712516
5.729213436003192,2.7634292796873203,0.08767457078110602,13,0.030128183141712516
5.729659038006503,2.7634292796873203,0.08767457078110602,13,0.030128183141712516
5.730749914000626,2.7630020394868344,0.087873704296199,13,0.03037635901884697
5.731893916999979,2.7630020394868344,0.087873704296199,13,0.03037635901884697
5.733069287001854,2.7630020394868344,0.087873704296199,13,0.03037635901884697
5.734166344002006,2.7630020394868344,0.087873704296199,13,0.03037635901884697
5.735378399003821,2.767516320707101,0.08884091646520553,13,0.03111536031617673
5.735899467006675,2.767516320707101,0.08884091646520553,13,0.03111536031617673
5.737048491006135,2.767516320707101,0.08884091646520553,13,0.03111536031617673
5.752695918003155,2.767516320707101,0.08884091646520553,13,0.03111536031617673
5.754191110005195,2.772400764223438,0.08965956902842281,13,0.03241523832976473
5.754748443003336,2.772400764223438,0.08965956902842281,13,0.03241523832976473
5.755991783000354,2.777570600258048,0.0903792027600396,13,0.03438000080481116
5.756436118004785,2.777570600258048,0.0903792027600396,13,0.03438000080481116
5.7575544100036495,2.777570600258048,0.0903792027600396,13,0.03438000080481116
5.758000143003301,2.777570600258048,0.0903792027600396,13,0.03438000080481116
5.7591051630006405,2.777570600258048,0.0903792027600396,13,0.03438000080481116
5.759546021006827,2.777570600258048,0.0903792027600396,13,0.03438000080481116
5.76080779300537,2.777570600258048,0.0903792027600396,13,0.03438000080481116
5.7612413490060135,2.777570600258048,0.0903792027600396,13,0.03438000080481116
5.762321909001912,2.777570600258048,0.0903792027600396,13,0.03438000080481116
5.762789791006071,2.777570600258048,0.0903792027600396,13,0.03438000080481116
5.763967011000204,2.777570600258048,0.0903792027600396,13,0.03438000080481116
5.76511873700656,2.777570600258048,0.0903792027600396,13,0.03438000080481116
5.766207910004596,2.777570600258048,0.0903792027600396,13,0.03438000080481116
5.767312788004347,2.777570600258048,0.0903792027600396,13,0.03438000080481116
5.768456628000422,2.7827580657687903,0.09109396915647339,13,0.0369858002960831
5.769633582000097,2.7827580657687903,0.09109396915647339,13,0.0369858002960831
5.770092017002753,2.7827580657687903,0.09109396915647339,13,0.0369858002960831
5.771536227002798,2.7827580657687903,0.09109396915647339,13,0.0369858002960831
5.772031965003407,2.7827580657687903,0.09109396915647339,13,0.0369858002960831
5.773185830999864,2.7827580657687903,0.09109396915647339,13,0.0369858002960831
5.774456101004034,2.7827580657687903,0.09109396915647337,13,0.03698580029608309
5.77563843200187,2.7827580657687903,0.09109396915647337,13,0.03698580029608309
5.776780962005432,2.7827580657687903,0.09109396915647337,13,0.03698580029608309
5.7772458430044935,2.7827580657687903,0.09109396915647337,13,0.03698580029608309
5.77837353200448,2.7827580657687903,0.09109396915647337,13,0.03698580029608309
5.779452465001668,2.7827580657687903,0.09109396915647337,13,0.03698580029608309
5.780584272004489,2.7827580657687903,0.09109396915647337,13,0.03698580029608309
5.7816776240069885,2.7879585398039937,0.09183120871058523,13,0.040135251980243425
5.782130398001755,2.7879585398039937,0.09183120871058523,13,0.040135251980243425
5.78324842100119,2.7879585398039937,0.09183120871058523,13,0.040135251980243425
5.7844497180049075,2.7879585398039937,0.09183120871058523,13,0.040135251980243425
5.785607482001069,2.7879585398039937,0.09183120871058523,13,0.040135251980243425
5.7867933430025005,2.7879585398039937,0.09183120871058523,13,0.040135251980243425
5.787247276006383,2.7879585398039937,0.09183120871058523,13,0.040135251980243425
5.788373702001991,2.7879585398039937,0.09183120871058523,13,0.040135251980243425
5.789526148000732,2.7879585398039937,0.09183120871058523,13,0.040135251980243425
5.79060970700084,2.7879585398039937,0.09183120871058523,13,0.040135251980243425
5.791046181002457,2.7879585398039937,0.09183120871058523,13,0.040135251980243425
5.792097382000065,2.7879585398039937,0.09183120871058523,13,0.040135251980243425
5.793152126003406,2.7879585398039937,0.09183120871058523,13,0.040135251980243425
5.794319276006718,2.7879585398039937,0.09183120871058523,13,0.040135251980243425
5.795463834001566,2.793178004496416,0.09254245371115205,13,0.043681758779251505
5.795912081004644,2.793178004496416,0.09254245371115205,13,0.043681758779251505
5.7970567060037865,2.793178004496416,0.09254245371115205,13,0.043681758779251505
5.798184639003011,2.793178004496416,0.09254245371115205,13,0.043681758779251505
5.799266840003838,2.7984171803330753,0.09321531656109106,13,0.04753285584230946
5.79969151300611,2.7984171803330753,0.09321531656109106,13,0.04753285584230946
5.8007630850042915,2.7984171803330753,0.09321531656109106,13,0.04753285584230946
5.801823236004566,2.7984171803330753,0.09321531656109106,13,0.04753285584230946
5.80288485300116,2.7984171803330753,0.09321531656109106,13,0.04753285584230946
5.8039162140048575,2.7984171803330753,0.09321531656109106,13,0.04753285584230946
5.805052011004591,2.7984171803330753,0.09321531656109106,13,0.04753285584230946
5.806143825000618,2.7984171803330753,0.09321531656109106,13,0.04753285584230946
5.806609172002936,2.7984171803330753,0.09321531656109106,13,0.04753285584230946
5.807676252006786,2.7984171803330753,0.09321531656109106,13,0.04753285584230946
5.808692354999948,2.7984171803330753,0.09321531656109106,13,0.04753285584230946
5.809706571002607,2.7984171803330753,0.09321531656109106,13,0.04753285584230946
5.81010102500295,2.7984171803330753,0.09321531656109106,13,0.04753285584230946
5.81113856400043,2.7984171803330753,0.09321531656109106,13,0.04753285584230946
5.8122098020030535,2.7984171803330753,0.09321531656109106,13,0.04753285584230946
5.813269981001213,2.7984171803330753,0.09321531656109106,13,0.04753285584230946
5.814295676005713,2.8036692906173335,0.09389603496670648,13,0.05165243603976011
5.815415937002399,2.8036692906173335,0.09389603496670648,13,0.05165243603976011
5.815894500003196,2.8036692906173335,0.09389603496670648,13,0.05165243603976011
5.817136897007003,2.8036692906173335,0.09389603496670648,13,0.05165243603976011
5.818368023006769,2.8036692906173335,0.09389603496670648,13,0.05165243603976011
5.819722527005069,2.8036692906173335,0.09389603496670648,13,0.05165243603976011
5.820147551006812,2.8036692906173335,0.09389603496670648,13,0.05165243603976011
5.821254551003221,2.8036692906173335,0.09389603496670648,13,0.05165243603976011
5.822438647002855,2.8036692906173335,0.09389603496670648,13,0.05165243603976011
5.823606858000858,2.8036692906173335,0.09389603496670648,13,0.05165243603976011
5.824684975006676,2.8036692906173335,0.09389603496670648,13,0.05165243603976011
5.825749759002065,2.8036692906173335,0.09389603496670648,13,0.05165243603976011
5.826760991003539,2.8036692906173335,0.09389603496670648,13,0.05165243603976011
5.827747292001732,2.8036692906173335,0.09389603496670648,13,0.05165243603976011
5.8287498710051295,2.8036692906173335,0.09389603496670648,13,0.05165243603976011
5.8298013110033935,2.8089362689097013,0.0945642753117284,13,0.05597325989655591
5.830856018001214,2.8089362689097013,0.0945642753117284,13,0.05597325989655591
5.831966970006761,2.8089362689097013,0.0945642753117284,13,0.05597325989655591
5.832991626004514,2.8089362689097013,0.0945642753117284,13,0.05597325989655591
5.834079569001915,2.8142136200921373,0.09525017807826758,13,0.06047083129187618
5.83452956200199,2.8142136200921373,0.09525017807826758,13,0.06047083129187618
5.835651048000727,2.8142136200921373,0.09525017807826758,13,0.06047083129187618
5.836062190006487,2.8142136200921373,0.09525017807826758,13,0.06047083129187618
5.83716344700224,2.8142136200921373,0.09525017807826758,13,0.06047083129187618
5.837616714001342,2.8142136200921373,0.09525017807826758,13,0.06047083129187618
5.838748999005475,2.8142136200921373,0.09525017807826758,13,0.06047083129187618
5.839162530006433,2.8142136200921373,0.09525017807826758,13,0.06047083129187618
5.840248771004553,2.8143662160059084,0.09556282901365849,13,0.06078466503057574
5.840639514004579,2.8143662160059084,0.09556282901365849,13,0.06078466503057574
5.841685399005655,2.8143662160059084,0.09556282901365849,13,0.06078466503057574
5.84273156200652,2.8143662160059084,0.09556282901365849,13,0.06078466503057574
5.843843606002338,2.809874385362215,0.09524420010993834,13,0.05712716650329729
5.84494574200653,2.809874385362215,0.09524420010993834,13,0.05712716650329729
5.8453924500063295,2.809874385362215,0.09524420010993834,13,0.05712716650329729
5.846494583005551,2.809874385362215,0.09524420010993834,13,0.05712716650329729
5.847593072001473,2.8114029659320794,0.09567207090979249,13,0.0585649742291274
5.848630532003881,2.8114029659320794,0.09567207090979249,13,0.0585649742291274
5.849782858000253,2.8114029659320794,0.09567207090979249,13,0.0585649742291274
5.8509189169999445,2.8114029659320794,0.09567207090979249,13,0.0585649742291274
5.8513571720031905,2.8114029659320794,0.09567207090979249,13,0.0585649742291274
5.852391513006296,2.8114029659320794,0.09567207090979249,13,0.0585649742291274
5.853448688001663,2.8114029659320794,0.09567207090979249,13,0.0585649742291274
5.854558464001457,2.8114029659320794,0.09567207090979249,13,0.0585649742291274
5.8550199560049805,2.8114029659320794,0.09567207090979249,13,0.0585649742291274
5.856114782000077,2.8114029659320794,0.09567207090979249,13,0.0585649742291274
5.8571566060054465,2.8114029659320794,0.09567207090979249,13,0.0585649742291274
5.858174377004616,2.8114029659320794,0.09567207090979249,13,0.0585649742291274
5.858622106999974,2.8114029659320794,0.09567207090979249,13,0.0585649742291274
5.859671576006804,2.8114029659320794,0.09567207090979249,13,0.0585649742291274
5.860715200004051,2.816714602228514,0.09635911567600083,13,0.06312398378793217
5.8617759110056795,2.816714602228514,0.09635911567600083,13,0.06312398378793217
5.862797360001423,2.816714602228514,0.09635911567600083,13,0.06312398378793217
5.863874660004512,2.816714602228514,0.09635911567600083,13,0.06312398378793217
5.864313484002196,2.816714602228514,0.09635911567600083,13,0.06312398378793217
5.8653737630011165,2.816714602228514,0.09635911567600083,13,0.06312398378793217
5.866308041004231,2.816714602228514,0.09635911567600083,13,0.06312398378793217
5.86720007200347,2.816714602228514,0.09635911567600083,13,0.06312398378793217
5.868112411000766,2.816714602228514,0.09635911567600083,13,0.06312398378793217
5.869097823000629,2.816714602228514,0.09635911567600083,13,0.06312398378793217
5.870028221004759,2.816714602228514,0.09635911567600083,13,0.06312398378793217
5.870886404001794,2.816714602228514,0.09635911567600083,13,0.06312398378793217
5.871714353001153,2.822034135704586,0.09706529732505614,13,0.06781715850556687
5.8720698340039235,2.822034135704586,0.09706529732505614,13,0.06781715850556687
5.872889264006517,2.822034135704586,0.09706529732505614,13,0.06781715850556687
5.87390056100412,2.822034135704586,0.09706529732505614,13,0.06781715850556687
5.8748825440052315,2.822034135704586,0.09706529732505614,13,0.06781715850556687
5.875844154004881,2.822034135704586,0.09706529732505614,13,0.06781715850556687
5.876805593004974,2.822034135704586,0.09706529732505614,13,0.06781715850556687
5.877184633005527,2.822034135704586,0.09706529732505614,13,0.06781715850556687
5.878136655002891,2.822034135704586,0.09706529732505614,13,0.06781715850556687
5.879108000000997,2.822034135704586,0.09706529732505614,13,0.06781715850556687
5.880067490004876,2.822034135704586,0.09706529732505614,13,0.06781715850556687
5.880443675006973,2.822034135704586,0.09706529732505614,13,0.06781715850556687
5.881378683006915,2.822034135704586,0.09706529732505614,13,0.06781715850556687
5.882435608000378,2.8273577531999377,0.0977622418781777,13,0.07260195629021302
5.883515790003003,2.8273577531999377,0.0977622418781777,13,0.07260195629021302
5.884588295004505,2.8273577531999377,0.0977622418781777,13,0.07260195629021302
5.885663156004739,2.8273577531999377,0.0977622418781777,13,0.07260195629021302
5.886078134004492,2.8273577531999377,0.0977622418781777,13,0.07260195629021302
5.88714805500058,2.8273577531999377,0.0977622418781777,13,0.07260195629021302
5.888281088002259,2.8273577531999377,0.0977622418781777,13,0.07260195629021302
5.889065310002479,2.8273577531999377,0.0977622418781777,13,0.07260195629021302
5.8893717700048,2.8273577531999377,0.0977622418781777,13,0.07260195629021302
5.890003390006314,2.8273577531999377,0.0977622418781777,13,0.07260195629021302
5.890648346001399,2.8273577531999377,0.0977622418781777,13,0.07260195629021302
5.891273474000627,2.8273577531999377,0.0977622418781777,13,0.07260195629021302
5.892020677005348,2.83267505644718,0.09847661696013738,13,0.07746716927480482
5.893023164004262,2.83267505644718,0.09847661696013738,13,0.07746716927480482
5.894183534001058,2.83267505644718,0.09847661696013738,13,0.07746716927480482
5.894813386003079,2.83267505644718,0.09847661696013738,13,0.07746716927480482
5.896139289005077,2.83267505644718,0.09847661696013739,13,0.07746716927480483
5.8970136850039125,2.83267505644718,0.09847661696013739,13,0.07746716927480483
5.897355391003657,2.83267505644718,0.09847661696013739,13,0.07746716927480483
5.898200540999824,2.83267505644718,0.09847661696013739,13,0.07746716927480483
5.899116035005136,2.83267505644718,0.09847661696013739,13,0.07746716927480483
5.900161856006889,2.8379904739036106,0.09918083998378785,13,0.08238773252054162
5.901243599000736,2.8379904739036106,0.09918083998378785,13,0.08238773252054162
5.902289413999824,2.8379904739036106,0.09918083998378785,13,0.08238773252054162
5.90330510300555,2.8379904739036106,0.09918083998378785,13,0.08238773252054162
5.904269030004798,2.8379904739036106,0.09918083998378785,13,0.08238773252054162
5.905304542000522,2.8379904739036106,0.09918083998378785,13,0.08238773252054162
5.906284913005948,2.8379904739036106,0.09918083998378785,13,0.08238773252054162
5.907290543000272,2.8379904739036106,0.09918083998378785,13,0.08238773252054162
5.908262062002905,2.8379904739036106,0.09918083998378785,13,0.08238773252054162
5.909216585001559,2.8379904739036106,0.09918083998378785,13,0.08238773252054162
5.910148853006831,2.8433009005845835,0.0999026870187138,13,0.08736438695659766
5.91111458800151,2.8433009005845835,0.0999026870187138,13,0.08736438695659766
5.9120737580014975,2.8433009005845835,0.0999026870187138,13,0.08736438695659766
5.91320136700233,2.8433009005845835,0.0999026870187138,13,0.08736438695659766
5.914276246003283,2.8433009005845835,0.0999026870187138,13,0.08736438695659766
5.9146901550047914,2.8433009005845835,0.0999026870187138,13,0.08736438695659766
5.915950759001134,2.8433009005845835,0.0999026870187138,13,0.08736438695659766
5.9163838750027935,2.8433009005845835,0.0999026870187138,13,0.08736438695659766
5.917505165001785,2.8433009005845835,0.0999026870187138,13,0.08736438695659766
5.917949587004841,2.8433009005845835,0.0999026870187138,13,0.08736438695659766
5.919045817005099,2.848610550877103,0.10061454374610304,13,0.09237853216316118
5.919439795005019,2.848610550877103,0.10061454374610304,13,0.09237853216316118
5.920515931000409,2.848610550877103,0.10061454374610304,13,0.09237853216316118
5.920971277002536,2.848610550877103,0.10061454374610304,13,0.09237853216316118
5.922135334003542,2.848610550877103,0.10061454374610304,13,0.09237853216316118
5.9232761439998285,2.848610550877103,0.10061454374610304,13,0.09237853216316118
5.923740450001787,2.848610550877103,0.10061454374610304,13,0.09237853216316118
5.924804257003416,2.848610550877103,0.10061454374610304,13,0.09237853216316118
5.925817560004361,2.848610550877103,0.10061454374610304,13,0.09237853216316118
5.926797485000861,2.848610550877103,0.10061454374610304,13,0.09237853216316118
5.9277508100058185,2.848610550877103,0.10061454374610304,13,0.09237853216316118
5.928497047003475,2.848610550877103,0.10061454374610304,13,0.09237853216316118
5.929455962002976,2.848610550877103,0.10061454374610304,13,0.09237853216316118
5.930517364002299,2.848610550877103,0.10061454374610304,13,0.09237853216316118
5.93099765900115,2.848610550877103,0.10061454374610304,13,0.09237853216316118
5.932169858002453,2.848610550877103,0.10061454374610304,13,0.09237853216316118
5.932994452006824,2.848610550877103,0.10061454374610304,13,0.09237853216316118
5.933779675004189,2.848610550877103,0.10061454374610304,13,0.09237853216316118
5.934570813005848,2.853916071618075,0.10134412780384972,13,0.09743343776389873
5.934853758000827,2.853916071618075,0.10134412780384972,13,0.09743343776389873
5.935453756006609,2.853916071618075,0.10134412780384972,13,0.09743343776389873
5.9361429440032225,2.853916071618075,0.10134412780384972,13,0.09743343776389873
5.937231340001745,2.853916071618075,0.10134412780384972,13,0.09743343776389873
5.938227237005776,2.853916071618075,0.10134412780384972,13,0.09743343776389873
5.9385309490025975,2.853916071618075,0.10134412780384972,13,0.09743343776389873
5.939212152006803,2.853916071618075,0.10134412780384972,13,0.09743343776389873
5.939874220006459,2.853916071618075,0.10134412780384972,13,0.09743343776389873
5.9406079960026545,2.853916071618075,0.10134412780384972,13,0.09743343776389873
5.941273358002945,2.853916071618075,0.10134412780384972,13,0.09743343776389873
5.9419538480069605,2.859221549744473,0.10206382034627312,13,0.10251455076554893
5.942333767001401,2.859221549744473,0.10206382034627312,13,0.10251455076554893
5.943331856004079,2.859221549744473,0.10206382034627312,13,0.10251455076554893
5.944309744001657,2.859221549744473,0.10206382034627312,13,0.10251455076554893
5.945289113005856,2.859221549744473,0.10206382034627312,13,0.10251455076554893
5.94628935700166,2.8562782310589534,0.10200294382895882,13,0.0998417506554613
5.947315384000831,2.8562782310589534,0.10200294382895882,13,0.0998417506554613
5.948295000001963,2.8562782310589534,0.10200294382895882,13,0.0998417506554613
5.9492701859999215,2.8562782310589534,0.10200294382895882,13,0.0998417506554613
5.950376939006674,2.8562782310589534,0.10200294382895882,13,0.0998417506554613
5.951518696005223,2.8562782310589534,0.10200294382895882,13,0.0998417506554613
5.952558617005707,2.8564455887458937,0.10263100681132356,13,0.10027142620774113
5.952954489002877,2.8564455887458937,0.10263100681132356,13,0.10027142620774113
5.953995432006195,2.8564455887458937,0.10263100681132356,13,0.10027142620774113
5.9550407490023645,2.8564455887458937,0.10263100681132356,13,0.10027142620774113
5.956091156003822,2.8564455887458937,0.10263100681132356,13,0.10027142620774113
5.957146259002911,2.8536076690605006,0.1025711710137476,13,0.09771467026489514
5.95816097700299,2.8536076690605006,0.1025711710137476,13,0.09771467026489514
5.959236241003964,2.8536076690605006,0.1025711710137476,13,0.09771467026489514
5.96029384600115,2.8536076690605006,0.1025711710137476,13,0.09771467026489514
5.961331986000005,2.8536076690605006,0.1025711710137476,13,0.09771467026489514
5.961733492003987,2.8536076690605006,0.1025711710137476,13,0.09771467026489514
5.962737267000193,2.8536076690605006,0.1025711710137476,13,0.09771467026489514
5.963812677000533,2.8589106095558847,0.10329449733466635,13,0.10277388964855784
5.964965781000501,2.8589106095558847,0.10329449733466635,13,0.10277388964855784
5.9660536750016036,2.8589106095558847,0.10329449733466635,13,0.10277388964855784
5.967077949004306,2.8589106095558847,0.10329449733466635,13,0.10277388964855784
5.9674735410008,2.8589106095558847,0.10329449733466635,13,0.10277388964855784
5.968716919000144,2.8589106095558847,0.10329449733466636,13,0.10277388964855784
5.969885447004344,2.8589106095558847,0.10329449733466636,13,0.10277388964855784
5.970936708006775,2.8589106095558847,0.10329449733466636,13,0.10277388964855784
5.971335470007034,2.8589106095558847,0.10329449733466636,13,0.10277388964855784
5.9722291420039255,2.8589106095558847,0.10329449733466636,13,0.10277388964855784
5.972953894000966,2.8589106095558847,0.10329449733466636,13,0.10277388964855784
5.974028171003738,2.8589106095558847,0.10329449733466636,13,0.10277388964855784
5.975066289000097,2.8641834966243818,0.10403194400099025,14,0.10226578526591593
5.976182152000547,2.8641834966243818,0.10403194400099025,14,0.10226578526591593
5.9766416320053395,2.8641834966243818,0.10403194400099025,14,0.10226578526591593
5.977412406005897,2.8641834966243818,0.10403194400099025,14,0.10226578526591593
5.978403716006142,2.8641834966243818,0.10403194400099025,14,0.10226578526591593
5.979505491006421,2.8641834966243818,0.10403194400099025,14,0.10226578526591593
5.979964418002055,2.8641834966243818,0.10403194400099025,14,0.10226578526591593
5.981117868002912,2.8641834966243818,0.10403194400099025,14,0.10226578526591593
5.982364378003695,2.8641834966243818,0.10403194400099025,14,0.10226578526591593
5.983439263000037,2.8641834966243818,0.10403194400099025,14,0.10226578526591593
5.984514771000249,2.8641834966243818,0.10403194400099025,14,0.10226578526591593
5.98493483200582,2.8641834966243818,0.10403194400099025,14,0.10226578526591593
5.98596928200277,2.8694086099747604,0.10475248247021982,14,0.09730693087005611
5.986422333000519,2.8694086099747604,0.10475248247021982,14,0.09730693087005611
5.987187354003254,2.8694086099747604,0.10475248247021982,14,0.09730693087005611
5.98816501100373,2.8694086099747604,0.10475248247021982,14,0.09730693087005611
5.9892034490039805,2.8694086099747604,0.10475248247021982,14,0.09730693087005611
5.990286780004681,2.8694086099747604,0.10475248247021982,14,0.09730693087005611
5.991371265001362,2.8694086099747604,0.10475248247021982,14,0.09730693087005611
5.992426938006247,2.8694086099747604,0.10475248247021982,14,0.09730693087005611
5.993458903001738,2.8694086099747604,0.10475248247021982,14,0.09730693087005611
5.993902615002298,2.8694086099747604,0.10475248247021982,14,0.09730693087005611
5.994959856005153,2.8694086099747604,0.10475248247021982,14,0.09730693087005611
5.996021687002212,2.8694086099747604,0.10475248247021982,14,0.09730693087005611
5.997040415000811,2.8694086099747604,0.10475248247021982,14,0.09730693087005611
5.998180184004013,2.8694086099747604,0.10475248247021982,14,0.09730693087005611
5.999302959004126,2.8694086099747604,0.10475248247021982,14,0.09730693087005611
6.0004939990030834,2.8694086099747604,0.10475248247021982,14,0.09730693087005611
6.001485349006543,2.874591334226532,0.10548586430450585,14,0.09242728084335429
6.00291273300536,2.874591334226532,0.10548586430450585,14,0.09242728084335429
6.003355875000125,2.874591334226532,0.10548586430450585,14,0.09242728084335429
6.004457487004402,2.874591334226532,0.10548586430450585,14,0.09242728084335429
6.005587532003119,2.874591334226532,0.10548586430450585,14,0.09242728084335429
6.006657476005785,2.874591334226532,0.10548586430450585,14,0.09242728084335429
6.007700289002969,2.874591334226532,0.10548586430450585,14,0.09242728084335429
6.008804895005596,2.874591334226532,0.10548586430450585,14,0.09242728084335429
6.0097956330064335,2.874591334226532,0.10548586430450585,14,0.09242728084335429
6.010783675999846,2.874591334226532,0.10548586430450585,14,0.09242728084335429
6.011769530006859,2.874591334226532,0.10548586430450585,14,0.09242728084335429
6.012750703004713,2.879746137509575,0.10618346990813993,14,0.08760631102314177
6.013153892003174,2.879746137509575,0.10618346990813993,14,0.08760631102314177
6.014047066004423,2.879746137509575,0.10618346990813993,14,0.08760631102314177
6.015106349004782,2.879746137509575,0.10618346990813993,14,0.08760631102314177
6.016278937000607,2.879746137509575,0.10618346990813993,14,0.08760631102314177
6.017448195001634,2.879746137509575,0.10618346990813993,14,0.08760631102314177
6.018563352001365,2.879746137509575,0.10618346990813993,14,0.08760631102314177
6.019019477003894,2.879746137509575,0.10618346990813993,14,0.08760631102314177
6.020041277006385,2.879746137509575,0.10618346990813993,14,0.08760631102314177
6.021111447000294,2.879746137509575,0.10618346990813993,14,0.08760631102314177
6.022180687003129,2.879746137509575,0.10618346990813993,14,0.08760631102314177
6.023508408005,2.879746137509575,0.10618346990813993,14,0.08760631102314177
6.024039767005888,2.879746137509575,0.10618346990813993,14,0.08760631102314177
6.025151471003483,2.8848817157543842,0.10682446367940254,14,0.08283394455635905
6.0261828120055725,2.8848817157543842,0.10682446367940254,14,0.08283394455635905
6.027270282000245,2.8848817157543842,0.10682446367940254,14,0.08283394455635905
6.027696760000254,2.8848817157543842,0.10682446367940254,14,0.08283394455635905
6.02874324000004,2.8848817157543842,0.10682446367940254,14,0.08283394455635905
6.029840619004972,2.8848817157543842,0.10682446367940254,14,0.08283394455635905
6.030968486003985,2.8848817157543842,0.10682446367940254,14,0.08283394455635905
6.032025316002546,2.8848817157543842,0.10682446367940254,14,0.08283394455635905
6.0330666590016335,2.8848817157543842,0.10682446367940254,14,0.08283394455635905
6.034059634002915,2.8848817157543842,0.10682446367940254,14,0.08283394455635905
6.035069042001851,2.8848817157543842,0.10682446367940254,14,0.08283394455635905
6.036063028004719,2.8848817157543842,0.10682446367940254,14,0.08283394455635905
6.037052843006677,2.889999300388887,0.10743686206812797,14,0.07812129955105801
6.038040304003516,2.889999300388887,0.10743686206812797,14,0.07812129955105801
6.039010162006889,2.889999300388887,0.10743686206812797,14,0.07812129955105801
6.039978217006137,2.889999300388887,0.10743686206812797,14,0.07812129955105801
6.040930160001153,2.889999300388887,0.10743686206812797,14,0.07812129955105801
6.041911671003618,2.889999300388887,0.10743686206812797,14,0.07812129955105801
6.042903801004286,2.889999300388887,0.10743686206812797,14,0.07812129955105801
6.043893016001675,2.889999300388887,0.10743686206812797,14,0.07812129955105801
6.044274224004766,2.889999300388887,0.10743686206812797,14,0.07812129955105801
6.0452166890027,2.889999300388887,0.10743686206812797,14,0.07812129955105801
6.0456082970049465,2.889999300388887,0.10743686206812797,14,0.07812129955105801
6.04656805400009,2.889999300388887,0.10743686206812797,14,0.07812129955105801
6.046962753003754,2.889999300388887,0.10743686206812797,14,0.07812129955105801
6.0479602580016945,2.8951008681719275,0.10803754218489989,14,0.07347915568184758
6.0483447370061185,2.8951008681719275,0.10803754218489989,14,0.07347915568184758
6.049340810001013,2.8951008681719275,0.10803754218489989,14,0.07347915568184758
6.049738823006919,2.8951008681719275,0.10803754218489989,14,0.07347915568184758
6.050733536001644,2.8951008681719275,0.10803754218489989,14,0.07347915568184758
6.051824916001351,2.8951008681719275,0.10803754218489989,14,0.07347915568184758
6.052903547002643,2.8951008681719275,0.10803754218489989,14,0.07347915568184758
6.053935657000693,2.8951008681719275,0.10803754218489989,14,0.07347915568184758
6.054923589006648,2.8951008681719275,0.10803754218489989,14,0.07347915568184758
6.055318836006336,2.8951008681719275,0.10803754218489989,14,0.07347915568184758
6.056470387004083,2.898012956683642,0.10869197488027357,14,0.07096977216493859
6.056936847002362,2.898012956683642,0.10869197488027357,14,0.07096977216493859
6.058001929006423,2.898012956683642,0.10869197488027357,14,0.07096977216493859
6.059033511002781,2.8937287983335698,0.1095473672612159,14,0.0752823755676856
6.059425845000078,2.8937287983335698,0.1095473672612159,14,0.0752823755676856
6.060396308006602,2.8937287983335698,0.1095473672612159,14,0.0752823755676856
6.061362514003122,2.8937287983335698,0.1095473672612159,14,0.0752823755676856
6.062553524003306,2.8937287983335698,0.1095473672612159,14,0.0752823755676856
6.0636748720062315,2.8937287983335698,0.10954736726121592,14,0.07528237556768562
6.064970265004376,2.8937287983335698,0.10954736726121592,14,0.07528237556768562
6.0662544690057985,2.8937287983335698,0.10954736726121592,14,0.07528237556768562
6.066748119003023,2.8937287983335698,0.10954736726121592,14,0.07528237556768562
6.068026276007004,2.8937287983335698,0.10954736726121592,14,0.07528237556768562
6.068523392001225,2.8937287983335698,0.10954736726121592,14,0.07528237556768562
6.069778783006768,2.8937287983335698,0.10954736726121592,14,0.07528237556768562
6.070864208006242,2.8937287983335698,0.10954736726121592,14,0.07528237556768562
6.071927304001292,2.8937287983335698,0.10954736726121592,14,0.07528237556768562
6.073032928004977,2.8987593563777003,0.11014349830509419,14,0.0708049742507601
6.073475488003169,2.8987593563777003,0.11014349830509419,14,0.0708049742507601
6.074548668002535,2.8987593563777003,0.11014349830509419,14,0.0708049742507601
6.075639719005267,2.8987593563777003,0.11014349830509419,14,0.0708049742507601
6.076908101000299,2.8987593563777003,0.11014349830509419,14,0.0708049742507601
6.077386943004967,2.8987593563777003,0.11014349830509419,14,0.0708049742507601
6.078479987001629,2.8987593563777003,0.11014349830509419,14,0.0708049742507601
6.079716219006514,2.9037169018353963,0.11073072286222431,14,0.06647513850692237
6.080202088000078,2.9037169018353963,0.11073072286222431,14,0.06647513850692237
6.081393129999924,2.9037169018353963,0.11073072286222431,14,0.06647513850692237
6.0823661550020915,2.9037169018353963,0.11073072286222431,14,0.06647513850692237
6.083165702002589,2.9037169018353963,0.11073072286222431,14,0.06647513850692237
6.084051829006057,2.9086153465732543,0.11131052459896908,14,0.06229416272565378
6.0847427870030515,2.9086153465732543,0.11131052459896908,14,0.06229416272565378
6.0850221710061305,2.9086153465732543,0.11131052459896908,14,0.06229416272565378
6.085823153000092,2.9086153465732543,0.11131052459896908,14,0.06229416272565378
6.086636872001691,2.9086153465732543,0.11131052459896908,14,0.06229416272565378
6.0876533730042865,2.9086153465732543,0.11131052459896908,14,0.06229416272565378
6.088664613002038,2.9086153465732543,0.11131052459896908,14,0.06229416272565378
6.089681092002138,2.9086153465732543,0.11131052459896908,14,0.06229416272565378
6.090712863006047,2.9086153465732543,0.11131052459896908,14,0.06229416272565378
6.091669538000133,2.9086153465732543,0.11131052459896908,14,0.06229416272565378
6.092651793005643,2.913466072992705,0.11188311826498688,14,0.05826912301291487
6.093060454004444,2.913466072992705,0.11188311826498688,14,0.05826912301291487
6.094044256002235,2.913466072992705,0.11188311826498688,14,0.05826912301291487
6.0944348690027255,2.913466072992705,0.11188311826498688,14,0.05826912301291487
6.095411974005401,2.913466072992705,0.11188311826498688,14,0.05826912301291487
6.09641514300165,2.913466072992705,0.11188311826498688,14,0.05826912301291487
6.097585674004222,2.913466072992705,0.11188311826498688,14,0.05826912301291487
6.09863597000367,2.913466072992705,0.11188311826498688,14,0.05826912301291487
6.09905627000262,2.913466072992705,0.11188311826498688,14,0.05826912301291487
6.100072259003355,2.9230588843787264,0.11301243969465861,14,0.05075352907959784
6.100464395000017,2.9230588843787264,0.11301243969465861,14,0.05075352907959784
6.101451955000812,2.9230588843787264,0.11301243969465861,14,0.05075352907959784
6.10252918000333,2.9230588843787264,0.11301243969465861,14,0.05075352907959784
6.103617425003904,2.9230588843787264,0.11301243969465861,14,0.05075352907959784
6.104707371006953,2.9230588843787264,0.11301243969465861,14,0.05075352907959784
6.10522396700253,2.9230588843787264,0.11301243969465861,14,0.05075352907959784
6.106339503006893,2.9230588843787264,0.11301243969465861,14,0.05075352907959784
6.10746137300157,2.9278143181671616,0.11357077437550685,14,0.04731620075013271
6.107932095001161,2.9278143181671616,0.11357077437550685,14,0.04731620075013271
6.108818810003868,2.9278143181671616,0.11357077437550685,14,0.04731620075013271
6.109862230005092,2.9278143181671616,0.11357077437550685,14,0.04731620075013271
6.110979742006748,2.9278143181671616,0.11357077437550685,14,0.04731620075013271
6.111996721003379,2.9278143181671616,0.11357077437550685,14,0.04731620075013271
6.112980929006881,2.9278143181671616,0.11357077437550685,14,0.04731620075013271
6.113404143005027,2.9278143181671616,0.11357077437550685,14,0.04731620075013271
6.114440008001111,2.9278143181671616,0.11357077437550685,14,0.04731620075013271
6.115654450004513,2.9278143181671616,0.11357077437550685,14,0.04731620075013271
6.116114870004822,2.9278143181671616,0.11357077437550685,14,0.04731620075013271
6.117293968003651,2.9325493219763406,0.11412522846744826,14,0.044143394319682665
6.118033282000397,2.9325493219763406,0.11412522846744826,14,0.044143394319682665
6.118917755004077,2.9325493219763406,0.11412522846744826,14,0.044143394319682665
6.119202323003265,2.9325493219763406,0.11412522846744826,14,0.044143394319682665
6.119862150000699,2.9325493219763406,0.11412522846744826,14,0.044143394319682665
6.120490819004772,2.9325493219763406,0.11412522846744826,14,0.044143394319682665
6.121287276000658,2.9325493219763406,0.11412522846744826,14,0.044143394319682665
6.122221705001721,2.9325493219763406,0.11412522846744826,14,0.044143394319682665
6.123088581000047,2.9325493219763406,0.11412522846744826,14,0.044143394319682665
6.123787538002944,2.9325493219763406,0.11412522846744826,14,0.044143394319682665
6.12451758300449,2.9325493219763406,0.11412522846744826,14,0.044143394319682665
6.1248018510013935,2.9325493219763406,0.11412522846744826,14,0.044143394319682665
6.125378761003958,2.9325493219763406,0.11412522846744826,14,0.044143394319682665
6.126202821003972,2.9325493219763406,0.11412522846744826,14,0.044143394319682665
6.127520334004657,2.9372677270817373,0.11467700347108135,14,0.04128733138283377
6.128328835002321,2.9372677270817373,0.11467700347108135,14,0.04128733138283377
6.128740428001038,2.9372677270817373,0.11467700347108135,14,0.04128733138283377
6.129452058004972,2.9372677270817373,0.11467700347108135,14,0.04128733138283377
6.13015748700127,2.9372677270817373,0.11467700347108135,14,0.04128733138283377
6.130971269005386,2.9372677270817373,0.11467700347108135,14,0.04128733138283377
6.1320244330054265,2.9372677270817373,0.11467700347108135,14,0.04128733138283377
6.133081315005256,2.9372677270817373,0.11467700347108135,14,0.04128733138283377
6.133491804001096,2.9372677270817373,0.11467700347108135,14,0.04128733138283377
6.1345119180041365,2.9372677270817373,0.11467700347108135,14,0.04128733138283377
6.135529916005908,2.9372677270817373,0.11467700347108135,14,0.04128733138283377
6.1365328850006335,2.9372677270817373,0.11467700347108135,14,0.04128733138283377
6.13695881300373,2.9372677270817373,0.11467700347108135,14,0.04128733138283377
6.137982601001568,2.938853501839386,0.11505303204976494,14,0.0405555509305841
6.139033483006642,2.938853501839386,0.11505303204976494,14,0.0405555509305841
6.140095638002094,2.945772570002664,0.11615027828626485,14,0.037547891198683556
6.140482977003558,2.945772570002664,0.11615027828626485,14,0.037547891198683556
6.141436313002487,2.945772570002664,0.11615027828626485,14,0.037547891198683556
6.142415334004909,2.945772570002664,0.11615027828626485,14,0.037547891198683556
6.143400268003461,2.945772570002664,0.11615027828626487,14,0.03754789119868357
6.144383564002055,2.945772570002664,0.11615027828626487,14,0.03754789119868357
6.144790726000792,2.945772570002664,0.11615027828626487,14,0.03754789119868357
6.145786886001588,2.945772570002664,0.11615027828626487,14,0.03754789119868357
6.14684899400163,2.945772570002664,0.11615027828626487,14,0.03754789119868357
6.1478820070042275,2.9504644011746657,0.11671704881218865,14,0.035980580308043894
6.14830139100377,2.9504644011746657,0.11671704881218865,14,0.035980580308043894
6.1492969730024925,2.9504644011746657,0.11671704881218865,14,0.035980580308043894
6.150285624004027,2.9504644011746657,0.11671704881218865,14,0.035980580308043894
6.151284989005944,2.9504644011746657,0.11671704881218865,14,0.035980580308043894
6.152339745000063,2.9504644011746657,0.11671704881218865,14,0.035980580308043894
6.152695196004061,2.9504644011746657,0.11671704881218865,14,0.035980580308043894
6.153566156004672,2.9504644011746657,0.11671704881218865,14,0.035980580308043894
6.154603692004457,2.9504644011746657,0.11671704881218865,14,0.035980580308043894
6.1555987570027355,2.9504644011746657,0.11671704881218865,14,0.035980580308043894
6.155991817002359,2.9504644011746657,0.11671704881218865,14,0.035980580308043894
6.1570530210010475,2.9504644011746657,0.11671704881218865,14,0.035980580308043894
6.158111272001406,2.9504644011746657,0.11671704881218865,14,0.035980580308043894
6.159090070003003,2.9504644011746657,0.11671704881218865,14,0.035980580308043894
6.159474405001674,2.9504644011746657,0.11671704881218865,14,0.035980580308043894
6.160525092003809,2.955171563742647,0.11728421150620975,14,0.03498247088803038
6.161644311003329,2.955171563742647,0.11728421150620975,14,0.03498247088803038
6.16247500400641,2.955171563742647,0.11728421150620975,14,0.03498247088803038
6.163308928000333,2.955171563742647,0.11728421150620975,14,0.03498247088803038
6.16439188500226,2.955171563742647,0.11728421150620975,14,0.03498247088803038
6.164848898006312,2.955171563742647,0.11728421150620975,14,0.03498247088803038
6.165972744005558,2.955171563742647,0.11728421150620975,14,0.03498247088803038
6.167091054005141,2.955171563742647,0.11728421150620975,14,0.03498247088803038
6.168221439002082,2.955171563742647,0.11728421150620975,14,0.03498247088803038
6.168681554001523,2.955171563742647,0.11728421150620975,14,0.03498247088803038
6.16978450800525,2.955171563742647,0.11728421150620975,14,0.03498247088803038
6.170874665003794,2.955171563742647,0.11728421150620975,14,0.03498247088803038
6.171943328001362,2.955171563742647,0.11728421150620975,14,0.03498247088803038
6.173092743003508,2.955171563742647,0.11728421150620975,14,0.03498247088803038
6.1735982180034625,2.955171563742647,0.11728421150620975,14,0.03498247088803038
6.174781397006882,2.955171563742647,0.11728421150620975,14,0.03498247088803038
6.175839098999859,2.955171563742647,0.11728421150620975,14,0.03498247088803038
6.176917657001468,2.9599179644738283,0.11785536139519222,14,0.034609607596985954
6.177361904999998,2.9599179644738283,0.11785536139519222,14,0.034609607596985954
6.17849554100394,2.9599179644738283,0.11785536139519222,14,0.034609607596985954
6.179632729006698,2.964701832869133,0.11842951473956904,14,0.034897255581951336
6.180680563003989,2.964701832869133,0.11842951473956904,14,0.034897255581951336
6.1817669330048375,2.964701832869133,0.11842951473956904,14,0.034897255581951336
6.182866148999892,2.964701832869133,0.11842951473956904,14,0.034897255581951336
6.183309088002716,2.964701832869133,0.11842951473956904,14,0.034897255581951336
6.184359415005019,2.964701832869133,0.11842951473956904,14,0.034897255581951336
6.18542020800669,2.964701832869133,0.11842951473956904,14,0.034897255581951336
6.1858769330065115,2.964701832869133,0.11842951473956904,14,0.034897255581951336
6.186981121005374,2.964701832869133,0.11842951473956904,14,0.034897255581951336
6.188078613005928,2.964701832869133,0.11842951473956904,14,0.034897255581951336
6.188505865000479,2.964701832869133,0.11842951473956904,14,0.034897255581951336
6.189514100005908,2.964701832869133,0.11842951473956904,14,0.034897255581951336
6.190608406002866,2.969521309145437,0.11900717791709235,14,0.03584489310570453
6.191692022002826,2.969521309145437,0.11900717791709235,14,0.03584489310570453
6.192717802005063,2.969521309145437,0.11900717791709235,14,0.03584489310570453
6.1937634510031785,2.969521309145437,0.11900717791709235,14,0.03584489310570453
6.1941954610010725,2.969521309145437,0.11900717791709235,14,0.03584489310570453
6.195243755006231,2.969521309145437,0.11900717791709235,14,0.03584489310570453
6.196382380003342,2.969521309145437,0.11900717791709235,14,0.03584489310570453
6.196898494003108,2.969521309145437,0.11900717791709235,14,0.03584489310570453
6.1983854260033695,2.969521309145437,0.11900717791709235,14,0.03584489310570453
6.199525421005092,2.969521309145437,0.11900717791709235,14,0.03584489310570453
6.200617136004439,2.969521309145437,0.11900717791709235,14,0.03584489310570453
6.201058588005253,2.969521309145437,0.11900717791709235,14,0.03584489310570453
6.202127798002039,2.974374797640148,0.11958736814974909,14,0.037414939929623234
6.203225014003692,2.974374797640148,0.11958736814974909,14,0.037414939929623234
6.204294581002614,2.974374797640148,0.11958736814974909,14,0.037414939929623234
6.20538150700304,2.974374797640148,0.11958736814974909,14,0.037414939929623234
6.206448941004055,2.974374797640148,0.11958736814974909,14,0.037414939929623234
6.20761147900339,2.974374797640148,0.11958736814974909,14,0.037414939929623234
6.20865790300013,2.974374797640148,0.11958736814974909,14,0.037414939929623234
6.209670515003381,2.979260600581009,0.12017063616050976,14,0.03954581669457146
6.210096294002142,2.979260600581009,0.12017063616050976,14,0.03954581669457146
6.211148078000406,2.979260600581009,0.12017063616050976,14,0.03954581669457146
6.211588966005365,2.979260600581009,0.12017063616050976,14,0.03954581669457146
6.212652578004054,2.979260600581009,0.12017063616050976,14,0.03954581669457146
6.213833856003475,2.979260600581009,0.12017063616050976,14,0.03954581669457146
6.214287126000272,2.979260600581009,0.12017063616050976,14,0.03954581669457146
6.215430859003391,2.979260600581009,0.12017063616050976,14,0.03954581669457146
6.216539255001408,2.979260600581009,0.12017063616050976,14,0.03954581669457146
6.217609574006929,2.979260600581009,0.12017063616050976,14,0.03954581669457146
6.218709413005854,2.979260600581009,0.12017063616050976,14,0.03954581669457146
6.219773762000841,2.979260600581009,0.12017063616050976,14,0.03954581669457146
6.220813254003588,2.979260600581009,0.12017063616050976,14,0.03954581669457146
6.221227776004525,2.979260600581009,0.12017063616050976,14,0.03954581669457146
6.22232974000508,2.984177280889015,0.12075599974066632,14,0.042162377164593846
6.222801527001138,2.984177280889015,0.12075599974066632,14,0.042162377164593846
6.2239902740038815,2.984177280889015,0.12075599974066632,14,0.042162377164593846
6.225099407005473,2.984177280889015,0.12075599974066632,14,0.042162377164593846
6.226144565000141,2.984177280889015,0.12075599974066632,14,0.042162377164593846
6.24088759800361,2.984177280889015,0.12075599974066632,14,0.042162377164593846
6.2415012330020545,2.984177280889015,0.12075599974066632,14,0.042162377164593846
6.242553122006939,2.984177280889015,0.12075599974066632,14,0.042162377164593846
6.242998208006611,2.984177280889015,0.12075599974066632,14,0.042162377164593846
6.244143050003913,2.9848459010173025,0.12368987993401542,14,0.0450734243354049
6.244550194001931,2.9848459010173025,0.12368987993401542,14,0.0450734243354049
6.245674911006063,2.9848459010173025,0.12368987993401542,14,0.0450734243354049
6.246139038004912,2.9848459010173025,0.12368987993401542,14,0.0450734243354049
6.247358294000151,2.9848459010173025,0.12368987993401542,14,0.0450734243354049
6.247845303005306,2.9848459010173025,0.12368987993401542,14,0.0450734243354049
6.248995724999986,2.9848459010173025,0.12368987993401542,14,0.0450734243354049
6.249454561002494,2.9848459010173025,0.12368987993401542,14,0.0450734243354049
6.250784926000051,2.986564043379176,0.12488244461357534,14,0.04692667551156945
6.251230194000527,2.986564043379176,0.12488244461357534,14,0.04692667551156945
6.252315142002772,2.986564043379176,0.12488244461357534,14,0.04692667551156945
6.253383709001355,2.986564043379176,0.12488244461357534,14,0.04692667551156945
6.2544683950036415,2.986564043379176,0.12488244461357534,14,0.04692667551156945
6.255515274002391,2.986564043379176,0.12488244461357534,14,0.04692667551156945
6.256799660004617,2.986564043379176,0.12488244461357534,14,0.04692667551156945
6.25724043900118,2.986564043379176,0.12488244461357534,14,0.04692667551156945
6.258294201004901,2.986564043379176,0.12488244461357534,14,0.04692667551156945
6.259317046002252,2.986564043379176,0.12488244461357534,14,0.04692667551156945
6.260382335000031,2.986564043379176,0.12488244461357534,14,0.04692667551156945
6.260834742002771,2.986564043379176,0.12488244461357534,14,0.04692667551156945
6.261906381005247,2.986564043379176,0.12488244461357534,14,0.04692667551156945
6.262979437000467,2.986564043379176,0.12488244461357534,14,0.04692667551156945
6.264083292000578,2.991590049205439,0.12542742590110062,14,0.049957928987439774
6.265173892999883,2.991590049205439,0.12542742590110062,14,0.049957928987439774
6.265628938002919,2.991590049205439,0.12542742590110062,14,0.049957928987439774
6.266746276000049,2.991590049205439,0.12542742590110062,14,0.049957928987439774
6.267890707000333,2.991590049205439,0.12542742590110062,14,0.049957928987439774
6.268327759004023,2.991590049205439,0.12542742590110062,14,0.049957928987439774
6.269404725004279,2.991590049205439,0.12542742590110062,14,0.049957928987439774
6.270486035005888,2.991590049205439,0.12542742590110062,14,0.049957928987439774
6.271609727002215,2.991590049205439,0.12542742590110062,14,0.049957928987439774
6.2726678410035674,2.991590049205439,0.12542742590110062,14,0.049957928987439774
6.273724214006506,2.991590049205439,0.12542742590110062,14,0.049957928987439774
6.2741502660064725,2.991590049205439,0.12542742590110062,14,0.049957928987439774
6.275201965007,2.9966283180236863,0.12598371274087472,14,0.053313624654065486
6.276248418005707,2.9966283180236863,0.12598371274087472,14,0.053313624654065486
6.277283484007057,2.9966283180236863,0.12598371274087472,14,0.053313624654065486
6.277718419005396,2.9966283180236863,0.12598371274087472,14,0.053313624654065486
6.278778026004147,2.9966283180236863,0.12598371274087472,14,0.053313624654065486
6.279854139000236,2.9966283180236863,0.12598371274087472,14,0.053313624654065486
6.28094670700375,2.9966283180236863,0.12598371274087472,14,0.053313624654065486
6.281376736005768,2.9966283180236863,0.12598371274087472,14,0.053313624654065486
6.282414340006653,2.9966283180236863,0.12598371274087472,14,0.053313624654065486
6.283486361004179,2.9966283180236863,0.12598371274087472,14,0.053313624654065486
6.28463029100385,3.001681045156044,0.12652521968010272,14,0.056921746686173
6.285072338003374,3.001681045156044,0.12652521968010272,14,0.056921746686173
6.286143381999864,3.001681045156044,0.12652521968010272,14,0.056921746686173
6.287206961002084,3.001681045156044,0.12652521968010272,14,0.056921746686173
6.288233384002524,3.001681045156044,0.12652521968010272,14,0.056921746686173
6.289238340003067,3.001681045156044,0.12652521968010272,14,0.056921746686173
6.289683686001808,3.001681045156044,0.12652521968010272,14,0.056921746686173
6.290761623000435,3.001681045156044,0.12652521968010272,14,0.056921746686173
6.291817255005299,3.001681045156044,0.12652521968010272,14,0.056921746686173
6.292916869002511,3.001681045156044,0.12652521968010272,14,0.056921746686173
6.293348000006517,3.001681045156044,0.12652521968010272,14,0.056921746686173
6.294427849003114,3.001681045156044,0.12652521968010272,14,0.056921746686173
6.295490073003748,3.001681045156044,0.12652521968010272,14,0.056921746686173
6.296594500003266,3.001681045156044,0.12652521968010272,14,0.056921746686173
6.297678284005087,3.001681045156044,0.12652521968010272,14,0.056921746686173
6.29810245000408,3.001681045156044,0.12652521968010272,14,0.056921746686173
6.299107612001535,3.001681045156044,0.12652521968010272,14,0.056921746686173
6.300100926004234,3.001681045156044,0.12652521968010272,14,0.056921746686173
6.30108839100285,3.001681045156044,0.12652521968010272,14,0.056921746686173
6.302073903003475,3.006744542648158,0.1270802989476272,14,0.060758282801718376
6.303053883006214,3.006744542648158,0.1270802989476272,14,0.060758282801718376
6.3034326900015,3.006744542648158,0.1270802989476272,14,0.060758282801718376
6.304468775000714,3.006744542648158,0.1270802989476272,14,0.060758282801718376
6.30565248500352,3.006744542648158,0.1270802989476272,14,0.060758282801718376
6.306784755004628,3.006744542648158,0.1270802989476272,14,0.060758282801718376
6.307861066001351,3.0118212140645384,0.12762135209849487,14,0.06476850980203606
6.308899313000438,3.0118212140645384,0.12762135209849487,14,0.06476850980203606
6.309334419005609,3.0118212140645384,0.12762135209849487,14,0.06476850980203606
6.310378594003851,3.0118212140645384,0.12762135209849487,14,0.06476850980203606
6.3114771700056735,3.0118212140645384,0.12762135209849487,14,0.06476850980203606
6.312544946005801,3.0118212140645384,0.12762135209849487,14,0.06476850980203606
6.31368636800471,3.0118212140645384,0.12762135209849487,14,0.06476850980203606
6.314171347999945,3.0118212140645384,0.12762135209849487,14,0.06476850980203606
6.315322176000336,3.0118212140645384,0.12762135209849487,14,0.06476850980203606
6.316376834001858,3.0169075052777727,0.12817616870726084,14,0.06893997945514528
6.3168082980046165,3.0169075052777727,0.12817616870726084,14,0.06893997945514528
6.3179089480036055,3.0169075052777727,0.12817616870726084,14,0.06893997945514528
6.318969003004895,3.0169075052777727,0.12817616870726084,14,0.06893997945514528
6.320093510003062,3.0169075052777727,0.12817616870726084,14,0.06893997945514528
6.320519680004509,3.0169075052777727,0.12817616870726084,14,0.06893997945514528
6.321616879002249,3.0169075052777727,0.12817616870726084,14,0.06893997945514528
6.322750829000142,3.0169075052777727,0.12817616870726084,14,0.06893997945514528
6.3237841480004136,3.0169075052777727,0.12817616870726084,14,0.06893997945514528
6.324830485005805,3.0169075052777727,0.12817616870726084,14,0.06893997945514528
6.325277926000126,3.0169075052777727,0.12817616870726084,14,0.06893997945514528
6.326357527002983,3.0169075052777727,0.12817616870726084,14,0.06893997945514528
6.327368359001412,3.022005880964933,0.12871695345622497,14,0.07323225099770715
6.328347837006731,3.022005880964933,0.12871695345622497,14,0.07323225099770715
6.328763782999886,3.022005880964933,0.12871695345622497,14,0.07323225099770715
6.329816875004326,3.022005880964933,0.12871695345622497,14,0.07323225099770715
6.330892448000668,3.022005880964933,0.12871695345622497,14,0.07323225099770715
6.331927896004345,3.022005880964933,0.12871695345622497,14,0.07323225099770715
6.332999518002907,3.022005880964933,0.12871695345622497,14,0.07323225099770715
6.333455314001185,3.022005880964933,0.12871695345622497,14,0.07323225099770715
6.334550254003261,3.02711286071759,0.12927142014033505,14,0.07764088541499813
6.3356075910051,3.02711286071759,0.12927142014033505,14,0.07764088541499813
6.336041863003629,3.02711286071759,0.12927142014033505,14,0.07764088541499813
6.337131930005853,3.02711286071759,0.12927142014033505,14,0.07764088541499813
6.338203024002723,3.02711286071759,0.12927142014033505,14,0.07764088541499813
6.339243336005893,3.02711286071759,0.12927142014033505,14,0.07764088541499813
6.33966805300588,3.02711286071759,0.12927142014033505,14,0.07764088541499813
6.340724413006683,3.02711286071759,0.12927142014033505,14,0.07764088541499813
6.341803999006515,3.02711286071759,0.12927142014033505,14,0.07764088541499813
6.342869960004464,3.02711286071759,0.12927142014033505,14,0.07764088541499813
6.343883789006213,3.02711286071759,0.12927142014033505,14,0.07764088541499813
6.345004926006368,3.0322309463482546,0.12981175461806466,14,0.0821354236778555
6.346239072001481,3.0322309463482546,0.12981175461806466,14,0.0821354236778555
6.3466637050005374,3.0322309463482546,0.12981175461806466,14,0.0821354236778555
6.347737895004684,3.0322309463482546,0.12981175461806466,14,0.0821354236778555
6.348132600003737,3.0322309463482546,0.12981175461806466,14,0.0821354236778555
6.349218705006933,3.032423183276909,0.1298835393174555,14,0.08233470282509718
6.350677146001544,3.032423183276909,0.1298835393174555,14,0.08233470282509718
6.351932167002815,3.032423183276909,0.1298835393174555,14,0.08233470282509718
6.353129124006955,3.0426595143617297,0.13237982255543346,14,0.09227443489655933
6.353687394002918,3.0426595143617297,0.13237982255543346,14,0.09227443489655933
6.354883437001263,3.0426595143617297,0.13237982255543346,14,0.09227443489655933
6.355990338000993,3.0462549583628316,0.13375719836941558,14,0.09605674084826343
6.356411927001318,3.0462549583628316,0.13375719836941558,14,0.09605674084826343
6.357480486003624,3.0462549583628316,0.13375719836941558,14,0.09605674084826343
6.358497887005797,3.0462549583628316,0.13375719836941558,14,0.09605674084826343
6.359539114004292,3.0462549583628316,0.13375719836941558,14,0.09605674084826343
6.3599875870058895,3.0462549583628316,0.13375719836941558,14,0.09605674084826343
6.36108394900657,3.0462549583628316,0.13375719836941558,14,0.09605674084826343
6.362133076007012,3.0462549583628316,0.13375719836941558,14,0.09605674084826343
6.3632204640016425,3.0462549583628316,0.13375719836941558,14,0.09605674084826343
6.364272673003143,3.0513785966183304,0.13433542364544185,14,0.10075029627083404
6.364715891002561,3.0513785966183304,0.13433542364544185,14,0.10075029627083404
6.36581780200504,3.0513785966183304,0.13433542364544185,14,0.10075029627083404
6.366948227005196,3.0513785966183304,0.13433542364544185,14,0.10075029627083404
6.367994160005765,3.0513785966183304,0.13433542364544185,14,0.10075029627083404
6.369022712002334,3.0513785966183304,0.13433542364544182,14,0.10075029627083402
6.37007239000377,3.0513785966183304,0.13433542364544182,14,0.10075029627083402
6.371143877004215,3.0513785966183304,0.13433542364544182,14,0.10075029627083402
6.371590718001244,3.0513785966183304,0.13433542364544182,14,0.10075029627083402
6.3726196120042005,3.056493804261963,0.13492554853447097,14,0.10548548989630524
6.373677770003269,3.056493804261963,0.13492554853447097,14,0.10548548989630524
6.374779762001708,3.056493804261963,0.13492554853447097,14,0.10548548989630524
6.375189529004274,3.056493804261963,0.13492554853447097,14,0.10548548989630524
6.376242232006916,3.056493804261963,0.13492554853447097,14,0.10548548989630524
6.376669053002843,3.056493804261963,0.13492554853447097,14,0.10548548989630524
6.377722611003264,3.056493804261963,0.13492554853447097,14,0.10548548989630524
6.3787255470015225,3.056493804261963,0.13492554853447097,14,0.10548548989630524
6.379741042001115,3.056493804261963,0.13492554853447097,14,0.10548548989630524
6.38081233700359,3.056493804261963,0.13492554853447097,14,0.10548548989630524
6.38124412700563,3.056493804261963,0.13492554853447097,14,0.10548548989630524
6.382098228001269,3.056493804261963,0.13492554853447097,14,0.10548548989630524
6.382752418001473,3.056493804261963,0.13492554853447097,14,0.10548548989630524
6.383351784003025,3.056493804261963,0.13492554853447097,14,0.10548548989630524
6.383968466005172,3.056493804261963,0.13492554853447097,14,0.10548548989630524
6.384554047006532,3.056493804261963,0.13492554853447097,14,0.10548548989630524
6.3856158510025125,3.0616051008955805,0.1354997153315619,15,0.10397557990288021
6.386733203005861,3.0616051008955805,0.1354997153315619,15,0.10397557990288021
6.387939065003593,3.0616051008955805,0.1354997153315619,15,0.10397557990288021
6.388997725000081,3.0616051008955805,0.1354997153315619,15,0.10397557990288021
6.390002686006483,3.0616051008955805,0.1354997153315619,15,0.10397557990288021
6.391020641000068,3.0667103727337666,0.13608609217253137,15,0.09914883352088506
6.3920700430026045,3.0667103727337666,0.13608609217253137,15,0.09914883352088506
6.3930937760014785,3.0667103727337666,0.13608609217253137,15,0.09914883352088506
6.3941177320011775,3.0667103727337666,0.13608609217253137,15,0.09914883352088506
6.395140936001553,3.0667103727337666,0.13608609217253137,15,0.09914883352088506
6.396201644005487,3.0667103727337666,0.13608609217253137,15,0.09914883352088506
6.396642274004989,3.0667103727337666,0.13608609217253137,15,0.09914883352088506
6.397733081001206,3.0667103727337666,0.13608609217253137,15,0.09914883352088506
6.398168563006038,3.0667103727337666,0.13608609217253137,15,0.09914883352088506
6.399289195003803,3.0667103727337666,0.13608609217253137,15,0.09914883352088506
6.40037781400315,3.0667103727337666,0.13608609217253137,15,0.09914883352088506
6.4008697850003955,3.0667103727337666,0.13608609217253137,15,0.09914883352088506
6.402613714002655,3.0667103727337666,0.13608609217253137,15,0.09914883352088506
6.403831289004302,3.0667103727337666,0.13608609217253137,15,0.09914883352088506
6.40428441700351,3.0667103727337666,0.13608609217253137,15,0.09914883352088506
6.405495709004754,3.0667103727337666,0.13608609217253137,15,0.09914883352088506
6.406622794005671,3.071813667652604,0.1366567719614914,15,0.09435287078398258
6.407747942001151,3.071813667652604,0.1366567719614914,15,0.09435287078398258
6.408178609002789,3.071813667652604,0.1366567719614914,15,0.09435287078398258
6.409239778004121,3.071813667652604,0.1366567719614914,15,0.09435287078398258
6.410330991006049,3.071813667652604,0.1366567719614914,15,0.09435287078398258
6.411403098005394,3.071813667652604,0.1366567719614914,15,0.09435287078398258
6.412452117001521,3.071813667652604,0.1366567719614914,15,0.09435287078398258
6.413534444000106,3.071813667652604,0.1366567719614914,15,0.09435287078398258
6.414615407004021,3.071813667652604,0.1366567719614914,15,0.09435287078398258
6.415660190003109,3.071813667652604,0.1366567719614914,15,0.09435287078398258
6.416966486001911,3.071813667652604,0.1366567719614914,15,0.09435287078398258
6.417438531003427,3.071813667652604,0.1366567719614914,15,0.09435287078398258
6.418616942006338,3.071813667652604,0.1366567719614914,15,0.09435287078398258
6.419041348002793,3.071813667652604,0.1366567719614914,15,0.09435287078398258
6.42006148800283,3.0769125203327685,0.13723984142341095,15,0.08960225195858068
6.420477738000045,3.0769125203327685,0.13723984142341095,15,0.08960225195858068
6.421651148004457,3.0769125203327685,0.13723984142341095,15,0.08960225195858068
6.423086285001773,3.0769125203327685,0.13723984142341095,15,0.08960225195858068
6.424177853004949,3.0769125203327685,0.13723984142341095,15,0.08960225195858068
6.4246072320020176,3.0769125203327685,0.13723984142341095,15,0.08960225195858068
6.425925249001011,3.0769125203327685,0.13723984142341095,15,0.08960225195858068
6.427061971000512,3.0769125203327685,0.13723984142341095,15,0.08960225195858068
6.428087795000465,3.082010662930943,0.13780737533099727,15,0.08489201456632234
6.428512415004661,3.082010662930943,0.13780737533099727,15,0.08489201456632234
6.429646878001222,3.082010662930943,0.13780737533099727,15,0.08489201456632234
6.4308920390030835,3.082010662930943,0.13780737533099727,15,0.08489201456632234
6.432007329000044,3.082010662930943,0.13780737533099727,15,0.08489201456632234
6.432461166004941,3.082010662930943,0.13780737533099727,15,0.08489201456632234
6.433768570001121,3.082010662930943,0.13780737533099727,15,0.08489201456632234
6.434836334003194,3.082010662930943,0.13780737533099727,15,0.08489201456632234
6.435949655002332,3.08710540367372,0.13838741323356155,15,0.08024054405547751
6.436419265002769,3.08710540367372,0.13838741323356155,15,0.08024054405547751
6.437541343002522,3.08710540367372,0.13838741323356155,15,0.08024054405547751
6.438643424000475,3.08710540367372,0.13838741323356155,15,0.08024054405547751
6.4396457690018,3.08710540367372,0.13838741323356155,15,0.08024054405547751
6.440737471006287,3.08710540367372,0.13838741323356155,15,0.08024054405547751
6.441150936007034,3.08710540367372,0.13838741323356155,15,0.08024054405547751
6.44217810400005,3.08710540367372,0.13838741323356155,15,0.08024054405547751
6.443213187005313,3.08710540367372,0.13838741323356155,15,0.08024054405547751
6.444259096002497,3.08710540367372,0.13838741323356155,15,0.08024054405547751
6.444700662999821,3.08710540367372,0.13838741323356155,15,0.08024054405547751
6.4458999750058865,3.08710540367372,0.13838741323356155,15,0.08024054405547751
6.446973732003244,3.092200262693939,0.1389520195641011,15,0.07564505583977504
6.448066513003141,3.092200262693939,0.1389520195641011,15,0.07564505583977504
6.448491669005307,3.092200262693939,0.1389520195641011,15,0.07564505583977504
6.449613941003918,3.092200262693939,0.1389520195641011,15,0.07564505583977504
6.450747664006485,3.092200262693939,0.1389520195641011,15,0.07564505583977504
6.451883664005436,3.092200262693939,0.1389520195641011,15,0.07564505583977504
6.453013953003392,3.092200262693939,0.1389520195641011,15,0.07564505583977504
6.4534985040008905,3.092200262693939,0.1389520195641011,15,0.07564505583977504
6.4546700270002475,3.097265490065942,0.1395261819259807,15,0.07115314955229676
6.455808041006094,3.097265490065942,0.1395261819259807,15,0.07115314955229676
6.456234112003585,3.097265490065942,0.1395261819259807,15,0.07115314955229676
6.457283225005085,3.097265490065942,0.1395261819259807,15,0.07115314955229676
6.458327372005442,3.097265490065942,0.1395261819259807,15,0.07115314955229676
6.459374308004044,3.097265490065942,0.1395261819259807,15,0.07115314955229676
6.459798969000985,3.097265490065942,0.1395261819259807,15,0.07115314955229676
6.460802696004976,3.097265490065942,0.1395261819259807,15,0.07115314955229676
6.46183958700567,3.097265490065942,0.1395261819259807,15,0.07115314955229676
6.4629096210046555,3.097265490065942,0.1395261819259807,15,0.07115314955229676
6.463953772006789,3.097265490065942,0.1395261819259807,15,0.07115314955229676
6.4650082160005695,3.097265490065942,0.1395261819259807,15,0.07115314955229676
6.466088021006726,3.097265490065942,0.1395261819259807,15,0.07115314955229676
6.467126743002154,3.097265490065942,0.1395261819259807,15,0.07115314955229676
6.467550727000344,3.097265490065942,0.1395261819259807,15,0.07115314955229676
6.46853978800209,3.0984850278583562,0.14126529322528752,15,0.07072983085058986
6.46898253600375,3.0984850278583562,0.14126529322528752,15,0.07072983085058986
6.470115817006445,3.0984850278583562,0.14126529322528752,15,0.07072983085058986
6.471304623002652,3.0984850278583562,0.14126529322528752,15,0.07072983085058986
6.476295265005319,3.1032463296833104,0.1419083525054431,15,0.06670763074042525
6.476866318000248,3.1032463296833104,0.1419083525054431,15,0.06670763074042525
6.478069081000285,3.1032463296833104,0.1419083525054431,15,0.06670763074042525
6.4784885280023445,3.1032463296833104,0.1419083525054431,15,0.06670763074042525
6.479634674004046,3.108184322572017,0.14250773368139286,15,0.0626198382136921
6.480043054005364,3.108184322572017,0.14250773368139286,15,0.0626198382136921
6.481119618001685,3.108184322572017,0.14250773368139286,15,0.0626198382136921
6.482179619000817,3.108184322572017,0.14250773368139286,15,0.0626198382136921
6.4832700900005875,3.108184322572017,0.14250773368139286,15,0.0626198382136921
6.484310223000648,3.108184322572017,0.14250773368139286,15,0.0626198382136921
6.485361351005849,3.108184322572017,0.14250773368139286,15,0.0626198382136921
6.486425499002507,3.108184322572017,0.14250773368139286,15,0.0626198382136921
6.4868465720064705,3.108184322572017,0.14250773368139286,15,0.0626198382136921
6.487917674006894,3.113096016877106,0.14310312380114837,15,0.05868933171105966
6.488321397002437,3.113096016877106,0.14310312380114837,15,0.05868933171105966
6.4894078920042375,3.113096016877106,0.14310312380114837,15,0.05868933171105966
6.490512042000773,3.113096016877106,0.14310312380114837,15,0.05868933171105966
6.491619029002322,3.113096016877106,0.14310312380114837,15,0.05868933171105966
6.492690158003825,3.113096016877106,0.14310312380114837,15,0.05868933171105966
6.49313628100208,3.113096016877106,0.14310312380114837,15,0.05868933171105966
6.494246623005893,3.113096016877106,0.14310312380114837,15,0.05868933171105966
6.495332070000586,3.113096016877106,0.14310312380114837,15,0.05868933171105966
6.4963587160018506,3.113096016877106,0.14310312380114837,15,0.05868933171105966
6.496792544006894,3.113096016877106,0.14310312380114837,15,0.05868933171105966
6.497920022004109,3.113096016877106,0.14310312380114837,15,0.05868933171105966
6.499054928004625,3.113096016877106,0.14310312380114837,15,0.05868933171105966
6.499514441005886,3.113096016877106,0.14310312380114837,15,0.05868933171105966
6.500609051006904,3.1179865256967307,0.14369436286263254,15,0.05493841810322178
6.501778632002242,3.1179865256967307,0.14369436286263254,15,0.05493841810322178
6.502894182005548,3.1179865256967307,0.14369436286263254,15,0.05493841810322178
6.503949798003305,3.1179865256967307,0.14369436286263254,15,0.05493841810322178
6.505027691004216,3.1179865256967307,0.14369436286263254,15,0.05493841810322178
6.5061203300065245,3.1179865256967307,0.14369436286263254,15,0.05493841810322178
6.506545998003276,3.1179865256967307,0.14369436286263254,15,0.05493841810322178
6.507630195003003,3.1179865256967307,0.14369436286263254,15,0.05493841810322178
6.50867069800006,3.1179865256967307,0.14369436286263254,15,0.05493841810322178
6.509680709001259,3.1179865256967307,0.14369436286263254,15,0.05493841810322178
6.510683248001442,3.1228598184449172,0.14428273502165878,15,0.05139794715497435
6.511677099006192,3.1228598184449172,0.14428273502165878,15,0.05139794715497435
6.512661673004914,3.1228598184449172,0.14428273502165878,15,0.05139794715497435
6.513697716000024,3.1228598184449172,0.14428273502165878,15,0.05139794715497435
6.514708321999933,3.1228598184449172,0.14428273502165878,15,0.05139794715497435
6.515816683000594,3.1228598184449172,0.14428273502165878,15,0.05139794715497435
6.51685793800425,3.1228598184449172,0.14428273502165878,15,0.05139794715497435
6.517922133003594,3.1228598184449172,0.14428273502165878,15,0.05139794715497435
6.518963206006447,3.1228598184449172,0.14428273502165878,15,0.05139794715497435
6.519950032001361,3.1228598184449172,0.14428273502165878,15,0.05139794715497435
6.52092851800262,3.1228598184449172,0.14428273502165878,15,0.05139794715497435
6.52198498800135,3.1228598184449172,0.14428273502165878,15,0.05139794715497435
6.523058738006512,3.1228598184449172,0.14428273502165878,15,0.05139794715497435
6.5241648930023075,3.1228598184449172,0.14428273502165878,15,0.05139794715497435
6.52462172700325,3.1228598184449172,0.14428273502165878,15,0.05139794715497435
6.525638816005085,3.1277192791786503,0.14486787564246523,15,0.04810633670951226
6.526707036005973,3.1277192791786503,0.14486787564246523,15,0.04810633670951226
6.527146602005814,3.1277192791786503,0.14486787564246523,15,0.04810633670951226
6.5282102760029375,3.1277192791786503,0.14486787564246523,15,0.04810633670951226
6.529226918006316,3.1277192791786503,0.14486787564246523,15,0.04810633670951226
6.530206546005502,3.1277192791786503,0.14486787564246523,15,0.04810633670951226
6.5306181800042395,3.1277192791786503,0.14486787564246523,15,0.04810633670951226
6.531678210005339,3.1277192791786503,0.14486787564246523,15,0.04810633670951226
6.532779683002445,3.1277192791786503,0.14486787564246523,15,0.04810633670951226
6.533838434006611,3.1277192791786503,0.14486787564246523,15,0.04810633670951226
6.534949597000377,3.1277192791786503,0.14486787564246523,15,0.04810633670951226
6.535414688005403,3.1277192791786503,0.14486787564246523,15,0.04810633670951226
6.536533838007017,3.1277192791786503,0.14486787564246523,15,0.04810633670951226
6.537643086005119,3.1277192791786503,0.14486787564246523,15,0.04810633670951226
6.538764393000747,3.1325674801788432,0.1454508835832133,15,0.0451125749671907
6.53921260000061,3.1325674801788432,0.1454508835832133,15,0.0451125749671907
6.540270411001984,3.1325674801788432,0.1454508835832133,15,0.0451125749671907
6.541261868005677,3.1325674801788432,0.1454508835832133,15,0.0451125749671907
6.542288267002732,3.1325674801788432,0.1454508835832133,15,0.0451125749671907
6.5433101750022615,3.1325674801788432,0.1454508835832133,15,0.0451125749671907
6.543744084003265,3.1325674801788432,0.1454508835832133,15,0.0451125749671907
6.544816272005846,3.1325674801788432,0.1454508835832133,15,0.0451125749671907
6.545911831002741,3.1325674801788432,0.1454508835832133,15,0.0451125749671907
6.54700059100287,3.1325674801788432,0.1454508835832133,15,0.0451125749671907
6.548118317004992,3.1325674801788432,0.1454508835832133,15,0.0451125749671907
6.548547998005233,3.1325674801788432,0.1454508835832133,15,0.0451125749671907
6.5495901980029885,3.1325674801788432,0.1454508835832133,15,0.0451125749671907
6.550009694001346,3.1325674801788432,0.1454508835832133,15,0.0451125749671907
6.551061722006125,3.1325674801788432,0.1454508835832133,15,0.0451125749671907
6.552262942001107,3.1325674801788432,0.1454508835832133,15,0.0451125749671907
6.553414792004332,3.1325674801788432,0.1454508835832133,15,0.0451125749671907
6.554484946005687,3.13740667145337,0.1460312605446025,15,0.04247398898438321
6.555612531003135,3.13740667145337,0.1460312605446025,15,0.04247398898438321
6.556663817005756,3.13740667145337,0.1460312605446025,15,0.04247398898438321
6.5576891810051166,3.13740667145337,0.1460312605446025,15,0.04247398898438321
6.5581021170000895,3.13740667145337,0.1460312605446025,15,0.04247398898438321
6.559522581002966,3.13740667145337,0.14603126054460253,15,0.04247398898438323
6.5606408120002015,3.13740667145337,0.14603126054460253,15,0.04247398898438323
6.561071902004187,3.13740667145337,0.14603126054460253,15,0.04247398898438323
6.562102303003485,3.13740667145337,0.14603126054460253,15,0.04247398898438323
6.563407082001504,3.1422385091309404,0.1466099843955047,15,0.0402570980341082
6.563867422002659,3.1422385091309404,0.1466099843955047,15,0.0402570980341082
6.564903198006505,3.1422385091309404,0.1466099843955047,15,0.0402570980341082
6.565915015002247,3.1422385091309404,0.1466099843955047,15,0.0402570980341082
6.566327845001069,3.1422385091309404,0.1466099843955047,15,0.0402570980341082
6.5673780770011945,3.1422385091309404,0.1466099843955047,15,0.0402570980341082
6.568424242002948,3.1422385091309404,0.1466099843955047,15,0.0402570980341082
6.569589482001902,3.1422385091309404,0.1466099843955047,15,0.0402570980341082
6.570627746004902,3.1422385091309404,0.1466099843955047,15,0.0402570980341082
6.5717410249999375,3.1422385091309404,0.1466099843955047,15,0.0402570980341082
6.572154520006734,3.1422385091309404,0.1466099843955047,15,0.0402570980341082
6.573211717004597,3.1422385091309404,0.1466099843955047,15,0.0402570980341082
6.574317105005321,3.1422385091309404,0.1466099843955047,15,0.0402570980341082
6.57541184600268,3.1422385091309404,0.1466099843955047,15,0.0402570980341082
6.576510181002959,3.1422385091309404,0.1466099843955047,15,0.0402570980341082
6.577032525005052,3.1422385091309404,0.1466099843955047,15,0.0402570980341082
6.5781290710001485,3.1422385091309404,0.1466099843955047,15,0.0402570980341082
6.579155280000123,3.161479422583718,0.14467020444486653,15,0.03263903871131791
6.580217391005135,3.161479422583718,0.14467020444486653,15,0.03263903871131791
6.580636902006518,3.161479422583718,0.14467020444486653,15,0.03263903871131791
6.581739005006966,3.161479422583718,0.14467020444486653,15,0.03263903871131791
6.5834041250054725,3.161479422583718,0.14467020444486653,15,0.03263903871131791
6.584744024999964,3.161479422583718,0.14467020444486653,15,0.03263903871131791
6.585838087004959,3.1663637976742054,0.14525200354434248,15,0.03336947374594081
6.586886235003476,3.1663637976742054,0.14525200354434248,15,0.03336947374594081
6.587984400001005,3.1663637976742054,0.14525200354434248,15,0.03336947374594081
6.589196517001255,3.1663637976742054,0.14525200354434248,15,0.03336947374594081
6.590449527000601,3.1663637976742054,0.14525200354434248,15,0.03336947374594081
6.591471982006624,3.1663637976742054,0.14525200354434248,15,0.03336947374594081
6.5925001010036794,3.1663637976742054,0.14525200354434248,15,0.03336947374594081
6.593486164005299,3.1663637976742054,0.14525200354434248,15,0.03336947374594081
6.593888972005516,3.1663637976742054,0.14525200354434248,15,0.03336947374594081
6.5947949920009705,3.1712833125771254,0.14583639672262266,15,0.03479785565443129
6.595075574005023,3.1712833125771254,0.14583639672262266,15,0.03479785565443129
6.5959142000065185,3.1712833125771254,0.14583639672262266,15,0.03479785565443129
6.596298946002207,3.1712833125771254,0.14583639672262266,15,0.03479785565443129
6.59734043100616,3.1712833125771254,0.14583639672262266,15,0.03479785565443129
6.59777310500067,3.1712833125771254,0.14583639672262266,15,0.03479785565443129
6.598616975003097,3.1712833125771254,0.14583639672262266,15,0.03479785565443129
6.5988863340026,3.1712833125771254,0.14583639672262266,15,0.03479785565443129
6.599520985000709,3.1712833125771254,0.14583639672262266,15,0.03479785565443129
6.6001622270050575,3.1712833125771254,0.14583639672262266,15,0.03479785565443129
6.6010133320014575,3.1712833125771254,0.14583639672262266,15,0.03479785565443129
6.601853473002848,3.1712833125771254,0.14583639672262266,15,0.03479785565443129
6.602524241003266,3.1762368901592817,0.14641806521849995,15,0.036851945650018814
6.60283232400252,3.1762368901592817,0.14641806521849995,15,0.036851945650018814
6.603464420004457,3.1762368901592817,0.14641806521849995,15,0.036851945650018814
6.604452425002819,3.1762368901592817,0.14641806521849995,15,0.036851945650018814
6.605536312003096,3.1762368901592817,0.14641806521849995,15,0.036851945650018814
6.6063552320047165,3.1762368901592817,0.14641806521849995,15,0.036851945650018814
6.606700205004017,3.1762368901592817,0.14641806521849995,15,0.036851945650018814
6.607329759004642,3.1762368901592817,0.14641806521849995,15,0.036851945650018814
6.607966428004147,3.1762368901592817,0.14641806521849995,15,0.036851945650018814
6.6088233400005265,3.1762368901592817,0.14641806521849995,15,0.036851945650018814
6.609923121002794,3.1762368901592817,0.14641806521849995,15,0.036851945650018814
6.610887176000688,3.1812269197231364,0.1469616450560403,15,0.039416595755131595
6.611356739005714,3.1812269197231364,0.1469616450560403,15,0.039416595755131595
6.6123599680067855,3.1812269197231364,0.1469616450560403,15,0.039416595755131595
6.6134206380011165,3.1812269197231364,0.1469616450560403,15,0.039416595755131595
6.616324041002372,3.1812269197231364,0.1469616450560403,15,0.039416595755131595
6.6175171510039945,3.1812269197231364,0.1469616450560403,15,0.039416595755131595
6.617955727000663,3.1812269197231364,0.1469616450560403,15,0.039416595755131595
6.619009873000323,3.1812269197231364,0.1469616450560403,15,0.039416595755131595
6.621558911007014,3.1862458435233294,0.1475206724054754,15,0.04245120910671503
6.623337156001071,3.1862458435233294,0.1475206724054754,15,0.04245120910671503
6.6246736840039375,3.1862458435233294,0.1475206724054754,15,0.04245120910671503
6.625104808001197,3.1862458435233294,0.1475206724054754,15,0.04245120910671503
6.629826825002965,3.1862458435233294,0.1475206724054754,15,0.04245120910671503
6.631964482003241,3.1862458435233294,0.1475206724054754,15,0.04245120910671503
6.633260327005701,3.1862458435233294,0.1475206724054754,15,0.04245120910671503
6.634382909003762,3.1862458435233294,0.1475206724054754,15,0.04245120910671503
6.635465237006429,3.1862458435233294,0.1475206724054754,15,0.04245120910671503
6.636558435006009,3.1862458435233294,0.1475206724054754,15,0.04245120910671503
6.637713259005977,3.1912952206714604,0.1480677733059038,15,0.04585210760672597
6.638678017006896,3.1912952206714604,0.1480677733059038,15,0.04585210760672597
6.6390680310069,3.1912952206714604,0.1480677733059038,15,0.04585210760672597
6.64006379100465,3.1912952206714604,0.1480677733059038,15,0.04585210760672597
6.6405376180046005,3.1912952206714604,0.1480677733059038,15,0.04585210760672597
6.641665944000124,3.1912952206714604,0.1480677733059038,15,0.04585210760672597
6.642028551003023,3.1912952206714604,0.1480677733059038,15,0.04585210760672597
6.642748564001522,3.1912952206714604,0.1480677733059038,15,0.04585210760672597
6.643447627000569,3.1963706573393877,0.14863034732281707,15,0.049570075505747574
6.643718032006291,3.1963706573393877,0.14863034732281707,15,0.049570075505747574
6.644335672004672,3.1963706573393877,0.14863034732281707,15,0.049570075505747574
6.6451943420033786,3.1963706573393877,0.14863034732281707,15,0.049570075505747574
6.645829871005844,3.1963706573393877,0.14863034732281707,15,0.049570075505747574
6.646525642005145,3.1963706573393877,0.14863034732281707,15,0.049570075505747574
6.646822463000717,3.1963706573393877,0.14863034732281707,15,0.049570075505747574
6.647973646002356,3.1963706573393877,0.14863034732281707,15,0.049570075505747574
6.649043225006608,3.1963706573393877,0.14863034732281707,15,0.049570075505747574
6.649834580006427,3.1963706573393877,0.14863034732281707,15,0.049570075505747574
6.650914113000908,3.1963706573393877,0.14863034732281707,15,0.049570075505747574
6.651619486001437,3.2014678431165144,0.1491801352804775,15,0.05352429077468886
6.652319890999934,3.2014678431165144,0.1491801352804775,15,0.05352429077468886
6.65266874700319,3.2014678431165144,0.1491801352804775,15,0.05352429077468886
6.653350360000331,3.2014678431165144,0.1491801352804775,15,0.05352429077468886
6.654245495003124,3.2014678431165144,0.1491801352804775,15,0.05352429077468886
6.655276178003987,3.2014123123151332,0.14920255734959614,15,0.05349985908585964
6.6562451270001475,3.2014123123151332,0.14920255734959614,15,0.05349985908585964
6.65727058199991,3.2014123123151332,0.14920255734959614,15,0.05349985908585964
6.65826623000612,3.2014123123151332,0.14920255734959614,15,0.05349985908585964
6.659271712000191,3.2014123123151332,0.14920255734959614,15,0.05349985908585964
6.659673178000958,3.2014123123151332,0.14920255734959614,15,0.05349985908585964
6.6607260380042135,3.205377245405728,0.15022145038691603,15,0.05709674133865187
6.661123394005699,3.205377245405728,0.15022145038691603,15,0.05709674133865187
6.662130793003598,3.205377245405728,0.15022145038691603,15,0.05709674133865187
6.663118410004245,3.205377245405728,0.15022145038691603,15,0.05709674133865187
6.664066716002708,3.205377245405728,0.15022145038691603,15,0.05709674133865187
6.66508176500065,3.205377245405728,0.15022145038691603,15,0.05709674133865187
6.666089067002758,3.204599947753865,0.15052976836188817,15,0.05672953205720166
6.667197352006042,3.204599947753865,0.15052976836188817,15,0.05672953205720166
6.668262435006909,3.204599947753865,0.15052976836188817,15,0.05672953205720166
6.668735492006817,3.204599947753865,0.15052976836188817,15,0.05672953205720166
6.669743049002136,3.204599947753865,0.15052976836188817,15,0.05672953205720166
6.670899718999863,3.204599947753865,0.15052976836188817,15,0.05672953205720166
6.671972880001704,3.2086549452142137,0.1514872831138122,15,0.06039382609741718
6.672367728002428,3.2086549452142137,0.1514872831138122,15,0.06039382609741718
6.673540351002885,3.2086549452142137,0.1514872831138122,15,0.06039382609741718
6.674483509006677,3.207914424391943,0.1517754960060918,15,0.06002510497164457
6.675488082000811,3.207914424391943,0.1517754960060918,15,0.06002510497164457
6.676536070001021,3.207914424391943,0.1517754960060918,15,0.06002510497164457
6.677047153003514,3.207914424391943,0.1517754960060918,15,0.06002510497164457
6.678067444001499,3.207914424391943,0.1517754960060918,15,0.06002510497164457
6.679156744001375,3.207376506463517,0.15198437111431018,15,0.059762139621875585
6.679533471004106,3.207376506463517,0.15198437111431018,15,0.059762139621875585
6.680522104004922,3.207376506463517,0.15198437111431018,15,0.059762139621875585
6.681537335003668,3.207376506463517,0.15198437111431018,15,0.059762139621875585
6.682723191006517,3.207376506463517,0.15198437111431018,15,0.059762139621875585
6.683795024000574,3.2125125413697355,0.15252639122540212,15,0.06401781473982471
6.684101106002345,3.2125125413697355,0.15252639122540212,15,0.06401781473982471
6.685040590004064,3.2125125413697355,0.15252639122540212,15,0.06401781473982471
6.685788567003328,3.2125125413697355,0.15252639122540212,15,0.06401781473982471
6.686586857002112,3.2125125413697355,0.15252639122540212,15,0.06401781473982471
6.687649573003,3.2125125413697355,0.15252639122540212,15,0.06401781473982471
6.688110557006439,3.2125125413697355,0.15252639122540212,15,0.06401781473982471
6.689280368002073,3.2125125413697355,0.15252639122540212,15,0.06401781473982471
6.6903312130016275,3.2125125413697355,0.15252639122540212,15,0.06401781473982471
6.691295953001827,3.2125125413697355,0.15252639122540212,15,0.06401781473982471
6.691591167000297,3.2125125413697355,0.15252639122540212,15,0.06401781473982471
6.692360407003434,3.217661511788862,0.15305446345466775,15,0.06840077413286397
6.693152406005538,3.217661511788862,0.15305446345466775,15,0.06840077413286397
6.6938993760049925,3.217661511788862,0.15305446345466775,15,0.06840077413286397
6.694288210004743,3.217661511788862,0.15305446345466775,15,0.06840077413286397
6.69492608600558,3.217661511788862,0.15305446345466775,15,0.06840077413286397
6.695547330004047,3.217661511788862,0.15305446345466775,15,0.06840077413286397
6.696261598001001,3.217661511788862,0.15305446345466775,15,0.06840077413286397
6.697026542002277,3.217661511788862,0.15305446345466775,15,0.06840077413286397
6.6978938530010055,3.217661511788862,0.15305446345466775,15,0.06840077413286397
6.698160144005669,3.217661511788862,0.15305446345466775,15,0.06840077413286397
6.698836093004502,3.217661511788862,0.15305446345466775,15,0.06840077413286397
6.699453627006733,3.217661511788862,0.15305446345466775,15,0.06840077413286397
6.700083050003741,3.217661511788862,0.15305446345466775,15,0.06840077413286397
6.701100474005216,3.217661511788862,0.15305446345466775,15,0.06840077413286397
6.702247928005818,3.2228199999101306,0.15359622367539277,15,0.07290342913192943
6.7033180960061145,3.2228199999101306,0.15359622367539277,15,0.07290342913192943
6.704319865006255,3.2228199999101306,0.15359622367539277,15,0.07290342913192943
6.705395456003316,3.2228199999101306,0.15359622367539277,15,0.07290342913192943
6.706381621006585,3.2228199999101306,0.15359622367539277,15,0.07290342913192943
6.707341823006573,3.2228199999101306,0.15359622367539277,15,0.07290342913192943
6.708326515006775,3.2228199999101306,0.15359622367539277,15,0.07290342913192943
6.708787391005899,3.2228199999101306,0.15359622367539277,15,0.07290342913192943
6.709755351002968,3.2228199999101306,0.15359622367539277,15,0.07290342913192943
6.710166773002129,3.2228199999101306,0.15359622367539277,15,0.07290342913192943
6.711185634005233,3.2228199999101306,0.15359622367539277,15,0.07290342913192943
6.712193440005649,3.227990362552761,0.15412391242367837,15,0.07749401725044071
6.712613167001109,3.227990362552761,0.15412391242367837,15,0.07749401725044071
6.713565727004607,3.227990362552761,0.15412391242367837,15,0.07749401725044071
6.714635499003634,3.227990362552761,0.15412391242367837,15,0.07749401725044071
6.7156933400037815,3.227990362552761,0.15412391242367837,15,0.07749401725044071
6.716131568005949,3.227990362552761,0.15412391242367837,15,0.07749401725044071
6.717245648003882,3.227990362552761,0.15412391242367837,15,0.07749401725044071
6.721687647004728,3.227990362552761,0.15412391242367837,15,0.07749401725044071
6.7229224530019565,3.227990362552761,0.15412391242367837,15,0.07749401725044071
6.723375475005014,3.227990362552761,0.15412391242367837,15,0.07749401725044071
6.724797457005479,3.227990362552761,0.15412391242367837,15,0.07749401725044071
6.725985494005727,3.227990362552761,0.15412391242367837,15,0.07749401725044071
6.727033588002087,3.233169246275622,0.15466516844504605,15,0.08217122892512269
6.727463324001292,3.233169246275622,0.15466516844504605,15,0.08217122892512269
6.7288116039999295,3.233169246275622,0.15466516844504605,15,0.08217122892512269
6.729940554003406,3.233169246275622,0.15466516844504605,15,0.08217122892512269
6.7439697650042945,3.233169246275622,0.15466516844504605,15,0.08217122892512269
6.7451568040050915,3.233169246275622,0.15466516844504605,15,0.08217122892512269
6.745518650001031,3.233169246275622,0.15466516844504605,15,0.08217122892512269
6.746245637004904,3.2435564540772295,0.15573276913911469,15,0.09171594905230107
6.746502139001677,3.2435564540772295,0.15573276913911469,15,0.09171594905230107
6.747194250005123,3.2435564540772295,0.15573276913911469,15,0.09171594905230107
6.747585007004091,3.2435564540772295,0.15573276913911469,15,0.09171594905230107
6.748718337003083,3.2435564540772295,0.15573276913911469,15,0.09171594905230107
6.749138217004656,3.2435564540772295,0.15573276913911469,15,0.09171594905230107
6.750239311004407,3.2435564540772295,0.15573276913911469,15,0.09171594905230107
6.750695034003002,3.2435564540772295,0.15573276913911469,15,0.09171594905230107
6.751560174001497,3.2435564540772295,0.15573276913911469,15,0.09171594905230107
6.752251801000966,3.2487639037075255,0.15625901102004638,15,0.09656682725594683
6.752985654005897,3.2487639037075255,0.15625901102004638,15,0.09656682725594683
6.753608540006098,3.2487639037075255,0.15625901102004638,15,0.09656682725594683
6.75429052200343,3.2487639037075255,0.15625901102004638,15,0.09656682725594683
6.755357546004234,3.2487639037075255,0.15625901102004638,15,0.09656682725594683
6.756526167002448,3.2487639037075255,0.15625901102004638,15,0.09656682725594683
6.75698447200557,3.2487639037075255,0.15625901102004638,15,0.09656682725594683
6.758052158002101,3.2487639037075255,0.15625901102004638,15,0.09656682725594683
6.759060902004421,3.2487639037075255,0.15625901102004638,15,0.09656682725594683
6.76007194500562,3.2487639037075255,0.15625901102004638,15,0.09656682725594683
6.760611773002893,3.2487639037075255,0.15625901102004638,15,0.09656682725594683
6.761656034002954,3.2487639037075255,0.15625901102004638,15,0.09656682725594683
6.7627690760054975,3.2487639037075255,0.15625901102004638,15,0.09656682725594683
6.7661998360053985,3.2487639037075255,0.15625901102004638,15,0.09656682725594683
6.767331149007077,3.2487639037075255,0.15625901102004638,15,0.09656682725594683
6.76780405700265,3.2487639037075255,0.15625901102004638,15,0.09656682725594683
6.769037341000512,3.2539667237649703,0.156797441722476,15,0.10145701098052341
6.770142240005953,3.2539667237649703,0.156797441722476,15,0.10145701098052341
6.771551696001552,3.2539667237649703,0.156797441722476,15,0.10145701098052341
6.772007994004525,3.2539667237649703,0.156797441722476,15,0.10145701098052341
6.77319022800657,3.2539667237649703,0.156797441722476,15,0.10145701098052341
6.774270336005429,3.2539667237649703,0.156797441722476,15,0.10145701098052341
6.775339562002046,3.2539667237649703,0.156797441722476,15,0.10145701098052341
6.776530349001405,3.2539667237649703,0.156797441722476,15,0.10145701098052341
6.776963854004862,3.2539667237649703,0.156797441722476,15,0.10145701098052341
6.778027287000441,3.2539667237649703,0.156797441722476,15,0.10145701098052341
6.779075690006721,3.2539667237649703,0.156797441722476,15,0.10145701098052341
6.780116388006718,3.258230144198025,0.15715780351535927,16,0.1023808119754992
6.780642044002889,3.258230144198025,0.15715780351535927,16,0.1023808119754992
6.781807148006919,3.258230144198025,0.15715780351535927,16,0.1023808119754992
6.782956032002403,3.258230144198025,0.15715780351535927,16,0.1023808119754992
6.784070784000505,3.258230144198025,0.15715780351535927,16,0.1023808119754992
6.78533089600387,3.2576983367175263,0.15706662318507614,16,0.10289272555013747
6.785827848005283,3.2576983367175263,0.15706662318507614,16,0.10289272555013747
6.787049657003081,3.2576983367175263,0.15706662318507614,16,0.10289272555013747
6.788210069003981,3.2568313252295336,0.1569199793182193,16,0.10372820149530802
6.789410798002791,3.2568313252295336,0.1569199793182193,16,0.10372820149530802
6.789866496001196,3.2568313252295336,0.1569199793182193,16,0.10372820149530802
6.7909791030033375,3.2568313252295336,0.1569199793182193,16,0.10372820149530802
6.792082438005309,3.2568313252295336,0.1569199793182193,16,0.10372820149530802
6.793234087002929,3.261910821363679,0.15739733644684184,16,0.09878250666009267
6.794299983004748,3.261910821363679,0.15739733644684184,16,0.09878250666009267
6.79536322500644,3.261910821363679,0.15739733644684184,16,0.09878250666009267
6.79638825400616,3.261910821363679,0.15739733644684184,16,0.09878250666009267
6.797631288005505,3.261910821363679,0.15739733644684184,16,0.09878250666009267
6.798747990003903,3.261910821363679,0.15739733644684184,16,0.09878250666009267
6.7998316299999715,3.261910821363679,0.15739733644684184,16,0.09878250666009267
6.800272224005312,3.261910821363679,0.15739733644684184,16,0.09878250666009267
6.8015076290030265,3.261910821363679,0.15739733644684184,16,0.09878250666009267
6.801962461002404,3.261910821363679,0.15739733644684184,16,0.09878250666009267
6.803099886004929,3.261910821363679,0.15739733644684184,16,0.09878250666009267
6.803548934003629,3.261910821363679,0.15739733644684184,16,0.09878250666009267
6.805003579000186,3.261910821363679,0.15739733644684184,16,0.09878250666009267
6.806252871007018,3.261910821363679,0.15739733644684184,16,0.09878250666009267
6.806714050006121,3.261910821363679,0.15739733644684184,16,0.09878250666009267
6.807807714001683,3.2670857802175273,0.15787575531272574,16,0.0937597032593775
6.808953104002285,3.2670857802175273,0.15787575531272574,16,0.0937597032593775
6.80998337600613,3.2670857802175273,0.15787575531272574,16,0.0937597032593775
6.811309308002819,3.2670857802175273,0.15787575531272574,16,0.0937597032593775
6.811757432005834,3.2670857802175273,0.15787575531272574,16,0.0937597032593775
6.8128986790034105,3.2670857802175273,0.15787575531272574,16,0.0937597032593775
6.814290223002899,3.2670857802175273,0.15787575531272574,16,0.0937597032593775
6.814754959006677,3.2670857802175273,0.15787575531272574,16,0.0937597032593775
6.815826146004838,3.2670857802175273,0.15787575531272574,16,0.0937597032593775
6.817040618007013,3.2670857802175273,0.15787575531272574,16,0.0937597032593775
6.817516469003749,3.2670857802175273,0.15787575531272574,16,0.0937597032593775
6.818726437006262,3.2670857802175273,0.15787575531272574,16,0.0937597032593775
6.819820862001507,3.2670857802175273,0.15787575531272574,16,0.0937597032593775
6.821606478006288,3.277414509462095,0.15884085114869717,16,0.08380031389361983
6.822093583003152,3.277414509462095,0.15884085114869717,16,0.08380031389361983
6.823235073999967,3.277414509462095,0.15884085114869717,16,0.08380031389361983
6.824652325005445,3.277414509462095,0.15884085114869717,16,0.08380031389361983
6.825792696006829,3.277414509462095,0.15884085114869717,16,0.08380031389361983
6.826261254005658,3.277414509462095,0.15884085114869717,16,0.08380031389361983
6.827350253006443,3.277414509462095,0.15884085114869717,16,0.08380031389361983
6.82838776200515,3.277414509462095,0.15884085114869717,16,0.08380031389361983
6.829559746001905,3.277414509462095,0.15884085114869717,16,0.08380031389361983
6.830668305003201,3.277414509462095,0.15884085114869717,16,0.08380031389361983
6.831751910001913,3.2825707663212924,0.1593277470744709,16,0.07886956797393253
6.833798725005181,3.2825707663212924,0.1593277470744709,16,0.07886956797393253
6.83510052600468,3.2825707663212924,0.1593277470744709,16,0.07886956797393253
6.836303291005606,3.2825707663212924,0.1593277470744709,16,0.07886956797393253
6.838395569000568,3.2825707663212924,0.1593277470744709,16,0.07886956797393253
6.8396218350026174,3.2825707663212924,0.1593277470744709,16,0.07886956797393253
6.840047911005968,3.2825707663212924,0.1593277470744709,16,0.07886956797393253
6.841194313004962,3.2825707663212924,0.1593277470744709,16,0.07886956797393253
6.841618310005288,3.2825707663212924,0.1593277470744709,16,0.07886956797393253
6.842679205001332,3.2825707663212924,0.1593277470744709,16,0.07886956797393253
6.8430995650051045,3.2825707663212924,0.1593277470744709,16,0.07886956797393253
6.844213669006422,3.2825707663212924,0.1593277470744709,16,0.07886956797393253
6.844759053004964,3.2825707663212924,0.1593277470744709,16,0.07886956797393253
6.845940531005908,3.2825707663212924,0.1593277470744709,16,0.07886956797393253
6.846384859003592,3.2825707663212924,0.1593277470744709,16,0.07886956797393253
6.847446535000927,3.2825707663212924,0.1593277470744709,16,0.07886956797393253
6.848580661004235,3.292874200071707,0.16028264774587253,16,0.0691208177503834
6.849755802002619,3.292874200071707,0.16028264774587253,16,0.0691208177503834
6.850242391003121,3.292874200071707,0.16028264774587253,16,0.0691208177503834
6.851448255001742,3.292874200071707,0.16028264774587253,16,0.0691208177503834
6.852716639004939,3.2980226842616664,0.16075079003268067,16,0.06431696154414461
6.8531454730036785,3.2980226842616664,0.16075079003268067,16,0.06431696154414461
6.854219915003341,3.2980226842616664,0.16075079003268067,16,0.06431696154414461
6.8553222400005325,3.2980226842616664,0.16075079003268067,16,0.06431696154414461
6.8565031370017095,3.2980226842616664,0.16075079003268067,16,0.06431696154414461
6.856956552001066,3.2980226842616664,0.16075079003268067,16,0.06431696154414461
6.858057614001154,3.2980226842616664,0.16075079003268067,16,0.06431696154414461
6.859109286000603,3.2980226842616664,0.16075079003268067,16,0.06431696154414461
6.8601806400038186,3.2980226842616664,0.16075079003268067,16,0.06431696154414461
6.860715864000667,3.2980226842616664,0.16075079003268067,16,0.06431696154414461
6.861826696003845,3.303167966129667,0.161231454976076,16,0.0595815372816031
6.865021225006785,3.303167966129667,0.161231454976076,16,0.0595815372816031
6.866462018006132,3.303167966129667,0.161231454976076,16,0.0595815372816031
6.867654247005703,3.303167966129667,0.161231454976076,16,0.0595815372816031
6.868113203003304,3.303167966129667,0.161231454976076,16,0.0595815372816031
6.869275087999995,3.303167966129667,0.161231454976076,16,0.0595815372816031
6.869739185000071,3.303167966129667,0.161231454976076,16,0.0595815372816031
6.870895581007062,3.303167966129667,0.161231454976076,16,0.0595815372816031
6.872089452001092,3.303167966129667,0.161231454976076,16,0.0595815372816031
6.8732769200069015,3.308281994309284,0.16169384562535732,16,0.054946504515179455
6.8737378000005265,3.308281994309284,0.16169384562535732,16,0.054946504515179455
6.874809066001035,3.308281994309284,0.16169384562535732,16,0.054946504515179455
6.875879684004758,3.308281994309284,0.16169384562535732,16,0.054946504515179455
6.8770356720051495,3.308281994309284,0.16169384562535732,16,0.054946504515179455
6.87746829000389,3.308281994309284,0.16169384562535732,16,0.054946504515179455
6.878638887006673,3.308281994309284,0.16169384562535732,16,0.054946504515179455
6.879756601003464,3.308281994309284,0.16169384562535732,16,0.054946504515179455
6.880192693002755,3.308281994309284,0.16169384562535732,16,0.054946504515179455
6.881400497004506,3.308281994309284,0.16169384562535732,16,0.054946504515179455
6.8826647870009765,3.325259755420399,0.1642843861858076,16,0.04100880262238057
6.883929536001233,3.325259755420399,0.1642843861858076,16,0.04100880262238057
6.88533227800508,3.325259755420399,0.1642843861858076,16,0.04100880262238057
6.885820361007063,3.325259755420399,0.1642843861858076,16,0.04100880262238057
6.887199644006614,3.325259755420399,0.1642843861858076,16,0.04100880262238057
6.888654453003255,3.325259755420399,0.1642843861858076,16,0.04100880262238057
6.889231122004276,3.325259755420399,0.1642843861858076,16,0.04100880262238057
6.890385593003884,3.325259755420399,0.1642843861858076,16,0.04100880262238057
6.8916216010038625,3.3302668235619914,0.16476900265387978,16,0.03724130623512679
6.8928885320056,3.3302668235619914,0.16476900265387978,16,0.03724130623512679
6.893984078000358,3.3302668235619914,0.16476900265387978,16,0.03724130623512679
6.8945020520041,3.3302668235619914,0.16476900265387978,16,0.03724130623512679
6.895627031000913,3.3302668235619914,0.16476900265387978,16,0.03724130623512679
6.896854973005247,3.3302668235619914,0.16476900265387978,16,0.03724130623512679
6.897337753005559,3.3302668235619914,0.16476900265387978,16,0.03724130623512679
6.898676182005147,3.3302668235619914,0.16476900265387978,16,0.03724130623512679
6.899827900000673,3.3302668235619914,0.16476900265387978,16,0.03724130623512679
6.900253421001253,3.3302668235619914,0.16476900265387978,16,0.03724130623512679
6.901493292003579,3.3302668235619914,0.16476900265387978,16,0.03724130623512679
6.902938738006924,3.3302668235619914,0.16476900265387978,16,0.03724130623512679
6.904157337005017,3.3302668235619914,0.16476900265387978,16,0.03724130623512679
6.905640226999822,3.335232139176232,0.16529047774970784,16,0.033859747060591305
6.90616922800109,3.335232139176232,0.16529047774970784,16,0.033859747060591305
6.907527610004763,3.335232139176232,0.16529047774970784,16,0.033859747060591305
6.908835970003565,3.3401661906145392,0.16581640966663033,16,0.030940612991183003
6.909222258000227,3.3401661906145392,0.16581640966663033,16,0.030940612991183003
6.910240507000708,3.3401661906145392,0.16581640966663033,16,0.030940612991183003
6.911401855002623,3.3401661906145392,0.16581640966663033,16,0.030940612991183003
6.912511660004384,3.3401661906145392,0.16581640966663033,16,0.030940612991183003
6.913601037005719,3.3401661906145392,0.16581640966663033,16,0.030940612991183003
6.914042493001034,3.3401661906145392,0.16581640966663033,16,0.030940612991183003
6.915157933006412,3.3401661906145392,0.16581640966663033,16,0.030940612991183003
6.9162332890045946,3.3401661906145392,0.16581640966663033,16,0.030940612991183003
6.917410052999912,3.3401661906145392,0.16581640966663033,16,0.030940612991183003
6.9179156930040335,3.3401661906145392,0.16581640966663033,16,0.030940612991183003
6.9190955640005996,3.3401661906145392,0.16581640966663033,16,0.030940612991183003
6.920215069003461,3.34507548507935,0.16634049673231946,16,0.02860108305681315
6.9207291760030785,3.34507548507935,0.16634049673231946,16,0.02860108305681315
6.921778086005361,3.34507548507935,0.16634049673231946,16,0.02860108305681315
6.922880182006338,3.34507548507935,0.16634049673231946,16,0.02860108305681315
6.923964225999953,3.34507548507935,0.16634049673231946,16,0.02860108305681315
6.925089732001652,3.34507548507935,0.1663404967323195,16,0.028601083056813175
6.925501023004472,3.34507548507935,0.1663404967323195,16,0.028601083056813175
6.926550866002799,3.34507548507935,0.1663404967323195,16,0.028601083056813175
6.927591541003494,3.34507548507935,0.1663404967323195,16,0.028601083056813175
6.9287583630066365,3.34507548507935,0.1663404967323195,16,0.028601083056813175
6.929777926001407,3.3499646330820956,0.1668640074833249,16,0.026978242537269867
6.930946290005522,3.3499646330820956,0.1668640074833249,16,0.026978242537269867
6.932061406005232,3.3499646330820956,0.1668640074833249,16,0.026978242537269867
6.933242548002454,3.3499646330820956,0.1668640074833249,16,0.026978242537269867
6.936167971005489,3.3499646330820956,0.1668640074833249,16,0.026978242537269867
6.936761818004015,3.3499646330820956,0.1668640074833249,16,0.026978242537269867
6.937971940002171,3.3499646330820956,0.1668640074833249,16,0.026978242537269867
6.938410954004212,3.3499646330820956,0.1668640074833249,16,0.026978242537269867
6.939480796005228,3.354837518986151,0.16738655868966015,16,0.02619320883432445
6.939943003002554,3.354837518986151,0.16738655868966015,16,0.02619320883432445
6.941141378003522,3.354837518986151,0.16738655868966015,16,0.02619320883432445
6.94228411000222,3.354837518986151,0.16738655868966015,16,0.02619320883432445
6.943498089000059,3.354837518986151,0.16738655868966015,16,0.02619320883432445
6.9446578650022275,3.354837518986151,0.16738655868966015,16,0.02619320883432445
6.945763780000561,3.354837518986151,0.16738655868966015,16,0.02619320883432445
6.946204405001481,3.354837518986151,0.16738655868966015,16,0.02619320883432445
6.94721912600653,3.354837518986151,0.16738655868966015,16,0.02619320883432445
6.948275316004583,3.354837518986151,0.16738655868966015,16,0.02619320883432445
6.949408831002074,3.354837518986151,0.16738655868966015,16,0.02619320883432445
6.950529961002758,3.354837518986151,0.16738655868966015,16,0.02619320883432445
6.9517137380025815,3.354837518986151,0.16738655868966015,16,0.02619320883432445
6.952158723004686,3.354837518986151,0.16738655868966015,16,0.02619320883432445
6.953318232001038,3.3597222644727327,0.16791194736808052,16,0.026316064989530066
6.9537717570055975,3.3597222644727327,0.16791194736808052,16,0.026316064989530066
6.9549074260066845,3.3597222644727327,0.1679119473680805,16,0.026316064989530038
6.9560700340007315,3.3597222644727327,0.1679119473680805,16,0.026316064989530038
6.9566181160043925,3.3597222644727327,0.1679119473680805,16,0.026316064989530038
6.957757173004211,3.3597222644727327,0.1679119473680805,16,0.026316064989530038
6.958821779000573,3.3597222644727327,0.1679119473680805,16,0.026316064989530038
6.959227548002673,3.3597222644727327,0.1679119473680805,16,0.026316064989530038
6.960201133006194,3.3597222644727327,0.1679119473680805,16,0.026316064989530038
6.961531823006226,3.3597222644727327,0.1679119473680805,16,0.026316064989530038
6.96272006000072,3.3597222644727327,0.1679119473680805,16,0.026316064989530038
6.963791449001292,3.3597222644727327,0.1679119473680805,16,0.026316064989530038
6.96493559100054,3.3646445385255523,0.1684421658218588,16,0.027347939611711305
6.9653746010008035,3.3646445385255523,0.1684421658218588,16,0.027347939611711305
6.966549393000605,3.3646445385255523,0.1684421658218588,16,0.027347939611711305
6.967650216000038,3.369602911362538,0.1689735821013513,16,0.029207935515445926
6.96880830200098,3.369602911362538,0.1689735821013513,16,0.029207935515445926
6.969870051005273,3.369602911362538,0.1689735821013513,16,0.029207935515445926
6.9709651230004965,3.369602911362538,0.1689735821013513,16,0.029207935515445926
6.972177910000028,3.369602911362538,0.1689735821013513,16,0.029207935515445926
6.973382783005945,3.369602911362538,0.1689735821013513,16,0.029207935515445926
6.973832620002213,3.369602911362538,0.1689735821013513,16,0.029207935515445926
6.974904241003969,3.369602911362538,0.1689735821013513,16,0.029207935515445926
6.975332920002984,3.369602911362538,0.1689735821013513,16,0.029207935515445926
6.976350418000948,3.369602911362538,0.1689735821013513,16,0.029207935515445926
6.977617517004546,3.369602911362538,0.1689735821013513,16,0.029207935515445926
6.978075422004622,3.369602911362538,0.1689735821013513,16,0.029207935515445926
6.9792899210006,3.369602911362538,0.1689735821013513,16,0.029207935515445926
6.98049584900582,3.366739152294272,0.16763605881483706,16,0.027047142345012477
6.981525836999936,3.366739152294272,0.16763605881483706,16,0.027047142345012477
6.9826184600024135,3.366739152294272,0.16763605881483706,16,0.027047142345012477
6.984171314004925,3.366739152294272,0.16763605881483706,16,0.027047142345012477
6.984981642002822,3.366739152294272,0.16763605881483706,16,0.027047142345012477
6.986182713000744,3.366739152294272,0.16763605881483706,16,0.027047142345012477
6.98675225199986,3.366739152294272,0.16763605881483706,16,0.027047142345012477
6.988057922004373,3.366739152294272,0.16763605881483706,16,0.027047142345012477
6.989363286003936,3.366739152294272,0.16763605881483706,16,0.027047142345012477
6.989796907000709,3.366739152294272,0.16763605881483706,16,0.027047142345012477
6.990821432002122,3.3717504921221852,0.16828956188832425,16,0.029401741622023574
6.9919063320048735,3.3717504921221852,0.16828956188832425,16,0.029401741622023574
6.993075956001121,3.3717504921221852,0.16828956188832425,16,0.029401741622023574
6.994108256003528,3.3717504921221852,0.16828956188832425,16,0.029401741622023574
6.994524703004572,3.3717504921221852,0.16828956188832425,16,0.029401741622023574
6.995526931001223,3.3717504921221852,0.16828956188832425,16,0.029401741622023574
6.996713315005763,3.3717504921221852,0.16828956188832425,16,0.029401741622023574
6.997788935004792,3.3717504921221852,0.16828956188832425,16,0.029401741622023574
6.998820397006057,3.3717504921221852,0.16828956188832425,16,0.029401741622023574
6.999965613002132,3.3717504921221852,0.16828956188832425,16,0.029401741622023574
7.0005349020066205,3.3717504921221852,0.16828956188832425,16,0.029401741622023574
7.001696128005278,3.3717504921221852,0.16828956188832425,16,0.029401741622023574
7.0028301820057095,3.3717504921221852,0.16828956188832425,16,0.029401741622023574
7.003902576005203,3.376788047631996,0.1689817851656725,16,0.0324266418326458
7.0051639350058394,3.376788047631996,0.1689817851656725,16,0.0324266418326458
7.005641148003633,3.376788047631996,0.1689817851656725,16,0.0324266418326458
7.006774144007068,3.376788047631996,0.1689817851656725,16,0.0324266418326458
7.007913802000985,3.376788047631996,0.1689817851656725,16,0.0324266418326458
7.0083616050033015,3.376788047631996,0.1689817851656725,16,0.0324266418326458
7.009571153001161,3.376788047631996,0.1689817851656725,16,0.0324266418326458
7.010691717005102,3.376788047631996,0.1689817851656725,16,0.0324266418326458
7.011774233003962,3.376788047631996,0.1689817851656725,16,0.0324266418326458
7.012941414002853,3.3818554845260187,0.16967442656836876,16,0.035938661147530165
7.013365926002734,3.3818554845260187,0.16967442656836876,16,0.035938661147530165
7.014414563003811,3.3818554845260187,0.16967442656836876,16,0.035938661147530165
7.0154409970054985,3.3818554845260187,0.16967442656836876,16,0.035938661147530165
7.016630404999887,3.3818554845260187,0.16967442656836876,16,0.035938661147530165
7.0170755550061585,3.3818554845260187,0.16967442656836876,16,0.035938661147530165
7.018185322005593,3.3818554845260187,0.16967442656836876,16,0.035938661147530165
7.019301255000755,3.3818554845260187,0.16967442656836876,16,0.035938661147530165
7.01973119500326,3.3818554845260187,0.16967442656836876,16,0.035938661147530165
7.020864967002126,3.3818554845260187,0.16967442656836876,16,0.035938661147530165
7.021950809001282,3.3818554845260187,0.16967442656836876,16,0.035938661147530165
7.023022811001283,3.3818554845260187,0.16967442656836876,16,0.035938661147530165
7.024072150001302,3.3818554845260187,0.16967442656836876,16,0.035938661147530165
7.024581562000094,3.3818554845260187,0.16967442656836876,16,0.035938661147530165
7.025641805004852,3.3818554845260187,0.16967442656836876,16,0.035938661147530165
7.02670311100519,3.386948153627413,0.17039069780887905,16,0.03983407631707438
7.02775510900392,3.386948153627413,0.17039069780887905,16,0.03983407631707438
7.028168804004963,3.386948153627413,0.17039069780887905,16,0.03983407631707438
7.029300208007044,3.386948153627413,0.17039069780887905,16,0.03983407631707438
7.030443567004113,3.386948153627413,0.17039069780887905,16,0.03983407631707438
7.0315486260005855,3.386948153627413,0.17039069780887905,16,0.03983407631707438
7.032802393005113,3.3920687226106265,0.17110168837310294,16,0.0440037026337687
7.033258876006585,3.3920687226106265,0.17110168837310294,16,0.0440037026337687
7.034381516001304,3.3920687226106265,0.17110168837310294,16,0.0440037026337687
7.035556927003199,3.3920687226106265,0.17110168837310294,16,0.0440037026337687
7.0368283440038795,3.3920687226106265,0.17110168837310294,16,0.0440037026337687
7.037350524005888,3.3920687226106265,0.17110168837310294,16,0.0440037026337687
7.038454792003904,3.3920687226106265,0.17110168837310294,16,0.0440037026337687
7.039528963003249,3.3920687226106265,0.17110168837310294,16,0.0440037026337687
7.040738256000623,3.3920687226106265,0.17110168837310294,16,0.0440037026337687
7.041831434005871,3.3920687226106265,0.17110168837310294,16,0.0440037026337687
7.042319709005824,3.3920687226106265,0.17110168837310294,16,0.0440037026337687
7.043500350002432,3.3920687226106265,0.17110168837310294,16,0.0440037026337687
7.044686569002806,3.397212159326325,0.17183403487294077,16,0.04839802029031849
7.045106053999916,3.397212159326325,0.17183403487294077,16,0.04839802029031849
7.046380557003431,3.397212159326325,0.17183403487294077,16,0.04839802029031849
7.047622371006582,3.397212159326325,0.17183403487294077,16,0.04839802029031849
7.048888078003074,3.397212159326325,0.17183403487294077,16,0.04839802029031849
7.049376012000721,3.397212159326325,0.17183403487294077,16,0.04839802029031849
7.0504755600049975,3.397212159326325,0.17183403487294077,16,0.04839802029031849
7.051849879004294,3.4023724994044917,0.17255890651228267,16,0.052946975934441
7.053099241005839,3.4023724994044917,0.17255890651228267,16,0.052946975934441
7.0535566010003095,3.4023724994044917,0.17255890651228267,16,0.052946975934441
7.0549215820065,3.4023724994044917,0.17255890651228267,16,0.052946975934441
7.0561886570067145,3.4023724994044917,0.17255890651228267,16,0.052946975934441
7.057421645004069,3.4023724994044917,0.17255890651228267,16,0.052946975934441
7.057994624003186,3.4023724994044917,0.17255890651228267,16,0.052946975934441
7.059128298002179,3.4023724994044917,0.17255890651228267,16,0.052946975934441
7.060246744003962,3.4023724994044917,0.17255890651228267,16,0.052946975934441
7.06077123000432,3.4023724994044917,0.17255890651228267,16,0.052946975934441
7.061820604001696,3.4023724994044917,0.17255890651228267,16,0.052946975934441
7.063000195004861,3.4023724994044917,0.17255890651228267,16,0.052946975934441
7.06421091700031,3.4023724994044917,0.17255890651228267,16,0.052946975934441
7.0654016220069025,3.407536491930993,0.17330234741830108,16,0.057621470255360636
7.066001558006974,3.407536491930993,0.17330234741830108,16,0.057621470255360636
7.067249682004331,3.407536491930993,0.17330234741830108,16,0.057621470255360636
7.068515512000886,3.407536491930993,0.17330234741830108,16,0.057621470255360636
7.069003226002678,3.407536491930993,0.17330234741830108,16,0.057621470255360636
7.070092487003421,3.407536491930993,0.17330234741830108,16,0.057621470255360636
7.071317011002975,3.407536491930993,0.17330234741830108,16,0.057621470255360636
7.072596629004693,3.407536491930993,0.17330234741830108,16,0.057621470255360636
7.073668513003213,3.4127107049458116,0.17401574802680683,16,0.062375195610223734
7.074155591006274,3.4127107049458116,0.17401574802680683,16,0.062375195610223734
7.075450447002368,3.4127107049458116,0.17401574802680683,16,0.062375195610223734
7.076702081001713,3.4127107049458116,0.17401574802680683,16,0.062375195610223734
7.077125842006353,3.4127107049458116,0.17401574802680683,16,0.062375195610223734
7.078411186004814,3.4127107049458116,0.17401574802680683,16,0.062375195610223734
7.079506566005875,3.4127107049458116,0.17401574802680683,16,0.062375195610223734
7.0806726870068815,3.4206836060015195,0.17169939251311533,16,0.06825797603088485
7.081205175003561,3.4206836060015195,0.17169939251311533,16,0.06825797603088485
7.0824084780033445,3.4206836060015195,0.17169939251311533,16,0.06825797603088485
7.0837666830047965,3.4206836060015195,0.17169939251311533,16,0.06825797603088485
7.085013785006595,3.4212091259667,0.1711341218886391,16,0.06848433755512028
7.086101615001098,3.4212091259667,0.1711341218886391,16,0.06848433755512028
7.087155155000801,3.4212091259667,0.1711341218886391,16,0.06848433755512028
7.088322830000834,3.4212091259667,0.1711341218886391,16,0.06848433755512028
7.088839715004724,3.4212091259667,0.1711341218886391,16,0.06848433755512028
7.0898974490046385,3.4264012018717653,0.17179690584895055,16,0.07347288711258483
7.090318525006296,3.4264012018717653,0.17179690584895055,16,0.07347288711258483
7.091589436000504,3.4264012018717653,0.17179690584895055,16,0.07347288711258483
7.092884223005967,3.4264012018717653,0.17179690584895055,16,0.07347288711258483
7.093317836006463,3.4264012018717653,0.17179690584895055,16,0.07347288711258483
7.09464624300017,3.4264012018717653,0.17179690584895055,16,0.07347288711258483
7.095754855006817,3.4264012018717653,0.17179690584895055,16,0.07347288711258483
7.096965628006728,3.4264012018717653,0.17179690584895055,16,0.07347288711258483
7.097404908003227,3.4264012018717653,0.17179690584895055,16,0.07347288711258483
7.098504621004395,3.4264012018717653,0.17179690584895055,16,0.07347288711258483
7.0996138410046115,3.4264012018717653,0.17179690584895055,16,0.07347288711258483
7.100058397001703,3.4264012018717653,0.17179690584895055,16,0.07347288711258483
7.101278704001743,3.4316004836295835,0.17244349376243914,16,0.07849369658779372
7.102471465004783,3.4316004836295835,0.17244349376243914,16,0.07849369658779372
7.103629392004223,3.4316004836295835,0.17244349376243914,16,0.07849369658779372
7.104769593002857,3.4316004836295835,0.17244349376243914,16,0.07849369658779372
7.105841508004232,3.4316004836295835,0.17244349376243914,16,0.07849369658779372
7.106287037000584,3.4316004836295835,0.17244349376243914,16,0.07849369658779372
7.10732936700515,3.4316004836295835,0.17244349376243914,16,0.07849369658779372
7.108358938006859,3.4368029128356543,0.1731042167086056,16,0.08354959289303789
7.108852593002666,3.4368029128356543,0.1731042167086056,16,0.08354959289303789
7.109883136006829,3.4368029128356543,0.1731042167086056,16,0.08354959289303789
7.1109936790016945,3.4368029128356543,0.1731042167086056,16,0.08354959289303789
7.112035751000803,3.4368029128356543,0.1731042167086056,16,0.08354959289303789
7.113197310005489,3.4368029128356543,0.1731042167086056,16,0.08354959289303789
7.114282198002911,3.4368029128356543,0.1731042167086056,16,0.08354959289303789
7.1153460730056395,3.4368029128356543,0.1731042167086056,16,0.08354959289303789
7.116642637003679,3.4368029128356543,0.1731042167086056,16,0.08354959289303789
7.1178118550014915,3.4368029128356543,0.1731042167086056,16,0.08354959289303789
7.118910124001559,3.4368029128356543,0.1731042167086056,16,0.08354959289303789
7.119933989000856,3.4368029128356543,0.1731042167086056,16,0.08354959289303789
7.1210443250020035,3.4368029128356543,0.1731042167086056,16,0.08354959289303789
7.122111433003738,3.4368029128356543,0.1731042167086056,16,0.08354959289303789
7.123225578005076,3.4368029128356543,0.1731042167086056,16,0.08354959289303789
7.124258960000589,3.4368029128356543,0.1731042167086056,16,0.08354959289303789
7.125404450001952,3.442011609035336,0.17375238179537758,16,0.08862866119244489
7.126478615005908,3.442011609035336,0.17375238179537758,16,0.08862866119244489
7.126913268002681,3.442011609035336,0.17375238179537758,16,0.08862866119244489
7.1279577070017694,3.442011609035336,0.17375238179537758,16,0.08862866119244489
7.128382399001566,3.442011609035336,0.17375238179537758,16,0.08862866119244489
7.129494323002291,3.442011609035336,0.17375238179537758,16,0.08862866119244489
7.129917953003314,3.442011609035336,0.17375238179537758,16,0.08862866119244489
7.130961744005617,3.442011609035336,0.17375238179537758,16,0.08862866119244489
7.131432517002395,3.442011609035336,0.17375238179537758,16,0.08862866119244489
7.132664546006708,3.442011609035336,0.17375238179537758,16,0.08862866119244489
7.133093708005617,3.442011609035336,0.17375238179537758,16,0.08862866119244489
7.134162334004941,3.442011609035336,0.17375238179537758,16,0.08862866119244489
7.134594597002433,3.442011609035336,0.17375238179537758,16,0.08862866119244489
7.1356673640038935,3.442011609035336,0.17375238179537758,16,0.08862866119244489
7.136822594002297,3.442011609035336,0.17375238179537758,16,0.08862866119244489
7.137928345000546,3.447222822237661,0.17441602571445622,16,0.09373421836662645
7.138368822001212,3.447222822237661,0.17441602571445622,16,0.09373421836662645
7.139478438002698,3.447222822237661,0.17441602571445622,16,0.09373421836662645
7.140767897006299,3.4524398122015176,0.17506759301435593,16,0.09885660440025025
7.141250546002993,3.4524398122015176,0.17506759301435593,16,0.09885660440025025
7.14244064000377,3.4524398122015176,0.17506759301435593,16,0.09885660440025025
7.143697670006077,3.4524398122015176,0.17506759301435593,16,0.09885660440025025
7.144865156005835,3.4524398122015176,0.17506759301435593,16,0.09885660440025025
7.145280555007048,3.4524398122015176,0.17506759301435593,16,0.09885660440025025
7.146351031005906,3.4524398122015176,0.17506759301435593,16,0.09885660440025025
7.147425599003327,3.4524398122015176,0.17506759301435593,16,0.09885660440025025
7.148679069003265,3.4576442932688396,0.1757329461048419,17,0.10000857545902324
7.149190558004193,3.4576442932688396,0.1757329461048419,17,0.10000857545902324
7.150329120006063,3.4576442932688396,0.1757329461048419,17,0.10000857545902324
7.151439414003107,3.4576442932688396,0.1757329461048419,17,0.10000857545902324
7.152593337006692,3.4576442932688396,0.1757329461048419,17,0.10000857545902324
7.15364106400375,3.4576442932688396,0.1757329461048419,17,0.10000857545902324
7.154074563004542,3.4576442932688396,0.1757329461048419,17,0.10000857545902324
7.1551321360020665,3.4576442932688396,0.1757329461048419,17,0.10000857545902324
7.156149604001257,3.4576442932688396,0.1757329461048419,17,0.10000857545902324
7.15732273300091,3.4576442932688396,0.1757329461048419,17,0.10000857545902324
7.158404062000045,3.4576442932688396,0.1757329461048419,17,0.10000857545902324
7.159406447004585,3.4576442932688396,0.1757329461048419,17,0.10000857545902324
7.160382722002396,3.4576442932688396,0.1757329461048419,17,0.10000857545902324
7.160898737005482,3.4576442932688396,0.1757329461048419,17,0.10000857545902324
7.1619381370037445,3.4576442932688396,0.1757329461048419,17,0.10000857545902324
7.162372304002929,3.4576442932688396,0.1757329461048419,17,0.10000857545902324
7.163405054001487,3.4576442932688396,0.1757329461048419,17,0.10000857545902324
7.16452329599997,3.462827511134082,0.1763826804465847,17,0.0948622195954067
7.164955635002116,3.462827511134082,0.1763826804465847,17,0.0948622195954067
7.1661031850017025,3.467990245855306,0.17704551334787047,17,0.08974607613195343
7.167163060003077,3.467990245855306,0.17704551334787047,17,0.08974607613195343
7.168220172003203,3.467990245855306,0.17704551334787047,17,0.08974607613195343
7.168729416000133,3.467990245855306,0.17704551334787047,17,0.08974607613195343
7.1697722600001725,3.467990245855306,0.17704551334787047,17,0.08974607613195343
7.170749521006655,3.467990245855306,0.17704551334787047,17,0.08974607613195343
7.1718584850023035,3.467990245855306,0.17704551334787047,17,0.08974607613195343
7.1730222850019345,3.467990245855306,0.17704551334787047,17,0.08974607613195343
7.174098811003205,3.467990245855306,0.17704551334787047,17,0.08974607613195343
7.1745427530040615,3.467990245855306,0.17704551334787047,17,0.08974607613195343
7.175590327002283,3.467990245855306,0.17704551334787047,17,0.08974607613195343
7.176710837004066,3.467990245855306,0.17704551334787047,17,0.08974607613195343
7.177782015001867,3.467990245855306,0.17704551334787047,17,0.08974607613195343
7.178801181005838,3.467990245855306,0.17704551334787047,17,0.08974607613195343
7.179814916002215,3.4731396025502295,0.17769368821620304,17,0.08465303556328159
7.180213853003806,3.4731396025502295,0.17769368821620304,17,0.08465303556328159
7.1813605970019125,3.4731396025502295,0.17769368821620304,17,0.08465303556328159
7.181810734000464,3.4731396025502295,0.17769368821620304,17,0.08465303556328159
7.182969254005002,3.4731396025502295,0.17769368821620304,17,0.08465303556328159
7.184104979001859,3.4731396025502295,0.17769368821620304,17,0.08465303556328159
7.185351672000252,3.4731396025502295,0.17769368821620304,17,0.08465303556328159
7.18584576700232,3.4731396025502295,0.17769368821620304,17,0.08465303556328159
7.187010327004828,3.4675374886297816,0.17507417145904824,17,0.09009646995778699
7.188102696003625,3.4675374886297816,0.17507417145904824,17,0.09009646995778699
7.188615709004807,3.4675374886297816,0.17507417145904824,17,0.09009646995778699
7.189662838005461,3.4675374886297816,0.17507417145904824,17,0.09009646995778699
7.190724625004805,3.4675374886297816,0.17507417145904824,17,0.09009646995778699
7.191837828002463,3.4675374886297816,0.17507417145904824,17,0.09009646995778699
7.193052719005209,3.4675374886297816,0.17507417145904824,17,0.09009646995778699
7.193504989001667,3.4675374886297816,0.17507417145904824,17,0.09009646995778699
7.194608310004696,3.4675374886297816,0.17507417145904824,17,0.09009646995778699
7.195641098005581,3.4675374886297816,0.17507417145904824,17,0.09009646995778699
7.196822622005129,3.4675374886297816,0.17507417145904824,17,0.09009646995778699
7.197288019000553,3.4675374886297816,0.17507417145904824,17,0.09009646995778699
7.198403551003139,3.4675374886297816,0.17507417145904824,17,0.09009646995778699
7.199471574000199,3.4720194653825263,0.17552249433070882,17,0.08563868418860755
7.200640062001185,3.4720194653825263,0.17552249433070882,17,0.08563868418860755
7.2017407810053555,3.4720194653825263,0.17552249433070882,17,0.08563868418860755
7.202822591003496,3.4720194653825263,0.17552249433070882,17,0.08563868418860755
7.203860835004889,3.4720194653825263,0.17552249433070882,17,0.08563868418860755
7.205025169001601,3.4720194653825263,0.17552249433070882,17,0.08563868418860755
7.205457591000595,3.4720194653825263,0.17552249433070882,17,0.08563868418860755
7.206541354004003,3.4771369030885944,0.1761823293799789,17,0.08056381224781531
7.2069630500045605,3.4771369030885944,0.1761823293799789,17,0.08056381224781531
7.208043622005789,3.4771369030885944,0.1761823293799789,17,0.08056381224781531
7.209161459002644,3.4771369030885944,0.1761823293799789,17,0.08056381224781531
7.209584421005275,3.4771369030885944,0.1761823293799789,17,0.08056381224781531
7.210778350003238,3.4771369030885944,0.1761823293799789,17,0.08056381224781531
7.21191639600147,3.4771369030885944,0.1761823293799789,17,0.08056381224781531
7.213137777005613,3.4771369030885944,0.1761823293799789,17,0.08056381224781531
7.213586629004567,3.4771369030885944,0.1761823293799789,17,0.08056381224781531
7.214849257004971,3.4771369030885944,0.17618232937997894,17,0.08056381224781531
7.216038582002511,3.4771369030885944,0.17618232937997894,17,0.08056381224781531
7.216655308002373,3.4771369030885944,0.17618232937997894,17,0.08056381224781531
7.217831393005326,3.4771369030885944,0.17618232937997894,17,0.08056381224781531
7.219096394001099,3.4771369030885944,0.17618232937997894,17,0.08056381224781531
7.220143462000124,3.4771369030885944,0.17618232937997894,17,0.08056381224781531
7.221281465004722,3.4771369030885944,0.17618232937997894,17,0.08056381224781531
7.221706839001854,3.4771369030885944,0.17618232937997894,17,0.08056381224781531
7.222730625006079,3.4822495149359645,0.17682862264321209,17,0.075504296076648
7.2237709520049975,3.4822495149359645,0.17682862264321209,17,0.075504296076648
7.224909199001559,3.4822495149359645,0.17682862264321209,17,0.075504296076648
7.22593178399984,3.4822495149359645,0.17682862264321209,17,0.075504296076648
7.22634687700338,3.4822495149359645,0.17682862264321209,17,0.075504296076648
7.227367997002148,3.4822495149359645,0.17682862264321209,17,0.075504296076648
7.240876324001874,3.4822495149359645,0.17682862264321209,17,0.075504296076648
7.2423179160032305,3.4822495149359645,0.17682862264321209,17,0.075504296076648
7.2428337700039265,3.4822495149359645,0.17682862264321209,17,0.075504296076648
7.243943354005751,3.4822495149359645,0.17682862264321209,17,0.075504296076648
7.244371189000958,3.4822495149359645,0.17682862264321209,17,0.075504296076648
7.245590256003197,3.4924577862839565,0.17813715239992178,17,0.06544769199284692
7.246037556004012,3.4924577862839565,0.17813715239992178,17,0.06544769199284692
7.247142401000019,3.4924577862839565,0.17813715239992178,17,0.06544769199284692
7.247570495004766,3.4924577862839565,0.17813715239992178,17,0.06544769199284692
7.24878061000345,3.4924577862839565,0.17813715239992178,17,0.06544769199284692
7.249244843005727,3.4924577862839565,0.17813715239992178,17,0.06544769199284692
7.250404526006605,3.4924577862839565,0.17813715239992178,17,0.06544769199284692
7.251502239007095,3.4924577862839565,0.17813715239992178,17,0.06544769199284692
7.252647130000696,3.4975159929322843,0.17879454450237942,17,0.060495053711985686
7.253728940006113,3.4975159929322843,0.17879454450237942,17,0.060495053711985686
7.25480148200586,3.4975159929322843,0.17879454450237942,17,0.060495053711985686
7.25580998800433,3.4975159929322843,0.17879454450237942,17,0.060495053711985686
7.256932135001989,3.4975159929322843,0.17879454450237942,17,0.060495053711985686
7.258020823006518,3.4975159929322843,0.17879454450237942,17,0.060495053711985686
7.259256389006623,3.4975159929322843,0.17879454450237942,17,0.060495053711985686
7.2603005670025595,3.4975159929322843,0.17879454450237942,17,0.060495053711985686
7.260994731004757,3.4975159929322843,0.17879454450237942,17,0.060495053711985686
7.262080476000847,3.5025026960703065,0.17942442185562918,17,0.055636005140863275
7.262618923006812,3.5025026960703065,0.17942442185562918,17,0.055636005140863275
7.263783005000732,3.5025026960703065,0.17942442185562918,17,0.055636005140863275
7.264264935001847,3.5025026960703065,0.17942442185562918,17,0.055636005140863275
7.265469129000849,3.5025026960703065,0.17942442185562918,17,0.055636005140863275
7.266001704003429,3.5025026960703065,0.17942442185562918,17,0.055636005140863275
7.267198994006321,3.5025026960703065,0.17942442185562918,17,0.055636005140863275
7.267671106004855,3.5025026960703065,0.17942442185562918,17,0.055636005140863275
7.268905365002865,3.5025026960703065,0.17942442185562918,17,0.055636005140863275
7.269351288006874,3.5025026960703065,0.17942442185562918,17,0.055636005140863275
7.270496300006926,3.5074328632030087,0.18002074510597382,17,0.050859541192205135
7.271859211003175,3.5074328632030087,0.18002074510597382,17,0.050859541192205135
7.27309503100696,3.5074328632030087,0.18002074510597382,17,0.050859541192205135
7.2735639110032935,3.5074328632030087,0.18002074510597382,17,0.050859541192205135
7.274783735003439,3.5074328632030087,0.18002074510597382,17,0.050859541192205135
7.275881006004056,3.5074328632030087,0.18002074510597382,17,0.050859541192205135
7.277117785000883,3.5074328632030087,0.18002074510597382,17,0.050859541192205135
7.27765098400414,3.5074328632030087,0.18002074510597382,17,0.050859541192205135
7.278790012001991,3.5074328632030087,0.18002074510597382,17,0.050859541192205135
7.279892909005866,3.512314494499618,0.18061198872277,17,0.046169701723629136
7.280303999003081,3.512314494499618,0.18061198872277,17,0.046169701723629136
7.281515945003775,3.512314494499618,0.18061198872277,17,0.046169701723629136
7.282652083005814,3.512314494499618,0.18061198872277,17,0.046169701723629136
7.283772984003008,3.512314494499618,0.18061198872277,17,0.046169701723629136
7.285034562002693,3.512698605711623,0.18057802552389643,17,0.04578653922788307
7.285553304005589,3.512698605711623,0.18057802552389643,17,0.04578653922788307
7.286805842006288,3.512698605711623,0.18057802552389643,17,0.04578653922788307
7.287946821001242,3.525369383069944,0.18047120327130314,17,0.033438870863012025
7.289111921003496,3.525369383069944,0.18047120327130314,17,0.033438870863012025
7.289521700004116,3.525369383069944,0.18047120327130314,17,0.033438870863012025
7.290618030005135,3.525369383069944,0.18047120327130314,17,0.033438870863012025
7.291725773000508,3.525369383069944,0.18047120327130314,17,0.033438870863012025
7.292881825000222,3.5253792271092306,0.18047032959316278,17,0.03342915790262312
7.2939245060042595,3.5253792271092306,0.18047032959316278,17,0.03342915790262312
7.294355918005749,3.5253792271092306,0.18047032959316278,17,0.03342915790262312
7.295425127005728,3.5253792271092306,0.18047032959316278,17,0.03342915790262312
7.29658489600115,3.5253792271092306,0.18047032959316278,17,0.03342915790262312
7.2970245640026405,3.5253792271092306,0.18047032959316278,17,0.03342915790262312
7.2981078140001046,3.5253792271092306,0.18047032959316278,17,0.03342915790262312
7.299131784006022,3.5253792271092306,0.18047032959316278,17,0.03342915790262312
7.3001592500004335,3.5253792271092306,0.18047032959316278,17,0.03342915790262312
7.301349643006688,3.530189901870607,0.1810526711183148,17,0.029015706712956335
7.30180602400651,3.530189901870607,0.1810526711183148,17,0.029015706712956335
7.30290685500222,3.530189901870607,0.1810526711183148,17,0.029015706712956335
7.303960282006301,3.530189901870607,0.1810526711183148,17,0.029015706712956335
7.30511020400445,3.530189901870607,0.1810526711183148,17,0.029015706712956335
7.3062262590028695,3.530189901870607,0.1810526711183148,17,0.029015706712956335
7.306671533006011,3.530189901870607,0.1810526711183148,17,0.029015706712956335
7.307701454003109,3.534974671091921,0.18163339287381053,17,0.024787369731796592
7.3088587160018506,3.534974671091921,0.18163339287381053,17,0.024787369731796592
7.309265065006912,3.534974671091921,0.18163339287381053,17,0.024787369731796592
7.310344243000145,3.534974671091921,0.18163339287381053,17,0.024787369731796592
7.311473293004383,3.534974671091921,0.18163339287381053,17,0.024787369731796592
7.312640204007039,3.534974671091921,0.18163339287381053,17,0.024787369731796592
7.313677179001388,3.534974671091921,0.18163339287381053,17,0.024787369731796592
7.3141072200014605,3.534974671091921,0.18163339287381053,17,0.024787369731796592
7.31517048200476,3.534974671091921,0.18163339287381053,17,0.024787369731796592
7.3161878300015815,3.534974671091921,0.18163339287381053,17,0.024787369731796592
7.317300843002158,3.534974671091921,0.18163339287381053,17,0.024787369731796592
7.318332514005306,3.534974671091921,0.18163339287381053,17,0.024787369731796592
7.319386184004543,3.534974671091921,0.18163339287381053,17,0.024787369731796592
7.320544882000831,3.534974671091921,0.18163339287381053,17,0.024787369731796592
7.321570480002265,3.534974671091921,0.18163339287381053,17,0.024787369731796592
7.322023005006486,3.534974671091921,0.18163339287381053,17,0.024787369731796592
7.3241576740038,3.534974671091921,0.18163339287381053,17,0.024787369731796592
7.325499739003135,3.534974671091921,0.18163339287381053,17,0.024787369731796592
7.325977240005159,3.534974671091921,0.18163339287381053,17,0.024787369731796592
7.327103171002818,3.534974671091921,0.18163339287381053,17,0.024787369731796592
7.328134183000657,3.534974671091921,0.18163339287381053,17,0.024787369731796592
7.329264392006735,3.5397385195585604,0.18221232668426884,17,0.020834713892550486
7.329724709001312,3.5397385195585604,0.18221232668426884,17,0.020834713892550486
7.330814634005947,3.5397385195585604,0.18221232668426884,17,0.020834713892550486
7.332020173002093,3.5397385195585604,0.18221232668426884,17,0.020834713892550486
7.333185688999947,3.544485320720777,0.18279067990805192,17,0.017327666177823747
7.334268533006252,3.544485320720777,0.18279067990805192,17,0.017327666177823747
7.3354538880012115,3.544485320720777,0.18279067990805192,17,0.017327666177823747
7.335891829003231,3.544485320720777,0.18279067990805192,17,0.017327666177823747
7.337090210006863,3.544485320720777,0.18279067990805192,17,0.017327666177823747
7.337540600005013,3.544485320720777,0.18279067990805192,17,0.017327666177823747
7.338655421001022,3.544485320720777,0.18279067990805192,17,0.017327666177823747
7.339704117002839,3.544485320720777,0.18279067990805192,17,0.017327666177823747
7.340823608006758,3.544485320720777,0.18279067990805192,17,0.017327666177823747
7.3412471290066605,3.544485320720777,0.18279067990805192,17,0.017327666177823747
7.342292999004712,3.544485320720777,0.18279067990805192,17,0.017327666177823747
7.343355798002449,3.544485320720777,0.18279067990805192,17,0.017327666177823747
7.344378072004474,3.544485320720777,0.18279067990805192,17,0.017327666177823747
7.345533236002666,3.549218373257277,0.18336809903890133,17,0.01457226162359356
7.34597521500109,3.549218373257277,0.18336809903890133,17,0.01457226162359356
7.347026696006651,3.549218373257277,0.18336809903890133,17,0.01457226162359356
7.348030555003788,3.549218373257277,0.18336809903890133,17,0.01457226162359356
7.348539612001332,3.549218373257277,0.18336809903890133,17,0.01457226162359356
7.349568753001222,3.549218373257277,0.18336809903890133,17,0.01457226162359356
7.350687999001821,3.549218373257277,0.18336809903890133,17,0.01457226162359356
7.351793832000112,3.5539401869464435,0.18394562189832103,17,0.013038705215758705
7.353017292000004,3.5539401869464435,0.18394562189832103,17,0.013038705215758705
7.353677756000252,3.5539401869464435,0.18394562189832103,17,0.013038705215758705
7.354827932002081,3.5539401869464435,0.18394562189832103,17,0.013038705215758705
7.355905958000221,3.5539401869464435,0.18394562189832103,17,0.013038705215758705
7.357101421002881,3.5539401869464435,0.18394562189832103,17,0.013038705215758705
7.3575541070022155,3.5539401869464435,0.18394562189832103,17,0.013038705215758705
7.358669226006896,3.5539401869464435,0.18394562189832103,17,0.013038705215758705
7.365601125005924,3.5539401869464435,0.18394562189832103,17,0.013038705215758705
7.3669486490034615,3.5539401869464435,0.18394562189832103,17,0.013038705215758705
7.367434056002821,3.5539401869464435,0.18394562189832103,17,0.013038705215758705
7.3687371620035265,3.5539401869464435,0.18394562189832103,17,0.013038705215758705
7.3692221290039015,3.5539401869464435,0.18394562189832103,17,0.013038705215758705
7.370368373005476,3.5586529549399555,0.18452277283666685,17,0.013148892250659286
7.370833573004347,3.5586529549399555,0.18452277283666685,17,0.013148892250659286
7.372031410006457,3.5586529549399555,0.18452277283666685,17,0.013148892250659286
7.373293847005698,3.5586529549399555,0.18452277283666685,17,0.013148892250659286
7.374397174004116,3.5633823653493466,0.18510343644628208,17,0.014871285106223627
7.374851104003028,3.5633823653493466,0.18510343644628208,17,0.014871285106223627
7.375981312005024,3.5633823653493466,0.18510343644628208,17,0.014871285106223627
7.377192284002376,3.5633823653493466,0.18510343644628208,17,0.014871285106223627
7.378324289005832,3.5633823653493466,0.18510343644628208,17,0.014871285106223627
7.378771196003072,3.5633823653493466,0.18510343644628208,17,0.014871285106223627
7.379859111002588,3.5633823653493466,0.18510343644628208,17,0.014871285106223627
7.3810450800010585,3.5633823653493466,0.18510343644628208,17,0.014871285106223627
7.382113868006854,3.5633823653493466,0.18510343644628208,17,0.014871285106223627
7.383160688004864,3.5633823653493466,0.18510343644628208,17,0.014871285106223627
7.384238778002327,3.5633823653493466,0.18510343644628208,17,0.014871285106223627
7.385410743001557,3.5633823653493466,0.18510343644628208,17,0.014871285106223627
7.386463482005638,3.5633823653493466,0.18510343644628208,17,0.014871285106223627
7.3875552770041395,3.56815234998511,0.18568983017254254,17,0.01777209308147108
7.388766422001936,3.56815234998511,0.18568983017254254,17,0.01777209308147108
7.38981276100094,3.56815234998511,0.18568983017254254,17,0.01777209308147108
7.390251725002599,3.56815234998511,0.18568983017254254,17,0.01777209308147108
7.391311213003064,3.56815234998511,0.18568983017254254,17,0.01777209308147108
7.391756106000685,3.56815234998511,0.18568983017254254,17,0.01777209308147108
7.392917542005307,3.56815234998511,0.18568983017254254,17,0.01777209308147108
7.393303297001694,3.56815234998511,0.18568983017254254,17,0.01777209308147108
7.3943369340049685,3.5641669438364283,0.1826228449657255,17,0.013006595587443064
7.394779621005,3.5641669438364283,0.1826228449657255,17,0.013006595587443064
7.395855996001046,3.5641669438364283,0.1826228449657255,17,0.013006595587443064
7.39705071800563,3.5641669438364283,0.1826228449657255,17,0.013006595587443064
7.398117725002521,3.5641669438364283,0.1826228449657255,17,0.013006595587443064
7.398759220006468,3.5641669438364283,0.1826228449657255,17,0.013006595587443064
7.399891270004446,3.5641669438364283,0.1826228449657255,17,0.013006595587443064
7.40106797000044,3.569013677239708,0.18320927434415857,17,0.0164375314714025
7.4015232030069456,3.569013677239708,0.18320927434415857,17,0.0164375314714025
7.402729018001992,3.569013677239708,0.18320927434415857,17,0.0164375314714025
7.4040420450037345,3.569013677239708,0.18320927434415857,17,0.0164375314714025
7.405370689004485,3.569013677239708,0.18320927434415857,17,0.0164375314714025
7.405827022004814,3.569013677239708,0.18320927434415857,17,0.0164375314714025
7.406996350000554,3.569013677239708,0.18320927434415857,17,0.0164375314714025
7.40804849700362,3.569013677239708,0.18320927434415857,17,0.0164375314714025
7.409233032005432,3.569013677239708,0.18320927434415857,17,0.0164375314714025
7.4096418540066225,3.569013677239708,0.18320927434415857,17,0.0164375314714025
7.41081351700268,3.569013677239708,0.18320927434415857,17,0.0164375314714025
7.4120602710027015,3.569013677239708,0.18320927434415857,17,0.0164375314714025
7.413335479002853,3.569013677239708,0.18320927434415857,17,0.0164375314714025
7.414527887005534,3.5738953663315636,0.1838015015866555,17,0.02049797958519747
7.41510470600042,3.5738953663315636,0.1838015015866555,17,0.02049797958519747
7.416276882002421,3.5738953663315636,0.1838015015866555,17,0.02049797958519747
7.417586691000906,3.5738953663315636,0.1838015015866555,17,0.02049797958519747
7.4181332560037845,3.5738953663315636,0.1838015015866555,17,0.02049797958519747
7.419502165001177,3.57881043094238,0.18439857284340064,17,0.02490076792285937
7.420897413001512,3.57881043094238,0.18439857284340064,17,0.02490076792285937
7.421329593002156,3.57881043094238,0.18439857284340064,17,0.02490076792285937
7.422473161001108,3.57881043094238,0.18439857284340064,17,0.02490076792285937
7.423779161006678,3.57881043094238,0.18439857284340064,17,0.02490076792285937
7.424993869004538,3.57881043094238,0.18439857284340064,17,0.02490076792285937
7.426096277005854,3.57881043094238,0.18439857284340064,17,0.02490076792285937
7.426533357000153,3.57881043094238,0.18439857284340064,17,0.02490076792285937
7.427634973006207,3.57881043094238,0.18439857284340064,17,0.02490076792285937
7.428764432006574,3.57881043094238,0.18439857284340064,17,0.02490076792285937
7.4297696970024845,3.57881043094238,0.18439857284340064,17,0.02490076792285937
7.43083399200259,3.5837571808849584,0.18500110454522106,17,0.029508735377600764
7.431284231002792,3.5837571808849584,0.18500110454522106,17,0.029508735377600764
7.4323707450021175,3.5837571808849584,0.18500110454522106,17,0.029508735377600764
7.433502876003331,3.5837571808849584,0.18500110454522106,17,0.029508735377600764
7.433927150006639,3.5837571808849584,0.18500110454522106,17,0.029508735377600764
7.434992743001203,3.5837571808849584,0.18500110454522106,17,0.029508735377600764
7.436114475000068,3.5837571808849584,0.18500110454522106,17,0.029508735377600764
7.437344990001293,3.5837571808849584,0.18500110454522106,17,0.029508735377600764
7.437824220003677,3.5837571808849584,0.18500110454522106,17,0.029508735377600764
7.4389611200022046,3.5837571808849584,0.18500110454522106,17,0.029508735377600764
7.440019085006497,3.5837571808849584,0.18500110454522106,17,0.029508735377600764
7.441097387003538,3.5837571808849584,0.18500110454522106,17,0.029508735377600764
7.442144507003832,3.5837571808849584,0.18500110454522106,17,0.029508735377600764
7.442588665006042,3.5837571808849584,0.18500110454522106,17,0.029508735377600764
7.443654938004329,3.5837571808849584,0.18500110454522106,17,0.029508735377600764
7.444825386002776,3.588730472109815,0.1856377709895633,17,0.034260368844693884
7.445879112005059,3.588730472109815,0.1856377709895633,17,0.034260368844693884
7.446318144000543,3.588730472109815,0.1856377709895633,17,0.034260368844693884
7.447405663006066,3.588730472109815,0.1856377709895633,17,0.034260368844693884
7.448606866004411,3.588730472109815,0.1856377709895633,17,0.034260368844693884
7.449030786003277,3.588730472109815,0.1856377709895633,17,0.034260368844693884
7.4500679330012645,3.588730472109815,0.1856377709895633,17,0.034260368844693884
7.4511977120055235,3.593722613796413,0.18629518562113515,17,0.03910291676486558
7.452346059006231,3.593722613796413,0.18629518562113515,17,0.03910291676486558
7.453486072001397,3.593722613796413,0.18629518562113515,17,0.03910291676486558
7.453913634002674,3.593722613796413,0.18629518562113515,17,0.03910291676486558
7.45495489800669,3.593722613796413,0.18629518562113515,17,0.03910291676486558
7.455989390000468,3.593722613796413,0.18629518562113515,17,0.03910291676486558
7.457117415004177,3.593722613796413,0.18629518562113515,17,0.03910291676486558
7.457539145005285,3.593722613796413,0.18629518562113515,17,0.03910291676486558
7.458581785002025,3.593722613796413,0.18629518562113515,17,0.03910291676486558
7.459642471003463,3.593722613796413,0.18629518562113515,17,0.03910291676486558
7.4607931100035785,3.593722613796413,0.18629518562113515,17,0.03910291676486558
7.461234703005175,3.593722613796413,0.18629518562113515,17,0.03910291676486558
7.462315524004225,3.593722613796413,0.18629518562113515,17,0.03910291676486558
7.463394855003571,3.593722613796413,0.18629518562113515,17,0.03910291676486558
7.464552497003751,3.593722613796413,0.18629518562113515,17,0.03910291676486558
7.465630018006777,3.593722613796413,0.18629518562113515,17,0.03910291676486558
7.4660709950039745,3.593722613796413,0.18629518562113515,17,0.03910291676486558
7.467245178006124,3.593722613796413,0.18629518562113515,17,0.03910291676486558
7.468378069002938,3.6037450398624817,0.18760455565370668,17,0.04893910138825284
7.468945961001737,3.6037450398624817,0.18760455565370668,17,0.04893910138825284
7.470047936003539,3.6037450398624817,0.18760455565370668,17,0.04893910138825284
7.4711865019999095,3.6037450398624817,0.18760455565370668,17,0.04893910138825284
7.472269426005369,3.6037450398624817,0.18760455565370668,17,0.04893910138825284
7.47343709100096,3.6037450398624817,0.18760455565370668,17,0.04893910138825284
7.47387727900059,3.6037450398624817,0.18760455565370668,17,0.04893910138825284
7.4749733510034275,3.6037450398624817,0.18760455565370668,17,0.04893910138825284
7.476004166004714,3.6037450398624817,0.18760455565370668,17,0.04893910138825284
7.477153283005464,3.6037450398624817,0.18760455565370668,17,0.04893910138825284
7.478248778003035,3.6037450398624817,0.18760455565370668,17,0.04893910138825284
7.478676736005582,3.6037450398624817,0.18760455565370668,17,0.04893910138825284
7.479690840002149,3.6037450398624817,0.18760455565370668,17,0.04893910138825284
7.480783363003866,3.6037450398624817,0.18760455565370668,17,0.04893910138825284
7.481202941002266,3.6037450398624817,0.18760455565370668,17,0.04893910138825284
7.482264734004275,3.6087741726475993,0.18825637470489598,17,0.053910997791735187
7.483336132005206,3.6110911985201715,0.1882694406921764,17,0.05612071363457011
7.4843539760040585,3.6110911985201715,0.1882694406921764,17,0.05612071363457011
7.485515627005952,3.6110911985201715,0.1882694406921764,17,0.05612071363457011
7.485972060007043,3.6110911985201715,0.1882694406921764,17,0.05612071363457011
7.487025291004102,3.6110911985201715,0.1882694406921764,17,0.05612071363457011
7.48860440300632,3.6110911985201715,0.1882694406921764,17,0.05612071363457011
7.489806950005004,3.6265576537403694,0.18898202454492205,17,0.07119796065677245
7.490279883000767,3.6265576537403694,0.18898202454492205,17,0.07119796065677245
7.49158537400217,3.6265576537403694,0.18898202454492205,17,0.07119796065677245
7.492788241004746,3.6265576537403694,0.18898202454492205,17,0.07119796065677245
7.493872401006229,3.6265576537403694,0.18898202454492205,17,0.07119796065677245
7.494316829004674,3.6265576537403694,0.18898202454492205,17,0.07119796065677245
7.495378740000888,3.6265576537403694,0.18898202454492205,17,0.07119796065677245
7.496521366003435,3.6265576537403694,0.18898202454492205,17,0.07119796065677245
7.496960255004524,3.6265576537403694,0.18898202454492205,17,0.07119796065677245
7.498016938006913,3.6265576537403694,0.18898202454492205,17,0.07119796065677245
7.499023439006123,3.6265576537403694,0.18898202454492205,17,0.07119796065677245
7.500008486000297,3.6265576537403694,0.18898202454492205,17,0.07119796065677245
7.501226295004017,3.6265576537403694,0.18898202454492205,17,0.07119796065677245
7.501688421005383,3.6265576537403694,0.18898202454492205,17,0.07119796065677245
7.502764186006971,3.6265576537403694,0.18898202454492205,17,0.07119796065677245
7.504318122002587,3.631609285146267,0.18962518060587333,17,0.07625468312108076
7.504935167002259,3.631609285146267,0.18962518060587333,17,0.07625468312108076
7.5061617710016435,3.631609285146267,0.18962518060587333,17,0.07625468312108076
7.507334212001297,3.631609285146267,0.18962518060587333,17,0.07625468312108076
7.5084969110030215,3.6366687447103203,0.19028470214562135,17,0.08132726946250016
7.5095691430033185,3.6366687447103203,0.19028470214562135,17,0.08132726946250016
7.510692848001781,3.6366687447103203,0.19028470214562135,17,0.08132726946250016
7.5111372970059165,3.6366687447103203,0.19028470214562135,17,0.08132726946250016
7.512193507005577,3.6366687447103203,0.19028470214562135,17,0.08132726946250016
7.5133523710028385,3.6366687447103203,0.19028470214562135,17,0.08132726946250016
7.513780610002868,3.6366687447103203,0.19028470214562135,17,0.08132726946250016
7.514890014004777,3.6366687447103203,0.19028470214562135,17,0.08132726946250016
7.516026170000259,3.6366687447103203,0.19028470214562135,17,0.08132726946250016
7.516601476003416,3.6366687447103203,0.19028470214562135,17,0.08132726946250016
7.517844831003458,3.6417391433980857,0.19093280291310652,17,0.08641142718519396
7.5190415880060755,3.6417391433980857,0.19093280291310652,17,0.08641142718519396
7.520116060004511,3.6417391433980857,0.19093280291310652,17,0.08641142718519396
7.520627214005799,3.6417391433980857,0.19093280291310652,17,0.08641142718519396
7.521772497006168,3.6417391433980857,0.19093280291310652,17,0.08641142718519396
7.5229422460033675,3.6417391433980857,0.19093280291310652,17,0.08641142718519396
7.524004959006561,3.6417391433980857,0.19093280291310652,17,0.08641142718519396
7.52518179800245,3.6417391433980857,0.19093280291310652,17,0.08641142718519396
7.525632781005697,3.6417391433980857,0.19093280291310652,17,0.08641142718519396
7.526716385000327,3.6417391433980857,0.19093280291310652,17,0.08641142718519396
7.527755623006669,3.6417391433980857,0.19093280291310652,17,0.08641142718519396
7.528911784000229,3.6417391433980857,0.19093280291310652,17,0.08641142718519396
7.5293422320028185,3.6417391433980857,0.19093280291310652,17,0.08641142718519396
7.530393203000131,3.6468164536769323,0.19159716408960456,17,0.09150897436459213
7.5314916240022285,3.6468164536769323,0.19159716408960456,17,0.09150897436459213
7.532656305003911,3.6468164536769323,0.19159716408960456,17,0.09150897436459213
7.5330932659999235,3.6468164536769323,0.19159716408960456,17,0.09150897436459213
7.534213639002701,3.6468164536769323,0.19159716408960456,17,0.09150897436459213
7.5353800670054625,3.6468164536769323,0.19159716408960456,17,0.09150897436459213
7.536615984005039,3.6468164536769323,0.19159716408960456,17,0.09150897436459213
7.537056795001263,3.6468164536769323,0.19159716408960456,17,0.09150897436459213
7.538149450003402,3.6468164536769323,0.19159716408960456,17,0.09150897436459213
7.539262399004656,3.6468164536769323,0.19159716408960456,17,0.09150897436459213
7.540285989001859,3.6468164536769323,0.19159716408960456,17,0.09150897436459213
7.5408464820066,3.6468164536769323,0.19159716408960456,17,0.09150897436459213
7.541895368005498,3.6519038428634287,0.19225001038333506,17,0.09661631721794614
7.543180641005165,3.6519038428634287,0.19225001038333506,17,0.09661631721794614
7.544248765007069,3.6519038428634287,0.19225001038333506,17,0.09661631721794614
7.5447794540014,3.6519038428634287,0.19225001038333506,17,0.09661631721794614
7.545825668006728,3.6519038428634287,0.19225001038333506,17,0.09661631721794614
7.546846768003888,3.6519038428634287,0.19225001038333506,17,0.09661631721794614
7.547904882005241,3.6519038428634287,0.19225001038333506,17,0.09661631721794614
7.548316125001293,3.6519038428634287,0.19225001038333506,17,0.09661631721794614
7.54949974900228,3.6519038428634287,0.19225001038333506,17,0.09661631721794614
7.550602811999852,3.6519038428634287,0.19225001038333506,17,0.09661631721794614
7.551741172006587,3.6569973116033143,0.19291902054458668,18,0.09780413886035838
7.552945224000723,3.6569973116033143,0.19291902054458668,18,0.09780413886035838
7.5540632480042404,3.6569973116033143,0.19291902054458668,18,0.09780413886035838
7.555115326002124,3.6569973116033143,0.19291902054458668,18,0.09780413886035838
7.556146679002268,3.6569973116033143,0.19291902054458668,18,0.09780413886035838
7.55731134400412,3.6569973116033143,0.19291902054458668,18,0.09780413886035838
7.557735897004022,3.6569973116033143,0.19291902054458668,18,0.09780413886035838
7.558724018002977,3.6569973116033143,0.19291902054458668,18,0.09780413886035838
7.559130016001291,3.6569973116033143,0.19291902054458668,18,0.09780413886035838
7.560152851001476,3.662092161689018,0.1935754021247101,18,0.09267582033540399
7.560693796003761,3.662092161689018,0.1935754021247101,18,0.09267582033540399
7.561765680002281,3.662092161689018,0.1935754021247101,18,0.09267582033540399
7.562863868006389,3.662092161689018,0.1935754021247101,18,0.09267582033540399
7.563929821000784,3.662092161689018,0.1935754021247101,18,0.09267582033540399
7.5651190240023425,3.662092161689018,0.1935754021247101,18,0.09267582033540399
7.565552791005757,3.662092161689018,0.1935754021247101,18,0.09267582033540399
7.56666818800295,3.662092161689018,0.1935754021247101,18,0.09267582033540399
7.567811561006238,3.6671774602471503,0.19424602960491602,18,0.0875571214202997
7.569006343001092,3.6671774602471503,0.19424602960491602,18,0.0875571214202997
7.569448893002118,3.6671774602471503,0.19424602960491602,18,0.0875571214202997
7.570562857006735,3.6671774602471503,0.19424602960491602,18,0.0875571214202997
7.571676268002193,3.6671774602471503,0.19424602960491602,18,0.0875571214202997
7.572864111003582,3.6671774602471503,0.19424602960491602,18,0.0875571214202997
7.573937670000305,3.6671774602471503,0.19424602960491602,18,0.0875571214202997
7.574365325002873,3.6671774602471503,0.19424602960491602,18,0.0875571214202997
7.575422018002428,3.6671774602471503,0.19424602960491602,18,0.0875571214202997
7.576558284999919,3.6671774602471503,0.19424602960491602,18,0.0875571214202997
7.577018355004839,3.6671774602471503,0.19424602960491602,18,0.0875571214202997
7.578101136001351,3.6671774602471503,0.19424602960491602,18,0.0875571214202997
7.579149191005854,3.6671774602471503,0.19424602960491602,18,0.0875571214202997
7.580184900005406,3.6671774602471503,0.19424602960491602,18,0.0875571214202997
7.580715609001345,3.6671774602471503,0.19424602960491602,18,0.0875571214202997
7.581771092001873,3.6722582994166304,0.19490309320641586,18,0.08244501956715636
7.582849612001155,3.6722582994166304,0.19490309320641586,18,0.08244501956715636
7.583910211003968,3.6722582994166304,0.19490309320641586,18,0.08244501956715636
7.585073259004275,3.6722582994166304,0.19490309320641586,18,0.08244501956715636
7.5855097330058925,3.6722582994166304,0.19490309320641586,18,0.08244501956715636
7.586676880004234,3.6722582994166304,0.19490309320641586,18,0.08244501956715636
7.5878472060067,3.6773321817054354,0.19557475808948355,18,0.0773405035395576
7.58827448500233,3.6773321817054354,0.19557475808948355,18,0.0773405035395576
7.589419143005216,3.6773321817054354,0.19557475808948355,18,0.0773405035395576
7.590535998002451,3.6773321817054354,0.19557475808948355,18,0.0773405035395576
7.591643079002097,3.6773321817054354,0.19557475808948355,18,0.0773405035395576
7.592825758001709,3.6773321817054354,0.19557475808948355,18,0.0773405035395576
7.593253653001739,3.6773321817054354,0.19557475808948355,18,0.0773405035395576
7.594457544000761,3.6773321817054354,0.19557475808948355,18,0.0773405035395576
7.595515562003129,3.6773321817054354,0.19557475808948355,18,0.0773405035395576
7.596665701006714,3.678556215092863,0.19559547388871412,18,0.07611725624680771
7.597116472003108,3.678556215092863,0.19559547388871412,18,0.07611725624680771
7.5981886650042725,3.678556215092863,0.19559547388871412,18,0.07611725624680771
7.599207885003125,3.678556215092863,0.19559547388871412,18,0.07611725624680771
7.6001992390010855,3.678556215092863,0.19559547388871412,18,0.07611725624680771
7.601408035006898,3.678556215092863,0.19559547388871412,18,0.07611725624680771
7.602525373004028,3.6859318848387557,0.19629527451534892,18,0.06871430136008885
7.603583432006417,3.686203194770808,0.19630004918935345,18,0.0684431182744939
7.604907593005919,3.686203194770808,0.19630004918935345,18,0.0684431182744939
7.605372175006778,3.686203194770808,0.19630004918935345,18,0.0684431182744939
7.606542353001714,3.686203194770808,0.19630004918935345,18,0.0684431182744939
7.6069995570069295,3.686203194770808,0.19630004918935345,18,0.0684431182744939
7.608102958001837,3.691269129438642,0.19697585483066185,18,0.06334982362814151
7.6086290270031895,3.691269129438642,0.19697585483066185,18,0.06334982362814151
7.609674125000311,3.691269129438642,0.19697585483066185,18,0.06334982362814151
7.61088142600056,3.691269129438642,0.19697585483066185,18,0.06334982362814151
7.61194214700663,3.691269129438642,0.19697585483066185,18,0.06334982362814151
7.613127925003937,3.691269129438642,0.19697585483066185,18,0.06334982362814151
7.613594084003125,3.691269129438642,0.19697585483066185,18,0.06334982362814151
7.614736106006603,3.691269129438642,0.19697585483066185,18,0.06334982362814151
7.615833245006797,3.691269129438642,0.19697585483066185,18,0.06334982362814151
7.616249970000354,3.691269129438642,0.19697585483066185,18,0.06334982362814151
7.6174406000063755,3.691269129438642,0.19697585483066185,18,0.06334982362814151
7.6185866960004205,3.691269129438642,0.19697585483066185,18,0.06334982362814151
7.619687967002392,3.691269129438642,0.19697585483066185,18,0.06334982362814151
7.620834518005722,3.696334111317684,0.19763858864977837,18,0.058261060312541295
7.621282220003195,3.696334111317684,0.19763858864977837,18,0.058261060312541295
7.62234911100677,3.696334111317684,0.19763858864977837,18,0.058261060312541295
7.623479732006672,3.696334111317684,0.19763858864977837,18,0.058261060312541295
7.624642799004505,3.696334111317684,0.19763858864977837,18,0.058261060312541295
7.6250828620031825,3.696334111317684,0.19763858864977837,18,0.058261060312541295
7.62617335300456,3.696334111317684,0.19763858864977837,18,0.058261060312541295
7.627213226005551,3.696334111317684,0.19763858864977837,18,0.058261060312541295
7.628229389003536,3.701394944621111,0.19831626381223882,18,0.053179709171602134
7.628732065000804,3.701394944621111,0.19831626381223882,18,0.053179709171602134
7.6297528300056,3.701394944621111,0.19831626381223882,18,0.053179709171602134
7.630820244005008,3.701394944621111,0.19831626381223882,18,0.053179709171602134
7.631903211004101,3.701394944621111,0.19831626381223882,18,0.053179709171602134
7.633098015001451,3.701394944621111,0.19831626381223882,18,0.053179709171602134
7.633556347005651,3.701394944621111,0.19831626381223882,18,0.053179709171602134
7.634885365005175,3.701394944621111,0.19831626381223882,18,0.053179709171602134
7.636057153002184,3.701394944621111,0.19831626381223882,18,0.053179709171602134
7.637364324000373,3.701394944621111,0.19831626381223882,18,0.053179709171602134
7.637953777004441,3.701394944621111,0.19831626381223882,18,0.053179709171602134
7.63906949700322,3.701394944621111,0.19831626381223882,18,0.053179709171602134
7.640374807000626,3.706455737649375,0.1989809916882604,18,0.04810387115094482
7.641140075000294,3.706455737649375,0.1989809916882604,18,0.04810387115094482
7.642307725000137,3.706455737649375,0.1989809916882604,18,0.04810387115094482
7.64350455100066,3.706455737649375,0.1989809916882604,18,0.04810387115094482
7.644702383004187,3.706455737649375,0.1989809916882604,18,0.04810387115094482
7.645146767004917,3.706455737649375,0.1989809916882604,18,0.04810387115094482
7.64635619600449,3.706455737649375,0.1989809916882604,18,0.04810387115094482
7.647447939001722,3.706455737649375,0.1989809916882604,18,0.04810387115094482
7.648627065005712,3.711473973979684,0.1996555352833092,18,0.043077251406686654
7.64906623600109,3.711473973979684,0.1996555352833092,18,0.043077251406686654
7.6501350100006675,3.711473973979684,0.1996555352833092,18,0.043077251406686654
7.6515105520011275,3.711473973979684,0.1996555352833092,18,0.043077251406686654
7.652767121006036,3.711473973979684,0.1996555352833092,18,0.043077251406686654
7.653240886000276,3.711473973979684,0.1996555352833092,18,0.043077251406686654
7.654429846006678,3.711473973979684,0.1996555352833092,18,0.043077251406686654
7.65568170100596,3.711473973979684,0.1996555352833092,18,0.043077251406686654
7.656895357002213,3.711473973979684,0.1996555352833092,18,0.043077251406686654
7.657360826000513,3.711473973979684,0.1996555352833092,18,0.043077251406686654
7.658531163004227,3.711473973979684,0.1996555352833092,18,0.043077251406686654
7.659635000003618,3.711473973979684,0.1996555352833092,18,0.043077251406686654
7.66005350100022,3.711473973979684,0.1996555352833092,18,0.043077251406686654
7.66118647800613,3.711473973979684,0.1996555352833092,18,0.043077251406686654
7.662253029004205,3.711473973979684,0.1996555352833092,18,0.043077251406686654
7.663317978003761,3.711473973979684,0.1996555352833092,18,0.043077251406686654
7.6643596650028485,3.711473973979684,0.1996555352833092,18,0.043077251406686654
7.665557787004218,3.7164253913836474,0.20028105523919548,18,0.03812669745833816
7.6666387830046006,3.7164253913836474,0.20028105523919548,18,0.03812669745833816
7.667661926003348,3.7164253913836474,0.20028105523919548,18,0.03812669745833816
7.668861713005754,3.7164253913836474,0.20028105523919548,18,0.03812669745833816
7.669295488005446,3.7164253913836474,0.20028105523919548,18,0.03812669745833816
7.670391753999866,3.7164253913836474,0.20028105523919548,18,0.03812669745833816
7.670838628000638,3.7164253913836474,0.20028105523919548,18,0.03812669745833816
7.6719023550031125,3.7164253913836474,0.20028105523919548,18,0.03812669745833816
7.673070784003357,3.7164253913836474,0.20028105523919548,18,0.03812669745833816
7.673486403000425,3.7164253913836474,0.20028105523919548,18,0.03812669745833816
7.674584893000429,3.7164253913836474,0.20028105523919548,18,0.03812669745833816
7.675666185001319,3.7213190542342405,0.20089482967987216,18,0.03324557639593005
7.676790646000882,3.7213190542342405,0.20089482967987216,18,0.03324557639593005
7.677216016003513,3.7213190542342405,0.20089482967987216,18,0.03324557639593005
7.678302366002754,3.7261653849868632,0.2015034483879502,18,0.02842902431952926
7.679332465006155,3.7261653849868632,0.2015034483879502,18,0.02842902431952926
7.680340074002743,3.7261653849868632,0.2015034483879502,18,0.02842902431952926
7.68153309400077,3.7261653849868632,0.2015034483879502,18,0.02842902431952926
7.682670730006066,3.7261653849868632,0.2015034483879502,18,0.02842902431952926
7.683114205006859,3.7261653849868632,0.2015034483879502,18,0.02842902431952926
7.684156172006624,3.7261653849868632,0.2015034483879502,18,0.02842902431952926
7.685437008003646,3.7261653849868632,0.2015034483879502,18,0.02842902431952926
7.686617328006832,3.7261653849868632,0.2015034483879502,18,0.02842902431952926
7.687674483000592,3.7261653849868632,0.2015034483879502,18,0.02842902431952926
7.688097064004978,3.7261653849868632,0.2015034483879502,18,0.02842902431952926
7.689202196001133,3.7261653849868632,0.2015034483879502,18,0.02842902431952926
7.6896448060069815,3.7261653849868632,0.2015034483879502,18,0.02842902431952926
7.690724356005376,3.730973275038126,0.20210877487186757,18,0.02367830084989399
7.691807713003072,3.730973275038126,0.20210877487186757,18,0.02367830084989399
7.692945948001579,3.730973275038126,0.20210877487186757,18,0.02367830084989399
7.693367076004506,3.730973275038126,0.20210877487186757,18,0.02367830084989399
7.6944749190006405,3.730973275038126,0.20210877487186757,18,0.02367830084989399
7.695589120005025,3.730973275038126,0.20210877487186757,18,0.02367830084989399
7.696784084000683,3.730973275038126,0.20210877487186757,18,0.02367830084989399
7.697216707005282,3.730973275038126,0.20210877487186757,18,0.02367830084989399
7.698279014002765,3.730973275038126,0.20210877487186757,18,0.02367830084989399
7.699308312003268,3.7357500970119992,0.20271094717110388,18,0.019006012291508306
7.700500829007069,3.7357500970119992,0.20271094717110388,18,0.019006012291508306
7.700976693005941,3.7357500970119992,0.20271094717110388,18,0.019006012291508306
7.7021279580003466,3.7357500970119992,0.20271094717110388,18,0.019006012291508306
7.70332416400197,3.7357500970119992,0.20271094717110388,18,0.019006012291508306
7.704562045000785,3.7357500970119992,0.20271094717110388,18,0.019006012291508306
7.705039819004014,3.7357500970119992,0.20271094717110388,18,0.019006012291508306
7.706141395006853,3.7357500970119992,0.20271094717110388,18,0.019006012291508306
7.707208241001354,3.7357500970119992,0.20271094717110388,18,0.019006012291508306
7.708253248005349,3.752992790100821,0.20664721279084364,18,0.006903038869587092
7.708741215006739,3.752992790100821,0.20664721279084364,18,0.006903038869587092
7.709762536003836,3.752992790100821,0.20664721279084364,18,0.006903038869587092
7.710992859007092,3.752992790100821,0.20664721279084364,18,0.006903038869587092
7.712183130002813,3.7550674303177156,0.20720133061120805,18,0.007297469616549518
7.713373639002384,3.7550674303177156,0.20720133061120805,18,0.007297469616549518
7.713816538001993,3.7550674303177156,0.20720133061120805,18,0.007297469616549518
7.7150706780012115,3.7550674303177156,0.20720133061120805,18,0.007297469616549518
7.716183066004305,3.7550674303177156,0.20720133061120805,18,0.007297469616549518
7.7167124150000745,3.7550674303177156,0.20720133061120805,18,0.007297469616549518
7.717820133002533,3.7550674303177156,0.20720133061120805,18,0.007297469616549518
7.719003968006291,3.7550674303177156,0.20720133061120805,18,0.007297469616549518
7.7200144000016735,3.7550674303177156,0.20720133061120805,18,0.007297469616549518
7.721368430000439,3.7550674303177156,0.20720133061120805,18,0.007297469616549518
7.722704175001127,3.7597993163949686,0.20779413452436502,18,0.0094614204259858
7.723828425005195,3.7597993163949686,0.20779413452436502,18,0.0094614204259858
7.72430731800705,3.7597993163949686,0.20779413452436502,18,0.0094614204259858
7.725507460003428,3.7597993163949686,0.20779413452436502,18,0.0094614204259858
7.7265192890045,3.7597993163949686,0.20779413452436502,18,0.0094614204259858
7.727499264001381,3.7597993163949686,0.20779413452436502,18,0.0094614204259858
7.728649950004183,3.7597993163949686,0.20779413452436502,18,0.0094614204259858
7.744543674001761,3.7597993163949686,0.20779413452436502,18,0.0094614204259858
7.746044923005684,3.764514570510981,0.20838632813851748,18,0.013073873149038368
7.746563916000014,3.764514570510981,0.20838632813851748,18,0.013073873149038368
7.747745561006013,3.769216413323722,0.20897756970440207,18,0.017236347272406638
7.748204235002049,3.769216413323722,0.20897756970440207,18,0.017236347272406638
7.749514124006964,3.769216413323722,0.20897756970440207,18,0.017236347272406638
7.750025444001949,3.769216413323722,0.20897756970440207,18,0.017236347272406638
7.751220847007062,3.769216413323722,0.20897756970440207,18,0.017236347272406638
7.751660845002334,3.769216413323722,0.20897756970440207,18,0.017236347272406638
7.752817221000441,3.769216413323722,0.20897756970440207,18,0.017236347272406638
7.753230480004277,3.769216413323722,0.20897756970440207,18,0.017236347272406638
7.754343199005234,3.769216413323722,0.20897756970440207,18,0.017236347272406638
7.754780527000548,3.769216413323722,0.20897756970440207,18,0.017236347272406638
7.755812349001644,3.7739072885878326,0.20956888968028226,18,0.021627476912239114
7.756974992000323,3.7739072885878326,0.20956888968028226,18,0.021627476912239114
7.757408473000396,3.7739072885878326,0.20956888968028226,18,0.021627476912239114
7.758475109003484,3.7739072885878326,0.20956888968028226,18,0.021627476912239114
7.759503322005912,3.7739072885878326,0.20956888968028226,18,0.021627476912239114
7.759938358001818,3.7739072885878326,0.20956888968028226,18,0.021627476912239114
7.761072139001044,3.7739072885878326,0.20956888968028226,18,0.021627476912239114
7.762121741005103,3.7739072885878326,0.20956888968028226,18,0.021627476912239114
7.7631734990063705,3.7739072885878326,0.20956888968028226,18,0.021627476912239114
7.764221148005163,3.7739072885878326,0.20956888968028226,18,0.021627476912239114
7.765378698000859,3.7739072885878326,0.20956888968028226,18,0.021627476912239114
7.766426959002274,3.7739072885878326,0.20956888968028226,18,0.021627476912239114
7.766876732006494,3.7739072885878326,0.20956888968028226,18,0.021627476912239114
7.767981664001127,3.7739072885878326,0.20956888968028226,18,0.021627476912239114
7.769165823003277,3.7739072885878326,0.20956888968028226,18,0.021627476912239114
7.769636152006569,3.7739072885878326,0.20956888968028226,18,0.021627476912239114
7.770688363001682,3.7739072885878326,0.20956888968028226,18,0.021627476912239114
7.771785131000797,3.7739072885878326,0.20956888968028226,18,0.021627476912239114
7.773185891004687,3.7739072885878326,0.20956888968028226,18,0.021627476912239114
7.774279220000608,3.778610486184037,0.2101624946203417,18,0.026148640138536794
7.7753523610008415,3.778610486184037,0.2101624946203417,18,0.026148640138536794
7.776493227000174,3.778610486184037,0.2101624946203417,18,0.026148640138536794
7.777568805002375,3.778610486184037,0.2101624946203417,18,0.026148640138536794
7.778564842999913,3.778610486184037,0.2101624946203417,18,0.026148640138536794
7.7796180350051145,3.778610486184037,0.2101624946203417,18,0.026148640138536794
7.78073824900639,3.783347158591021,0.21076180401512984,18,0.030769308093526942
7.781799644006242,3.783347158591021,0.21076180401512984,18,0.030769308093526942
7.782246480004687,3.783347158591021,0.21076180401512984,18,0.030769308093526942
7.783283005002886,3.783347158591021,0.21076180401512984,18,0.030769308093526942
7.783730270006345,3.783347158591021,0.21076180401512984,18,0.030769308093526942
7.785001216005185,3.783347158591021,0.21076180401512984,18,0.030769308093526942
7.785487705004925,3.783347158591021,0.21076180401512984,18,0.030769308093526942
7.786712970002554,3.783347158591021,0.21076180401512984,18,0.030769308093526942
7.78786284900707,3.783347158591021,0.21076180401512984,18,0.030769308093526942
7.789064762000635,3.783347158591021,0.21076180401512984,18,0.030769308093526942
7.789500685001258,3.783347158591021,0.21076180401512984,18,0.030769308093526942
7.790608634000819,3.783347158591021,0.21076180401512984,18,0.030769308093526942
7.79170306600281,3.783347158591021,0.21076180401512984,18,0.030769308093526942
7.792958060003002,3.7881158885853585,0.21136516571578942,18,0.03546242361072599
7.793420393005363,3.7881158885853585,0.21136516571578942,18,0.03546242361072599
7.794541885006765,3.7881158885853585,0.21136516571578942,18,0.03546242361072599
7.7955858260029345,3.7881158885853585,0.2113651657157894,18,0.035462423610725984
7.796755534000113,3.7881158885853585,0.2113651657157894,18,0.035462423610725984
7.797219531006704,3.7881158885853585,0.2113651657157894,18,0.035462423610725984
7.798305406002328,3.79291534037118,0.21197089500212168,18,0.04021243216889967
7.799316666001687,3.79291534037118,0.21197089500212168,18,0.04021243216889967
7.8004988040047465,3.79291534037118,0.21197089500212168,18,0.04021243216889967
7.800976721002371,3.79291534037118,0.21197089500212168,18,0.04021243216889967
7.802081897003518,3.79291534037118,0.21197089500212168,18,0.04021243216889967
7.8031937230043695,3.79291534037118,0.21197089500212168,18,0.04021243216889967
7.8042896180049866,3.79291534037118,0.21197089500212168,18,0.04021243216889967
7.805429378000554,3.79291534037118,0.21197089500212168,18,0.04021243216889967
7.806461841006239,3.79291534037118,0.21197089500212168,18,0.04021243216889967
7.8075213600022835,3.79291534037118,0.21197089500212168,18,0.04021243216889967
7.807977116004622,3.79291534037118,0.21197089500212168,18,0.04021243216889967
7.809163201003685,3.79291534037118,0.21197089500212168,18,0.04021243216889967
7.810204004003026,3.79291534037118,0.21197089500212168,18,0.04021243216889967
7.810631514999841,3.79291534037118,0.21197089500212168,18,0.04021243216889967
7.811682005005423,3.79291534037118,0.21197089500212168,18,0.04021243216889967
7.812848213005054,3.79291534037118,0.21197089500212168,18,0.04021243216889967
7.813897760002874,3.79291534037118,0.21197089500212168,18,0.04021243216889967
7.814994745000149,3.79291534037118,0.21197089500212168,18,0.04021243216889967
7.816057957999874,3.798370737291129,0.21134778470248564,18,0.04528538336043965
7.81663772900356,3.798370737291129,0.21134778470248564,18,0.04528538336043965
7.817830113002856,3.798370737291129,0.21134778470248564,18,0.04528538336043965
7.818995058005385,3.798370737291129,0.21134778470248564,18,0.04528538336043965
7.820070288005809,3.798370737291129,0.21134778470248564,18,0.04528538336043965
7.821205590000318,3.8036261702719294,0.21117318545094765,18,0.050348941412909964
7.822237523003423,3.8036261702719294,0.21117318545094765,18,0.050348941412909964
7.823305740006617,3.8036261702719294,0.21117318545094765,18,0.050348941412909964
7.823750591000135,3.8036261702719294,0.21117318545094765,18,0.050348941412909964
7.8249398580010165,3.8036261702719294,0.21117318545094765,18,0.050348941412909964
7.826020129003155,3.8036261702719294,0.21117318545094765,18,0.050348941412909964
7.827059679002559,3.8036261702719294,0.21117318545094765,18,0.050348941412909964
7.828088825001032,3.8036261702719294,0.21117318545094765,18,0.050348941412909964
7.828623424000398,3.8036261702719294,0.21117318545094765,18,0.050348941412909964
7.82971330100554,3.8036261702719294,0.21117318545094765,18,0.050348941412909964
7.8308302120058215,3.8036261702719294,0.21117318545094765,18,0.050348941412909964
7.831948092003586,3.8036261702719294,0.21117318545094765,18,0.050348941412909964
7.833291520000785,3.808509358462557,0.21178485439423456,18,0.05524754987907617
7.833782430003339,3.808509358462557,0.21178485439423456,18,0.05524754987907617
7.834927875002904,3.808509358462557,0.21178485439423456,18,0.05524754987907617
7.836019064001448,3.808509358462557,0.21178485439423456,18,0.05524754987907617
7.8371530050062574,3.808509358462557,0.21178485439423456,18,0.05524754987907617
7.837636004005617,3.808509358462557,0.21178485439423456,18,0.05524754987907617
7.83877899300569,3.808509358462557,0.21178485439423456,18,0.05524754987907617
7.839958399999887,3.808509358462557,0.21178485439423456,18,0.05524754987907617
7.841155351001362,3.8134178730709096,0.21239810617484167,18,0.06017497503645299
7.8415946980021545,3.8134178730709096,0.21239810617484167,18,0.06017497503645299
7.842631018000247,3.8134178730709096,0.21239810617484167,18,0.06017497503645299
7.843704432001687,3.8134178730709096,0.21239810617484167,18,0.06017497503645299
7.84488154900464,3.8134178730709096,0.21239810617484167,18,0.06017497503645299
7.845943180000177,3.8134178730709096,0.21239810617484167,18,0.06017497503645299
7.846998815002735,3.8134178730709096,0.21239810617484167,18,0.06017497503645299
7.848041889999877,3.8134178730709096,0.21239810617484167,18,0.06017497503645299
7.8485824710005545,3.8134178730709096,0.21239810617484167,18,0.06017497503645299
7.849647069000639,3.8134178730709096,0.21239810617484167,18,0.06017497503645299
7.850737582004513,3.8134178730709096,0.21239810617484167,18,0.06017497503645299
7.85114267100289,3.8134178730709096,0.21239810617484167,18,0.06017497503645299
7.852243508001266,3.8134178730709096,0.21239810617484167,18,0.06017497503645299
7.853428513000836,3.8134178730709096,0.21239810617484167,18,0.06017497503645299
7.85456213800353,3.8134178730709096,0.21239810617484167,18,0.06017497503645299
7.855618195004354,3.8134178730709096,0.21239810617484167,18,0.06017497503645299
7.856056698001339,3.8134178730709096,0.21239810617484167,18,0.06017497503645299
7.857212081005855,3.8183504229624736,0.2130135583516723,18,0.06512930671751452
7.858281134002027,3.8183504229624736,0.2130135583516723,18,0.06512930671751452
7.859326167999825,3.8183504229624736,0.2130135583516723,18,0.06512930671751452
7.860341088002315,3.823305337891312,0.21363522529447426,18,0.07010911885885539
7.860878994004452,3.823305337891312,0.21363522529447426,18,0.07010911885885539
7.861898819006456,3.823305337891312,0.21363522529447426,18,0.07010911885885539
7.862970612004574,3.823305337891312,0.21363522529447426,18,0.07010911885885539
7.864046283000789,3.823305337891312,0.21363522529447426,18,0.07010911885885539
7.86519638900063,3.823305337891312,0.21363522529447426,18,0.07010911885885539
7.866264328004036,3.823305337891312,0.21363522529447426,18,0.07010911885885539
7.867393915999855,3.823305337891312,0.21363522529447426,18,0.07010911885885539
7.868539100003545,3.823305337891312,0.21363522529447426,18,0.07010911885885539
7.869569556001807,3.823305337891312,0.21363522529447426,18,0.07010911885885539
7.870603928000492,3.823305337891312,0.21363522529447426,18,0.07010911885885539
7.871656613002415,3.823305337891312,0.21363522529447426,18,0.07010911885885539
7.872099263004202,3.823305337891312,0.21363522529447426,18,0.07010911885885539
7.873259093001252,3.823305337891312,0.21363522529447426,18,0.07010911885885539
7.873685771002783,3.823305337891312,0.21363522529447426,18,0.07010911885885539
7.874761361999845,3.823305337891312,0.21363522529447426,18,0.07010911885885539
7.875211461003346,3.823305337891312,0.21363522529447426,18,0.07010911885885539
7.876324359000137,3.823305337891312,0.21363522529447426,18,0.07010911885885539
7.877526965006837,3.823305337891312,0.21363522529447426,18,0.07010911885885539
7.878559106000466,3.828274147900816,0.2142575387405482,18,0.07510454674218703
7.879018241001177,3.828274147900816,0.2142575387405482,18,0.07510454674218703
7.880103537005198,3.828274147900816,0.2142575387405482,18,0.07510454674218703
7.88129855900479,3.828274147900816,0.2142575387405482,18,0.07510454674218703
7.882435870000336,3.8332528599434017,0.21484136329545273,18,0.08010404880266139
7.883656049001729,3.8332528599434017,0.21484136329545273,18,0.08010404880266139
7.884136386004684,3.8332528599434017,0.21484136329545273,18,0.08010404880266139
7.885386629001005,3.8332528599434017,0.21484136329545273,18,0.08010404880266139
7.886487040006614,3.8332528599434017,0.21484136329545273,18,0.08010404880266139
7.887597890003235,3.8332528599434017,0.21484136329545273,18,0.08010404880266139
7.8880330590036465,3.8332528599434017,0.21484136329545273,18,0.08010404880266139
7.889182849001372,3.8332528599434017,0.21484136329545273,18,0.08010404880266139
7.890213883001707,3.8332528599434017,0.21484136329545273,18,0.08010404880266139
7.891193676005059,3.8332528599434017,0.21484136329545273,18,0.08010404880266139
7.892163739001262,3.8332528599434017,0.21484136329545273,18,0.08010404880266139
7.893273130001035,3.8332528599434017,0.21484136329545273,18,0.08010404880266139
7.8943143540018355,3.8332528599434017,0.21484136329545273,18,0.08010404880266139
7.895341888004623,3.8332528599434017,0.21484136329545273,18,0.08010404880266139
7.896356141005526,3.8332528599434017,0.21484136329545273,18,0.08010404880266139
7.8974637420033105,3.8332528599434017,0.21484136329545273,18,0.08010404880266139
7.897878073999891,3.8332528599434017,0.21484136329545273,18,0.08010404880266139
7.898868532000051,3.8382360309158092,0.21542983764137857,18,0.08511034982299963
7.899848905006365,3.8382360309158092,0.21542983764137857,18,0.08511034982299963
7.901008879001893,3.8382360309158092,0.21542983764137857,18,0.08511034982299963
7.902094437005871,3.8382360309158092,0.21542983764137857,18,0.08511034982299963
7.903145052005129,3.8382360309158092,0.21542983764137857,18,0.08511034982299963
7.904184383005486,3.8382360309158092,0.21542983764137857,18,0.08511034982299963
7.905297768003948,3.8382360309158092,0.21542983764137857,18,0.08511034982299963
7.906340533001639,3.8382360309158092,0.21542983764137857,18,0.08511034982299963
7.9067590160047985,3.8382360309158092,0.21542983764137857,18,0.08511034982299963
7.9077933200023836,3.8382360309158092,0.21542983764137857,18,0.08511034982299963
7.908939746004762,3.8382360309158092,0.21542983764137857,18,0.08511034982299963
7.909975761001988,3.843226023456677,0.2160004873286575,18,0.09012145981315035
7.911002243003168,3.843226023456677,0.2160004873286575,18,0.09012145981315035
7.912040167000669,3.843226023456677,0.2160004873286575,18,0.09012145981315035
7.912587798004097,3.843226023456677,0.2160004873286575,18,0.09012145981315035
7.913684283004841,3.843226023456677,0.2160004873286575,18,0.09012145981315035
7.914844945000368,3.843226023456677,0.2160004873286575,18,0.09012145981315035
7.916019429001608,3.843226023456677,0.2160004873286575,18,0.09012145981315035
7.917267329001334,3.843226023456677,0.2160004873286575,18,0.09012145981315035
7.917740874006995,3.843226023456677,0.2160004873286575,18,0.09012145981315035
7.918833176001499,3.843226023456677,0.2160004873286575,18,0.09012145981315035
7.919980216000113,3.843226023456677,0.2160004873286575,18,0.09012145981315035
7.92125372600276,3.843226023456677,0.2160004873286575,18,0.09012145981315035
7.922408196005563,3.8482191428750014,0.21658327341295702,18,0.09513897602484013
7.922888504006551,3.8482191428750014,0.21658327341295702,18,0.09513897602484013
7.924039457000617,3.8482191428750014,0.21658327341295702,18,0.09513897602484013
7.925238903000718,3.8482191428750014,0.21658327341295702,18,0.09513897602484013
7.926297684003657,3.8482191428750014,0.21658327341295702,18,0.09513897602484013
7.926735917004407,3.8482191428750014,0.21658327341295702,18,0.09513897602484013
7.927808688000368,3.8482191428750014,0.21658327341295702,18,0.09513897602484013
7.9289372410057695,3.853218315571488,0.21715092714960343,19,0.09999983751884219
7.9300252240063855,3.853218315571488,0.21715092714960343,19,0.09999983751884219
7.931034921006358,3.853218315571488,0.21715092714960343,19,0.09999983751884219
7.932079342004727,3.853218315571488,0.21715092714960343,19,0.09999983751884219
7.933251525006199,3.853218315571488,0.21715092714960343,19,0.09999983751884219
7.934343988003093,3.853218315571488,0.21715092714960343,19,0.09999983751884219
7.934781194002426,3.853218315571488,0.21715092714960343,19,0.09999983751884219
7.935856932002935,3.853218315571488,0.21715092714960343,19,0.09999983751884219
7.937063512006716,3.853218315571488,0.21715092714960343,19,0.09999983751884219
7.937489018004271,3.853218315571488,0.21715092714960343,19,0.09999983751884219
7.938640422005847,3.853218315571488,0.21715092714960343,19,0.09999983751884219
7.9397641440009465,3.853048011365497,0.2170988418680372,18,0.09998408108579727
7.940900788002182,3.853048011365497,0.2170988418680372,18,0.09998408108579727
7.941331537003862,3.853048011365497,0.2170988418680372,18,0.09998408108579727
7.942369433003478,3.853048011365497,0.2170988418680372,18,0.09998408108579727
7.943449340004008,3.853048011365497,0.2170988418680372,18,0.09998408108579727
7.94463469600305,3.853048011365497,0.2170988418680372,18,0.09998408108579727
7.946649430006801,3.853048011365497,0.2170988418680372,18,0.09998408108579727
7.947820761000912,3.8571053609882866,0.2173862125683787,19,0.09610768559811546
7.948243007005658,3.8571053609882866,0.2173862125683787,19,0.09610768559811546
7.949374887000886,3.8571053609882866,0.2173862125683787,19,0.09610768559811546
7.950444483001775,3.8571053609882866,0.2173862125683787,19,0.09610768559811546
7.951528154000698,3.8571053609882866,0.2173862125683787,19,0.09610768559811546
7.952715817002172,3.8564523418308654,0.21718422699541007,19,0.09677677243497694
7.953775698006211,3.8564523418308654,0.21718422699541007,19,0.09677677243497694
7.954885189006745,3.8564523418308654,0.21718422699541007,19,0.09677677243497694
7.95597246500256,3.8564523418308654,0.21718422699541007,19,0.09677677243497694
7.957162139005959,3.8564523418308654,0.21718422699541007,19,0.09677677243497694
7.9576178500065,3.8564523418308654,0.21718422699541007,19,0.09677677243497694
7.958645327002159,3.860456673048461,0.2174283543500492,19,0.09276739336659366
7.959057605999988,3.860456673048461,0.2174283543500492,19,0.09276739336659366
7.960083915000723,3.860456673048461,0.2174283543500492,19,0.09276739336659366
7.961320467002224,3.860456673048461,0.2174283543500492,19,0.09276739336659366
7.96242784900096,3.859695870373344,0.21719058717080658,19,0.09354764735150782
7.962864768000145,3.859695870373344,0.21719058717080658,19,0.09354764735150782
7.963988349001738,3.859695870373344,0.21719058717080658,19,0.09354764735150782
7.9652375420046155,3.859695870373344,0.21719058717080658,19,0.09354764735150782
7.9663349140028,3.8638499352387834,0.2174836304028784,19,0.08938490086501139
7.966787491001014,3.8638499352387834,0.2174836304028784,19,0.08938490086501139
7.967978721004329,3.8638499352387834,0.2174836304028784,19,0.08938490086501139
7.969251168004121,3.8638499352387834,0.2174836304028784,19,0.08938490086501139
7.970361044004676,3.8638499352387834,0.2174836304028784,19,0.08938490086501139
7.971407918004843,3.8638499352387834,0.2174836304028784,19,0.08938490086501139
7.972650066003553,3.8638499352387834,0.2174836304028784,19,0.08938490086501139
7.973762386005546,3.8688491786687873,0.21802747025078403,19,0.08435638948699524
7.974833466003474,3.8688491786687873,0.21802747025078403,19,0.08435638948699524
7.9758779290059465,3.8688491786687873,0.21802747025078403,19,0.08435638948699524
7.977098643001227,3.8688491786687873,0.21802747025078403,19,0.08435638948699524
7.977549544004432,3.8688491786687873,0.21802747025078403,19,0.08435638948699524
7.978604130003077,3.8688491786687873,0.21802747025078403,19,0.08435638948699524
7.979011198003718,3.8688491786687873,0.21802747025078403,19,0.08435638948699524
7.979994710003666,3.8688491786687873,0.21802747025078403,19,0.08435638948699524
7.980480270001863,3.8688491786687873,0.21802747025078403,19,0.08435638948699524
7.981536698003765,3.8688491786687873,0.21802747025078403,19,0.08435638948699524
7.9826237350062,3.8688491786687873,0.21802747025078403,19,0.08435638948699524
7.983762587005913,3.8688491786687873,0.21802747025078403,19,0.08435638948699524
7.984992615005467,3.8688491786687873,0.21802747025078403,19,0.08435638948699524
7.9861092240025755,3.8688491786687873,0.21802747025078403,19,0.08435638948699524
7.987264144001529,3.8738151152491995,0.21860769038464792,19,0.0793575045143127
7.987816762004513,3.8738151152491995,0.21860769038464792,19,0.0793575045143127
7.9890249890013365,3.8738151152491995,0.21860769038464792,19,0.0793575045143127
7.990106555000239,3.8738151152491995,0.21860769038464792,19,0.0793575045143127
7.990608044005057,3.8738151152491995,0.21860769038464792,19,0.0793575045143127
7.991735494004388,3.8738151152491995,0.21860769038464792,19,0.0793575045143127
7.992982881005446,3.8738151152491995,0.21860769038464792,19,0.0793575045143127
7.994027876004111,3.8738151152491995,0.21860769038464792,19,0.0793575045143127
7.9951272510006675,3.8787572061012474,0.21918966530241468,19,0.07438229850869592
7.995585176002351,3.8787572061012474,0.21918966530241468,19,0.07438229850869592
7.996747940000205,3.8787572061012474,0.21918966530241468,19,0.07438229850869592
7.997829826002999,3.8787572061012474,0.21918966530241468,19,0.07438229850869592
7.998890021000989,3.8787572061012474,0.21918966530241468,19,0.07438229850869592
7.9998874610028,3.8787572061012474,0.21918966530241468,19,0.07438229850869592
8.001046585006407,3.8787572061012474,0.21918966530241468,19,0.07438229850869592
8.002190756000346,3.8787572061012474,0.21918966530241468,19,0.07438229850869592
8.002736427006312,3.8787572061012474,0.21918966530241468,19,0.07438229850869592
8.003893908004102,3.8836804925184474,0.21976862483531798,19,0.06942624591479753
8.005612412001938,3.8836804925184474,0.21976862483531798,19,0.06942624591479753
8.006103787003667,3.8836804925184474,0.21976862483531798,19,0.06942624591479753
8.007214180004667,3.8836804925184474,0.21976862483531798,19,0.06942624591479753
8.00837159200455,3.888588659869055,0.22034421499919757,19,0.06448573805897446
8.008951414005423,3.888588659869055,0.22034421499919757,19,0.06448573805897446
8.010015200001362,3.888588659869055,0.22034421499919757,19,0.06448573805897446
8.01118884600146,3.888588659869055,0.22034421499919757,19,0.06448573805897446
8.012301785005548,3.8934845255444155,0.22091757110088692,19,0.05955789887033652
8.013496436004061,3.8934845255444155,0.22091757110088692,19,0.05955789887033652
8.013950806001958,3.8934845255444155,0.22091757110088692,19,0.05955789887033652
8.015043901999888,3.8934845255444155,0.22091757110088692,19,0.05955789887033652
8.016095280006994,3.8934845255444155,0.22091757110088692,19,0.05955789887033652
8.01729623000574,3.8934845255444155,0.22091757110088692,19,0.05955789887033652
8.018497419005143,3.8934845255444155,0.22091757110088692,19,0.05955789887033652
8.018948643002659,3.8934845255444155,0.22091757110088692,19,0.05955789887033652
8.01996846300608,3.8934845255444155,0.22091757110088692,19,0.05955789887033652
8.020491553004831,3.8934845255444155,0.22091757110088692,19,0.05955789887033652
8.021599321000394,3.8934845255444155,0.22091757110088692,19,0.05955789887033652
8.022701170004439,3.8934845255444155,0.22091757110088692,19,0.05955789887033652
8.023823083000025,3.8934845255444155,0.22091757110088692,19,0.05955789887033652
8.02498648200708,3.8934845255444155,0.22091757110088692,19,0.05955789887033652
8.026096624002093,3.898370536869219,0.22148819714788506,19,0.05464038518280132
8.02714688800188,3.898370536869219,0.22148819714788506,19,0.05464038518280132
8.027530525003385,3.898370536869219,0.22148819714788506,19,0.05464038518280132
8.028643728001043,3.898370536869219,0.22148819714788506,19,0.05464038518280132
8.029039011002169,3.898370536869219,0.22148819714788506,19,0.05464038518280132
8.030061478006246,3.898370536869219,0.22148819714788506,19,0.05464038518280132
8.031141350002144,3.898370536869219,0.22148819714788506,19,0.05464038518280132
8.032200178000494,3.898370536869219,0.22148819714788506,19,0.05464038518280132
8.033304310003587,3.898370536869219,0.22148819714788506,19,0.05464038518280132
8.03434852900682,3.9032485110003012,0.22205709939074067,19,0.04973136457446874
8.03543143200659,3.9032485110003012,0.22205709939074067,19,0.04973136457446874
8.03655044700281,3.9032485110003012,0.22205709939074067,19,0.04973136457446874
8.036981892000767,3.9032485110003012,0.22205709939074067,19,0.04973136457446874
8.038042957006837,3.9032485110003012,0.22205709939074067,19,0.04973136457446874
8.03927349600417,3.9032485110003012,0.22205709939074067,19,0.04973136457446874
8.040481789001205,3.909067487243504,0.2237504878840781,19,0.04380444659317801
8.041512777002936,3.909067487243504,0.2237504878840781,19,0.04380444659317801
8.042086383000424,3.909067487243504,0.2237504878840781,19,0.04380444659317801
8.043129567005963,3.909067487243504,0.2237504878840781,19,0.04380444659317801
8.044178757001646,3.909067487243504,0.2237504878840781,19,0.04380444659317801
8.045280961006938,3.909067487243504,0.2237504878840781,19,0.04380444659317801
8.046322503003466,3.9097572961077836,0.2245817303408183,19,0.04307407876159616
8.04676814800041,3.9097572961077836,0.2245817303408183,19,0.04307407876159616
8.048313423001673,3.9097572961077836,0.2245817303408183,19,0.04307407876159616
8.049515684004291,3.9146216735578236,0.22516350809506858,19,0.03819200574668951
8.050006958001177,3.9146216735578236,0.22516350809506858,19,0.03819200574668951
8.051282586005982,3.9146216735578236,0.22516350809506858,19,0.03819200574668951
8.053005256006145,3.9146216735578236,0.22516350809506858,19,0.03819200574668951
8.054150865005795,3.9146216735578236,0.22516350809506858,19,0.03819200574668951
8.054609292004898,3.9146216735578236,0.22516350809506858,19,0.03819200574668951
8.05571494600008,3.9146216735578236,0.22516350809506858,19,0.03819200574668951
8.056895165005699,3.9146216735578236,0.22516350809506858,19,0.03819200574668951
8.058055534005689,3.9146216735578236,0.22516350809506858,19,0.03819200574668951
8.058524742002191,3.9146216735578236,0.22516350809506858,19,0.03819200574668951
8.059714978000557,3.919505485171519,0.2257460398521764,19,0.03329547132380358
8.060943771000893,3.919505485171519,0.2257460398521764,19,0.03329547132380358
8.061357485006738,3.919505485171519,0.2257460398521764,19,0.03329547132380358
8.062381404000917,3.919505485171519,0.2257460398521764,19,0.03329547132380358
8.063437800999964,3.919505485171519,0.2257460398521764,19,0.03329547132380358
8.064619750002748,3.919505485171519,0.2257460398521764,19,0.03329547132380358
8.065679390005243,3.919505485171519,0.2257460398521764,19,0.03329547132380358
8.067975768004544,3.919505485171519,0.2257460398521764,19,0.03329547132380358
8.068569585004298,3.919505485171519,0.2257460398521764,19,0.03329547132380358
8.069754448006279,3.919505485171519,0.2257460398521764,19,0.03329547132380358
8.070193198000197,3.919505485171519,0.2257460398521764,19,0.03329547132380358
8.071303023003566,3.919505485171519,0.2257460398521764,19,0.03329547132380358
8.07253068400314,3.9244316300926223,0.22633282378426284,19,0.028364169919340414
8.07361128100456,3.9244316300926223,0.22633282378426284,19,0.028364169919340414
8.07470247099991,3.9244316300926223,0.22633282378426284,19,0.028364169919340414
8.075136337000004,3.9244316300926223,0.22633282378426284,19,0.028364169919340414
8.076214276006795,3.9244316300926223,0.22633282378426284,19,0.028364169919340414
8.07731897400663,3.9244316300926223,0.22633282378426284,19,0.028364169919340414
8.07773470900429,3.9244316300926223,0.22633282378426284,19,0.028364169919340414
8.078723752005317,3.929401467460931,0.2268944259797857,19,0.023401092237997655
8.079785651003476,3.929401467460931,0.2268944259797857,19,0.023401092237997655
8.080947729002219,3.929401467460931,0.2268944259797857,19,0.023401092237997655
8.081977121000818,3.929401467460931,0.2268944259797857,19,0.023401092237997655
8.0830207350009,3.929401467460931,0.2268944259797857,19,0.023401092237997655
8.084171258000424,3.929401467460931,0.2268944259797857,19,0.023401092237997655
8.085388433006301,3.929401467460931,0.2268944259797857,19,0.023401092237997655
8.08583518800151,3.929401467460931,0.2268944259797857,19,0.023401092237997655
8.086926059004327,3.929401467460931,0.2268944259797857,19,0.023401092237997655
8.08735322800203,3.929401467460931,0.2268944259797857,19,0.023401092237997655
8.08852466600365,3.9344098733983754,0.2274584490176766,19,0.01842040130913963
8.08956369900261,3.9344098733983754,0.2274584490176766,19,0.01842040130913963
8.090016581001692,3.9344098733983754,0.2274584490176766,19,0.01842040130913963
8.091116706003959,3.9344098733983754,0.2274584490176766,19,0.01842040130913963
8.092214828000579,3.9344098733983754,0.2274584490176766,19,0.01842040130913963
8.093313850004051,3.9344098733983754,0.2274584490176766,19,0.01842040130913963
8.094325989004574,3.9344098733983754,0.2274584490176766,19,0.01842040130913963
8.094757816004858,3.9344098733983754,0.2274584490176766,19,0.01842040130913963
8.095808370002487,3.939456757519971,0.22800890485976472,19,0.013444034520660893
8.096936019006534,3.939456757519971,0.22800890485976472,19,0.013444034520660893
8.098004802006471,3.939456757519971,0.22800890485976472,19,0.013444034520660893
8.098431142003392,3.939456757519971,0.22800890485976472,19,0.013444034520660893
8.099446805004845,3.939456757519971,0.22800890485976472,19,0.013444034520660893
8.100585564003268,3.939456757519971,0.22800890485976472,19,0.013444034520660893
8.10175307100144,3.939456757519971,0.22800890485976472,19,0.013444034520660893
8.102222246001475,3.939456757519971,0.22800890485976472,19,0.013444034520660893
8.103352801001165,3.939456757519971,0.22800890485976472,19,0.013444034520660893
8.104614519004826,3.9445371844332686,0.22857459904313548,19,0.008557685525148224
8.105699147999985,3.9445371844332686,0.22857459904313548,19,0.008557685525148224
8.106147918006172,3.9445371844332686,0.22857459904313548,19,0.008557685525148224
8.107292442000471,3.9445371844332686,0.22857459904313548,19,0.008557685525148224
8.108535390005272,3.9445371844332686,0.22857459904313548,19,0.008557685525148224
8.10966521500086,3.9445371844332686,0.22857459904313548,19,0.008557685525148224
8.11009864400694,3.9445371844332686,0.22857459904313548,19,0.008557685525148224
8.111167899005522,3.9445371844332686,0.22857459904313548,19,0.008557685525148224
8.112240775000828,3.949652433833041,0.22912863345798967,19,0.004207363730167663
8.113380954004242,3.949652433833041,0.22912863345798967,19,0.004207363730167663
8.11442275000445,3.949652433833041,0.22912863345798967,19,0.004207363730167663
8.11551342200255,3.949652433833041,0.22912863345798967,19,0.004207363730167663
8.116658001003088,3.949652433833041,0.22912863345798967,19,0.004207363730167663
8.11770285100647,3.949652433833041,0.22912863345798967,19,0.004207363730167663
8.118847614001425,3.949652433833041,0.22912863345798967,19,0.004207363730167663
8.119962056000077,3.949652433833041,0.22912863345798967,19,0.004207363730167663
8.121070767003403,3.949652433833041,0.22912863345798967,19,0.004207363730167663
8.12213430700649,3.949652433833041,0.22912863345798967,19,0.004207363730167663
8.123194131003402,3.9547979113439946,0.2296983696085486,19,0.003916745354897519
8.12422200900619,3.9547979113439946,0.2296983696085486,19,0.003916745354897519
8.12539597900468,3.9547979113439946,0.2296983696085486,19,0.003916745354897519
8.12650374500663,3.9547979113439946,0.2296983696085486,19,0.003916745354897519
8.12756419100333,3.9547979113439946,0.2296983696085486,19,0.003916745354897519
8.12870308499987,3.9547979113439946,0.2296983696085486,19,0.003916745354897519
8.129091710005014,3.9547979113439946,0.2296983696085486,19,0.003916745354897519
8.130153338002856,3.959975094313208,0.23025640188822272,19,0.008181882241632703
8.13059335500293,3.959975094313208,0.23025640188822272,19,0.008181882241632703
8.131734311005857,3.959975094313208,0.23025640188822272,19,0.008181882241632703
8.132156175001,3.959975094313208,0.23025640188822272,19,0.008181882241632703
8.13331019400357,3.959975094313208,0.23025640188822272,19,0.008181882241632703
8.133744373000809,3.959975094313208,0.23025640188822272,19,0.008181882241632703
8.13491190100467,3.959975094313208,0.23025640188822272,19,0.008181882241632703
8.135352126002545,3.959975094313208,0.23025640188822272,19,0.008181882241632703
8.13648589800141,3.959975094313208,0.23025640188822272,19,0.008181882241632703
8.136914337002963,3.959975094313208,0.23025640188822272,19,0.008181882241632703
8.13801209400117,3.9614755720188777,0.23047673639195762,19,0.009618590440314437
8.13842692700564,3.9614755720188777,0.23047673639195762,19,0.009618590440314437
8.139474737006822,3.9614755720188777,0.23047673639195762,19,0.009618590440314437
8.140555868005322,3.9614755720188777,0.23047673639195762,19,0.009618590440314437
8.141665713999828,3.9730953339437747,0.23201325954733013,19,0.021079558543256702
8.142104036000092,3.9730953339437747,0.23201325954733013,19,0.021079558543256702
8.143178616002842,3.9730953339437747,0.23201325954733013,19,0.021079558543256702
8.144211698003346,3.9730953339437747,0.23201325954733013,19,0.021079558543256702
8.145348943005956,3.9774001877690135,0.23265855094520874,19,0.025404746492541475
8.145788826004718,3.9774001877690135,0.23265855094520874,19,0.025404746492541475
8.146911017000093,3.9774001877690135,0.23265855094520874,19,0.025404746492541475
8.148010887001874,3.982626227967638,0.23324917872013182,19,0.030621916892622374
8.148544813004264,3.982626227967638,0.23324917872013182,19,0.030621916892622374
8.149629328006995,3.982626227967638,0.23324917872013182,19,0.030621916892622374
8.150805580000451,3.982626227967638,0.23324917872013182,19,0.030621916892622374
8.151950366001984,3.982626227967638,0.23324917872013182,19,0.030621916892622374
8.153184279006382,3.982626227967638,0.23324917872013182,19,0.030621916892622374
8.153653839006438,3.982626227967638,0.23324917872013182,19,0.030621916892622374
8.154818977003742,3.982626227967638,0.23324917872013182,19,0.030621916892622374
8.155888646004314,3.982626227967638,0.23324917872013182,19,0.030621916892622374
8.157013708005252,3.982626227967638,0.23324917872013182,19,0.030621916892622374
8.157428855003673,3.982626227967638,0.23324917872013182,19,0.030621916892622374
8.158480574005807,3.982626227967638,0.23324917872013182,19,0.030621916892622374
8.159502191003412,3.982626227967638,0.23324917872013182,19,0.030621916892622374
8.160625730000902,3.9878688507312217,0.2338542327954675,19,0.035870640833752174
8.161672248003015,3.9878688507312217,0.2338542327954675,19,0.035870640833752174
8.162760369006719,3.9878688507312217,0.2338542327954675,19,0.035870640833752174
8.16317984500347,3.9878688507312217,0.2338542327954675,19,0.035870640833752174
8.164234625000972,3.9878688507312217,0.2338542327954675,19,0.035870640833752174
8.164784047003195,3.9878688507312217,0.2338542327954675,19,0.035870640833752174
8.165873680001823,3.9878688507312217,0.2338542327954675,19,0.035870640833752174
8.166956675006077,3.9878688507312217,0.2338542327954675,19,0.035870640833752174
8.168040834003477,3.9931303296663487,0.23444617892410366,19,0.04114260787818302
8.168584967002971,3.9931303296663487,0.23444617892410366,19,0.04114260787818302
8.169661313004326,3.9931303296663487,0.23444617892410366,19,0.04114260787818302
8.170804936002241,3.9931303296663487,0.23444617892410366,19,0.04114260787818302
8.171915660001105,3.9931303296663487,0.23444617892410366,19,0.04114260787818302
8.173084166002809,3.9931303296663487,0.23444617892410366,19,0.04114260787818302
8.173510480002733,3.9931303296663487,0.23444617892410366,19,0.04114260787818302
8.174590590002481,3.9931303296663487,0.23444617892410366,19,0.04114260787818302
8.175633138002013,3.9931303296663487,0.23444617892410366,19,0.04114260787818302
8.176804504000756,3.9931303296663487,0.23444617892410366,19,0.04114260787818302
8.177244320002501,3.9931303296663487,0.23444617892410366,19,0.04114260787818302
8.178322689003835,3.9931303296663487,0.23444617892410366,19,0.04114260787818302
8.179437823004264,3.9931303296663487,0.23444617892410366,19,0.04114260787818302
8.180548150005052,3.9931303296663487,0.23444617892410366,19,0.04114260787818302
8.181000769000093,3.9931303296663487,0.23444617892410366,19,0.04114260787818302
8.18207083800371,3.998406727247813,0.23505235744733913,19,0.04643706836585041
8.18332721600018,3.998406727247813,0.23505235744733913,19,0.04643706836585041
8.184742444005678,3.998406727247813,0.23505235744733913,19,0.04643706836585041
8.185182475004694,3.998406727247813,0.23505235744733913,19,0.04643706836585041
8.186441601006663,3.998406727247813,0.23505235744733913,19,0.04643706836585041
8.187599595999927,3.998406727247813,0.23505235744733913,19,0.04643706836585041
8.188791864005907,4.003700383859572,0.23564522987441147,19,0.0517495208539153
8.189239173007081,4.003700383859572,0.23564522987441147,19,0.0517495208539153
8.19030085200211,4.003700383859572,0.23564522987441147,19,0.0517495208539153
8.191409722006938,4.003700383859572,0.23564522987441147,19,0.0517495208539153
8.19259842500469,4.003700383859572,0.23564522987441147,19,0.0517495208539153
8.193671311004437,4.003700383859572,0.23564522987441147,19,0.0517495208539153
8.19410661400616,4.003700383859572,0.23564522987441147,19,0.0517495208539153
8.195200616006332,4.003700383859572,0.23564522987441147,19,0.0517495208539153
8.196249984001042,4.003700383859572,0.23564522987441147,19,0.0517495208539153
8.196763097002986,4.003700383859572,0.23564522987441147,19,0.0517495208539153
8.197816506006347,4.003700383859572,0.23564522987441147,19,0.0517495208539153
8.198911513005442,4.003700383859572,0.23564522987441147,19,0.0517495208539153
8.20002800400107,4.009007452185466,0.23625214191990487,19,0.05708028606384952
8.201221488001465,4.009007452185466,0.23625214191990487,19,0.05708028606384952
8.202427791002265,4.009007452185466,0.23625214191990487,19,0.05708028606384952
8.202920055002323,4.009007452185466,0.23625214191990487,19,0.05708028606384952
8.204025734004972,4.009007452185466,0.23625214191990487,19,0.05708028606384952
8.205207226004859,4.009007452185466,0.23625214191990487,19,0.05708028606384952
8.205649942006858,4.009007452185466,0.23625214191990487,19,0.05708028606384952
8.206744877003075,4.009007452185466,0.23625214191990487,19,0.05708028606384952
8.207783812002162,4.009007452185466,0.23625214191990487,19,0.05708028606384952
8.208189361001132,4.009007452185466,0.23625214191990487,19,0.05708028606384952
8.209316345004481,4.014330330697154,0.23684556115555386,19,0.06242622394707679
8.210392193002917,4.014330330697154,0.23684556115555386,19,0.06242622394707679
8.211471463000635,4.014330330697154,0.23684556115555386,19,0.06242622394707679
8.212585031003982,4.014330330697154,0.23684556115555386,19,0.06242622394707679
8.213608515005035,4.014330330697154,0.23684556115555386,19,0.06242622394707679
8.214704993006308,4.014330330697154,0.23684556115555386,19,0.06242622394707679
8.21512564200384,4.014330330697154,0.23684556115555386,19,0.06242622394707679
8.216158249000728,4.014330330697154,0.23684556115555386,19,0.06242622394707679
8.2167040610002,4.014330330697154,0.23684556115555386,19,0.06242622394707679
8.217914099004702,4.019665254674029,0.237452843627544,19,0.06778788336709095
8.219088307007041,4.019665254674029,0.237452843627544,19,0.06778788336709095
8.220151820001774,4.019665254674029,0.237452843627544,19,0.06778788336709095
8.220679609003128,4.019665254674029,0.237452843627544,19,0.06778788336709095
8.221777623002708,4.019665254674029,0.237452843627544,19,0.06778788336709095
8.223083162003604,4.019665254674029,0.237452843627544,19,0.06778788336709095
8.224223097000504,4.019665254674029,0.237452843627544,19,0.06778788336709095
8.224763709004037,4.019665254674029,0.237452843627544,19,0.06778788336709095
8.226060777000384,4.019665254674029,0.237452843627544,19,0.06778788336709095
8.227191974001471,4.019665254674029,0.237452843627544,19,0.06778788336709095
8.22824747300183,4.025014673824564,0.23804646292237588,19,0.07316279367306837
8.228789597000286,4.025014673824564,0.23804646292237588,19,0.07316279367306837
8.229855962999864,4.025014673824564,0.23804646292237588,19,0.07316279367306837
8.230914745006885,4.025014673824564,0.23804646292237588,19,0.07316279367306837
8.23192708100396,4.025014673824564,0.23804646292237588,19,0.07316279367306837
8.233095837000292,4.025014673824564,0.23804646292237588,19,0.07316279367306837
8.234191731004103,4.025014673824564,0.23804646292237588,19,0.07316279367306837
8.235293639001611,4.025014673824564,0.23804646292237588,19,0.07316279367306837
8.2502656160068,4.025014673824564,0.23804646292237588,19,0.07316279367306837
8.2509296490025,4.025014673824564,0.23804646292237588,19,0.07316279367306837
8.252254277002066,4.038913710702785,0.2400973158250027,19,0.0872111143351284
8.25282303300628,4.038913710702785,0.2400973158250027,19,0.0872111143351284
8.253965831005189,4.038913710702785,0.2400973158250027,19,0.0872111143351284
8.254403816004924,4.038913710702785,0.2400973158250027,19,0.0872111143351284
8.255522757004655,4.038913710702785,0.2400973158250027,19,0.0872111143351284
8.25592309700005,4.038913710702785,0.2400973158250027,19,0.0872111143351284
8.257101681003405,4.038913710702785,0.2400973158250027,19,0.0872111143351284
8.257549463000032,4.038913710702785,0.2400973158250027,19,0.0872111143351284
8.258674941003846,4.038913710702785,0.2400973158250027,19,0.0872111143351284
8.25908900500508,4.038913710702785,0.2400973158250027,19,0.0872111143351284
8.260118978003447,4.038913710702785,0.2400973158250027,19,0.0872111143351284
8.2606196820052,4.038913710702785,0.2400973158250027,19,0.0872111143351284
8.261682010001095,4.038913710702785,0.2400973158250027,19,0.0872111143351284
8.262104193003324,4.038913710702785,0.2400973158250027,19,0.0872111143351284
8.263162299001124,4.038913710702785,0.2400973158250027,19,0.0872111143351284
8.264179007004714,4.046586110601845,0.24134961888187978,19,0.0949850053412214
8.265308057001675,4.046586110601845,0.24134961888187978,19,0.0949850053412214
8.265753573999973,4.046586110601845,0.24134961888187978,19,0.0949850053412214
8.266840696000145,4.046586110601845,0.24134961888187978,19,0.0949850053412214
8.267885087007016,4.051939949043206,0.2419619313398254,20,0.09922910227955824
8.269004412002687,4.051939949043206,0.2419619313398254,20,0.09922910227955824
8.269442530006927,4.051939949043206,0.2419619313398254,20,0.09922910227955824
8.270638335001422,4.051939949043206,0.2419619313398254,20,0.09922910227955824
8.27183628500643,4.051939949043206,0.2419619313398254,20,0.09922910227955824
8.27298806500039,4.051939949043206,0.2419619313398254,20,0.09922910227955824
8.273397611999826,4.051939949043206,0.2419619313398254,20,0.09922910227955824
8.2744642270045,4.051939949043206,0.2419619313398254,20,0.09922910227955824
8.27548391000164,4.051939949043206,0.2419619313398254,20,0.09922910227955824
8.276647364000382,4.051939949043206,0.2419619313398254,20,0.09922910227955824
8.277078091006842,4.051939949043206,0.2419619313398254,20,0.09922910227955824
8.278120890005084,4.051939949043206,0.2419619313398254,20,0.09922910227955824
8.279121199004294,4.051939949043206,0.2419619313398254,20,0.09922910227955824
8.280090531006863,4.057289102890297,0.24258633477584485,20,0.09384762696340647
8.28061754200462,4.057289102890297,0.24258633477584485,20,0.09384762696340647
8.281696190002549,4.057289102890297,0.24258633477584485,20,0.09384762696340647
8.282878871999856,4.057289102890297,0.24258633477584485,20,0.09384762696340647
8.283918540000741,4.057289102890297,0.24258633477584485,20,0.09384762696340647
8.285143633002008,4.057289102890297,0.24258633477584485,20,0.09384762696340647
8.285663262002345,4.057289102890297,0.24258633477584485,20,0.09384762696340647
8.286814332001086,4.062637388488301,0.24319517387109052,20,0.08846865876441504
8.287941070004308,4.062637388488301,0.24319517387109052,20,0.08846865876441504
8.289146283001173,4.062637388488301,0.24319517387109052,20,0.08846865876441504
8.289614630004507,4.062637388488301,0.24319517387109052,20,0.08846865876441504
8.29069336100656,4.062637388488301,0.24319517387109052,20,0.08846865876441504
8.291769586001465,4.062637388488301,0.24319517387109052,20,0.08846865876441504
8.292948899004841,4.062637388488301,0.24319517387109052,20,0.08846865876441504
8.294094494005549,4.062637388488301,0.24319517387109052,20,0.08846865876441504
8.294531239000207,4.062637388488301,0.24319517387109052,20,0.08846865876441504
8.295626249004272,4.062637388488301,0.24319517387109052,20,0.08846865876441504
8.296788915002253,4.062637388488301,0.24319517387109052,20,0.08846865876441504
8.297212733006745,4.062637388488301,0.24319517387109052,20,0.08846865876441504
8.298279732000083,4.062637388488301,0.24319517387109052,20,0.08846865876441504
8.299314373005473,4.062637388488301,0.24319517387109052,20,0.08846865876441504
8.300356022002234,4.062637388488301,0.24319517387109052,20,0.08846865876441504
8.301531882003474,4.062637388488301,0.24319517387109052,20,0.08846865876441504
8.302636467000411,4.067982112653356,0.24381623509335415,20,0.08309286678922219
8.303758492002089,4.067982112653356,0.24381623509335415,20,0.08309286678922219
8.304985948001558,4.067982112653356,0.24381623509335415,20,0.08309286678922219
8.306148178002331,4.067982112653356,0.24381623509335415,20,0.08309286678922219
8.30725691900443,4.067982112653356,0.24381623509335415,20,0.08309286678922219
8.308262029000616,4.067982112653356,0.24381623509335415,20,0.08309286678922219
8.309343857006752,4.067982112653356,0.24381623509335415,20,0.08309286678922219
8.310383172000002,4.067982112653356,0.24381623509335415,20,0.08309286678922219
8.31083229000069,4.067982112653356,0.24381623509335415,20,0.08309286678922219
8.311902241002826,4.073326863405917,0.24442184947093726,20,0.07771878641440763
8.312304241000675,4.073326863405917,0.24442184947093726,20,0.07771878641440763
8.313424635001866,4.073326863405917,0.24442184947093726,20,0.07771878641440763
8.313845555006992,4.073326863405917,0.24442184947093726,20,0.07771878641440763
8.314902041005553,4.073326863405917,0.24442184947093726,20,0.07771878641440763
8.315313579005306,4.073326863405917,0.24442184947093726,20,0.07771878641440763
8.316326295003819,4.073326863405917,0.24442184947093726,20,0.07771878641440763
8.317523745005019,4.073326863405917,0.24442184947093726,20,0.07771878641440763
8.317998170001374,4.073326863405917,0.24442184947093726,20,0.07771878641440763
8.31927283800178,4.073326863405917,0.24442184947093726,20,0.07771878641440763
8.32061970900395,4.078668791897529,0.24503976868103744,20,0.07234744154105158
8.32107379000081,4.078668791897529,0.24503976868103744,20,0.07234744154105158
8.322188031001133,4.078668791897529,0.24503976868103744,20,0.07234744154105158
8.323472435004078,4.078668791897529,0.24503976868103744,20,0.07234744154105158
8.324667574001069,4.078668791897529,0.2450397686810374,20,0.07234744154105158
8.325794719006808,4.078668791897529,0.2450397686810374,20,0.07234744154105158
8.326324600006046,4.078668791897529,0.2450397686810374,20,0.07234744154105158
8.3274953250002,4.078668791897529,0.2450397686810374,20,0.07234744154105158
8.328762840006675,4.084011331253003,0.24564231623789506,20,0.06697742712774633
8.329143365001073,4.084011331253003,0.24564231623789506,20,0.06697742712774633
8.330175446004432,4.084011331253003,0.24564231623789506,20,0.06697742712774633
8.331263104002574,4.084011331253003,0.24564231623789506,20,0.06697742712774633
8.332353273006447,4.084011331253003,0.24564231623789506,20,0.06697742712774633
8.333535529003711,4.084011331253003,0.24564231623789506,20,0.06697742712774633
8.333976438007085,4.084011331253003,0.24564231623789506,20,0.06697742712774633
8.335080395001569,4.084011331253003,0.24564231623789506,20,0.06697742712774633
8.336255928006722,4.084011331253003,0.24564231623789506,20,0.06697742712774633
8.337588405003771,4.084011331253003,0.24564231623789506,20,0.06697742712774633
8.338056399006746,4.084011331253003,0.24564231623789506,20,0.06697742712774633
8.339186314005929,4.084011331253003,0.24564231623789506,20,0.06697742712774633
8.340241965001042,4.089351535387497,0.24625722238864578,20,0.06161015475745601
8.340738815000805,4.089351535387497,0.24625722238864578,20,0.06161015475745601
8.341777622001246,4.089351535387497,0.24625722238864578,20,0.06161015475745601
8.34290344100009,4.089351535387497,0.24625722238864578,20,0.06161015475745601
8.34403567800473,4.089351535387497,0.24625722238864578,20,0.06161015475745601
8.345174543006578,4.089351535387497,0.24625722238864575,20,0.06161015475745601
8.345613274002972,4.089351535387497,0.24625722238864575,20,0.06161015475745601
8.346656844005338,4.089351535387497,0.24625722238864575,20,0.06161015475745601
8.347681424005714,4.101210709229095,0.2491236899976184,20,0.04965514392507245
8.348809189999884,4.101210709229095,0.2491236899976184,20,0.04965514392507245
8.349258070003998,4.101210709229095,0.2491236899976184,20,0.04965514392507245
8.350351468005101,4.101210709229095,0.2491236899976184,20,0.04965514392507245
8.351495603004878,4.101210709229095,0.2491236899976184,20,0.04965514392507245
8.352714534004917,4.103569012430692,0.2499456824442285,20,0.04729302928820922
8.353824836005515,4.103569012430692,0.2499456824442285,20,0.04729302928820922
8.354287003006903,4.103569012430692,0.2499456824442285,20,0.04729302928820922
8.355374182006926,4.103569012430692,0.2499456824442285,20,0.04729302928820922
8.356509054006892,4.103569012430692,0.2499456824442285,20,0.04729302928820922
8.35694083999988,4.103569012430692,0.2499456824442285,20,0.04729302928820922
8.358004910005548,4.103569012430692,0.2499456824442285,20,0.04729302928820922
8.359040637005819,4.108910308113894,0.2505389274162061,20,0.04195851346947166
8.360043550004775,4.108910308113894,0.2505389274162061,20,0.04195851346947166
8.360556755003927,4.108910308113894,0.2505389274162061,20,0.04195851346947166
8.361590358006652,4.108910308113894,0.2505389274162061,20,0.04195851346947166
8.362655387005361,4.108910308113894,0.2505389274162061,20,0.04195851346947166
8.363667017001717,4.108910308113894,0.2505389274162061,20,0.04195851346947166
8.364820532005979,4.108910308113894,0.2505389274162061,20,0.04195851346947166
8.365261841005122,4.108910308113894,0.2505389274162061,20,0.04195851346947166
8.366317118001461,4.108910308113894,0.2505389274162061,20,0.04195851346947166
8.367386300000362,4.114212368094053,0.25111244430552254,20,0.03667406046129868
8.368508453000686,4.114212368094053,0.25111244430552254,20,0.03667406046129868
8.3689760030029,4.114212368094053,0.25111244430552254,20,0.03667406046129868
8.373195895001118,4.114212368094053,0.25111244430552254,20,0.03667406046129868
8.376057874003891,4.114212368094053,0.25111244430552254,20,0.03667406046129868
8.376683209004113,4.114212368094053,0.25111244430552254,20,0.03667406046129868
8.377831249003066,4.114212368094053,0.25111244430552254,20,0.03667406046129868
8.378887782004313,4.114212368094053,0.25111244430552254,20,0.03667406046129868
8.380005846003769,4.114212368094053,0.25111244430552254,20,0.03667406046129868
8.381208197002707,4.119439455678522,0.25169095357093535,20,0.031481157371507376
8.381653552001808,4.119439455678522,0.25169095357093535,20,0.031481157371507376
8.382706747004704,4.119439455678522,0.25169095357093535,20,0.031481157371507376
8.383137238000927,4.119439455678522,0.25169095357093535,20,0.031481157371507376
8.384176940002362,4.119439455678522,0.25169095357093535,20,0.031481157371507376
8.38534365700616,4.119439455678522,0.25169095357093535,20,0.031481157371507376
8.385822387004737,4.119439455678522,0.25169095357093535,20,0.031481157371507376
8.387005558004603,4.119439455678522,0.25169095357093535,20,0.031481157371507376
8.388153892003174,4.124610954748479,0.25222576881817016,20,0.02636574635512639
8.389378248000867,4.124610954748479,0.25222576881817016,20,0.02636574635512639
8.38984940800583,4.124610954748479,0.25222576881817016,20,0.02636574635512639
8.390990349005733,4.124610954748479,0.25222576881817016,20,0.02636574635512639
8.392144037003163,4.124610954748479,0.25222576881817016,20,0.02636574635512639
8.393329921003897,4.124610954748479,0.25222576881817016,20,0.02636574635512639
8.393786364002153,4.124610954748479,0.25222576881817016,20,0.02636574635512639
8.394929747002607,4.124610954748479,0.25222576881817016,20,0.02636574635512639
8.396065776003525,4.124610954748479,0.25222576881817016,20,0.02636574635512639
8.397231381000893,4.124610954748479,0.25222576881817016,20,0.02636574635512639
8.397686478005198,4.124610954748479,0.25222576881817016,20,0.02636574635512639
8.398760881005728,4.124610954748479,0.25222576881817016,20,0.02636574635512639
8.399811525006953,4.124610954748479,0.25222576881817016,20,0.02636574635512639
8.400922844004526,4.129738921653135,0.25270764122773237,20,0.021326640770213682
8.401971167004376,4.129738921653135,0.25270764122773237,20,0.021326640770213682
8.403079683004762,4.129738921653135,0.25270764122773237,20,0.021326640770213682
8.404277715002536,4.129738921653135,0.25270764122773237,20,0.021326640770213682
8.405491394005367,4.129738921653135,0.25270764122773237,20,0.021326640770213682
8.406618346001778,4.129738921653135,0.25270764122773237,20,0.021326640770213682
8.407067231004476,4.129738921653135,0.25270764122773237,20,0.021326640770213682
8.408119706000434,4.129738921653135,0.25270764122773237,20,0.021326640770213682
8.408655720006209,4.129738921653135,0.25270764122773237,20,0.021326640770213682
8.409692131004704,4.129738921653135,0.25270764122773237,20,0.021326640770213682
8.410113725003612,4.129738921653135,0.25270764122773237,20,0.021326640770213682
8.411187274003169,4.129738921653135,0.25270764122773237,20,0.021326640770213682
8.412252206006087,4.129738921653135,0.25270764122773237,20,0.021326640770213682
8.4133951180047,4.134827836559005,0.25318532550235534,20,0.016394427334025567
8.414467247006542,4.134827836559005,0.25318532550235534,20,0.016394427334025567
8.415530802005378,4.134827836559005,0.25318532550235534,20,0.016394427334025567
8.416641438001534,4.134827836559005,0.25318532550235534,20,0.016394427334025567
8.417681104001531,4.134827836559005,0.25318532550235534,20,0.016394427334025567
8.418798215003335,4.134827836559005,0.25318532550235534,20,0.016394427334025567
8.419855179003207,4.134827836559005,0.25318532550235534,20,0.016394427334025567
8.421057252002356,4.134827836559005,0.25318532550235534,20,0.016394427334025567
8.421485384002153,4.134827836559005,0.25318532550235534,20,0.016394427334025567
8.422587826004019,4.13988710410736,0.25363783805781975,20,0.011637596802190182
8.423047573000076,4.13988710410736,0.25363783805781975,20,0.011637596802190182
8.424686288002704,4.13988710410736,0.25363783805781975,20,0.011637596802190182
8.42512465800246,4.13988710410736,0.25363783805781975,20,0.011637596802190182
8.426308445006725,4.13988710410736,0.25363783805781975,20,0.011637596802190182
8.426735809000093,4.13988710410736,0.25363783805781975,20,0.011637596802190182
8.427765497006476,4.13988710410736,0.25363783805781975,20,0.011637596802190182
8.42886938900483,4.13988710410736,0.25363783805781975,20,0.011637596802190182
8.429906933000893,4.13988710410736,0.25363783805781975,20,0.011637596802190182
8.430976946001465,4.144919895397451,0.2540970885700266,20,0.00735283866027275
8.43141924700467,4.144919895397451,0.2540970885700266,20,0.00735283866027275
8.432617692000349,4.144919895397451,0.2540970885700266,20,0.00735283866027275
8.433715110004414,4.144919895397451,0.2540970885700266,20,0.00735283866027275
8.434173924004426,4.144919895397451,0.2540970885700266,20,0.00735283866027275
8.43536666300497,4.144919895397451,0.2540970885700266,20,0.00735283866027275
8.4366102050044,4.146208470263474,0.25468614264407174,20,0.006772099722939128
8.437052205001237,4.146208470263474,0.25468614264407174,20,0.006772099722939128
8.4381549680038,4.146208470263474,0.25468614264407174,20,0.006772099722939128
8.439276716002496,4.146208470263474,0.25468614264407174,20,0.006772099722939128
8.440355580001778,4.153161508680798,0.256018897425994,20,0.006662514298503212
8.440900133005925,4.153161508680798,0.256018897425994,20,0.006662514298503212
8.44194453000091,4.153161508680798,0.256018897425994,20,0.006662514298503212
8.443077199000982,4.153161508680798,0.256018897425994,20,0.006662514298503212
8.444219412005623,4.153161508680798,0.256018897425994,20,0.006662514298503212
8.445409363004728,4.154535149678221,0.25665073281847894,20,0.007803534806536453
8.445866689005925,4.154535149678221,0.25665073281847894,20,0.007803534806536453
8.44694286500453,4.154535149678221,0.25665073281847894,20,0.007803534806536453
8.447994057001779,4.161452915240081,0.25799654730006316,20,0.013413329014072299
8.449112096001045,4.161452915240081,0.25799654730006316,20,0.013413329014072299
8.450212914001895,4.161452915240081,0.25799654730006316,20,0.013413329014072299
8.451401866004744,4.161452915240081,0.25799654730006316,20,0.013413329014072299
8.451868435004144,4.161452915240081,0.25799654730006316,20,0.013413329014072299
8.453017124003964,4.16350924414962,0.25894843140299345,20,0.015629435561898733
8.45406347100652,4.16350924414962,0.25894843140299345,20,0.015629435561898733
8.454498290004267,4.16350924414962,0.25894843140299345,20,0.015629435561898733
8.455570472004183,4.16350924414962,0.25894843140299345,20,0.015629435561898733
8.456762532005087,4.1704539287984606,0.2602986337641835,20,0.02224396344715559
8.457196037001268,4.1704539287984606,0.2602986337641835,20,0.02224396344715559
8.458366549006314,4.1704539287984606,0.2602986337641835,20,0.02224396344715559
8.45945790400583,4.171467940301872,0.26077097479579453,20,0.023360839253749224
8.460636946001614,4.171467940301872,0.26077097479579453,20,0.023360839253749224
8.461073495003802,4.171467940301872,0.26077097479579453,20,0.023360839253749224
8.462128982006107,4.171467940301872,0.26077097479579453,20,0.023360839253749224
8.463403099005518,4.171467940301872,0.26077097479579453,20,0.023360839253749224
8.464608272006444,4.171467940301872,0.26077097479579453,20,0.023360839253749224
8.46504738900694,4.171467940301872,0.26077097479579453,20,0.023360839253749224
8.466252550002537,4.171467940301872,0.26077097479579453,20,0.023360839253749224
8.46778438900219,4.171467940301872,0.26077097479579453,20,0.023360839253749224
8.469065337005304,4.176503942207365,0.2612374440244051,20,0.02809129594242713
8.46953838000627,4.176503942207365,0.2612374440244051,20,0.02809129594242713
8.470787178004684,4.176503942207365,0.2612374440244051,20,0.02809129594242713
8.472128984001756,4.176503942207365,0.2612374440244051,20,0.02809129594242713
8.473461266003142,4.176503942207365,0.2612374440244051,20,0.02809129594242713
8.47393273900525,4.176503942207365,0.2612374440244051,20,0.02809129594242713
8.475183107002522,4.176503942207365,0.2612374440244051,20,0.02809129594242713
8.476278040005127,4.176503942207365,0.2612374440244051,20,0.02809129594242713
8.477401468000608,4.176503942207365,0.2612374440244051,20,0.02809129594242713
8.478012730003684,4.176503942207365,0.2612374440244051,20,0.02809129594242713
8.479048572000465,4.176503942207365,0.2612374440244051,20,0.02809129594242713
8.480086205003317,4.176503942207365,0.2612374440244051,20,0.02809129594242713
8.481207266006095,4.176503942207365,0.2612374440244051,20,0.02809129594242713
8.481650655005069,4.176503942207365,0.2612374440244051,20,0.02809129594242713
8.48275415399985,4.181572369784783,0.26168935688063977,20,0.03294410512693389
8.483887578004214,4.181572369784783,0.26168935688063977,20,0.03294410512693389
8.485165685000538,4.181572369784783,0.26168935688063977,20,0.03294410512693389
8.485638803002075,4.181572369784783,0.26168935688063977,20,0.03294410512693389
8.486772367003141,4.181572369784783,0.26168935688063977,20,0.03294410512693389
8.487883434005198,4.186669275887023,0.26215396486535647,20,0.03788992797582447
8.488319829004467,4.186669275887023,0.26215396486535647,20,0.03788992797582447
8.489455949005787,4.186669275887023,0.26215396486535647,20,0.03788992797582447
8.490595485003723,4.186669275887023,0.26215396486535647,20,0.03788992797582447
8.491803050004819,4.186669275887023,0.26215396486535647,20,0.03788992797582447
8.49298500000441,4.186669275887023,0.26215396486535647,20,0.03788992797582447
8.493417399004102,4.186669275887023,0.26215396486535647,20,0.03788992797582447
8.494477574000484,4.186669275887023,0.26215396486535647,20,0.03788992797582447
8.495519373005664,4.186669275887023,0.26215396486535647,20,0.03788992797582447
8.496712478001427,4.186669275887023,0.26215396486535647,20,0.03788992797582447
8.497165400003723,4.186669275887023,0.26215396486535647,20,0.03788992797582447
8.498291316005634,4.191795732884614,0.26260359382084275,20,0.042899900126181854
8.499327142002585,4.191795732884614,0.26260359382084275,20,0.042899900126181854
8.500324768006976,4.191795732884614,0.26260359382084275,20,0.042899900126181854
8.50086439000006,4.191795732884614,0.26260359382084275,20,0.042899900126181854
8.501961283000128,4.191795732884614,0.26260359382084275,20,0.042899900126181854
8.503047490004974,4.191795732884614,0.26260359382084275,20,0.042899900126181854
8.504065866000019,4.191795732884614,0.26260359382084275,20,0.042899900126181854
8.5052145150039,4.191795732884614,0.26260359382084275,20,0.042899900126181854
8.505676903005224,4.191795732884614,0.26260359382084275,20,0.042899900126181854
8.506875379003759,4.191795732884614,0.26260359382084275,20,0.042899900126181854
8.507970370003022,4.19694796828179,0.26306552565638597,20,0.04796690699577239
8.508361931002582,4.19694796828179,0.26306552565638597,20,0.04796690699577239
8.50948410500132,4.19694796828179,0.26306552565638597,20,0.04796690699577239
8.51060893000249,4.19694796828179,0.26306552565638597,20,0.04796690699577239
8.511718181005563,4.19694796828179,0.26306552565638597,20,0.04796690699577239
8.512891983002191,4.19694796828179,0.26306552565638597,20,0.04796690699577239
8.513327585002116,4.19694796828179,0.26306552565638597,20,0.04796690699577239
8.514408775001357,4.19694796828179,0.26306552565638597,20,0.04796690699577239
8.51543956000387,4.19694796828179,0.26306552565638597,20,0.04796690699577239
8.516603320000286,4.19694796828179,0.26306552565638597,20,0.04796690699577239
8.517197445005877,4.19694796828179,0.26306552565638597,20,0.04796690699577239
8.518413197001792,4.19694796828179,0.26306552565638597,20,0.04796690699577239
8.519613615004346,4.2021271409046665,0.2635121244099999,20,0.05307639886691564
8.520016308000777,4.2021271409046665,0.2635121244099999,20,0.05307639886691564
8.521176199006732,4.2021271409046665,0.2635121244099999,20,0.05307639886691564
8.522640162002062,4.2021271409046665,0.2635121244099999,20,0.05307639886691564
8.529396263002127,4.2021271409046665,0.2635121244099999,20,0.05307639886691564
8.529997606005054,4.2021271409046665,0.2635121244099999,20,0.05307639886691564
8.53147274600633,4.207329642377308,0.26397068530141116,20,0.05822717957952445
8.531918989006954,4.207329642377308,0.26397068530141116,20,0.05822717957952445
8.533200634999957,4.207329642377308,0.26397068530141116,20,0.05822717957952445
8.533704071000102,4.207329642377308,0.26397068530141116,20,0.05822717957952445
8.534893003001343,4.207329642377308,0.26397068530141116,20,0.05822717957952445
8.536061341001187,4.207329642377308,0.26397068530141116,20,0.05822717957952445
8.536642897001002,4.207329642377308,0.26397068530141116,20,0.05822717957952445
8.537848376006878,4.207329642377308,0.26397068530141116,20,0.05822717957952445
8.539010590000544,4.207329642377308,0.26397068530141116,20,0.05822717957952445
8.54008180800156,4.212556706705799,0.2644135958291864,20,0.06341000587866974
8.540624258006574,4.212556706705799,0.2644135958291864,20,0.06341000587866974
8.54171886700351,4.212556706705799,0.2644135958291864,20,0.06341000587866974
8.5428059840051,4.212556706705799,0.2644135958291864,20,0.06341000587866974
8.543836350007041,4.212556706705799,0.2644135958291864,20,0.06341000587866974
8.545060781005304,4.212600731413375,0.2644311029755233,20,0.06345688440330986
8.54552134500409,4.212600731413375,0.2644311029755233,20,0.06345688440330986
8.54666982600611,4.212600731413375,0.2644311029755233,20,0.06345688440330986
8.547780976005015,4.2252478973862875,0.2678662253689378,20,0.07655669885812162
8.548225450002064,4.2252478973862875,0.2678662253689378,20,0.07655669885812162
8.549415665002016,4.2252478973862875,0.2678662253689378,20,0.07655669885812162
8.550497864001954,4.2252478973862875,0.2678662253689378,20,0.07655669885812162
8.551626366002893,4.2252478973862875,0.2678662253689378,20,0.07655669885812162
8.55280188600591,4.230161284931699,0.2698572660867877,20,0.08180517808533341
8.553263285000867,4.230161284931699,0.2698572660867877,20,0.08180517808533341
8.554354226005671,4.230161284931699,0.2698572660867877,20,0.08180517808533341
8.555392351001501,4.230161284931699,0.2698572660867877,20,0.08180517808533341
8.556524099003582,4.230161284931699,0.2698572660867877,20,0.08180517808533341
8.556981174006069,4.230161284931699,0.2698572660867877,20,0.08180517808533341
8.558046152000315,4.230161284931699,0.2698572660867877,20,0.08180517808533341
8.559071793002659,4.230161284931699,0.2698572660867877,20,0.08180517808533341
8.560068786006013,4.230161284931699,0.2698572660867877,20,0.08180517808533341
8.560599668002396,4.230161284931699,0.2698572660867877,20,0.08180517808533341
8.56161843600421,4.230161284931699,0.2698572660867877,20,0.08180517808533341
8.56273397100449,4.230161284931699,0.2698572660867877,20,0.08180517808533341
8.563846573000774,4.230161284931699,0.2698572660867877,20,0.08180517808533341
8.565113136006403,4.239295467988433,0.27192868366678163,20,0.0911686366054279
8.565728145003959,4.239295467988433,0.27192868366678163,20,0.0911686366054279
8.5668477490035,4.239295467988433,0.27192868366678163,20,0.0911686366054279
8.56790720900608,4.239295467988433,0.27192868366678163,20,0.0911686366054279
8.569230657005392,4.244540211507995,0.27242512695178317,20,0.09637999836276159
8.569704905006802,4.244540211507995,0.27242512695178317,20,0.09637999836276159
8.570990649001033,4.244540211507995,0.27242512695178317,20,0.09637999836276159
8.572122888006561,4.244540211507995,0.27242512695178317,20,0.09637999836276159
8.573289562002174,4.244540211507995,0.27242512695178317,20,0.09637999836276159
8.573938973000622,4.244540211507995,0.27242512695178317,20,0.09637999836276159
8.57509311400645,4.244540211507995,0.27242512695178317,20,0.09637999836276159
8.57623567700648,4.244540211507995,0.27242512695178317,20,0.09637999836276159
8.57678921900515,4.244540211507995,0.27242512695178317,20,0.09637999836276159
8.578055871999823,4.244540211507995,0.27242512695178317,20,0.09637999836276159
8.57915228100319,4.244540211507995,0.27242512695178317,20,0.09637999836276159
8.580166392006504,4.244540211507995,0.27242512695178317,20,0.09637999836276159
8.580716255004518,4.244540211507995,0.27242512695178317,20,0.09637999836276159
8.581829230002768,4.24979068740078,0.2729040721024906,21,0.09988780766537489
8.583183014001406,4.24979068740078,0.2729040721024906,21,0.09988780766537489
8.58429267500469,4.24979068740078,0.2729040721024906,21,0.09988780766537489
8.584852874002536,4.24979068740078,0.2729040721024906,21,0.09988780766537489
8.586115255006007,4.24979068740078,0.2729040721024906,21,0.09988780766537489
8.58725244300149,4.24979068740078,0.2729040721024906,21,0.09988780766537489
8.58827926700178,4.24979068740078,0.2729040721024906,21,0.09988780766537489
8.58898250200582,4.24979068740078,0.2729040721024906,21,0.09988780766537489
8.590214868003386,4.255044132052178,0.2733932512128684,21,0.0946509574794033
8.59149370600062,4.255044132052178,0.2733932512128684,21,0.0946509574794033
8.592714757003705,4.255044132052178,0.2733932512128684,21,0.0946509574794033
8.59317588200065,4.255044132052178,0.2733932512128684,21,0.0946509574794033
8.594423082002322,4.255044132052178,0.2733932512128684,21,0.0946509574794033
8.595688533001521,4.255044132052178,0.2733932512128684,21,0.0946509574794033
8.59693103400059,4.255044132052178,0.2733932512128684,21,0.0946509574794033
8.597507323000173,4.255044132052178,0.2733932512128684,21,0.0946509574794033
8.5986660760027,4.255044132052178,0.2733932512128684,21,0.0946509574794033
8.599965253000846,4.260302906071248,0.27386486963155154,21,0.08941270380380212
8.600528556002246,4.260302906071248,0.27386486963155154,21,0.08941270380380212
8.601725235006597,4.260302906071248,0.27386486963155154,21,0.08941270380380212
8.60310809800285,4.260302906071248,0.27386486963155154,21,0.08941270380380212
8.60428554500686,4.260302906071248,0.27386486963155154,21,0.08941270380380212
8.60567491400434,4.260302906071248,0.27386486963155154,21,0.08941270380380212
8.606156457004545,4.260302906071248,0.27386486963155154,21,0.08941270380380212
8.607236462004948,4.260302906071248,0.27386486963155154,21,0.08941270380380212
8.608303373002855,4.260302906071248,0.27386486963155154,21,0.08941270380380212
8.609462923006504,4.260302906071248,0.27386486963155154,21,0.08941270380380212
8.60990687800222,4.260302906071248,0.27386486963155154,21,0.08941270380380212
8.611160965003364,4.260302906071248,0.27386486963155154,21,0.08941270380380212
8.61223489400436,4.260302906071248,0.27386486963155154,21,0.08941270380380212
8.613389265003207,4.260302906071248,0.27386486963155154,21,0.08941270380380212
8.613975337000738,4.260302906071248,0.27386486963155154,21,0.08941270380380212
8.615056979004294,4.260302906071248,0.27386486963155154,21,0.08941270380380212
8.616155936004361,4.260302906071248,0.27386486963155154,21,0.08941270380380212
8.616698794001422,4.260302906071248,0.27386486963155154,21,0.08941270380380212
8.617806845002633,4.265564305712021,0.27434666998720453,21,0.08417751738994536
8.618849949001742,4.265564305712021,0.27434666998720453,21,0.08417751738994536
8.619890825000766,4.265564305712021,0.27434666998720453,21,0.08417751738994536
8.621325872001762,4.265564305712021,0.27434666998720453,21,0.08417751738994536
8.622592541003542,4.270830665951575,0.27481085844644115,21,0.07894279639661823
8.6230511390022,4.270830665951575,0.27481085844644115,21,0.07894279639661823
8.624149463001231,4.270830665951575,0.27481085844644115,21,0.07894279639661823
8.625332290001097,4.270830665951575,0.27481085844644115,21,0.07894279639661823
8.6258013090046,4.270830665951575,0.27481085844644115,21,0.07894279639661823
8.6270299980024,4.270830665951575,0.27481085844644115,21,0.07894279639661823
8.628130226003123,4.27609934168484,0.2752851842639455,21,0.07371388030368009
8.628599563002354,4.27609934168484,0.2752851842639455,21,0.07371388030368009
8.629648488000385,4.27609934168484,0.2752851842639455,21,0.07371388030368009
8.630734241000027,4.27609934168484,0.2752851842639455,21,0.07371388030368009
8.6318377350035,4.27609934168484,0.2752851842639455,21,0.07371388030368009
8.633884743001545,4.27609934168484,0.2752851842639455,21,0.07371388030368009
8.634428550001758,4.27609934168484,0.2752851842639455,21,0.07371388030368009
8.635567728000751,4.27609934168484,0.2752851842639455,21,0.07371388030368009
8.636760140005208,4.27609934168484,0.2752851842639455,21,0.07371388030368009
8.63723015600408,4.27609934168484,0.2752851842639455,21,0.07371388030368009
8.638407521000772,4.27609934168484,0.2752851842639455,21,0.07371388030368009
8.63950468400435,4.27609934168484,0.2752851842639455,21,0.07371388030368009
8.646561213005043,4.27609934168484,0.2752851842639455,21,0.07371388030368009
8.647101607006334,4.27609934168484,0.2752851842639455,21,0.07371388030368009
8.652315262006596,4.27609934168484,0.2752851842639455,21,0.07371388030368009
8.653274461001274,4.27609934168484,0.2752851842639455,21,0.07371388030368009
8.654892866004957,4.296338343842387,0.2750931398684111,21,0.05352112674974064
8.657103424004163,4.296338343842387,0.2750931398684111,21,0.05352112674974064
8.658751189002942,4.296338343842387,0.2750931398684111,21,0.05352112674974064
8.65924722100317,4.296338343842387,0.2750931398684111,21,0.05352112674974064
8.660096244006127,4.296338343842387,0.2750931398684111,21,0.05352112674974064
8.660362987000553,4.296338343842387,0.2750931398684111,21,0.05352112674974064
8.661262307003199,4.3015891192219335,0.27552589637616465,21,0.04833856929399944
8.661708994004584,4.3015891192219335,0.27552589637616465,21,0.04833856929399944
8.662783005005622,4.3015891192219335,0.27552589637616465,21,0.04833856929399944
8.663996256000246,4.3015891192219335,0.27552589637616465,21,0.04833856929399944
8.664433933001419,4.3015891192219335,0.27552589637616465,21,0.04833856929399944
8.665611525000713,4.3015891192219335,0.27552589637616465,21,0.04833856929399944
8.666677304005134,4.3015891192219335,0.27552589637616465,21,0.04833856929399944
8.667803458003618,4.306787129361452,0.2759645837509942,21,0.043229926113333816
8.668788557006337,4.306787129361452,0.2759645837509942,21,0.043229926113333816
8.669107174006058,4.306787129361452,0.2759645837509942,21,0.043229926113333816
8.669823611002357,4.306787129361452,0.2759645837509942,21,0.043229926113333816
8.670796185004292,4.306787129361452,0.2759645837509942,21,0.043229926113333816
8.671903300004487,4.306787129361452,0.2759645837509942,21,0.043229926113333816
8.672270875002141,4.306787129361452,0.2759645837509942,21,0.043229926113333816
8.67337017000682,4.306787129361452,0.2759645837509942,21,0.043229926113333816
8.67440552500193,4.306787129361452,0.2759645837509942,21,0.043229926113333816
8.67540159100463,4.306787129361452,0.2759645837509942,21,0.043229926113333816
8.676390920001722,4.306787129361452,0.2759645837509942,21,0.043229926113333816
8.677382174006198,4.306787129361452,0.2759645837509942,21,0.043229926113333816
8.677801494006417,4.306787129361452,0.2759645837509942,21,0.043229926113333816
8.678810671000974,4.306787129361452,0.2759645837509942,21,0.043229926113333816
8.679234424002061,4.306787129361452,0.2759645837509942,21,0.043229926113333816
8.68026360100339,4.306787129361452,0.2759645837509942,21,0.043229926113333816
8.681289091000508,4.3119446265101,0.2763813027905764,21,0.038186970391851295
8.68228880600509,4.3119446265101,0.2763813027905764,21,0.038186970391851295
8.68331136800407,4.3119446265101,0.2763813027905764,21,0.038186970391851295
8.684341008003685,4.3119446265101,0.2763813027905764,21,0.038186970391851295
8.684778618000564,4.3119446265101,0.2763813027905764,21,0.038186970391851295
8.68581066600018,4.3119446265101,0.2763813027905764,21,0.038186970391851295
8.686872583006334,4.3119446265101,0.2763813027905764,21,0.038186970391851295
8.68807768800616,4.3119446265101,0.2763813027905764,21,0.038186970391851295
8.688478969001153,4.3119446265101,0.2763813027905764,21,0.038186970391851295
8.689489985001273,4.3119446265101,0.2763813027905764,21,0.038186970391851295
8.690512313005456,4.3119446265101,0.2763813027905764,21,0.038186970391851295
8.691516141007014,4.317067225916097,0.27680565613533814,21,0.03322019784119394
8.692502222002076,4.317067225916097,0.27680565613533814,21,0.03322019784119394
8.69350477700209,4.317067225916097,0.27680565613533814,21,0.03322019784119394
8.693933689006371,4.317067225916097,0.27680565613533814,21,0.03322019784119394
8.694994465004129,4.317067225916097,0.27680565613533814,21,0.03322019784119394
8.696031104002031,4.317067225916097,0.27680565613533814,21,0.03322019784119394
8.696438528000726,4.317067225916097,0.27680565613533814,21,0.03322019784119394
8.697621520004759,4.317067225916097,0.27680565613533814,21,0.03322019784119394
8.698779090002063,4.322163726176043,0.27720958965661424,21,0.028335699029396158
8.699195152003085,4.322163726176043,0.27720958965661424,21,0.028335699029396158
8.700221595005132,4.322163726176043,0.27720958965661424,21,0.028335699029396158
8.701218507005251,4.322163726176043,0.27720958965661424,21,0.028335699029396158
8.702438308006094,4.322163726176043,0.27720958965661424,21,0.028335699029396158
8.70353625100688,4.322163726176043,0.27720958965661424,21,0.028335699029396158
8.703960754006403,4.322163726176043,0.27720958965661424,21,0.028335699029396158
8.705328228003054,4.322163726176043,0.27720958965661424,21,0.028335699029396158
8.706358694005758,4.322163726176043,0.27720958965661424,21,0.028335699029396158
8.706776689003163,4.322163726176043,0.27720958965661424,21,0.028335699029396158
8.707828291000624,4.327237058284736,0.27762218767224,21,0.02357289989056456
8.70883928600233,4.327237058284736,0.27762218767224,21,0.02357289989056456
8.709808141000394,4.327237058284736,0.27762218767224,21,0.02357289989056456
8.710884661006276,4.327237058284736,0.27762218767224,21,0.02357289989056456
8.711908580000454,4.327237058284736,0.27762218767224,21,0.02357289989056456
8.712891680006578,4.327237058284736,0.27762218767224,21,0.02357289989056456
8.713907921002829,4.327237058284736,0.27762218767224,21,0.02357289989056456
8.714923206003732,4.327237058284736,0.27762218767224,21,0.02357289989056456
8.71541114700085,4.327237058284736,0.27762218767224,21,0.02357289989056456
8.716648888002965,4.327237058284736,0.27762218767224,21,0.02357289989056456
8.717918438000197,4.327237058284736,0.27762218767224,21,0.02357289989056456
8.718384394000168,4.327237058284736,0.27762218767224,21,0.02357289989056456
8.719495190001908,4.327237058284736,0.27762218767224,21,0.02357289989056456
8.720705075000296,4.327237058284736,0.27762218767224,21,0.02357289989056456
8.721990833000746,4.327237058284736,0.27762218767224,21,0.02357289989056456
8.72309428400331,4.33229373893249,0.278015334265563,21,0.018988058421531555
8.723534943004779,4.33229373893249,0.278015334265563,21,0.018988058421531555
8.724626642004296,4.33229373893249,0.278015334265563,21,0.018988058421531555
8.725725296004384,4.33229373893249,0.278015334265563,21,0.018988058421531555
8.726127127003565,4.33229373893249,0.278015334265563,21,0.018988058421531555
8.727284962005797,4.33229373893249,0.278015334265563,21,0.018988058421531555
8.74198029400577,4.33229373893249,0.278015334265563,21,0.018988058421531555
8.743529746003333,4.33229373893249,0.278015334265563,21,0.018988058421531555
8.744010390000767,4.33229373893249,0.278015334265563,21,0.018988058421531555
8.745516004004457,4.33229373893249,0.278015334265563,21,0.018988058421531555
8.746003415006271,4.33229373893249,0.278015334265563,21,0.018988058421531555
8.747239977004938,4.33229373893249,0.278015334265563,21,0.018988058421531555
8.74768692300131,4.33229373893249,0.278015334265563,21,0.018988058421531555
8.748839669002336,4.33229373893249,0.278015334265563,21,0.018988058421531555
8.749287834005372,4.33229373893249,0.278015334265563,21,0.018988058421531555
8.750561743006983,4.33229373893249,0.278015334265563,21,0.018988058421531555
8.751004916004604,4.33229373893249,0.278015334265563,21,0.018988058421531555
8.752346004002902,4.349763748776629,0.2781313810943853,21,0.007830187666069776
8.752936933000456,4.349763748776629,0.2781313810943853,21,0.007830187666069776
8.754260777001036,4.349763748776629,0.2781313810943853,21,0.007830187666069776
8.754811628001335,4.349763748776629,0.2781313810943853,21,0.007830187666069776
8.756003845002851,4.349763748776629,0.2781313810943853,21,0.007830187666069776
8.75726758500241,4.349763748776629,0.2781313810943853,21,0.007830187666069776
8.757724319002591,4.349763748776629,0.2781313810943853,21,0.007830187666069776
8.759100664006837,4.349763748776629,0.2781313810943853,21,0.007830187666069776
8.760344622001867,4.349763748776629,0.2781313810943853,21,0.007830187666069776
8.761453212006018,4.349763748776629,0.2781313810943853,21,0.007830187666069776
8.761899657001777,4.349763748776629,0.2781313810943853,21,0.007830187666069776
8.762847672005591,4.355212294227029,0.2782804138766076,21,0.00972896249963789
8.763996961002704,4.355212294227029,0.2782804138766076,21,0.00972896249963789
8.765930173001834,4.355212294227029,0.2782804138766076,21,0.00972896249963789
8.767261179003981,4.355212294227029,0.2782804138766076,21,0.00972896249963789
8.768367667005805,4.355212294227029,0.2782804138766076,21,0.00972896249963789
8.768801474005159,4.355212294227029,0.2782804138766076,21,0.00972896249963789
8.770055115004652,4.355212294227029,0.2782804138766076,21,0.00972896249963789
8.772223622007004,4.355212294227029,0.2782804138766076,21,0.00972896249963789
8.773412105001626,4.355212294227029,0.2782804138766076,21,0.00972896249963789
8.774542980005208,4.355212294227029,0.2782804138766076,21,0.00972896249963789
8.775152381000225,4.355212294227029,0.2782804138766076,21,0.00972896249963789
8.77615220900043,4.355212294227029,0.2782804138766076,21,0.00972896249963789
8.777085572000942,4.360281772148047,0.27863441942354483,21,0.013512104879816769
8.777429574001872,4.360281772148047,0.27863441942354483,21,0.013512104879816769
8.77831882400642,4.360281772148047,0.27863441942354483,21,0.013512104879816769
8.779246436002722,4.360281772148047,0.27863441942354483,21,0.013512104879816769
8.779739618999884,4.360281772148047,0.27863441942354483,21,0.013512104879816769
8.781111417003558,4.360281772148047,0.27863441942354483,21,0.013512104879816769
8.782413171000371,4.360281772148047,0.27863441942354483,21,0.013512104879816769
8.78336004200537,4.360281772148047,0.27863441942354483,21,0.013512104879816769
8.784228760006954,4.365385447912256,0.2789522335629021,21,0.01796104405798264
8.785028249003517,4.365385447912256,0.2789522335629021,21,0.01796104405798264
8.785317591005878,4.365385447912256,0.2789522335629021,21,0.01796104405798264
8.786346082000819,4.365385447912256,0.2789522335629021,21,0.01796104405798264
8.787170990006416,4.365385447912256,0.2789522335629021,21,0.01796104405798264
8.788190782004676,4.365385447912256,0.2789522335629021,21,0.01796104405798264
8.788660199003061,4.365385447912256,0.2789522335629021,21,0.01796104405798264
8.790172313005314,4.365385447912256,0.2789522335629021,21,0.01796104405798264
8.791651000006823,4.370523218831923,0.2792008018978639,21,0.02269589433786975
8.792610152006091,4.370523218831923,0.2792008018978639,21,0.02269589433786975
8.79294208400097,4.370523218831923,0.2792008018978639,21,0.02269589433786975
8.793776753002021,4.370523218831923,0.2792008018978639,21,0.02269589433786975
8.794611049001105,4.370523218831923,0.2792008018978639,21,0.02269589433786975
8.794906518000062,4.370523218831923,0.2792008018978639,21,0.02269589433786975
8.795565357002488,4.370523218831923,0.2792008018978639,21,0.02269589433786975
8.796610116005468,4.370523218831923,0.2792008018978639,21,0.02269589433786975
8.797680903000582,4.370523218831923,0.2792008018978639,21,0.02269589433786975
8.798861896000744,4.370523218831923,0.2792008018978639,21,0.02269589433786975
8.800070461002178,4.375692477207808,0.27938661448873114,21,0.027586596573861796
8.8012507750027,4.375692477207808,0.27938661448873114,21,0.027586596573861796
8.802415035002923,4.375692477207808,0.27938661448873114,21,0.027586596573861796
8.803558034000162,4.375692477207808,0.27938661448873114,21,0.027586596573861796
8.80478071300604,4.375692477207808,0.27938661448873114,21,0.027586596573861796
8.805867495000712,4.375692477207808,0.27938661448873114,21,0.027586596573861796
8.806906380006694,4.375692477207808,0.27938661448873114,21,0.027586596573861796
8.807993121001346,4.375692477207808,0.27938661448873114,21,0.027586596573861796
8.809037325001555,4.375692477207808,0.27938661448873114,21,0.027586596573861796
8.810161899004015,4.375692477207808,0.27938661448873114,21,0.027586596573861796
8.810631353000645,4.375692477207808,0.27938661448873114,21,0.027586596573861796
8.811699293000856,4.375692477207808,0.27938661448873114,21,0.027586596573861796
8.812107124002068,4.375692477207808,0.27938661448873114,21,0.027586596573861796
8.813154569004837,4.375692477207808,0.27938661448873114,21,0.027586596573861796
8.813604868002585,4.375692477207808,0.27938661448873114,21,0.027586596573861796
8.814723411000159,4.375692477207808,0.27938661448873114,21,0.027586596573861796
8.815942505003477,4.375692477207808,0.27938661448873114,21,0.027586596573861796
8.817666286005988,4.380889551939216,0.2795626962568756,21,0.032588428386725626
8.818854239005304,4.380889551939216,0.2795626962568756,21,0.032588428386725626
8.819157618003373,4.380889551939216,0.2795626962568756,21,0.032588428386725626
8.819917644002999,4.380889551939216,0.2795626962568756,21,0.032588428386725626
8.821086988005845,4.380889551939216,0.2795626962568756,21,0.032588428386725626
8.821531934001541,4.380889551939216,0.2795626962568756,21,0.032588428386725626
8.822632777002582,4.380889551939216,0.2795626962568756,21,0.032588428386725626
8.823852841000189,4.380889551939216,0.2795626962568756,21,0.032588428386725626
8.824987766005506,4.380889551939216,0.2795626962568756,21,0.032588428386725626
8.826050921001297,4.380889551939216,0.2795626962568756,21,0.032588428386725626
8.827091119004763,4.380889551939216,0.2795626962568756,21,0.032588428386725626
8.828125593005097,4.380889551939216,0.2795626962568756,21,0.032588428386725626
8.828533646999858,4.380889551939216,0.2795626962568756,21,0.032588428386725626
8.82958696300193,4.380889551939216,0.2795626962568756,21,0.032588428386725626
8.830693059004261,4.386113630269936,0.2797109470729634,21,0.037663199174683366
8.831814558005135,4.386113630269936,0.2797109470729634,21,0.037663199174683366
8.832944383000722,4.386113630269936,0.2797109470729634,21,0.037663199174683366
8.833926366001833,4.386113630269936,0.2797109470729634,21,0.037663199174683366
8.8342215530065,4.386113630269936,0.2797109470729634,21,0.037663199174683366
8.835167712000839,4.386113630269936,0.2797109470729634,21,0.037663199174683366
8.836149088005186,4.386113630269936,0.2797109470729634,21,0.037663199174683366
8.836873909000133,4.386113630269936,0.2797109470729634,21,0.037663199174683366
8.837952371002757,4.391362521441291,0.2798623008413015,21,0.04279932720858724
8.83839805000025,4.391362521441291,0.2798623008413015,21,0.04279932720858724
8.839470285005518,4.391362521441291,0.2798623008413015,21,0.04279932720858724
8.84053070700611,4.391362521441291,0.2798623008413015,21,0.04279932720858724
8.84163097000419,4.391362521441291,0.2798623008413015,21,0.04279932720858724
8.842780644001323,4.391362521441291,0.2798623008413015,21,0.04279932720858724
8.843210786006239,4.391362521441291,0.2798623008413015,21,0.04279932720858724
8.8443599500024,4.391333871292411,0.27985506981362485,21,0.042769785750600156
8.844713716003753,4.391333871292411,0.27985506981362485,21,0.042769785750600156
8.84587089800334,4.391333871292411,0.27985506981362485,21,0.042769785750600156
8.846865870000329,4.391333871292411,0.27985506981362485,21,0.042769785750600156
8.847729518005508,4.389376134567099,0.27936095551237455,21,0.0407511681090327
8.848000433004927,4.389376134567099,0.27936095551237455,21,0.0407511681090327
8.848622053003055,4.389376134567099,0.27936095551237455,21,0.0407511681090327
8.84953164000035,4.389376134567099,0.27936095551237455,21,0.0407511681090327
8.850750204001088,4.389376134567099,0.27936095551237455,21,0.0407511681090327
8.85168502900342,4.389376134567099,0.27936095551237455,21,0.0407511681090327
8.852745635005704,4.391788574359811,0.2787670101266578,21,0.042985686900325205
8.853833863002365,4.391788574359811,0.2787670101266578,21,0.042985686900325205
8.855013107000559,4.391788574359811,0.2787670101266578,21,0.042985686900325205
8.856059817000641,4.391788574359811,0.2787670101266578,21,0.042985686900325205
8.857129930001975,4.391788574359811,0.2787670101266578,21,0.042985686900325205
8.858136506001756,4.393939292618423,0.27810592108185206,21,0.044976876477120176
8.85916610500135,4.393939292618423,0.27810592108185206,21,0.044976876477120176
8.860146021004766,4.393939292618423,0.27810592108185206,21,0.044976876477120176
8.861181745000067,4.393939292618423,0.27810592108185206,21,0.044976876477120176
8.861598640003649,4.393939292618423,0.27810592108185206,21,0.044976876477120176
8.862670157002867,4.393939292618423,0.27810592108185206,21,0.044976876477120176
8.863089242004207,4.393939292618423,0.27810592108185206,21,0.044976876477120176
8.86406378600077,4.393939292618423,0.27810592108185206,21,0.044976876477120176
8.86448294800357,4.393939292618423,0.27810592108185206,21,0.044976876477120176
8.865499067003839,4.393939292618423,0.27810592108185206,21,0.044976876477120176
8.866559011003119,4.393939292618423,0.27810592108185206,21,0.044976876477120176
8.867607400999987,4.393939292618423,0.27810592108185206,21,0.044976876477120176
8.868678482001997,4.393939292618423,0.27810592108185206,21,0.044976876477120176
8.869772272002592,4.393939292618423,0.27810592108185206,21,0.044976876477120176
8.870483161001175,4.393939292618423,0.27810592108185206,21,0.044976876477120176
8.871593379000842,4.393939292618423,0.27810592108185206,21,0.044976876477120176
8.872674206002557,4.393939292618423,0.27810592108185206,21,0.044976876477120176
8.873743815005582,4.393939292618423,0.27810592108185206,21,0.044976876477120176
8.87487469100597,4.399248714812681,0.2782156234916426,21,0.05023138521285657
8.87530150800012,4.399248714812681,0.2782156234916426,21,0.05023138521285657
8.876371502999973,4.399248714812681,0.2782156234916426,21,0.05023138521285657
8.877455565001583,4.399248714812681,0.2782156234916426,21,0.05023138521285657
8.878495204000501,4.399248714812681,0.2782156234916426,21,0.05023138521285657
8.879675711003074,4.399248714812681,0.2782156234916426,21,0.05023138521285657
8.8807175020047,4.399248714812681,0.2782156234916426,21,0.05023138521285657
8.881727152001986,4.399248714812681,0.2782156234916426,21,0.05023138521285657
8.882754379003018,4.399248714812681,0.2782156234916426,21,0.05023138521285657
8.883825857003103,4.399248714812681,0.2782156234916426,21,0.05023138521285657
8.8842548810062,4.399248714812681,0.2782156234916426,21,0.05023138521285657
8.885303050003131,4.399248714812681,0.2782156234916426,21,0.05023138521285657
8.886359268006345,4.404562323312578,0.2783297195617114,21,0.05550134241317402
8.887536556001578,4.404562323312578,0.2783297195617114,21,0.05550134241317402
8.888736527005676,4.404562323312578,0.2783297195617114,21,0.05550134241317402
8.88928201100498,4.404562323312578,0.2783297195617114,21,0.05550134241317402
8.890379528005724,4.404562323312578,0.2783297195617114,21,0.05550134241317402
8.891499705001479,4.404562323312578,0.2783297195617114,21,0.05550134241317402
8.89254226200137,4.404562323312578,0.2783297195617114,21,0.05550134241317402
8.893560213000455,4.404562323312578,0.2783297195617114,21,0.05550134241317402
8.894020384002943,4.404562323312578,0.2783297195617114,21,0.05550134241317402
8.89514213900111,4.404562323312578,0.2783297195617114,21,0.05550134241317402
8.896359573001973,4.404562323312578,0.2783297195617114,21,0.05550134241317402
8.896833975006302,4.404562323312578,0.2783297195617114,21,0.05550134241317402
8.898320996006078,4.404562323312578,0.2783297195617114,21,0.05550134241317402
8.899562025006162,4.404562323312578,0.2783297195617114,21,0.05550134241317402
8.900098362006247,4.404562323312578,0.2783297195617114,21,0.05550134241317402
8.901295607000066,4.404562323312578,0.2783297195617114,21,0.05550134241317402
8.902412296003604,4.409880454878583,0.2784204006020052,21,0.06078046575683823
8.903475803002948,4.409880454878583,0.2784204006020052,21,0.06078046575683823
8.904625416005729,4.409880454878583,0.2784204006020052,21,0.06078046575683823
8.90507876600168,4.409880454878583,0.2784204006020052,21,0.06078046575683823
8.906295837005018,4.409880454878583,0.2784204006020052,21,0.06078046575683823
8.907470070000272,4.409880454878583,0.2784204006020052,21,0.06078046575683823
8.907914398005232,4.409880454878583,0.2784204006020052,21,0.06078046575683823
8.908960603002924,4.409880454878583,0.2784204006020052,21,0.06078046575683823
8.910013448999962,4.409880454878583,0.2784204006020052,21,0.06078046575683823
8.911229707002349,4.409880454878583,0.2784204006020052,21,0.06078046575683823
8.912497413002711,4.409880454878583,0.2784204006020052,21,0.06078046575683823
8.913790206002886,4.415201964835372,0.2785367721040162,21,0.06607252007316432
8.915010239004914,4.415201964835372,0.2785367721040162,21,0.06607252007316432
8.915488210004696,4.415201964835372,0.2785367721040162,21,0.06607252007316432
8.916480396001134,4.415201964835372,0.2785367721040162,21,0.06607252007316432
8.91747550900618,4.415201964835372,0.2785367721040162,21,0.06607252007316432
8.91847068000061,4.415201964835372,0.2785367721040162,21,0.06607252007316432
8.91954683700169,4.415201964835372,0.2785367721040162,21,0.06607252007316432
8.920008789005806,4.415201964835372,0.2785367721040162,21,0.06607252007316432
8.921141564002028,4.415201964835372,0.2785367721040162,21,0.06607252007316432
8.922238686005585,4.415201964835372,0.2785367721040162,21,0.06607252007316432
8.923352027006331,4.415201964835372,0.2785367721040162,21,0.06607252007316432
8.924432272004196,4.420526192778228,0.2786913248669591,21,0.07137632162451955
8.92548819300282,4.420526192778228,0.2786913248669591,21,0.07137632162451955
8.92653139000322,4.420526192778228,0.2786913248669591,21,0.07137632162451955
8.92696604700177,4.420526192778228,0.2786913248669591,21,0.07137632162451955
8.927950242003135,4.420526192778228,0.2786913248669591,21,0.07137632162451955
8.928940823003359,4.420526192778228,0.2786913248669591,21,0.07137632162451955
8.929962728005194,4.425854200291785,0.27883711079103435,21,0.07668604557438506
8.930986086001212,4.425854200291785,0.27883711079103435,21,0.07668604557438506
8.931387700002233,4.425854200291785,0.27883711079103435,21,0.07668604557438506
8.932375682001293,4.425854200291785,0.27883711079103435,21,0.07668604557438506
8.933437584004423,4.425854200291785,0.27883711079103435,21,0.07668604557438506
8.934509595004783,4.425854200291785,0.27883711079103435,21,0.07668604557438506
8.935506248002639,4.425854200291785,0.27883711079103435,21,0.07668604557438506
8.93645677400491,4.425854200291785,0.27883711079103435,21,0.07668604557438506
8.937435499006824,4.425854200291785,0.27883711079103435,21,0.07668604557438506
8.938522579002893,4.425854200291785,0.27883711079103435,21,0.07668604557438506
8.93953169100132,4.43118522453129,0.27899461444804646,21,0.0820026417646541
8.93997980000131,4.43118522453129,0.27899461444804646,21,0.0820026417646541
8.941035012001521,4.43118522453129,0.27899461444804646,21,0.0820026417646541
8.94145894000394,4.43118522453129,0.27899461444804646,21,0.0820026417646541
8.942731139002717,4.43118522453129,0.27899461444804646,21,0.0820026417646541
8.943233503006923,4.43118522453129,0.27899461444804646,21,0.0820026417646541
8.9445307910064,4.43118522453129,0.27899461444804646,21,0.0820026417646541
8.94492599300429,4.43118522453129,0.27899461444804646,21,0.0820026417646541
8.946413763005694,4.43118522453129,0.27899461444804646,21,0.0820026417646541
8.947630661001313,4.434474751092997,0.2791955855176521,21,0.08529506796476208
8.948104091003188,4.434474751092997,0.2791955855176521,21,0.08529506796476208
8.94929142500041,4.434474751092997,0.2791955855176521,21,0.08529506796476208
8.950735996004369,4.434474751092997,0.2791955855176521,21,0.08529506796476208
8.952002406003885,4.434474751092997,0.2791955855176521,21,0.08529506796476208
8.953105414002493,4.433098690684969,0.279237517171192,21,0.08393108442095926
8.953510917002859,4.433098690684969,0.279237517171192,21,0.08393108442095926
8.954659359005746,4.433098690684969,0.279237517171192,21,0.08393108442095926
8.955758059004438,4.435064954851149,0.2794944061996445,21,0.08591353511620946
8.956792527002108,4.435064954851149,0.2794944061996445,21,0.08591353511620946
8.957182426005602,4.435064954851149,0.2794944061996445,21,0.08591353511620946
8.958174617000623,4.435064954851149,0.2794944061996445,21,0.08591353511620946
8.95904258700466,4.435064954851149,0.2794944061996445,21,0.08591353511620946
8.960059725002793,4.435064954851149,0.2794944061996445,21,0.08591353511620946
8.961087066003529,4.435064954851149,0.2794944061996445,21,0.08591353511620946
8.962098852003692,4.433065851523242,0.2795574314487469,21,0.08393310649517345
8.963166962006653,4.433065851523242,0.2795574314487469,21,0.08393310649517345
8.964216304004367,4.433065851523242,0.2795574314487469,21,0.08393310649517345
8.964637896002387,4.433065851523242,0.2795574314487469,21,0.08393310649517345
8.965842360004899,4.433065851523242,0.2795574314487469,21,0.08393310649517345
8.966282319001039,4.433065851523242,0.2795574314487469,21,0.08393310649517345
8.967379981004342,4.441569585600654,0.27990671461814043,21,0.09242538395724033
8.968401044003258,4.441569585600654,0.27990671461814043,21,0.09242538395724033
8.968831734004198,4.441569585600654,0.27990671461814043,21,0.09242538395724033
8.969909602004918,4.441569585600654,0.27990671461814043,21,0.09242538395724033
8.97112443500373,4.441569585600654,0.27990671461814043,21,0.09242538395724033
8.972194229005254,4.446834071756927,0.28002971657642195,21,0.09767507330249733
8.973217447004572,4.446834071756927,0.28002971657642195,21,0.09767507330249733
8.97369267000613,4.446834071756927,0.28002971657642195,21,0.09767507330249733
8.974878764005553,4.446834071756927,0.28002971657642195,21,0.09767507330249733
8.97594318400661,4.446834071756927,0.28002971657642195,21,0.09767507330249733
8.97632876100397,4.446834071756927,0.28002971657642195,21,0.09767507330249733
8.97745158700127,4.446834071756927,0.28002971657642195,21,0.09767507330249733
8.978514058006112,4.446834071756927,0.28002971657642195,21,0.09767507330249733
8.979516819003038,4.446834071756927,0.28002971657642195,21,0.09767507330249733
8.979917533004482,4.446834071756927,0.28002971657642195,21,0.09767507330249733
8.980892714003858,4.446834071756927,0.28002971657642195,21,0.09767507330249733
8.982029686005262,4.446834071756927,0.28002971657642195,21,0.09767507330249733
8.98308859300596,4.446834071756927,0.28002971657642195,21,0.09767507330249733
8.984182129002875,4.446834071756927,0.28002971657642195,21,0.09767507330249733
8.98461929300538,4.446834071756927,0.28002971657642195,21,0.09767507330249733
8.985957504002727,4.452076951839598,0.28018091805421896,22,0.09672475849408294
8.987038941006176,4.452076951839598,0.28018091805421896,22,0.09672475849408294
8.987429728003917,4.452076951839598,0.28018091805421896,22,0.09672475849408294
8.988424978000694,4.452076951839598,0.28018091805421896,22,0.09672475849408294
8.989433049006038,4.452076951839598,0.28018091805421896,22,0.09672475849408294
8.990550911003083,4.452076951839598,0.28018091805421896,22,0.09672475849408294
8.991602503003378,4.452076951839598,0.28018091805421896,22,0.09672475849408294
8.992623107005784,4.457300783735057,0.28039332111627036,22,0.09150113925842575
8.993049251002958,4.457300783735057,0.28039332111627036,22,0.09150113925842575
8.994254066004942,4.457300783735057,0.28039332111627036,22,0.09150113925842575
8.995355142003973,4.457300783735057,0.28039332111627036,22,0.09150113925842575
8.996684204001212,4.457300783735057,0.28039332111627036,22,0.09150113925842575
8.997380117005378,4.457300783735057,0.28039332111627036,22,0.09150113925842575
8.998807576004765,4.457300783735057,0.28039332111627036,22,0.09150113925842575
9.000247554002271,4.462508452406078,0.28065966224206673,22,0.08628955514956385
9.000876949001395,4.462508452406078,0.28065966224206673,22,0.08628955514956385
9.00212241000554,4.462508452406078,0.28065966224206673,22,0.08628955514956385
9.003067349003686,4.462508452406078,0.28065966224206673,22,0.08628955514956385
9.003910915002052,4.462508452406078,0.28065966224206673,22,0.08628955514956385
9.004878852007096,4.462508452406078,0.2806596622420668,22,0.08628955514956385
9.005172341006983,4.462508452406078,0.2806596622420668,22,0.08628955514956385
9.005995546001941,4.462508452406078,0.2806596622420668,22,0.08628955514956385
9.007120205002138,4.462508452406078,0.2806596622420668,22,0.08628955514956385
9.008468632004224,4.467705066232428,0.2809257044557752,22,0.08108938141326266
9.009691127001133,4.467705066232428,0.2809257044557752,22,0.08108938141326266
9.010537763002503,4.467705066232428,0.2809257044557752,22,0.08108938141326266
9.01159941500373,4.467705066232428,0.2809257044557752,22,0.08108938141326266
9.011906305000593,4.467705066232428,0.2809257044557752,22,0.08108938141326266
9.012779420001607,4.467705066232428,0.28092570445577514,22,0.08108938141326266
9.01306786400528,4.467705066232428,0.28092570445577514,22,0.08108938141326266
9.01381781600503,4.467705066232428,0.28092570445577514,22,0.08108938141326266
9.014872177001962,4.467705066232428,0.28092570445577514,22,0.08108938141326266
9.015977587005182,4.467705066232428,0.28092570445577514,22,0.08108938141326266
9.017122065000876,4.467705066232428,0.28092570445577514,22,0.08108938141326266
9.018236471005366,4.467705066232428,0.28092570445577514,22,0.08108938141326266
9.019368998000573,4.467705066232428,0.28092570445577514,22,0.08108938141326266
9.019806539006822,4.467705066232428,0.28092570445577514,22,0.08108938141326266
9.020872892004263,4.47289172767642,0.281209947873147,22,0.07589792957697207
9.021299718006048,4.47289172767642,0.281209947873147,22,0.07589792957697207
9.02242760900117,4.47289172767642,0.281209947873147,22,0.07589792957697207
9.023585767004988,4.47289172767642,0.281209947873147,22,0.07589792957697207
9.024672692001332,4.47289172767642,0.281209947873147,22,0.07589792957697207
9.025110302005487,4.47289172767642,0.281209947873147,22,0.07589792957697207
9.026311358000385,4.47289172767642,0.281209947873147,22,0.07589792957697207
9.027658396000334,4.47289172767642,0.281209947873147,22,0.07589792957697207
9.028813136006647,4.478071842688029,0.2814806243652699,22,0.07071468893649968
9.029232165004942,4.478071842688029,0.2814806243652699,22,0.07071468893649968
9.030289086003904,4.478071842688029,0.2814806243652699,22,0.07071468893649968
9.031545944002573,4.478071842688029,0.2814806243652699,22,0.07071468893649968
9.032826155002113,4.478071842688029,0.2814806243652699,22,0.07071468893649968
9.033314637999865,4.478071842688029,0.2814806243652699,22,0.07071468893649968
9.034624122999958,4.478071842688029,0.2814806243652699,22,0.07071468893649968
9.035872614003893,4.478071842688029,0.2814806243652699,22,0.07071468893649968
9.037010675005149,4.478071842688029,0.2814806243652699,22,0.07071468893649968
9.037459674000274,4.478071842688029,0.2814806243652699,22,0.07071468893649968
9.038565994000237,4.478071842688029,0.2814806243652699,22,0.07071468893649968
9.03984860300261,4.483245354747342,0.2817645805005894,22,0.0655373760369949
9.04028390700114,4.483245354747342,0.2817645805005894,22,0.0655373760369949
9.041772478005441,4.483245354747342,0.2817645805005894,22,0.0655373760369949
9.043127800003276,4.483245354747342,0.2817645805005894,22,0.0655373760369949
9.044362307002302,4.483245354747342,0.2817645805005894,22,0.0655373760369949
9.0455282000039,4.483904757384811,0.2810487515620747,22,0.06495392729360916
9.04618674100493,4.483904757384811,0.2810487515620747,22,0.06495392729360916
9.047473783000896,4.483904757384811,0.2810487515620747,22,0.06495392729360916
9.04863749100332,4.490859644878247,0.27917187060807713,22,0.05829917385166861
9.049071629000537,4.490859644878247,0.27917187060807713,22,0.05829917385166861
9.050152556003013,4.490859644878247,0.27917187060807713,22,0.05829917385166861
9.051439669005049,4.490859644878247,0.27917187060807713,22,0.05829917385166861
9.052594669003156,4.490859644878247,0.27917187060807713,22,0.05829917385166861
9.053775553002197,4.490859644878247,0.27917187060807713,22,0.05829917385166861
9.054262505000224,4.490859644878247,0.27917187060807713,22,0.05829917385166861
9.055451122003433,4.490859644878247,0.27917187060807713,22,0.05829917385166861
9.056774454002152,4.490859644878247,0.27917187060807713,22,0.05829917385166861
9.058078926005692,4.490859644878247,0.27917187060807713,22,0.05829917385166861
9.05937015600648,4.490859644878247,0.27917187060807713,22,0.05829917385166861
9.059854389000975,4.490859644878247,0.27917187060807713,22,0.05829917385166861
9.061007096002868,4.490859644878247,0.27917187060807713,22,0.05829917385166861
9.062343024001166,4.495936950051744,0.27940696627694006,22,0.053247716082930545
9.063366398004291,4.495936950051744,0.27940696627694006,22,0.053247716082930545
9.064682958000049,4.495936950051744,0.27940696627694006,22,0.053247716082930545
9.065160060003109,4.495936950051744,0.27940696627694006,22,0.053247716082930545
9.066539211002237,4.495936950051744,0.27940696627694006,22,0.053247716082930545
9.067829663006705,4.495936950051744,0.27940696627694006,22,0.053247716082930545
9.068169428006513,4.495936950051744,0.27940696627694006,22,0.053247716082930545
9.0689155450018,4.495936950051744,0.27940696627694006,22,0.053247716082930545
9.069589166007063,4.495936950051744,0.27940696627694006,22,0.053247716082930545
9.070531107005081,4.495936950051744,0.27940696627694006,22,0.053247716082930545
9.071994877005636,4.500964986204225,0.2796238779700482,22,0.04825451699068421
9.073194354001316,4.500964986204225,0.2796238779700482,22,0.04825451699068421
9.073707294002816,4.500964986204225,0.2796238779700482,22,0.04825451699068421
9.074885716006975,4.500964986204225,0.2796238779700482,22,0.04825451699068421
9.076102933002403,4.500964986204225,0.2796238779700482,22,0.04825451699068421
9.076563400005398,4.500964986204225,0.2796238779700482,22,0.04825451699068421
9.077719963002892,4.500964986204225,0.2796238779700482,22,0.04825451699068421
9.078824527001416,4.500964986204225,0.2796238779700482,22,0.04825451699068421
9.079864564002492,4.500964986204225,0.2796238779700482,22,0.04825451699068421
9.080950387004123,4.500964986204225,0.2796238779700482,22,0.04825451699068421
9.08205185400584,4.500964986204225,0.2796238779700482,22,0.04825451699068421
9.083115356006601,4.500964986204225,0.2796238779700482,22,0.04825451699068421
9.084212847003073,4.500964986204225,0.2796238779700482,22,0.04825451699068421
9.08466637100355,4.500964986204225,0.2796238779700482,22,0.04825451699068421
9.085720321003464,4.500964986204225,0.2796238779700482,22,0.04825451699068421
9.086774947005324,4.500964986204225,0.2796238779700482,22,0.04825451699068421
9.087825425005576,4.505950618456381,0.27987973586706216,22,0.04330477765187593
9.08823286700499,4.505950618456381,0.27987973586706216,22,0.04330477765187593
9.089257474006445,4.505950618456381,0.27987973586706216,22,0.04330477765187593
9.090296235001006,4.505950618456381,0.27987973586706216,22,0.04330477765187593
9.09132143300667,4.505950618456381,0.27987973586706216,22,0.04330477765187593
9.092345154000213,4.505950618456381,0.27987973586706216,22,0.04330477765187593
9.093376916003763,4.505950618456381,0.27987973586706216,22,0.04330477765187593
9.094443342000886,4.505950618456381,0.27987973586706216,22,0.04330477765187593
9.09548277900467,4.505950618456381,0.27987973586706216,22,0.04330477765187593
9.095912812001188,4.505950618456381,0.27987973586706216,22,0.04330477765187593
9.097010979006882,4.505950618456381,0.27987973586706216,22,0.04330477765187593
9.098071489002905,4.505950618456381,0.27987973586706216,22,0.04330477765187593
9.098888363005244,4.510903103085388,0.28014159589056997,22,0.038397250153406004
9.099567203003971,4.510903103085388,0.28014159589056997,22,0.038397250153406004
9.099970950002898,4.510903103085388,0.28014159589056997,22,0.038397250153406004
9.10107778400561,4.510903103085388,0.28014159589056997,22,0.038397250153406004
9.102158922003582,4.510903103085388,0.28014159589056997,22,0.038397250153406004
9.10320796000451,4.510903103085388,0.28014159589056997,22,0.038397250153406004
9.104244165006094,4.510903103085388,0.28014159589056997,22,0.038397250153406004
9.104674761001661,4.510903103085388,0.28014159589056997,22,0.038397250153406004
9.10580761500023,4.510903103085388,0.28014159589056997,22,0.038397250153406004
9.106903010004316,4.510903103085388,0.28014159589056997,22,0.038397250153406004
9.107977987005142,4.510903103085388,0.28014159589056997,22,0.038397250153406004
9.109075571002904,4.510903103085388,0.28014159589056997,22,0.038397250153406004
9.109490569004265,4.510903103085388,0.28014159589056997,22,0.038397250153406004
9.110518822002632,4.510903103085388,0.28014159589056997,22,0.038397250153406004
9.11163651800598,4.510903103085388,0.28014159589056997,22,0.038397250153406004
9.112553522005328,4.51582901381839,0.28040284026970863,22,0.03353102162135005
9.113616828006343,4.51582901381839,0.28040284026970863,22,0.03353102162135005
9.114051836004364,4.51582901381839,0.28040284026970863,22,0.03353102162135005
9.115191317003337,4.51582901381839,0.28040284026970863,22,0.03353102162135005
9.116391833005764,4.51582901381839,0.28040284026970863,22,0.03353102162135005
9.116860237001674,4.51582901381839,0.28040284026970863,22,0.03353102162135005
9.118072676006705,4.51582901381839,0.28040284026970863,22,0.03353102162135005
9.119131053004821,4.51582901381839,0.28040284026970863,22,0.03353102162135005
9.120155513002828,4.520733355975763,0.2806645050129577,22,0.028708293415459284
9.121191433005151,4.520733355975763,0.2806645050129577,22,0.028708293415459284
9.121660500000871,4.520733355975763,0.2806645050129577,22,0.028708293415459284
9.122599159003585,4.520733355975763,0.2806645050129577,22,0.028708293415459284
9.123790808000194,4.520733355975763,0.2806645050129577,22,0.028708293415459284
9.124652574006177,4.520733355975763,0.2806645050129577,22,0.028708293415459284
9.125596880003286,4.520733355975763,0.2806645050129577,22,0.028708293415459284
9.126051344006555,4.520733355975763,0.2806645050129577,22,0.028708293415459284
9.12706769000215,4.520733355975763,0.2806645050129577,22,0.028708293415459284
9.127933919000498,4.520733355975763,0.2806645050129577,22,0.028708293415459284
9.128231919006794,4.520733355975763,0.2806645050129577,22,0.028708293415459284
9.12891778100311,4.520733355975763,0.2806645050129577,22,0.028708293415459284
9.1296677690043,4.520733355975763,0.2806645050129577,22,0.028708293415459284
9.130710416000511,4.520733355975763,0.2806645050129577,22,0.028708293415459284
9.13182024100388,4.520733355975763,0.2806645050129577,22,0.028708293415459284
9.132925742000225,4.5256202580261,0.28092601555945684,22,0.02393834273913234
9.134003954000946,4.5256202580261,0.28092601555945684,22,0.02393834273913234
9.134442238006159,4.5256202580261,0.28092601555945684,22,0.02393834273913234
9.13570072100265,4.5256202580261,0.28092601555945684,22,0.02393834273913234
9.136904497005162,4.5256202580261,0.28092601555945684,22,0.02393834273913234
9.137357604005956,4.5256202580261,0.28092601555945684,22,0.02393834273913234
9.138485842006048,4.5256202580261,0.28092601555945684,22,0.02393834273913234
9.139584719006962,4.5256202580261,0.28092601555945684,22,0.02393834273913234
9.14001548300439,4.5256202580261,0.28092601555945684,22,0.02393834273913234
9.141091853001853,4.5256202580261,0.28092601555945684,22,0.02393834273913234
9.14215103800234,4.5256202580261,0.28092601555945684,22,0.02393834273913234
9.143234893002955,4.5256202580261,0.28092601555945684,22,0.02393834273913234
9.144266274000984,4.5256202580261,0.28092601555945684,22,0.02393834273913234
9.144667548003781,4.5256202580261,0.28092601555945684,22,0.02393834273913234
9.145706367002276,4.5256202580261,0.28092601555945684,22,0.02393834273913234
9.146726411003328,4.5256202580261,0.28092601555945684,22,0.02393834273913234
9.147834287003207,4.536596514777571,0.2815466747881282,22,0.013534957820715952
9.148278991000552,4.536596514777571,0.2815466747881282,22,0.013534957820715952
9.149349215003895,4.536596514777571,0.2815466747881282,22,0.013534957820715952
9.15058274900366,4.536596514777571,0.2815466747881282,22,0.013534957820715952
9.151779279003676,4.536596514777571,0.2815466747881282,22,0.013534957820715952
9.152887077005289,4.536596514777571,0.2815466747881282,22,0.013534957820715952
9.15395428800548,4.539967992401091,0.28180699800203746,22,0.010540672844353288
9.155073739006184,4.539967992401091,0.28180699800203746,22,0.010540672844353288
9.156163967003522,4.539967992401091,0.28180699800203746,22,0.010540672844353288
9.157107598002767,4.539967992401091,0.28180699800203746,22,0.010540672844353288
9.158477352000773,4.539967992401091,0.28180699800203746,22,0.010540672844353288
9.159011249001196,4.539967992401091,0.28180699800203746,22,0.010540672844353288
9.16025187800551,4.5500840041702935,0.2824705835043635,22,0.005774714608588285
9.161350735004817,4.5500840041702935,0.2824705835043635,22,0.005774714608588285
9.162393939004687,4.5500840041702935,0.2824705835043635,22,0.005774714608588285
9.162814738003362,4.5500840041702935,0.2824705835043635,22,0.005774714608588285
9.163838041000417,4.5500840041702935,0.2824705835043635,22,0.005774714608588285
9.164886358004878,4.5500840041702935,0.2824705835043635,22,0.005774714608588285
9.165945138003735,4.553284280640163,0.28271563916443004,22,0.007153546773682436
9.166360974006238,4.553284280640163,0.28271563916443004,22,0.007153546773682436
9.167400604004797,4.553284280640163,0.28271563916443004,22,0.007153546773682436
9.168441676003567,4.553284280640163,0.28271563916443004,22,0.007153546773682436
9.169483569006843,4.566431475500281,0.28360099429895863,22,0.018483665571502543
9.169954764001886,4.566431475500281,0.28360099429895863,22,0.018483665571502543
9.171001054004591,4.566431475500281,0.28360099429895863,22,0.018483665571502543
9.172106148005696,4.566431475500281,0.28360099429895863,22,0.018483665571502543
9.173089759002323,4.570121338616959,0.2838811750850305,22,0.022029846914079013
9.17393643700052,4.570121338616959,0.2838811750850305,22,0.022029846914079013
9.174250665004365,4.570121338616959,0.2838811750850305,22,0.022029846914079013
9.17518852300418,4.570121338616959,0.2838811750850305,22,0.022029846914079013
9.176004565000767,4.570121338616959,0.2838811750850305,22,0.022029846914079013
9.176837523002177,4.570121338616959,0.2838811750850305,22,0.022029846914079013
9.177155250006763,4.570121338616959,0.2838811750850305,22,0.022029846914079013
9.177986649003287,4.570121338616959,0.2838811750850305,22,0.022029846914079013
9.178762681003718,4.570121338616959,0.2838811750850305,22,0.022029846914079013
9.17961271200329,4.570121338616959,0.2838811750850305,22,0.022029846914079013
9.179918619003729,4.570121338616959,0.2838811750850305,22,0.022029846914079013
9.180592847005755,4.581129474031265,0.28447548551720514,22,0.032837635342208765
9.18130120600108,4.581129474031265,0.28447548551720514,22,0.032837635342208765
9.182105179002974,4.581129474031265,0.28447548551720514,22,0.032837635342208765
9.18320744200173,4.581129474031265,0.28447548551720514,22,0.032837635342208765
9.184107800007041,4.581129474031265,0.28447548551720514,22,0.032837635342208765
9.184870827004488,4.581129474031265,0.28447548551720514,22,0.032837635342208765
9.185143885006255,4.581129474031265,0.28447548551720514,22,0.032837635342208765
9.185970457001531,4.581129474031265,0.28447548551720514,22,0.032837635342208765
9.186957419005921,4.581129474031265,0.28447548551720514,22,0.032837635342208765
9.188036403000297,4.581129474031265,0.28447548551720514,22,0.032837635342208765
9.188501438002277,4.581129474031265,0.28447548551720514,22,0.032837635342208765
9.189620232005836,4.581129474031265,0.28447548551720514,22,0.032837635342208765
9.190766362000431,4.581129474031265,0.28447548551720514,22,0.032837635342208765
9.191897126002004,4.581129474031265,0.28447548551720514,22,0.032837635342208765
9.1929733230063,4.586100129188763,0.28473290167043136,22,0.03775979830018046
9.193385796002985,4.586100129188763,0.28473290167043136,22,0.03775979830018046
9.194446994006285,4.586100129188763,0.28473290167043136,22,0.03775979830018046
9.1954947750055,4.586100129188763,0.28473290167043136,22,0.03775979830018046
9.195922188002442,4.586100129188763,0.28473290167043136,22,0.03775979830018046
9.196975103004661,4.586100129188763,0.28473290167043136,22,0.03775979830018046
9.198046595003689,4.586100129188763,0.28473290167043136,22,0.03775979830018046
9.199116603005677,4.586100129188763,0.28473290167043136,22,0.03775979830018046
9.199552072001097,4.586100129188763,0.28473290167043136,22,0.03775979830018046
9.200738172003184,4.586100129188763,0.28473290167043136,22,0.03775979830018046
9.201813198000309,4.586100129188763,0.28473290167043136,22,0.03775979830018046
9.202817105004215,4.586100129188763,0.28473290167043136,22,0.03775979830018046
9.203826215001754,4.586100129188763,0.28473290167043136,22,0.03775979830018046
9.204878451004333,4.586100129188763,0.28473290167043136,22,0.03775979830018046
9.205299823006499,4.586100129188763,0.28473290167043136,22,0.03775979830018046
9.206381446005253,4.586100129188763,0.28473290167043136,22,0.03775979830018046
9.207472226000391,4.586100129188763,0.28473290167043136,22,0.03775979830018046
9.207907454001543,4.586100129188763,0.28473290167043136,22,0.03775979830018046
9.2089864350055,4.591102439237748,0.28498467596324195,22,0.04272672684875177
9.210072811001737,4.591102439237748,0.28498467596324195,22,0.04272672684875177
9.211203888000455,4.591102439237748,0.28498467596324195,22,0.04272672684875177
9.212312610005029,4.591102439237748,0.28498467596324195,22,0.04272672684875177
9.213315924003837,4.596132383369698,0.2852782804964808,22,0.04772754601027849
9.213826574006816,4.596132383369698,0.2852782804964808,22,0.04772754601027849
9.215031803003512,4.596132383369698,0.2852782804964808,22,0.04772754601027849
9.21611855100491,4.596132383369698,0.2852782804964808,22,0.04772754601027849
9.21656497100048,4.596132383369698,0.2852782804964808,22,0.04772754601027849
9.2177704190035,4.596132383369698,0.2852782804964808,22,0.04772754601027849
9.218847752999864,4.596132383369698,0.2852782804964808,22,0.04772754601027849
9.219988926000951,4.596132383369698,0.2852782804964808,22,0.04772754601027849
9.221318048003013,4.596132383369698,0.2852782804964808,22,0.04772754601027849
9.222434807001264,4.596132383369698,0.2852782804964808,22,0.04772754601027849
9.223452465004812,4.596132383369698,0.2852782804964808,22,0.04772754601027849
9.224432105002052,4.596132383369698,0.2852782804964808,22,0.04772754601027849
9.225489254000422,4.596132383369698,0.2852782804964808,22,0.04772754601027849
9.22648774600384,4.596132383369698,0.2852782804964808,22,0.04772754601027849
9.227506073002587,4.6011908777463235,0.2855710491217198,22,0.05276409840536217
9.228505054001289,4.6011908777463235,0.2855710491217198,22,0.05276409840536217
9.24311284700525,4.6011908777463235,0.2855710491217198,22,0.05276409840536217
9.243701854000392,4.6011908777463235,0.2855710491217198,22,0.05276409840536217
9.244923050006037,4.6011908777463235,0.2855710491217198,22,0.05276409840536217
9.24534560200118,4.6011908777463235,0.2855710491217198,22,0.05276409840536217
9.246414881003147,4.617287519194033,0.2874108792278869,22,0.06880660745136785
9.246833586999855,4.617287519194033,0.2874108792278869,22,0.06880660745136785
9.247884951000742,4.617287519194033,0.2874108792278869,22,0.06880660745136785
9.248313073003374,4.617287519194033,0.2874108792278869,22,0.06880660745136785
9.249389837001218,4.617287519194033,0.2874108792278869,22,0.06880660745136785
9.249832307999895,4.617287519194033,0.2874108792278869,22,0.06880660745136785
9.250895383003808,4.617287519194033,0.2874108792278869,22,0.06880660745136785
9.251321645002463,4.617287519194033,0.2874108792278869,22,0.06880660745136785
9.252427399005683,4.617287519194033,0.2874108792278869,22,0.06880660745136785
9.252878741004679,4.617287519194033,0.2874108792278869,22,0.06880660745136785
9.253993944003014,4.617287519194033,0.2874108792278869,22,0.06880660745136785
9.254438290001417,4.617287519194033,0.2874108792278869,22,0.06880660745136785
9.255549760004214,4.617475782455089,0.28764117816621537,22,0.0689932175277305
9.255998373002512,4.617475782455089,0.28764117816621537,22,0.0689932175277305
9.25707212999987,4.617475782455089,0.28764117816621537,22,0.0689932175277305
9.258161599005689,4.617475782455089,0.28764117816621537,22,0.0689932175277305
9.25927234300616,4.617475782455089,0.28764117816621537,22,0.0689932175277305
9.259732051003084,4.617475782455089,0.28764117816621537,22,0.0689932175277305
9.26080583800649,4.617475782455089,0.28764117816621537,22,0.0689932175277305
9.261946596001508,4.617475782455089,0.28764117816621537,22,0.0689932175277305
9.263028962006501,4.617475782455089,0.28764117816621537,22,0.0689932175277305
9.26410868899984,4.622627505887529,0.28797173909326507,22,0.07414392101389176
9.26515578100225,4.622627505887529,0.28797173909326507,22,0.07414392101389176
9.266235054004937,4.622627505887529,0.28797173909326507,22,0.07414392101389176
9.267364127001201,4.622627505887529,0.28797173909326507,22,0.07414392101389176
9.267821258006734,4.622627505887529,0.28797173909326507,22,0.07414392101389176
9.268902931005869,4.622627505887529,0.287971739093265,22,0.07414392101389176
9.270027076003316,4.622627505887529,0.287971739093265,22,0.07414392101389176
9.271167486003833,4.622627505887529,0.287971739093265,22,0.07414392101389176
9.271623941000144,4.622627505887529,0.287971739093265,22,0.07414392101389176
9.272771734002163,4.622627505887529,0.287971739093265,22,0.07414392101389176
9.273884791000455,4.627789738831353,0.2883182643936211,22,0.07930670309420453
9.274920167001255,4.627789738831353,0.2883182643936211,22,0.07930670309420453
9.276013015005447,4.627789738831353,0.2883182643936211,22,0.07930670309420453
9.277088390001154,4.627789738831353,0.2883182643936211,22,0.07930670309420453
9.277598108004895,4.627789738831353,0.2883182643936211,22,0.07930670309420453
9.278795396006899,4.627789738831353,0.2883182643936211,22,0.07930670309420453
9.279862574003346,4.627789738831353,0.2883182643936211,22,0.07930670309420453
9.280283407002571,4.627789738831353,0.2883182643936211,22,0.07930670309420453
9.281354530001408,4.627789738831353,0.2883182643936211,22,0.07930670309420453
9.282472347003932,4.627789738831353,0.2883182643936211,22,0.07930670309420453
9.283512038004119,4.627789738831353,0.2883182643936211,22,0.07930670309420453
9.284611591006978,4.627789738831353,0.2883182643936211,22,0.07930670309420453
9.285093566002615,4.627789738831353,0.2883182643936211,22,0.07930670309420453
9.286284841000452,4.627789738831353,0.2883182643936211,22,0.07930670309420453
9.287754385004519,4.627789738831353,0.2883182643936211,22,0.07930670309420453
9.288235656000325,4.627789738831353,0.2883182643936211,22,0.07930670309420453
9.289369246005663,4.632963762808921,0.2886529173313294,22,0.08448254040114628
9.290500482005882,4.632963762808921,0.2886529173313294,22,0.08448254040114628
9.291616032001912,4.632963762808921,0.2886529173313294,22,0.08448254040114628
9.292693057002907,4.632963762808921,0.2886529173313294,22,0.08448254040114628
9.293767943003331,4.632963762808921,0.2886529173313294,22,0.08448254040114628
9.294827280005848,4.632963762808921,0.2886529173313294,22,0.08448254040114628
9.295946428006573,4.632963762808921,0.2886529173313294,22,0.08448254040114628
9.296368862000236,4.632963762808921,0.2886529173313294,22,0.08448254040114628
9.29744929500157,4.638145741654449,0.28902452914421445,22,0.08966777868234758
9.297904549006489,4.638145741654449,0.28902452914421445,22,0.08966777868234758
9.299022152001271,4.638145741654449,0.28902452914421445,22,0.08966777868234758
9.299480548004794,4.638145741654449,0.28902452914421445,22,0.08966777868234758
9.300643668000703,4.638145741654449,0.28902452914421445,22,0.08966777868234758
9.301718422000704,4.638145741654449,0.28902452914421445,22,0.08966777868234758
9.302796223004407,4.638145741654449,0.28902452914421445,22,0.08966777868234758
9.30389422600274,4.638145741654449,0.28902452914421445,22,0.08966777868234758
9.304972502002784,4.638145741654449,0.28902452914421445,22,0.08966777868234758
9.305404031001672,4.638145741654449,0.28902452914421445,22,0.08966777868234758
9.306451663003827,4.638145741654449,0.28902452914421445,22,0.08966777868234758
9.307532110004104,4.638145741654449,0.28902452914421445,22,0.08966777868234758
9.307984418002889,4.638145741654449,0.28902452914421445,22,0.08966777868234758
9.309104772000865,4.638145741654449,0.28902452914421445,22,0.08966777868234758
9.310199625004316,4.638145741654449,0.28902452914421445,22,0.08966777868234758
9.311249995000253,4.638145741654449,0.28902452914421445,22,0.08966777868234758
9.312316154006112,4.638145741654449,0.28902452914421445,22,0.08966777868234758
9.312743257003604,4.638145741654449,0.28902452914421445,22,0.08966777868234758
9.313802779004618,4.638145741654449,0.28902452914421445,22,0.08966777868234758
9.314933638001094,4.638145741654449,0.28902452914421445,22,0.08966777868234758
9.316068747000827,4.648531588086924,0.28986753796925707,22,0.1000650620504856
9.316530889002024,4.648531588086924,0.28986753796925707,22,0.1000650620504856
9.317708241003857,4.648531588086924,0.28986753796925707,22,0.1000650620504856
9.318829702002404,4.648531588086924,0.28986753796925707,22,0.1000650620504856
9.319945071001712,4.648531588086924,0.28986753796925707,22,0.1000650620504856
9.320389924003393,4.648531588086924,0.28986753796925707,22,0.1000650620504856
9.32145542800572,4.648531588086924,0.28986753796925707,22,0.1000650620504856
9.322524957002315,4.648531588086924,0.28986753796925707,22,0.1000650620504856
9.32360740200238,4.648531588086924,0.28986753796925707,22,0.1000650620504856
9.324705379003717,4.648531588086924,0.28986753796925707,22,0.1000650620504856
9.325157629005844,4.648531588086924,0.28986753796925707,22,0.1000650620504856
9.32623108500411,4.648531588086924,0.28986753796925707,22,0.1000650620504856
9.327295310002228,4.653736354869443,0.29031295208083663,23,0.09491269517048156
9.32774770600372,4.653736354869443,0.29031295208083663,23,0.09491269517048156
9.328884038004617,4.653736354869443,0.29031295208083663,23,0.09491269517048156
9.330135612006416,4.653736354869443,0.29031295208083663,23,0.09491269517048156
9.331306764004694,4.653736354869443,0.29031295208083663,23,0.09491269517048156
9.332414159005566,4.653736354869443,0.29031295208083663,23,0.09491269517048156
9.33287818300596,4.653736354869443,0.29031295208083663,23,0.09491269517048156
9.333999236005184,4.653736354869443,0.29031295208083663,23,0.09491269517048156
9.335170050006127,4.658950408744463,0.2907507695594919,23,0.08968801518462594
9.335652691006544,4.658950408744463,0.2907507695594919,23,0.08968801518462594
9.336809393003932,4.658950408744463,0.2907507695594919,23,0.08968801518462594
9.338042519004375,4.658950408744463,0.2907507695594919,23,0.08968801518462594
9.339245500006655,4.658950408744463,0.2907507695594919,23,0.08968801518462594
9.339722011005506,4.658950408744463,0.2907507695594919,23,0.08968801518462594
9.340824435006652,4.658950408744463,0.2907507695594919,23,0.08968801518462594
9.34190964300069,4.658950408744463,0.2907507695594919,23,0.08968801518462594
9.3430211110026,4.658950408744463,0.2907507695594919,23,0.08968801518462594
9.344115343003068,4.664171052023687,0.2912077113713642,23,0.08445504324222018
9.345201912001357,4.664171052023687,0.2912077113713642,23,0.08445504324222018
9.346293985006923,4.664171052023687,0.2912077113713642,23,0.08445504324222018
9.346734164006193,4.664171052023687,0.2912077113713642,23,0.08445504324222018
9.347818371999892,4.664171052023687,0.2912077113713642,23,0.08445504324222018
9.348269101006736,4.664171052023687,0.2912077113713642,23,0.08445504324222018
9.34943765400385,4.664171052023687,0.2912077113713642,23,0.08445504324222018
9.350620601006085,4.664171052023687,0.2912077113713642,23,0.08445504324222018
9.35173574500368,4.664171052023687,0.2912077113713642,23,0.08445504324222018
9.352837402002478,4.6680338757347215,0.2918156804716572,23,0.08054502467966429
9.353280991002975,4.6680338757347215,0.2918156804716572,23,0.08054502467966429
9.354321601000265,4.6680338757347215,0.2918156804716572,23,0.08054502467966429
9.355345800002397,4.66655193720853,0.2919889367375944,23,0.08198830858573122
9.356438971000898,4.66655193720853,0.2919889367375944,23,0.08198830858573122
9.356886900000973,4.66655193720853,0.2919889367375944,23,0.08198830858573122
9.35794243500277,4.66655193720853,0.2919889367375944,23,0.08198830858573122
9.359055894004996,4.670209157158359,0.29264882294379657,23,0.07827528581804266
9.359489881004265,4.670209157158359,0.29264882294379657,23,0.07827528581804266
9.360515840002336,4.670209157158359,0.29264882294379657,23,0.07827528581804266
9.361593861001893,4.670209157158359,0.29264882294379657,23,0.07827528581804266
9.362676145006844,4.670209157158359,0.29264882294379657,23,0.07827528581804266
9.363717374006228,4.670209157158359,0.29264882294379657,23,0.07827528581804266
9.364160298006027,4.670209157158359,0.29264882294379657,23,0.07827528581804266
9.365203108005517,4.670209157158359,0.29264882294379657,23,0.07827528581804266
9.36631872900034,4.670209157158359,0.29264882294379657,23,0.07827528581804266
9.367342724006448,4.670209157158359,0.29264882294379657,23,0.07827528581804266
9.368445643005543,4.670209157158359,0.29264882294379657,23,0.07827528581804266
9.369553597003687,4.670209157158359,0.29264882294379657,23,0.07827528581804266
9.370642631001829,4.675422169149569,0.2931128368024019,23,0.07304783282718465
9.371696093003266,4.675422169149569,0.2931128368024019,23,0.07304783282718465
9.372737757003051,4.675422169149569,0.2931128368024019,23,0.07304783282718465
9.373786179006856,4.675422169149569,0.2931128368024019,23,0.07304783282718465
9.374823165002454,4.675422169149569,0.2931128368024019,23,0.07304783282718465
9.375923247003811,4.675422169149569,0.2931128368024019,23,0.07304783282718465
9.37704909700551,4.675422169149569,0.2931128368024019,23,0.07304783282718465
9.377505365002435,4.675422169149569,0.2931128368024019,23,0.07304783282718465
9.378636640001787,4.675422169149569,0.2931128368024019,23,0.07304783282718465
9.379712018002465,4.675422169149569,0.2931128368024019,23,0.07304783282718465
9.380785192006442,4.675422169149569,0.2931128368024019,23,0.07304783282718465
9.381226806006453,4.675422169149569,0.2931128368024019,23,0.07304783282718465
9.382355682006164,4.675422169149569,0.2931128368024019,23,0.07304783282718465
9.383483420002449,4.675422169149569,0.2931128368024019,23,0.07304783282718465
9.384611890003725,4.680586914799686,0.2935908873398005,23,0.0678671094851292
9.385067113005789,4.680586914799686,0.2935908873398005,23,0.0678671094851292
9.386206006005523,4.680586914799686,0.2935908873398005,23,0.0678671094851292
9.387374764002743,4.680586914799686,0.2935908873398005,23,0.0678671094851292
9.387859821006714,4.680586914799686,0.2935908873398005,23,0.0678671094851292
9.389027613004146,4.680586914799686,0.2935908873398005,23,0.0678671094851292
9.390143681004702,4.680586914799686,0.2935908873398005,23,0.0678671094851292
9.391266564001853,4.680586914799686,0.2935908873398005,23,0.0678671094851292
9.391711850003048,4.680586914799686,0.2935908873398005,23,0.0678671094851292
9.392814604005252,4.680586914799686,0.2935908873398005,23,0.0678671094851292
9.393939601002785,4.680586914799686,0.2935908873398005,23,0.0678671094851292
9.395064597003511,4.680586914799686,0.2935908873398005,23,0.0678671094851292
9.395521676000499,4.680586914799686,0.2935908873398005,23,0.0678671094851292
9.396696610005165,4.680586914799686,0.2935908873398005,23,0.0678671094851292
9.397811325005023,4.680586914799686,0.2935908873398005,23,0.0678671094851292
9.398762733006151,4.685714884947096,0.29405495346410165,23,0.06272582078446932
9.39903982100077,4.685714884947096,0.29405495346410165,23,0.06272582078446932
9.399814442003844,4.685714884947096,0.29405495346410165,23,0.06272582078446932
9.400909716001479,4.685714884947096,0.29405495346410165,23,0.06272582078446932
9.40197169000021,4.685714884947096,0.29405495346410165,23,0.06272582078446932
9.402991914001177,4.685714884947096,0.29405495346410165,23,0.06272582078446932
9.404010384001595,4.685714884947096,0.29405495346410165,23,0.06272582078446932
9.405014016003406,4.685714884947096,0.29405495346410165,23,0.06272582078446932
9.40607206900313,4.690810617258011,0.29453437331834303,23,0.057615442072561085
9.407073965005111,4.690810617258011,0.29453437331834303,23,0.057615442072561085
9.407476220003446,4.690810617258011,0.29453437331834303,23,0.057615442072561085
9.408485567000753,4.690810617258011,0.29453437331834303,23,0.057615442072561085
9.408886253004312,4.690810617258011,0.29453437331834303,23,0.057615442072561085
9.409854508005083,4.690810617258011,0.29453437331834303,23,0.057615442072561085
9.410825378006848,4.690810617258011,0.29453437331834303,23,0.057615442072561085
9.41181164700538,4.690810617258011,0.29453437331834303,23,0.057615442072561085
9.412821232006536,4.690810617258011,0.29453437331834303,23,0.057615442072561085
9.413213390005694,4.690810617258011,0.29453437331834303,23,0.057615442072561085
9.418341094002244,4.695882579165106,0.29500101842720594,23,0.052532072406890284
9.41895539899997,4.695882579165106,0.29500101842720594,23,0.052532072406890284
9.419851201004349,4.695882579165106,0.29500101842720594,23,0.052532072406890284
9.420825574001356,4.695882579165106,0.29500101842720594,23,0.052532072406890284
9.421232544002123,4.695882579165106,0.29500101842720594,23,0.052532072406890284
9.422259138002119,4.695882579165106,0.29500101842720594,23,0.052532072406890284
9.42327193300298,4.695882579165106,0.29500101842720594,23,0.052532072406890284
9.424266892005107,4.695882579165106,0.29500101842720594,23,0.052532072406890284
9.425256256006833,4.695882579165106,0.29500101842720594,23,0.052532072406890284
9.426240959001007,4.695882579165106,0.29500101842720594,23,0.052532072406890284
9.427220072000637,4.695882579165106,0.29500101842720594,23,0.052532072406890284
9.428234962004353,4.695882579165106,0.29500101842720594,23,0.052532072406890284
9.429274729001918,4.695882579165106,0.29500101842720594,23,0.052532072406890284
9.430318417005765,4.695882579165106,0.29500101842720594,23,0.052532072406890284
9.430746371006535,4.695882579165106,0.29500101842720594,23,0.052532072406890284
9.43192079700384,4.7009328130189285,0.29548379760470744,23,0.0474696475177867
9.432466575002763,4.7009328130189285,0.29548379760470744,23,0.0474696475177867
9.433768500006408,4.7009328130189285,0.29548379760470744,23,0.0474696475177867
9.43498491900391,4.7009328130189285,0.29548379760470744,23,0.0474696475177867
9.436228650003613,4.7009328130189285,0.29548379760470744,23,0.0474696475177867
9.43671170000016,4.7009328130189285,0.29548379760470744,23,0.0474696475177867
9.437836675002472,4.7009328130189285,0.29548379760470744,23,0.0474696475177867
9.438950547002605,4.7009328130189285,0.29548379760470744,23,0.0474696475177867
9.440108619004604,4.705967812538211,0.29595457010180815,23,0.04242687970419219
9.440524825004104,4.705967812538211,0.29595457010180815,23,0.04242687970419219
9.441608657005418,4.705967812538211,0.29595457010180815,23,0.04242687970419219
9.442742730003374,4.705967812538211,0.29595457010180815,23,0.04242687970419219
9.443864861001202,4.705967812538211,0.29595457010180815,23,0.04242687970419219
9.444698715000413,4.705967812538211,0.29595457010180815,23,0.04242687970419219
9.445036422002886,4.705967812538211,0.29595457010180815,23,0.04242687970419219
9.445907368004555,4.705967812538211,0.29595457010180815,23,0.04242687970419219
9.446726810005202,4.705967812538211,0.29595457010180815,23,0.04242687970419219
9.44756171800691,4.705967812538211,0.29595457010180815,23,0.04242687970419219
9.448616647001472,4.705967812538211,0.29595457010180815,23,0.04242687970419219
9.449636550001742,4.705967812538211,0.29595457010180815,23,0.04242687970419219
9.450692122001783,4.705967812538211,0.29595457010180815,23,0.04242687970419219
9.4511016700053,4.705967812538211,0.29595457010180815,23,0.04242687970419219
9.452126985001087,4.705967812538211,0.29595457010180815,23,0.04242687970419219
9.453217677000794,4.710987967522594,0.29644198659245574,23,0.037399514489704154
9.453624816000229,4.710987967522594,0.29644198659245574,23,0.037399514489704154
9.454620980002801,4.710987967522594,0.29644198659245574,23,0.037399514489704154
9.455620019005437,4.710987967522594,0.29644198659245574,23,0.037399514489704154
9.456605550003587,4.710987967522594,0.29644198659245574,23,0.037399514489704154
9.456994282001688,4.710987967522594,0.29644198659245574,23,0.037399514489704154
9.457961826999963,4.710987967522594,0.29644198659245574,23,0.037399514489704154
9.458948404004332,4.710987967522594,0.29644198659245574,23,0.037399514489704154
9.459911237005144,4.717387904148318,0.2964042302946951,23,0.03113608936253776
9.460302323001088,4.717387904148318,0.2964042302946951,23,0.03113608936253776
9.461286005003785,4.717387904148318,0.2964042302946951,23,0.03113608936253776
9.462293902004603,4.717387904148318,0.2964042302946951,23,0.03113608936253776
9.463315917004365,4.717387904148318,0.2964042302946951,23,0.03113608936253776
9.464304505003383,4.727103967574339,0.2951623858917116,23,0.022182859798159496
9.464716041002248,4.727103967574339,0.2951623858917116,23,0.022182859798159496
9.465708162002556,4.727103967574339,0.2951623858917116,23,0.022182859798159496
9.466844359005336,4.729615575327415,0.2942327262469664,23,0.02026031496868121
9.467901568001253,4.729615575327415,0.2942327262469664,23,0.02026031496868121
9.468331228999887,4.729615575327415,0.2942327262469664,23,0.02026031496868121
9.469424302005791,4.729615575327415,0.2942327262469664,23,0.02026031496868121
9.470521921000909,4.729615575327415,0.2942327262469664,23,0.02026031496868121
9.471622037002817,4.729615575327415,0.2942327262469664,23,0.02026031496868121
9.472731024005043,4.729615575327415,0.2942327262469664,23,0.02026031496868121
9.47378456700244,4.729615575327415,0.2942327262469664,23,0.02026031496868121
9.474204745005409,4.729615575327415,0.2942327262469664,23,0.02026031496868121
9.475796981001622,4.729615575327415,0.2942327262469664,23,0.02026031496868121
9.47693146700476,4.729615575327415,0.2942327262469664,23,0.02026031496868121
9.477361204000772,4.729615575327415,0.2942327262469664,23,0.02026031496868121
9.478439749000245,4.729615575327415,0.2942327262469664,23,0.02026031496868121
9.48043593600596,4.729615575327415,0.2942327262469664,23,0.02026031496868121
9.481518713000696,4.729615575327415,0.2942327262469664,23,0.02026031496868121
9.482664347000537,4.729615575327415,0.2942327262469664,23,0.02026031496868121
9.483680351004296,4.729615575327415,0.2942327262469664,23,0.02026031496868121
9.48414106000564,4.729615575327415,0.2942327262469664,23,0.02026031496868121
9.485208706006233,4.744819538905406,0.29335522120849483,23,0.010311511504613007
9.486257921002107,4.744819538905406,0.29335522120849483,23,0.010311511504613007
9.487227956000424,4.744819538905406,0.29335522120849483,23,0.010311511504613007
9.487514550004562,4.744819538905406,0.29335522120849483,23,0.010311511504613007
9.488629676001437,4.744819538905406,0.29335522120849483,23,0.010311511504613007
9.489500802999828,4.744819538905406,0.29335522120849483,23,0.010311511504613007
9.489859407003678,4.744819538905406,0.29335522120849483,23,0.010311511504613007
9.49076990600588,4.744819538905406,0.29335522120849483,23,0.010311511504613007
9.491498542003683,4.744819538905406,0.29335522120849483,23,0.010311511504613007
9.492329458000313,4.744819538905406,0.29335522120849483,23,0.010311511504613007
9.493007134005893,4.744819538905406,0.29335522120849483,23,0.010311511504613007
9.493730925001728,4.749957460040225,0.2938323790508143,23,0.009656896870114848
9.494073220004793,4.749957460040225,0.2938323790508143,23,0.009656896870114848
9.494788977004646,4.749957460040225,0.2938323790508143,23,0.009656896870114848
9.495833801003755,4.749957460040225,0.2938323790508143,23,0.009656896870114848
9.49709072800033,4.749957460040225,0.2938323790508143,23,0.009656896870114848
9.498308497000835,4.749957460040225,0.2938323790508143,23,0.009656896870114848
9.49880114300322,4.749957460040225,0.2938323790508143,23,0.009656896870114848
9.49985000200104,4.749957460040225,0.2938323790508143,23,0.009656896870114848
9.500686608000251,4.749957460040225,0.2938323790508143,23,0.009656896870114848
9.501784782005416,4.749957460040225,0.2938323790508143,23,0.009656896870114848
9.502853301004507,4.749957460040225,0.2938323790508143,23,0.009656896870114848
9.503918021000572,4.749957460040225,0.2938323790508143,23,0.009656896870114848
9.504967227003362,4.749957460040225,0.2938323790508143,23,0.009656896870114848
9.505389961006586,4.749957460040225,0.2938323790508143,23,0.009656896870114848
9.506466132006608,4.749957460040225,0.2938323790508143,23,0.009656896870114848
9.507540426006017,4.749957460040225,0.2938323790508143,23,0.009656896870114848
9.507990622005309,4.749957460040225,0.2938323790508143,23,0.009656896870114848
9.50908017600159,4.755132784109822,0.2942699061788415,23,0.011605809222762796
9.510166920001211,4.755132784109822,0.2942699061788415,23,0.011605809222762796
9.511205354006961,4.755132784109822,0.2942699061788415,23,0.011605809222762796
9.512250057006895,4.755132784109822,0.2942699061788415,23,0.011605809222762796
9.513256461003039,4.755132784109822,0.2942699061788415,23,0.011605809222762796
9.513685570003872,4.755132784109822,0.2942699061788415,23,0.011605809222762796
9.514852044005238,4.755132784109822,0.2942699061788415,23,0.011605809222762796
9.516008553000574,4.755132784109822,0.2942699061788415,23,0.011605809222762796
9.517154508001113,4.755132784109822,0.2942699061788415,23,0.011605809222762796
9.517595591001736,4.755132784109822,0.2942699061788415,23,0.011605809222762796
9.51899838400277,4.755132784109822,0.2942699061788415,23,0.011605809222762796
9.520289566004067,4.760339856508841,0.29471374364047587,23,0.015191267881561797
9.520748546005052,4.760339856508841,0.29471374364047587,23,0.015191267881561797
9.52182929400442,4.760339856508841,0.29471374364047587,23,0.015191267881561797
9.522942419003812,4.760339856508841,0.29471374364047587,23,0.015191267881561797
9.523818145004043,4.760339856508841,0.29471374364047587,23,0.015191267881561797
9.52446708100615,4.760339856508841,0.29471374364047587,23,0.015191267881561797
9.52520324500074,4.765578836291906,0.2951434912457007,23,0.019566278800591447
9.526079207003932,4.765578836291906,0.2951434912457007,23,0.019566278800591447
9.527181188001123,4.765578836291906,0.2951434912457007,23,0.019566278800591447
9.528282357001444,4.765578836291906,0.2951434912457007,23,0.019566278800591447
9.529329164004594,4.765578836291906,0.2951434912457007,23,0.019566278800591447
9.53041756600578,4.765578836291906,0.2951434912457007,23,0.019566278800591447
9.530850681003358,4.765578836291906,0.2951434912457007,23,0.019566278800591447
9.531881048002106,4.765578836291906,0.2951434912457007,23,0.019566278800591447
9.533016063003743,4.765578836291906,0.2951434912457007,23,0.019566278800591447
9.534114523004973,4.765578836291906,0.2951434912457007,23,0.019566278800591447
9.53519876300561,4.765578836291906,0.2951434912457007,23,0.019566278800591447
9.53625144000398,4.77084577387976,0.295589009017004,23,0.024314921726643023
9.53726524800004,4.77084577387976,0.295589009017004,23,0.024314921726643023
9.537558598000032,4.77084577387976,0.295589009017004,23,0.024314921726643023
9.53855861100601,4.77084577387976,0.295589009017004,23,0.024314921726643023
9.539326010002696,4.77084577387976,0.295589009017004,23,0.024314921726643023
9.539819849000196,4.77084577387976,0.295589009017004,23,0.024314921726643023
9.540923188003944,4.77084577387976,0.295589009017004,23,0.024314921726643023
9.541978316003224,4.77084577387976,0.295589009017004,23,0.024314921726643023
9.542818862006243,4.77084577387976,0.295589009017004,23,0.024314921726643023
9.54347632000281,4.77084577387976,0.295589009017004,23,0.024314921726643023
9.543750454002293,4.77084577387976,0.295589009017004,23,0.024314921726643023
9.54476985900692,4.77084577387976,0.295589009017004,23,0.024314921726643023
9.545670842002437,4.77084577387976,0.295589009017004,23,0.024314921726643023
9.54681919500581,4.77084577387976,0.295589009017004,23,0.024314921726643023
9.547276994002459,4.77084577387976,0.295589009017004,23,0.024314921726643023
9.548369485004514,4.77084577387976,0.295589009017004,23,0.024314921726643023
9.549421590003476,4.77084577387976,0.295589009017004,23,0.024314921726643023
9.550297030000365,4.77084577387976,0.295589009017004,23,0.024314921726643023
9.551197430002503,4.7761414760784255,0.2960238931482745,23,0.029278913021408826
9.551623462000862,4.7761414760784255,0.2960238931482745,23,0.029278913021408826
9.552606028002629,4.7761414760784255,0.2960238931482745,23,0.029278913021408826
9.553607632005878,4.7761414760784255,0.2960238931482745,23,0.029278913021408826
9.554590529005509,4.7761414760784255,0.2960238931482745,23,0.029278913021408826
9.555611508003494,4.7761414760784255,0.2960238931482745,23,0.029278913021408826
9.556656799002667,4.7761414760784255,0.2960238931482745,23,0.029278913021408826
9.557680687001266,4.7761414760784255,0.2960238931482745,23,0.029278913021408826
9.558666492004704,4.7761414760784255,0.2960238931482745,23,0.029278913021408826
9.559046577000117,4.7761414760784255,0.2960238931482745,23,0.029278913021408826
9.559995938005159,4.781462314372842,0.29647574582097347,23,0.03436895265026792
9.560371309002221,4.781462314372842,0.29647574582097347,23,0.03436895265026792
9.561300931003643,4.781462314372842,0.29647574582097347,23,0.03436895265026792
9.562298118005856,4.781462314372842,0.29647574582097347,23,0.03436895265026792
9.563312001002487,4.781462314372842,0.29647574582097347,23,0.03436895265026792
9.56429891600419,4.781462314372842,0.29647574582097347,23,0.03436895265026792
9.564696036002715,4.781462314372842,0.29647574582097347,23,0.03436895265026792
9.565687618000084,4.781462314372842,0.29647574582097347,23,0.03436895265026792
9.566678502000286,4.781462314372842,0.29647574582097347,23,0.03436895265026792
9.56765704999998,4.781462314372842,0.29647574582097347,23,0.03436895265026792
9.568742074006877,4.78280484905275,0.296180477259104,23,0.035743348278341885
9.569766864005942,4.78280484905275,0.296180477259104,23,0.035743348278341885
9.57076337000035,4.78280484905275,0.296180477259104,23,0.035743348278341885
9.571503570005007,4.78280484905275,0.296180477259104,23,0.035743348278341885
9.571858903000248,4.78280484905275,0.296180477259104,23,0.035743348278341885
9.572862824003096,4.78280484905275,0.296180477259104,23,0.035743348278341885
9.573838185002387,4.78280484905275,0.296180477259104,23,0.035743348278341885
9.574825651005085,4.796715566078138,0.2946626097499169,23,0.04969587309242991
9.575805411004694,4.796715566078138,0.2946626097499169,23,0.04969587309242991
9.576193790002435,4.796715566078138,0.2946626097499169,23,0.04969587309242991
9.577149147000455,4.796715566078138,0.2946626097499169,23,0.04969587309242991
9.578109571004461,4.796715566078138,0.2946626097499169,23,0.04969587309242991
9.579081332005444,4.796715566078138,0.2946626097499169,23,0.04969587309242991
9.579461758003163,4.796715566078138,0.2946626097499169,23,0.04969587309242991
9.58042077000573,4.796715566078138,0.2946626097499169,23,0.04969587309242991
9.581409368001914,4.796715566078138,0.2946626097499169,23,0.04969587309242991
9.582392450000043,4.796715566078138,0.2946626097499169,23,0.04969587309242991
9.583328853004787,4.796715566078138,0.2946626097499169,23,0.04969587309242991
9.58382322700345,4.796715566078138,0.2946626097499169,23,0.04969587309242991
9.584796806004306,4.80207363038455,0.29507919539621696,23,0.05491792732587473
9.58580458900542,4.80207363038455,0.29507919539621696,23,0.05491792732587473
9.586697607002861,4.80207363038455,0.29507919539621696,23,0.05491792732587473
9.587045599000703,4.80207363038455,0.29507919539621696,23,0.05491792732587473
9.587915041003725,4.80207363038455,0.29507919539621696,23,0.05491792732587473
9.588791758003936,4.80207363038455,0.29507919539621696,23,0.05491792732587473
9.58966681000311,4.80207363038455,0.29507919539621696,23,0.05491792732587473
9.590707527000632,4.80207363038455,0.29507919539621696,23,0.05491792732587473
9.591485099001147,4.80207363038455,0.29507919539621696,23,0.05491792732587473
9.592306275000738,4.807447596284728,0.2954631395371024,23,0.06018676565960745
9.592620112001896,4.807447596284728,0.2954631395371024,23,0.06018676565960745
9.593486577003205,4.807447596284728,0.2954631395371024,23,0.06018676565960745
9.59432103200379,4.807447596284728,0.2954631395371024,23,0.06018676565960745
9.59500734100584,4.807447596284728,0.2954631395371024,23,0.06018676565960745
9.595289156000945,4.807447596284728,0.2954631395371024,23,0.06018676565960745
9.596076465000806,4.807447596284728,0.2954631395371024,23,0.06018676565960745
9.597084258006362,4.807447596284728,0.2954631395371024,23,0.06018676565960745
9.598075813002652,4.8128374536959555,0.29580139212247464,23,0.06549590812907426
9.599057018000167,4.8128374536959555,0.29580139212247464,23,0.06549590812907426
9.60007196200604,4.8128374536959555,0.29580139212247464,23,0.06549590812907426
9.60112391700386,4.8128374536959555,0.29580139212247464,23,0.06549590812907426
9.60214362800616,4.8128374536959555,0.29580139212247464,23,0.06549590812907426
9.603131084004417,4.8128374536959555,0.29580139212247464,23,0.06549590812907426
9.604108558000007,4.8128374536959555,0.29580139212247464,23,0.06549590812907426
9.605060256006254,4.8128374536959555,0.29580139212247464,23,0.06549590812907426
9.606006257003173,4.8128374536959555,0.29580139212247464,23,0.06549590812907426
9.60698689900164,4.8128374536959555,0.29580139212247464,23,0.06549590812907426
9.607979073000024,4.8128374536959555,0.29580139212247464,23,0.06549590812907426
9.609102767004515,4.8128374536959555,0.29580139212247464,23,0.06549590812907426
9.610393383001792,4.8128374536959555,0.29580139212247464,23,0.06549590812907426
9.610835952000343,4.8128374536959555,0.29580139212247464,23,0.06549590812907426
9.61193460400682,4.8128374536959555,0.29580139212247464,23,0.06549590812907426
9.612351292002131,4.8128374536959555,0.29580139212247464,23,0.06549590812907426
9.613509211005294,4.8128374536959555,0.29580139212247464,23,0.06549590812907426
9.613913740002317,4.8128374536959555,0.29580139212247464,23,0.06549590812907426
9.614988646004349,4.8128374536959555,0.29580139212247464,23,0.06549590812907426
9.615373284002999,4.8128374536959555,0.29580139212247464,23,0.06549590812907426
9.616423311003018,4.823654311275085,0.2964605514323984,23,0.07619126706057455
9.617063885001699,4.823654311275085,0.2964605514323984,23,0.07619126706057455
9.61806757600425,4.823654311275085,0.2964605514323984,23,0.07619126706057455
9.619007743000111,4.823654311275085,0.2964605514323984,23,0.07619126706057455
9.61933075900015,4.823654311275085,0.2964605514323984,23,0.07619126706057455
9.620471065005404,4.823654311275085,0.2964605514323984,23,0.07619126706057455
9.62149175000377,4.823654311275085,0.2964605514323984,23,0.07619126706057455
9.622711026000616,4.823654311275085,0.2964605514323984,23,0.07619126706057455
9.623774549007067,4.8290795506937,0.29679169159127305,23,0.08156959877352285
9.624755097000161,4.8290795506937,0.29679169159127305,23,0.08156959877352285
9.625276833001408,4.8290795506937,0.29679169159127305,23,0.08156959877352285
9.62627538900415,4.8290795506937,0.29679169159127305,23,0.08156959877352285
9.627391832000285,4.8290795506937,0.29679169159127305,23,0.08156959877352285
9.627777654000965,4.8290795506937,0.29679169159127305,23,0.08156959877352285
9.62880553600553,4.8290795506937,0.29679169159127305,23,0.08156959877352285
9.629937608006003,4.8290795506937,0.29679169159127305,23,0.08156959877352285
9.630773723001766,4.8290795506937,0.29679169159127305,23,0.08156959877352285
9.631544739000674,4.834516252680061,0.2971075341329003,23,0.08696753083351745
9.631869106000522,4.834516252680061,0.2971075341329003,23,0.08696753083351745
9.632627019003849,4.834516252680061,0.2971075341329003,23,0.08696753083351745
9.633400555001572,4.834516252680061,0.2971075341329003,23,0.08696753083351745
9.634129189005762,4.834516252680061,0.2971075341329003,23,0.08696753083351745
9.634867715001747,4.834516252680061,0.2971075341329003,23,0.08696753083351745
9.6351575170047,4.834516252680061,0.2971075341329003,23,0.08696753083351745
9.636114014007035,4.834516252680061,0.2971075341329003,23,0.08696753083351745
9.637242452001374,4.834516252680061,0.2971075341329003,23,0.08696753083351745
9.638190438003221,4.834516252680061,0.2971075341329003,23,0.08696753083351745
9.638646855004481,4.834516252680061,0.2971075341329003,23,0.08696753083351745
9.63976237600582,4.834516252680061,0.2971075341329003,23,0.08696753083351745
9.640830809003091,4.834516252680061,0.2971075341329003,23,0.08696753083351745
9.641880462004337,4.8399622555585164,0.29743604032304327,23,0.09237957688741577
9.642299452003499,4.8399622555585164,0.29743604032304327,23,0.09237957688741577
9.643305887002498,4.8399622555585164,0.29743604032304327,23,0.09237957688741577
9.644419878000917,4.8399622555585164,0.29743604032304327,23,0.09237957688741577
9.645371861006424,4.8399622555585164,0.29743604032304327,23,0.09237957688741577
9.646361407001677,4.8399622555585164,0.29743604032304327,23,0.09237957688741577
9.647348920007062,4.8399622555585164,0.29743604032304327,23,0.09237957688741577
9.648317967999901,4.8399622555585164,0.29743604032304327,23,0.09237957688741577
9.649329335006769,4.8399622555585164,0.29743604032304327,23,0.09237957688741577
9.649727725001867,4.8399622555585164,0.29743604032304327,23,0.09237957688741577
9.650687917004689,4.8399622555585164,0.29743604032304327,23,0.09237957688741577
9.651681055001973,4.8399622555585164,0.29743604032304327,23,0.09237957688741577
9.65265492200706,4.8453980773060055,0.29774856804391586,23,0.09778722701494992
9.653717514003802,4.8453980773060055,0.29774856804391586,23,0.09778722701494992
9.65474190399982,4.8453980773060055,0.29774856804391586,23,0.09778722701494992
9.655770782002946,4.8453980773060055,0.29774856804391586,23,0.09778722701494992
9.656752306000271,4.8453980773060055,0.29774856804391586,23,0.09778722701494992
9.657771421007055,4.8453980773060055,0.29774856804391586,23,0.09778722701494992
9.658766056003515,4.8453980773060055,0.29774856804391586,23,0.09778722701494992
9.661518747001537,4.8453980773060055,0.29774856804391586,23,0.09778722701494992
9.663122771002236,4.8453980773060055,0.29774856804391586,23,0.09778722701494992
9.663623262000328,4.8453980773060055,0.29774856804391586,23,0.09778722701494992
9.66477064400533,4.8453980773060055,0.29774856804391586,23,0.09778722701494992
9.665816323002218,4.856177824463979,0.29827643435881046,24,0.09246109184333566
9.67039126700547,4.856177824463979,0.29827643435881046,24,0.09246109184333566
9.671529221006494,4.856177824463979,0.29827643435881046,24,0.09246109184333566
9.672003830004542,4.856177824463979,0.29827643435881046,24,0.09246109184333566
9.67315965200396,4.856177824463979,0.29827643435881046,24,0.09246109184333566
9.674135419001686,4.863779478625169,0.29856562612884685,24,0.08495589357249099
9.675054700004694,4.863779478625169,0.29856562612884685,24,0.08495589357249099
9.675776415002474,4.863779478625169,0.29856562612884685,24,0.08495589357249099
9.676619476005726,4.863779478625169,0.29856562612884685,24,0.08495589357249099
9.676895756005251,4.863779478625169,0.29856562612884685,24,0.08495589357249099
9.677666404000774,4.871228073057776,0.298955919767154,24,0.07759723945051251
9.678340530001151,4.871228073057776,0.298955919767154,24,0.07759723945051251
9.679135375001351,4.871228073057776,0.298955919767154,24,0.07759723945051251
9.679405072005466,4.871228073057776,0.298955919767154,24,0.07759723945051251
9.680098653007008,4.871228073057776,0.298955919767154,24,0.07759723945051251
9.680829395001638,4.871228073057776,0.298955919767154,24,0.07759723945051251
9.681507988003432,4.871228073057776,0.298955919767154,24,0.07759723945051251
9.68231050700706,4.871228073057776,0.298955919767154,24,0.07759723945051251
9.68313421500352,4.871228073057776,0.298955919767154,24,0.07759723945051251
9.68422828000621,4.871228073057776,0.298955919767154,24,0.07759723945051251
9.685327103004965,4.871228073057776,0.298955919767154,24,0.07759723945051251
9.686375466000754,4.871228073057776,0.298955919767154,24,0.07759723945051251
9.686788335005986,4.871228073057776,0.298955919767154,24,0.07759723945051251
9.687778580002487,4.871228073057776,0.298955919767154,24,0.07759723945051251
9.688156700001855,4.871228073057776,0.298955919767154,24,0.07759723945051251
9.689233914999932,4.871228073057776,0.298955919767154,24,0.07759723945051251
9.69032646400592,4.871228073057776,0.298955919767154,24,0.07759723945051251
9.691344112005027,4.871228073057776,0.298955919767154,24,0.07759723945051251
9.692320294001547,4.871228073057776,0.298955919767154,24,0.07759723945051251
9.693393723006011,4.876591758697192,0.29927920226247784,24,0.07230113563166951
9.693803792004474,4.876591758697192,0.29927920226247784,24,0.07230113563166951
9.694763149003848,4.876591758697192,0.29927920226247784,24,0.07230113563166951
9.695753971005615,4.876591758697192,0.29927920226247784,24,0.07230113563166951
9.696138706000056,4.876591758697192,0.29927920226247784,24,0.07230113563166951
9.697158044000389,4.876591758697192,0.29927920226247784,24,0.07230113563166951
9.698118945001625,4.876591758697192,0.29927920226247784,24,0.07230113563166951
9.699077491000935,4.876591758697192,0.29927920226247784,24,0.07230113563166951
9.69947269000113,4.876591758697192,0.29927920226247784,24,0.07230113563166951
9.700601370001095,4.876591758697192,0.29927920226247784,24,0.07230113563166951
9.701619357001618,4.876591758697192,0.29927920226247784,24,0.07230113563166951
9.702616734000912,4.876591758697192,0.29927920226247784,24,0.07230113563166951
9.703598333006084,4.881941007647738,0.29958609273364,24,0.06703538955903189
9.704717393004103,4.881941007647738,0.29958609273364,24,0.06703538955903189
9.705144260005909,4.881941007647738,0.29958609273364,24,0.06703538955903189
9.706157448003069,4.881941007647738,0.29958609273364,24,0.06703538955903189
9.707204881000507,4.881941007647738,0.29958609273364,24,0.06703538955903189
9.707627625000896,4.881941007647738,0.29958609273364,24,0.06703538955903189
9.708497565006837,4.881941007647738,0.29958609273364,24,0.06703538955903189
9.709407884001848,4.881941007647738,0.29958609273364,24,0.06703538955903189
9.710404692006705,4.881941007647738,0.29958609273364,24,0.06703538955903189
9.711402508000901,4.881941007647738,0.29958609273364,24,0.06703538955903189
9.712406836006267,4.881941007647738,0.29958609273364,24,0.06703538955903189
9.712819502005004,4.881941007647738,0.29958609273364,24,0.06703538955903189
9.71378379700036,4.881941007647738,0.29958609273364,24,0.06703538955903189
9.714768622005067,4.881941007647738,0.29958609273364,24,0.06703538955903189
9.715730515999894,4.881941007647738,0.29958609273364,24,0.06703538955903189
9.716817271000764,4.881941007647738,0.29958609273364,24,0.06703538955903189
9.717957092005236,4.887277087063057,0.29990491187406715,24,0.0617950722423252
9.718334839002637,4.887277087063057,0.29990491187406715,24,0.0617950722423252
9.71937650500331,4.887277087063057,0.29990491187406715,24,0.0617950722423252
9.719835607000277,4.887277087063057,0.29990491187406715,24,0.0617950722423252
9.721088337006222,4.887277087063057,0.29990491187406715,24,0.0617950722423252
9.722276113003318,4.887277087063057,0.29990491187406715,24,0.0617950722423252
9.723441564005043,4.887277087063057,0.29990491187406715,24,0.0617950722423252
9.724579596004332,4.887277087063057,0.29990491187406715,24,0.0617950722423252
9.72500709900487,4.887277087063057,0.29990491187406715,24,0.0617950722423252
9.726024987001438,4.887277087063057,0.29990491187406715,24,0.0617950722423252
9.727107960003195,4.89260400020773,0.3002077261155151,24,0.05658777154020498
9.727546954003628,4.89260400020773,0.3002077261155151,24,0.05658777154020498
9.728666089002218,4.89260400020773,0.3002077261155151,24,0.05658777154020498
9.742319116005092,4.89260400020773,0.3002077261155151,24,0.05658777154020498
9.74366083300265,4.89260400020773,0.3002077261155151,24,0.05658777154020498
9.744126191006217,4.89260400020773,0.3002077261155151,24,0.05658777154020498
9.745242903001781,4.897922029521466,0.30052270453396634,24,0.051411521796252656
9.745655615006399,4.897922029521466,0.30052270453396634,24,0.051411521796252656
9.746679262003454,4.897922029521466,0.30052270453396634,24,0.051411521796252656
9.747064880000835,4.897922029521466,0.30052270453396634,24,0.051411521796252656
9.748073201000807,4.897922029521466,0.30052270453396634,24,0.051411521796252656
9.749119972002518,4.897922029521466,0.30052270453396634,24,0.051411521796252656
9.75001790800161,4.897922029521466,0.30052270453396634,24,0.051411521796252656
9.750786170006904,4.90323434649622,0.3008219253725964,24,0.04628020728751179
9.751514761002909,4.90323434649622,0.3008219253725964,24,0.04628020728751179
9.752586550006527,4.90323434649622,0.3008219253725964,24,0.04628020728751179
9.753670564001368,4.90323434649622,0.3008219253725964,24,0.04628020728751179
9.754662660001486,4.90323434649622,0.3008219253725964,24,0.04628020728751179
9.75571858100011,4.908540592489324,0.30113346191225354,24,0.04119812361353802
9.756771945001674,4.908540592489324,0.30113346191225354,24,0.04119812361353802
9.7577440640016,4.908540592489324,0.30113346191225354,24,0.04119812361353802
9.75813331000245,4.908540592489324,0.30113346191225354,24,0.04119812361353802
9.759110186001635,4.908540592489324,0.30113346191225354,24,0.04119812361353802
9.759491064003669,4.908540592489324,0.30113346191225354,24,0.04119812361353802
9.7605074230014,4.908540592489324,0.30113346191225354,24,0.04119812361353802
9.761322938000376,4.913843388586827,0.30142940092666737,24,0.03619265486435481
9.7620911250051,4.913843388586827,0.30142940092666737,24,0.03619265486435481
9.762853296000685,4.913843388586827,0.30142940092666737,24,0.03619265486435481
9.763186996002332,4.913843388586827,0.30142940092666737,24,0.03619265486435481
9.76415468200139,4.913843388586827,0.30142940092666737,24,0.03619265486435481
9.765288653004973,4.913843388586827,0.30142940092666737,24,0.03619265486435481
9.766354423001758,4.913843388586827,0.30142940092666737,24,0.03619265486435481
9.76713188100257,4.913843388586827,0.30142940092666737,24,0.03619265486435481
9.767399073003617,4.913843388586827,0.30142940092666737,24,0.03619265486435481
9.768053780004266,4.913843388586827,0.30142940092666737,24,0.03619265486435481
9.768860582000343,4.913843388586827,0.30142940092666737,24,0.03619265486435481
9.769808955999906,4.913843388586827,0.30142940092666737,24,0.03619265486435481
9.770713365003758,4.92650789154904,0.30037579635135864,24,0.02579951167625839
9.771497767003893,4.92650789154904,0.30037579635135864,24,0.02579951167625839
9.7718109310008,4.92650789154904,0.30037579635135864,24,0.02579951167625839
9.773026066002785,4.92650789154904,0.30037579635135864,24,0.02579951167625839
9.774043989003985,4.9292380840447105,0.299870012274641,24,0.024042942276465154
9.77479623700492,4.9292380840447105,0.299870012274641,24,0.024042942276465154
9.775058984007046,4.9292380840447105,0.299870012274641,24,0.024042942276465154
9.775677384001028,4.9292380840447105,0.299870012274641,24,0.024042942276465154
9.776584533006826,4.9292380840447105,0.299870012274641,24,0.024042942276465154
9.77735233400017,4.9292380840447105,0.299870012274641,24,0.024042942276465154
9.77800331900653,4.934412481776622,0.30012676367666163,24,0.020344333590647287
9.778652832006628,4.934412481776622,0.30012676367666163,24,0.020344333590647287
9.77889540700562,4.934412481776622,0.30012676367666163,24,0.020344333590647287
9.77968426800362,4.934412481776622,0.30012676367666163,24,0.020344333590647287
9.780722467003216,4.934412481776622,0.30012676367666163,24,0.020344333590647287
9.78167900400149,4.934412481776622,0.30012676367666163,24,0.020344333590647287
9.782632129004924,4.934412481776622,0.30012676367666163,24,0.020344333590647287
9.78360884700669,4.934412481776622,0.30012676367666163,24,0.020344333590647287
9.784646452004381,4.934412481776622,0.30012676367666163,24,0.020344333590647287
9.78563967700029,4.934412481776622,0.30012676367666163,24,0.020344333590647287
9.786720554002386,4.934412481776622,0.30012676367666163,24,0.020344333590647287
9.787833526002942,4.934412481776622,0.30012676367666163,24,0.020344333590647287
9.788876165002875,4.934412481776622,0.30012676367666163,24,0.020344333590647287
9.78982672100392,4.934412481776622,0.30012676367666163,24,0.020344333590647287
9.790784210999846,4.934412481776622,0.30012676367666163,24,0.020344333590647287
9.7922088790001,4.934412481776622,0.30012676367666163,24,0.020344333590647287
9.79274000100122,4.934412481776622,0.30012676367666163,24,0.020344333590647287
9.793829494999954,4.939518175279661,0.3004148233931338,24,0.01741894365618855
9.794248359001358,4.939518175279661,0.3004148233931338,24,0.01741894365618855
9.79528255200421,4.939518175279661,0.3004148233931338,24,0.01741894365618855
9.795692729006987,4.939518175279661,0.3004148233931338,24,0.01741894365618855
9.796761484001763,4.939518175279661,0.3004148233931338,24,0.01741894365618855
9.797777801002667,4.939518175279661,0.3004148233931338,24,0.01741894365618855
9.798186620006163,4.939518175279661,0.3004148233931338,24,0.01741894365618855
9.799239569001656,4.939518175279661,0.3004148233931338,24,0.01741894365618855
9.800140505001764,4.939518175279661,0.3004148233931338,24,0.01741894365618855
9.801292361000378,4.944567002121471,0.300744774091196,24,0.01562732611724498
9.802345891002915,4.944567002121471,0.300744774091196,24,0.01562732611724498
9.803345789005107,4.944567002121471,0.300744774091196,24,0.01562732611724498
9.80431927000609,4.944567002121471,0.300744774091196,24,0.01562732611724498
9.804768702000729,4.944567002121471,0.300744774091196,24,0.01562732611724498
9.805754510001861,4.944567002121471,0.300744774091196,24,0.01562732611724498
9.80674029000511,4.944567002121471,0.300744774091196,24,0.01562732611724498
9.807388455003093,4.944567002121471,0.300744774091196,24,0.01562732611724498
9.808416741005203,4.944567002121471,0.300744774091196,24,0.01562732611724498
9.809439920005389,4.944567002121471,0.300744774091196,24,0.01562732611724498
9.810240439001063,4.944567002121471,0.300744774091196,24,0.01562732611724498
9.811249398000655,4.944567002121471,0.300744774091196,24,0.01562732611724498
9.812292639006046,4.944567002121471,0.300744774091196,24,0.01562732611724498
9.813266696000937,4.944567002121471,0.300744774091196,24,0.01562732611724498
9.814136068001972,4.944567002121471,0.300744774091196,24,0.01562732611724498
9.814585004001856,4.944567002121471,0.300744774091196,24,0.01562732611724498
9.815660692001984,4.944567002121471,0.300744774091196,24,0.01562732611724498
9.8167930500058,4.944567002121471,0.300744774091196,24,0.01562732611724498
9.818238566003856,4.949572489100348,0.30106476292330064,24,0.01537116483346079
9.819592922001902,4.949572489100348,0.30106476292330064,24,0.01537116483346079
9.820080063000205,4.949572489100348,0.30106476292330064,24,0.01537116483346079
9.82126301000244,4.949572489100348,0.30106476292330064,24,0.01537116483346079
9.822475158005545,4.949572489100348,0.30106476292330064,24,0.01537116483346079
9.822921216000395,4.949572489100348,0.30106476292330064,24,0.01537116483346079
9.824050925002666,4.949572489100348,0.30106476292330064,24,0.01537116483346079
9.825197163001576,4.949572489100348,0.30106476292330064,24,0.01537116483346079
9.826220079004997,4.949572489100348,0.30106476292330064,24,0.01537116483346079
9.827223309002875,4.949572489100348,0.30106476292330064,24,0.01537116483346079
9.828217444002803,4.954543803882182,0.3013617199782727,24,0.01669745569897821
9.829246723005781,4.954543803882182,0.3013617199782727,24,0.01669745569897821
9.830224176002957,4.954543803882182,0.3013617199782727,24,0.01669745569897821
9.831207239003561,4.954543803882182,0.3013617199782727,24,0.01669745569897821
9.83218996800133,4.954543803882182,0.3013617199782727,24,0.01669745569897821
9.833235159007018,4.954543803882182,0.3013617199782727,24,0.01669745569897821
9.834279280003102,4.954543803882182,0.3013617199782727,24,0.01669745569897821
9.83471247900161,4.954543803882182,0.3013617199782727,24,0.01669745569897821
9.835713747001137,4.954543803882182,0.3013617199782727,24,0.01669745569897821
9.836089260003064,4.954543803882182,0.3013617199782727,24,0.01669745569897821
9.837157874004333,4.954543803882182,0.3013617199782727,24,0.01669745569897821
9.838153366006736,4.954543803882182,0.3013617199782727,24,0.01669745569897821
9.839161084004445,4.954543803882182,0.3013617199782727,24,0.01669745569897821
9.84013156900619,4.954543803882182,0.3013617199782727,24,0.01669745569897821
9.84116195700335,4.954543803882182,0.3013617199782727,24,0.01669745569897821
9.842130665005243,4.954543803882182,0.3013617199782727,24,0.01669745569897821
9.843106589003582,4.954543803882182,0.3013617199782727,24,0.01669745569897821
9.84406758100522,4.959486334218919,0.30165775349148766,24,0.019241680024445713
9.84513318700192,4.959486334218919,0.30165775349148766,24,0.019241680024445713
9.845931439005653,4.959486334218919,0.30165775349148766,24,0.019241680024445713
9.84653432500636,4.959486334218919,0.30165775349148766,24,0.019241680024445713
9.8473297810051,4.959486334218919,0.30165775349148766,24,0.019241680024445713
9.848310872002912,4.959486334218919,0.30165775349148766,24,0.019241680024445713
9.848766295006499,4.959486334218919,0.30165775349148766,24,0.019241680024445713
9.849722907005344,4.959486334218919,0.30165775349148766,24,0.019241680024445713
9.850701923001907,4.959486334218919,0.30165775349148766,24,0.019241680024445713
9.851659447005659,4.959486334218919,0.30165775349148766,24,0.019241680024445713
9.852661079006793,4.959486334218919,0.30165775349148766,24,0.019241680024445713
9.853637816006085,4.964405499251235,0.30195396335322444,24,0.022580692039339333
9.85464640900318,4.964405499251235,0.30195396335322444,24,0.022580692039339333
9.855642197006091,4.964405499251235,0.30195396335322444,24,0.022580692039339333
9.856671787005325,4.964405499251235,0.30195396335322444,24,0.022580692039339333
9.857748408001498,4.964405499251235,0.30195396335322444,24,0.022580692039339333
9.858263428002829,4.964405499251235,0.30195396335322444,24,0.022580692039339333
9.859587957005715,4.964405499251235,0.30195396335322444,24,0.022580692039339333
9.860955500000273,4.964405499251235,0.30195396335322444,24,0.022580692039339333
9.862192722001055,4.964405499251235,0.30195396335322444,24,0.022580692039339333
9.862642375002906,4.964405499251235,0.30195396335322444,24,0.022580692039339333
9.863746316004836,4.964405499251235,0.30195396335322444,24,0.022580692039339333
9.86491553500673,4.964405499251235,0.30195396335322444,24,0.022580692039339333
9.86536372500268,4.964405499251235,0.30195396335322444,24,0.022580692039339333
9.866499996001949,4.96930577282806,0.3022498172371531,24,0.02640582067277501
9.867705995005963,4.96930577282806,0.3022498172371531,24,0.02640582067277501
9.868150715999946,4.96930577282806,0.3022498172371531,24,0.02640582067277501
9.869598646000668,4.96930577282806,0.3022498172371531,24,0.02640582067277501
9.870822551005404,4.96930577282806,0.3022498172371531,24,0.02640582067277501
9.87196998300351,4.96930577282806,0.3022498172371531,24,0.02640582067277501
9.872478810000757,4.96930577282806,0.3022498172371531,24,0.02640582067277501
9.873655704002886,4.96930577282806,0.3022498172371531,24,0.02640582067277501
9.874753452000732,4.96930577282806,0.3022498172371531,24,0.02640582067277501
9.875182627001777,4.96930577282806,0.3022498172371531,24,0.02640582067277501
9.876266240004043,4.96930577282806,0.3022498172371531,24,0.02640582067277501
9.877366114000324,4.96930577282806,0.3022498172371531,24,0.02640582067277501
9.8783687690011,4.96930577282806,0.3022498172371531,24,0.02640582067277501
9.878778923004575,4.96930577282806,0.3022498172371531,24,0.02640582067277501
9.879765914003656,4.96930577282806,0.3022498172371531,24,0.02640582067277501
9.880845270999998,4.96930577282806,0.3022498172371531,24,0.02640582067277501
9.881893776000652,4.96930577282806,0.3022498172371531,24,0.02640582067277501
9.882910030006315,4.96930577282806,0.3022498172371531,24,0.02640582067277501
9.883901015004085,4.980676846786223,0.30220500400365075,24,0.03657475788175683
9.884934685003827,4.980676846786223,0.30220500400365075,24,0.03657475788175683
9.885323655005777,4.980676846786223,0.30220500400365075,24,0.03657475788175683
9.886310157002299,4.980676846786223,0.30220500400365075,24,0.03657475788175683
9.887368060000881,4.980676846786223,0.30220500400365075,24,0.03657475788175683
9.888407137004833,4.980676846786223,0.30220500400365075,24,0.03657475788175683
9.888843467000697,4.980676846786223,0.30220500400365075,24,0.03657475788175683
9.889829403000476,4.980676846786223,0.30220500400365075,24,0.03657475788175683
9.890870727002039,4.980676846786223,0.30220500400365075,24,0.03657475788175683
9.891923727001995,4.980676846786223,0.30220500400365075,24,0.03657475788175683
9.893026068006293,4.985616732434356,0.3024998254005784,24,0.0410828975259643
9.894106976003968,4.985616732434356,0.3024998254005784,24,0.0410828975259643
9.89523691800423,4.985616732434356,0.3024998254005784,24,0.0410828975259643
9.895670294004958,4.985616732434356,0.3024998254005784,24,0.0410828975259643
9.896767415004433,4.985616732434356,0.3024998254005784,24,0.0410828975259643
9.897801319006248,4.985616732434356,0.3024998254005784,24,0.0410828975259643
9.898811277002096,4.985616732434356,0.3024998254005784,24,0.0410828975259643
9.899840328005666,4.985616732434356,0.3024998254005784,24,0.0410828975259643
9.900225226003386,4.985616732434356,0.3024998254005784,24,0.0410828975259643
9.901260710001225,4.985616732434356,0.3024998254005784,24,0.0410828975259643
9.902449752000393,4.985616732434356,0.3024998254005784,24,0.0410828975259643
9.903589253000973,4.985616732434356,0.3024998254005784,24,0.0410828975259643
9.904011903003266,4.985616732434356,0.3024998254005784,24,0.0410828975259643
9.905109311002889,4.985616732434356,0.3024998254005784,24,0.0410828975259643
9.906160523001745,4.985616732434356,0.3024998254005784,24,0.0410828975259643
9.907197134001763,4.990586655627268,0.3027980394050381,24,0.045710046261561624
9.90762245800579,4.990586655627268,0.3027980394050381,24,0.045710046261561624
9.908707284004777,4.990586655627268,0.3027980394050381,24,0.045710046261561624
9.909749285005091,4.990586655627268,0.3027980394050381,24,0.045710046261561624
9.910785270003544,4.990586655627268,0.3027980394050381,24,0.045710046261561624
9.911706369006424,4.995583478795426,0.30312635398282894,24,0.05042243211732023
9.912831527006347,4.995583478795426,0.30312635398282894,24,0.05042243211732023
9.913936995006225,4.995583478795426,0.30312635398282894,24,0.05042243211732023
9.914370401005726,4.995583478795426,0.30312635398282894,24,0.05042243211732023
9.915636653000547,4.995583478795426,0.30312635398282894,24,0.05042243211732023
9.91667811300431,4.995583478795426,0.30312635398282894,24,0.05042243211732023
9.917943541004206,4.995583478795426,0.30312635398282894,24,0.05042243211732023
9.918445107003208,4.995583478795426,0.30312635398282894,24,0.05042243211732023
9.919609906006372,4.995583478795426,0.30312635398282894,24,0.05042243211732023
9.920813818003808,4.995583478795426,0.30312635398282894,24,0.05042243211732023
9.9212998120056,4.995583478795426,0.30312635398282894,24,0.05042243211732023
9.92248933800147,5.000606317680052,0.3034758565307054,24,0.055207263596665564
9.923944739006402,5.000606317680052,0.3034758565307054,24,0.055207263596665564
9.925309439000557,5.000606317680052,0.3034758565307054,24,0.055207263596665564
9.92582680900523,5.000606317680052,0.3034758565307054,24,0.055207263596665564
9.927019297007064,5.000606317680052,0.3034758565307054,24,0.055207263596665564
9.927480423000816,5.000606317680052,0.3034758565307054,24,0.055207263596665564
9.928733823006041,5.005656000243559,0.30381509207214813,24,0.060061410992725155
9.92992777100153,5.005656000243559,0.30381509207214813,24,0.060061410992725155
9.931108008000592,5.005656000243559,0.30381509207214813,24,0.060061410992725155
9.931549885004642,5.005656000243559,0.30381509207214813,24,0.060061410992725155
9.932703932005097,5.005656000243559,0.30381509207214813,24,0.060061410992725155
9.933824227002333,5.005656000243559,0.30381509207214813,24,0.060061410992725155
9.934958088000712,5.005656000243559,0.30381509207214813,24,0.060061410992725155
9.93605496800592,5.005656000243559,0.30381509207214813,24,0.060061410992725155
9.937198908002756,5.0107294198296275,0.3041712717951197,24,0.06496734150752669
9.937635125002998,5.0107294198296275,0.3041712717951197,24,0.06496734150752669
9.938701561004564,5.0107294198296275,0.3041712717951197,24,0.06496734150752669
9.939754599006847,5.0107294198296275,0.3041712717951197,24,0.06496734150752669
9.940864337004314,5.015827307147059,0.30451656190950277,24,0.06992494669737052
9.941912950002006,5.015827307147059,0.30451656190950277,24,0.06992494669737052
9.942952868004795,5.015827307147059,0.30451656190950277,24,0.06992494669737052
9.94399753700418,5.015827307147059,0.30451656190950277,24,0.06992494669737052
9.945064315004856,5.015827307147059,0.30451656190950277,24,0.06992494669737052
9.945468552003149,5.015827307147059,0.30451656190950277,24,0.06992494669737052
9.946476618002634,5.015827307147059,0.30451656190950277,24,0.06992494669737052
9.947519606001151,5.015827307147059,0.30451656190950277,24,0.06992494669737052
9.948653967003338,5.015827307147059,0.30451656190950277,24,0.06992494669737052
9.949076990000322,5.015827307147059,0.30451656190950277,24,0.06992494669737052
9.950101669004653,5.015827307147059,0.30451656190950277,24,0.06992494669737052
9.951156626004376,5.015827307147059,0.30451656190950277,24,0.06992494669737052
9.952240137004992,5.015827307147059,0.30451656190950277,24,0.06992494669737052
9.95325672600302,5.015827307147059,0.30451656190950277,24,0.06992494669737052
9.954048829000385,5.015827307147059,0.30451656190950277,24,0.06992494669737052
9.955149716006417,5.015827307147059,0.30451656190950277,24,0.06992494669737052
9.955616399005521,5.015827307147059,0.30451656190950277,24,0.06992494669737052
9.956793799006846,5.015827307147059,0.30451656190950277,24,0.06992494669737052
9.957876021006086,5.020937874497006,0.30487788666972765,24,0.0749130878797679
9.958920238001156,5.020937874497006,0.30487788666972765,24,0.0749130878797679
9.959983844004455,5.020937874497006,0.30487788666972765,24,0.0749130878797679
9.960433959000511,5.020937874497006,0.30487788666972765,24,0.0749130878797679
9.961470906004251,5.020937874497006,0.30487788666972765,24,0.0749130878797679
9.962528597003256,5.020937874497006,0.30487788666972765,24,0.0749130878797679
9.963604681004654,5.020937874497006,0.30487788666972765,24,0.0749130878797679
9.964686043000256,5.020937874497006,0.30487788666972765,24,0.0749130878797679
9.96575347900216,5.020937874497006,0.30487788666972765,24,0.0749130878797679
9.966799835005077,5.020937874497006,0.30487788666972765,24,0.0749130878797679
9.967279738004436,5.020937874497006,0.30487788666972765,24,0.0749130878797679
9.968422795005608,5.020937874497006,0.30487788666972765,24,0.0749130878797679
9.969395689004159,5.020937874497006,0.30487788666972765,24,0.0749130878797679
9.970255749001808,5.020937874497006,0.30487788666972765,24,0.0749130878797679
9.970550885002012,5.020937874497006,0.30487788666972765,24,0.0749130878797679
9.971347156002594,5.020937874497006,0.30487788666972765,24,0.0749130878797679
9.972061947002658,5.020937874497006,0.30487788666972765,24,0.0749130878797679
9.972990874004608,5.020937874497006,0.30487788666972765,24,0.0749130878797679
9.974157651005953,5.025516889779076,0.30434727384749605,24,0.07951987670411269
9.975399826005741,5.025516889779076,0.30434727384749605,24,0.07951987670411269
9.975920790006057,5.025516889779076,0.30434727384749605,24,0.07951987670411269
9.97710710100364,5.025516889779076,0.30434727384749605,24,0.07951987670411269
9.978191248002986,5.024867549872316,0.3032851008137872,24,0.07904442326565307
9.978630839999823,5.024867549872316,0.3032851008137872,24,0.07904442326565307
9.979709500999888,5.024867549872316,0.3032851008137872,24,0.07904442326565307
9.980876909001381,5.024867549872316,0.3032851008137872,24,0.07904442326565307
9.981979500000307,5.024867549872316,0.3032851008137872,24,0.07904442326565307
9.983049652000773,5.024867549872316,0.3032851008137872,24,0.07904442326565307
9.984132479003165,5.029986700011086,0.3036447519359091,24,0.08404447316918867
9.985240621004777,5.029986700011086,0.3036447519359091,24,0.08404447316918867
9.986334649001947,5.029986700011086,0.3036447519359091,24,0.08404447316918867
9.986794485004793,5.029986700011086,0.3036447519359091,24,0.08404447316918867
9.98795930500637,5.029986700011086,0.3036447519359091,24,0.08404447316918867
9.98917656300182,5.029986700011086,0.3036447519359091,24,0.08404447316918867
9.989659010003379,5.029986700011086,0.3036447519359091,24,0.08404447316918867
9.99075345700112,5.029986700011086,0.3036447519359091,24,0.08404447316918867
9.991818911003065,5.029986700011086,0.3036447519359091,24,0.08404447316918867
9.992943639001169,5.029986700011086,0.3036447519359091,24,0.08404447316918867
9.994011391005188,5.029986700011086,0.3036447519359091,24,0.08404447316918867
9.995099140003731,5.035110641287901,0.30399196548117247,24,0.08906595906990873
9.996245097005158,5.035110641287901,0.30399196548117247,24,0.08906595906990873
9.997392708006373,5.035110641287901,0.30399196548117247,24,0.08906595906990873
9.99849742900551,5.035110641287901,0.30399196548117247,24,0.08906595906990873
9.998945727005776,5.035110641287901,0.30399196548117247,24,0.08906595906990873
10.000032977004594,5.035110641287901,0.30399196548117247,24,0.08906595906990873
